INSERT INTO inventories VALUES("70395","","","","53016","","","2095","2","1","0","4000","2016-07-23","0000-00-00","","2016-07-23 18:00:25","28","2016-07-23 18:00:25","28","1"),
("70396","","","","53017","","","2229","2","12","0","700","2016-07-23","0000-00-00","","2016-07-23 18:02:11","28","2016-07-23 18:02:11","28","1"),
("70397","","","","53018","","","2232","2","1","0","1000","2016-07-23","0000-00-00","","2016-07-23 18:02:26","28","2016-07-23 18:02:26","28","1"),
("70398","","","","53018","","","2228","2","2","0","500","2016-07-23","0000-00-00","","2016-07-23 18:02:26","28","2016-07-23 18:02:26","28","1"),
("70399","","","","53019","","","2231","2","6","0","1500","2016-07-23","0000-00-00","","2016-07-23 18:03:57","28","2016-07-23 18:03:57","28","1"),
("70400","","","","53019","","","2172","2","5","0","2500","2016-07-23","0000-00-00","","2016-07-23 18:03:57","28","2016-07-23 18:03:57","28","1"),
("70401","","","","53020","","","2228","2","2","0","500","2016-07-23","0000-00-00","","2016-07-23 18:04:08","28","2016-07-23 18:04:08","28","1"),
("70402","","","","53021","","","2121","2","1","0","13000","2016-07-23","0000-00-00","","2016-07-23 18:04:38","28","2016-07-23 18:04:38","28","1"),
("70403","","","","53022","","","2229","2","5","0","700","2016-07-23","0000-00-00","","2016-07-23 18:05:54","28","2016-07-23 18:05:54","28","1"),
("70404","","","","53023","","","2197","2","1","0","2500","2016-07-23","0000-00-00","","2016-07-23 18:07:00","28","2016-07-23 18:07:00","28","1"),
("70405","","","","53024","","","2231","2","1","0","1500","2016-07-23","0000-00-00","","2016-07-23 18:07:22","28","2016-07-23 18:07:22","28","1"),
("70406","","","","53025","","","2240","2","1","0","5000","2016-07-23","0000-00-00","","2016-07-23 18:08:27","28","2016-07-23 18:08:27","28","1"),
("70407","","","","53025","","","2172","2","1","0","2500","2016-07-23","0000-00-00","","2016-07-23 18:08:27","28","2016-07-23 18:08:27","28","1"),
("70408","","","","53026","","","2118","2","1","0","6500","2016-07-23","0000-00-00","","2016-07-23 18:08:43","28","2016-07-23 18:08:43","28","1"),
("70409","","","","53026","","","2231","2","2","0","1500","2016-07-23","0000-00-00","","2016-07-23 18:08:44","28","2016-07-23 18:08:44","28","1"),
("70410","","","","53027","","","2228","2","2","0","500","2016-07-23","0000-00-00","","2016-07-23 18:10:07","28","2016-07-23 18:10:07","28","1"),
("70411","","","","53028","","","2231","2","2","0","1500","2016-07-23","0000-00-00","","2016-07-23 18:11:42","28","2016-07-23 18:11:42","28","1"),
("70412","","","","53029","","","2228","2","20","0","500","2016-07-23","0000-00-00","","2016-07-23 18:12:14","28","2016-07-23 18:12:14","28","1"),
("70413","","","","53030","","","2136","2","2","0","3000","2016-07-23","0000-00-00","","2016-07-23 18:12:38","32","2016-07-23 18:12:38","32","1"),
("70414","","","","53030","","","2134","2","5","0","1000","2016-07-23","0000-00-00","","2016-07-23 18:12:38","32","2016-07-23 18:12:38","32","1"),
("70415","","","","53031","","","2228","2","3","0","500","2016-07-23","0000-00-00","","2016-07-23 18:13:06","28","2016-07-23 18:13:06","28","1"),
("70416","","","","53032","","","2095","2","1","0","4000","2016-07-23","0000-00-00","","2016-07-23 18:13:13","32","2016-07-23 18:13:13","32","1"),
("70417","","","","53033","","","2228","2","10","0","500","2016-07-23","0000-00-00","","2016-07-23 18:13:27","28","2016-07-23 18:13:27","28","1"),
("70418","","","","53033","","","2226","2","1","0","3000","2016-07-23","0000-00-00","","2016-07-23 18:13:27","28","2016-07-23 18:13:27","28","1"),
("70419","","","","53034","","","2226","2","1","0","3000","2016-07-23","0000-00-00","","2016-07-23 18:13:34","32","2016-07-23 18:13:34","32","1"),
("70420","","","","53035","","","2095","2","1","0","4000","2016-07-23","0000-00-00","","2016-07-23 18:14:40","28","2016-07-23 18:14:40","28","1"),
("70421","","","","53036","","","2240","2","1","0","5000","2016-07-23","0000-00-00","","2016-07-23 18:15:30","32","2016-07-23 18:15:30","32","1"),
("70422","","","","53036","","","2065","2","2","0","1000","2016-07-23","0000-00-00","","2016-07-23 18:15:30","32","2016-07-23 18:15:30","32","1"),
("70423","","","","53036","","","2118","2","1","0","6500","2016-07-23","0000-00-00","","2016-07-23 18:15:30","32","2016-07-23 18:15:30","32","1"),
("70424","","","","53037","","","2070","2","3","0","1000","2016-07-23","0000-00-00","","2016-07-23 18:15:53","28","2016-07-23 18:15:53","28","1"),
("70425","","","","53038","","","2240","2","1","0","5000","2016-07-23","0000-00-00","","2016-07-23 18:16:21","32","2016-07-23 18:16:21","32","1"),
("70426","","","","53038","","","2133","2","1","0","6000","2016-07-23","0000-00-00","","2016-07-23 18:16:21","32","2016-07-23 18:16:21","32","1"),
("70427","","","","53038","","","2137","2","1","0","20000","2016-07-23","0000-00-00","","2016-07-23 18:16:21","32","2016-07-23 18:16:21","32","1"),
("70428","","","","53039","","","2065","2","2","0","1000","2016-07-23","0000-00-00","","2016-07-23 18:19:37","28","2016-07-23 18:19:37","28","1"),
("70429","","","","53039","","","2117","2","1","0","7500","2016-07-23","0000-00-00","","2016-07-23 18:19:37","28","2016-07-23 18:19:37","28","1"),
("70430","","","","53039","","","2231","2","3","0","1500","2016-07-23","0000-00-00","","2016-07-23 18:19:37","28","2016-07-23 18:19:37","28","1"),
("70431","","","","53040","","","2228","2","5","0","500","2016-07-23","0000-00-00","","2016-07-23 18:20:03","28","2016-07-23 18:20:03","28","1"),
("70432","","","","53041","","","2228","2","1","0","500","2016-07-23","0000-00-00","","2016-07-23 18:20:22","28","2016-07-23 18:20:22","28","1"),
("70433","","","","53042","","","2075","2","1","0","1500","2016-07-23","0000-00-00","","2016-07-23 18:23:32","32","2016-07-23 18:23:32","32","1"),
("70434","","","","53042","","","2065","2","2","0","1000","2016-07-23","0000-00-00","","2016-07-23 18:23:33","32","2016-07-23 18:23:33","32","1"),
("70435","","","","53042","","","2088","2","1","0","5000","2016-07-23","0000-00-00","","2016-07-23 18:23:33","32","2016-07-23 18:23:33","32","1"),
("70436","","","","53043","","","2228","2","4","0","500","2016-07-23","0000-00-00","","2016-07-23 18:23:58","28","2016-07-23 18:23:58","28","1"),
("70437","","","","53044","","","2090","2","1","0","2500","2016-07-23","0000-00-00","","2016-07-23 18:26:18","32","2016-07-23 18:26:18","32","1"),
("70438","","","","53045","","","2135","2","1","0","12000","2016-07-23","0000-00-00","","2016-07-23 18:26:42","32","2016-07-23 18:26:42","32","1"),
("70439","","","","53046","","","2231","2","2","0","1500","2016-07-23","0000-00-00","","2016-07-23 18:27:03","28","2016-07-23 18:27:03","28","1"),
("70440","","","","53046","","","2229","2","5","0","700","2016-07-23","0000-00-00","","2016-07-23 18:27:03","28","2016-07-23 18:27:03","28","1"),
("70441","","","","53047","","","2228","2","10","0","500","2016-07-23","0000-00-00","","2016-07-23 18:27:51","28","2016-07-23 18:27:51","28","1"),
("70442","","","","53048","","","2164","2","2","0","3000","2016-07-23","0000-00-00","","2016-07-23 18:28:18","28","2016-07-23 18:28:18","28","1"),
("70443","","","","53049","","","2231","2","5","0","1500","2016-07-23","0000-00-00","","2016-07-23 18:30:00","28","2016-07-23 18:30:00","28","1"),
("70444","","","","53049","","","2085","2","4","0","2000","2016-07-23","0000-00-00","","2016-07-23 18:30:00","28","2016-07-23 18:30:00","28","1"),
("70445","","","","53050","","","2228","2","6","0","500","2016-07-23","0000-00-00","","2016-07-23 18:30:06","28","2016-07-23 18:30:06","28","1"),
("70446","","","","53051","","","2065","2","2","0","1000","2016-07-23","0000-00-00","","2016-07-23 18:30:23","28","2016-07-23 18:30:23","28","1"),
("70447","","","","53052","","","2228","2","5","0","500","2016-07-23","0000-00-00","","2016-07-23 18:31:16","28","2016-07-23 18:31:16","28","1"),
("70448","","","","53053","","","2076","2","1","0","2000","2016-07-23","0000-00-00","","2016-07-23 18:33:07","28","2016-07-23 18:33:07","28","1"),
("70449","","","","53053","","","2070","2","1","0","1000","2016-07-23","0000-00-00","","2016-07-23 18:33:07","28","2016-07-23 18:33:07","28","1"),
("70450","","","","53054","","","2077","2","3","0","1500","2016-07-23","0000-00-00","","2016-07-23 18:34:03","28","2016-07-23 18:34:03","28","1"),
("70451","","","","53054","","","2073","2","2","0","1000","2016-07-23","0000-00-00","","2016-07-23 18:34:03","28","2016-07-23 18:34:03","28","1"),
("70452","","","","53054","","","2236","2","2","0","2000","2016-07-23","0000-00-00","","2016-07-23 18:34:03","28","2016-07-23 18:34:03","28","1"),
("70453","","","","53055","","","2121","2","1","0","13000","2016-07-23","0000-00-00","","2016-07-23 18:34:11","28","2016-07-23 18:34:11","28","1"),
("70454","","","","53056","","","2164","2","1","0","3000","2016-07-23","0000-00-00","","2016-07-23 18:34:58","28","2016-07-23 18:34:58","28","1"),
("70455","","","","53057","","","2228","2","5","0","500","2016-07-23","0000-00-00","","2016-07-23 18:37:23","32","2016-07-23 18:37:23","32","1"),
("70456","","","","53058","","","2231","2","30","0","1500","2016-07-23","0000-00-00","","2016-07-23 18:38:16","28","2016-07-23 18:38:16","28","1"),
("70457","","","","53059","","","2164","2","1","0","3000","2016-07-23","0000-00-00","","2016-07-23 18:38:43","28","2016-07-23 18:38:43","28","1"),
("70458","","","","53060","","","2095","2","1","0","4000","2016-07-23","0000-00-00","","2016-07-23 18:39:11","28","2016-07-23 18:39:11","28","1"),
("70459","","","","53060","","","2164","2","1","0","3000","2016-07-23","0000-00-00","","2016-07-23 18:39:11","28","2016-07-23 18:39:11","28","1"),
("70460","","","","53061","","","2219","2","1","0","2500","2016-07-23","0000-00-00","","2016-07-23 18:40:25","28","2016-07-23 18:40:25","28","1"),
("70461","","","","53061","","","2119","2","1","0","8000","2016-07-23","0000-00-00","","2016-07-23 18:40:25","28","2016-07-23 18:40:25","28","1"),
("70462","","","","53062","","","2163","2","2","0","2500","2016-07-23","0000-00-00","","2016-07-23 18:40:57","28","2016-07-23 18:40:57","28","1"),
("70463","","","","53062","","","2233","2","1","0","2000","2016-07-23","0000-00-00","","2016-07-23 18:40:57","28","2016-07-23 18:40:57","28","1"),
("70464","","","","53063","","","2231","2","1","0","1500","2016-07-23","0000-00-00","","2016-07-23 18:41:05","28","2016-07-23 18:41:05","28","1"),
("70465","","","","53064","","","2121","2","1","0","13000","2016-07-23","0000-00-00","","2016-07-23 18:41:42","28","2016-07-23 18:41:42","28","1"),
("70466","","","","53064","","","2231","2","5","0","1500","2016-07-23","0000-00-00","","2016-07-23 18:41:42","28","2016-07-23 18:41:42","28","1"),
("70467","","","","53064","","","2228","2","5","0","500","2016-07-23","0000-00-00","","2016-07-23 18:41:42","28","2016-07-23 18:41:42","28","1"),
("70468","","","","53064","","","2065","2","2","0","1000","2016-07-23","0000-00-00","","2016-07-23 18:41:42","28","2016-07-23 18:41:42","28","1"),
("70469","","","","53064","","","2140","2","1","0","40000","2016-07-23","0000-00-00","","2016-07-23 18:41:42","28","2016-07-23 18:41:42","28","1"),
("70470","","","","53065","","","2134","2","2","0","1000","2016-07-23","0000-00-00","","2016-07-23 18:43:18","28","2016-07-23 18:43:18","28","1"),
("70471","","","","53066","","","2118","2","1","0","6500","2016-07-23","0000-00-00","","2016-07-23 18:43:48","28","2016-07-23 18:43:48","28","1"),
("70472","","","","53067","","","2228","2","5","0","500","2016-07-23","0000-00-00","","2016-07-23 18:44:06","28","2016-07-23 18:44:06","28","1"),
("70473","","","","53068","","","2110","2","2","0","2500","2016-07-23","0000-00-00","","2016-07-23 18:44:22","28","2016-07-23 18:44:22","28","1"),
("70474","","","","53069","","","2231","2","1","0","1500","2016-07-23","0000-00-00","","2016-07-23 18:46:48","28","2016-07-23 18:46:48","28","1"),
("70475","","","","53070","","","2104","2","1","0","5500","2016-07-23","0000-00-00","","2016-07-23 18:49:04","32","2016-07-23 18:49:04","32","1"),
("70476","","","","53071","","","2099","2","1","0","2000","2016-07-23","0000-00-00","","2016-07-23 18:51:11","28","2016-07-23 18:51:11","28","1"),
("70477","","","","53072","","","2134","2","2","0","1000","2016-07-23","0000-00-00","","2016-07-23 18:51:51","32","2016-07-23 18:51:51","32","1"),
("70478","","","","53072","","","2136","2","1","0","3000","2016-07-23","0000-00-00","","2016-07-23 18:51:51","32","2016-07-23 18:51:51","32","1"),
("70479","","","","53072","","","2135","2","1","0","12000","2016-07-23","0000-00-00","","2016-07-23 18:51:51","32","2016-07-23 18:51:51","32","1"),
("70480","","","","53073","","","2113","2","1","0","5500","2016-07-23","0000-00-00","","2016-07-23 18:52:31","28","2016-07-23 18:52:31","28","1"),
("70481","","","","53074","","","2240","2","1","0","5000","2016-07-23","0000-00-00","","2016-07-23 18:52:48","28","2016-07-23 18:52:48","28","1"),
("70482","","","","53075","","","2228","2","10","0","500","2016-07-23","0000-00-00","","2016-07-23 18:53:25","28","2016-07-23 18:53:25","28","1"),
("70483","","","","53076","","","2228","2","10","0","500","2016-07-23","0000-00-00","","2016-07-23 18:56:12","28","2016-07-23 18:56:12","28","1"),
("70484","","","","53077","","","2073","2","3","0","1000","2016-07-23","0000-00-00","","2016-07-23 18:56:24","28","2016-07-23 18:56:24","28","1"),
("70485","","","","53078","","","2231","2","2","0","1500","2016-07-23","0000-00-00","","2016-07-23 18:56:50","28","2016-07-23 18:56:50","28","1"),
("70486","","","","53079","","","2100","2","1","0","1000","2016-07-23","0000-00-00","","2016-07-23 18:57:06","32","2016-07-23 18:57:06","32","1"),
("70487","","","","53079","","","2165","2","2","0","1000","2016-07-23","0000-00-00","","2016-07-23 18:57:06","32","2016-07-23 18:57:06","32","1"),
("70488","","","","53079","","","2095","2","1","0","4000","2016-07-23","0000-00-00","","2016-07-23 18:57:06","32","2016-07-23 18:57:06","32","1"),
("70489","","","","53079","","","2146","2","1","0","3500","2016-07-23","0000-00-00","","2016-07-23 18:57:06","32","2016-07-23 18:57:06","32","1"),
("70490","","","","53080","","","2083","2","1","0","2500","2016-07-23","0000-00-00","","2016-07-23 18:57:26","32","2016-07-23 18:57:26","32","1"),
("70491","","","","53081","","","2250","2","2","0","500","2016-07-23","0000-00-00","","2016-07-23 18:57:40","28","2016-07-23 18:57:40","28","1"),
("70492","","","","53082","","","2105","2","1","0","5500","2016-07-23","0000-00-00","","2016-07-23 18:57:59","32","2016-07-23 18:57:59","32","1"),
("70493","","","","53083","","","2228","2","2","0","500","2016-07-23","0000-00-00","","2016-07-23 18:59:26","28","2016-07-23 18:59:26","28","1"),
("70494","","","","53083","","","2083","2","1","0","2500","2016-07-23","0000-00-00","","2016-07-23 18:59:26","28","2016-07-23 18:59:26","28","1"),
("70495","","","","53084","","","2104","2","1","0","5500","2016-07-23","0000-00-00","","2016-07-23 19:00:38","32","2016-07-23 19:00:38","32","1"),
("70496","","","","53085","","","2107","2","1","0","6000","2016-07-23","0000-00-00","","2016-07-23 19:00:47","32","2016-07-23 19:00:47","32","1"),
("70497","","","","53086","","","2104","2","1","0","5500","2016-07-23","0000-00-00","","2016-07-23 19:00:59","28","2016-07-23 19:00:59","28","1"),
("70498","","","","53087","","","2228","2","10","0","500","2016-07-23","0000-00-00","","2016-07-23 19:01:58","28","2016-07-23 19:01:58","28","1"),
("70499","","","","53088","","","2079","2","3","0","1500","2016-07-23","0000-00-00","","2016-07-23 19:04:17","32","2016-07-23 19:04:17","32","1"),
("70500","","","","53089","","","2231","2","1","0","1500","2016-07-23","0000-00-00","","2016-07-23 19:04:37","28","2016-07-23 19:04:37","28","1"),
("70501","","","","53090","","","2135","2","1","0","12000","2016-07-23","0000-00-00","","2016-07-23 19:07:57","32","2016-07-23 19:07:57","32","1"),
("70502","","","","53091","","","2240","2","1","0","5000","2016-07-23","0000-00-00","","2016-07-23 19:13:19","32","2016-07-23 19:13:19","32","1"),
("70503","","","","53092","","","2228","2","20","0","500","2016-07-23","0000-00-00","","2016-07-23 19:13:49","32","2016-07-23 19:13:49","32","1"),
("70504","","","","53093","","","2228","2","6","0","500","2016-07-23","0000-00-00","","2016-07-23 19:14:02","32","2016-07-23 19:14:02","32","1"),
("70505","","","","53094","","","2231","2","10","0","1500","2016-07-23","0000-00-00","","2016-07-23 19:14:33","32","2016-07-23 19:14:33","32","1"),
("70506","","","","53095","","","2228","2","4","0","500","2016-07-23","0000-00-00","","2016-07-23 19:14:40","32","2016-07-23 19:14:40","32","1"),
("70507","","","","53096","","","2231","2","4","0","1500","2016-07-23","0000-00-00","","2016-07-23 19:14:51","28","2016-07-23 19:14:51","28","1"),
("70508","","","","53097","","","2113","2","1","0","5500","2016-07-23","0000-00-00","","2016-07-23 19:15:40","32","2016-07-23 19:15:40","32","1"),
("70509","","","","53097","","","2231","2","3","0","1500","2016-07-23","0000-00-00","","2016-07-23 19:15:40","32","2016-07-23 19:15:40","32","1"),
("70510","","","","53098","","","2076","2","1","0","2000","2016-07-23","0000-00-00","","2016-07-23 19:15:53","32","2016-07-23 19:15:53","32","1"),
("70511","","","","53098","","","2085","2","1","0","2000","2016-07-23","0000-00-00","","2016-07-23 19:15:53","32","2016-07-23 19:15:53","32","1"),
("70512","","","","53099","","","2121","2","1","0","13000","2016-07-23","0000-00-00","","2016-07-23 19:16:02","28","2016-07-23 19:16:02","28","1"),
("70513","","","","53100","","","2228","2","4","0","500","2016-07-23","0000-00-00","","2016-07-23 19:16:16","32","2016-07-23 19:16:16","32","1"),
("70514","","","","53101","","","2173","2","1","0","5500","2016-07-23","0000-00-00","","2016-07-23 19:16:35","28","2016-07-23 19:16:35","28","1"),
("70515","","","","53101","","","2172","2","1","0","2500","2016-07-23","0000-00-00","","2016-07-23 19:16:35","28","2016-07-23 19:16:35","28","1"),
("70516","","","","53101","","","2235","2","1","0","2500","2016-07-23","0000-00-00","","2016-07-23 19:16:35","28","2016-07-23 19:16:35","28","1"),
("70517","","","","53102","","","2231","2","1","0","1500","2016-07-23","0000-00-00","","2016-07-23 19:16:45","28","2016-07-23 19:16:45","28","1"),
("70518","","","","53102","","","2236","2","1","0","2000","2016-07-23","0000-00-00","","2016-07-23 19:16:45","28","2016-07-23 19:16:45","28","1"),
("70519","","","","53103","","","2164","2","1","0","3000","2016-07-23","0000-00-00","","2016-07-23 19:17:23","32","2016-07-23 19:17:23","32","1"),
("70520","","","","53104","","","2240","2","1","0","5000","2016-07-23","0000-00-00","","2016-07-23 19:17:56","32","2016-07-23 19:17:56","32","1"),
("70521","","","53105","","","","2229","2","100","0","700","2016-07-23","0000-00-00","","2016-07-23 19:19:37","28","2016-07-23 19:19:37","28","1"),
("70522","","","","53106","","","2067","2","1","0","1000","2016-07-23","0000-00-00","","2016-07-23 19:21:50","32","2016-07-23 19:21:50","32","1"),
("70523","","","","53106","","","2163","2","1","0","2500","2016-07-23","0000-00-00","","2016-07-23 19:21:50","32","2016-07-23 19:21:50","32","1"),
("70524","","","","53107","","","2233","2","2","0","2000","2016-07-23","0000-00-00","","2016-07-23 19:22:36","32","2016-07-23 19:22:36","32","1"),
("70525","","","","53108","","","2231","2","2","0","1500","2016-07-23","0000-00-00","","2016-07-23 19:27:00","32","2016-07-23 19:27:00","32","1"),
("70526","","","","53109","","","2228","2","10","0","500","2016-07-23","0000-00-00","","2016-07-23 19:28:00","28","2016-07-23 19:28:00","28","1"),
("70527","","","","53110","","","2228","2","10","0","500","2016-07-23","0000-00-00","","2016-07-23 19:28:12","28","2016-07-23 19:28:12","28","1"),
("70528","","","","53111","","","2226","2","2","0","3000","2016-07-23","0000-00-00","","2016-07-23 19:29:03","28","2016-07-23 19:29:03","28","1"),
("70529","","","","53112","","","2228","2","4","0","500","2016-07-23","0000-00-00","","2016-07-23 19:30:37","28","2016-07-23 19:30:37","28","1"),
("70530","","","","53113","","","2231","2","2","0","1500","2016-07-23","0000-00-00","","2016-07-23 19:33:00","28","2016-07-23 19:33:00","28","1"),
("70531","","","","53113","","","2164","2","1","0","3000","2016-07-23","0000-00-00","","2016-07-23 19:33:00","28","2016-07-23 19:33:00","28","1"),
("70532","","","","53114","","","2228","2","5","0","500","2016-07-23","0000-00-00","","2016-07-23 19:37:17","28","2016-07-23 19:37:17","28","1"),
("70533","","","","53115","","","2228","2","1","0","500","2016-07-23","0000-00-00","","2016-07-23 19:40:38","28","2016-07-23 19:40:38","28","1"),
("70534","","","","53116","","","2082","2","1","0","2500","2016-07-23","0000-00-00","","2016-07-23 19:40:50","28","2016-07-23 19:40:50","28","1"),
("70535","","","","53116","","","2133","2","1","0","6000","2016-07-23","0000-00-00","","2016-07-23 19:40:50","28","2016-07-23 19:40:50","28","1"),
("70536","","","","53117","","","2228","2","10","0","500","2016-07-23","0000-00-00","","2016-07-23 19:41:07","28","2016-07-23 19:41:07","28","1"),
("70537","","","","53118","","","2118","2","1","0","6500","2016-07-23","0000-00-00","","2016-07-23 19:41:53","28","2016-07-23 19:41:53","28","1"),
("70538","","","","53119","","","2231","2","3","0","1500","2016-07-23","0000-00-00","","2016-07-23 19:44:45","28","2016-07-23 19:44:45","28","1"),
("70539","","","","53120","","","2099","2","1","0","2000","2016-07-23","0000-00-00","","2016-07-23 19:47:10","28","2016-07-23 19:47:10","28","1"),
("70540","","","","53120","","","2254","2","1","0","500","2016-07-23","0000-00-00","","2016-07-23 19:47:10","28","2016-07-23 19:47:10","28","1"),
("70541","","","","53120","","","2255","2","6","0","500","2016-07-23","0000-00-00","","2016-07-23 19:47:10","28","2016-07-23 19:47:10","28","1"),
("70542","","","","53120","","","2065","2","2","0","1000","2016-07-23","0000-00-00","","2016-07-23 19:47:10","28","2016-07-23 19:47:10","28","1"),
("70543","","","","53120","","","2172","2","1","0","2500","2016-07-23","0000-00-00","","2016-07-23 19:47:10","28","2016-07-23 19:47:10","28","1"),
("70544","","","","53121","","","2079","2","1","0","1500","2016-07-23","0000-00-00","","2016-07-23 19:49:09","28","2016-07-23 19:49:09","28","1"),
("70545","","","","53121","","","2219","2","1","0","2500","2016-07-23","0000-00-00","","2016-07-23 19:49:09","28","2016-07-23 19:49:09","28","1"),
("70546","","","","53122","","","2164","2","2","0","3000","2016-07-23","0000-00-00","","2016-07-23 19:54:07","28","2016-07-23 19:54:07","28","1"),
("70547","","","","53123","","","2083","2","2","0","2500","2016-07-23","0000-00-00","","2016-07-23 19:56:18","28","2016-07-23 19:56:18","28","1"),
("70548","","","","53123","","","2125","2","2","0","1000","2016-07-23","0000-00-00","","2016-07-23 19:56:18","28","2016-07-23 19:56:18","28","1"),
("70549","","","","53124","","","2231","2","3","0","1500","2016-07-23","0000-00-00","","2016-07-23 19:56:27","28","2016-07-23 19:56:27","28","1"),
("70550","","","","53125","","","2229","2","1","0","700","2016-07-23","0000-00-00","","2016-07-23 19:57:34","28","2016-07-23 19:57:34","28","1"),
("70551","","","","53126","","","2229","2","4","0","700","2016-07-23","0000-00-00","","2016-07-23 19:59:47","28","2016-07-23 19:59:47","28","1"),
("70552","","","","53127","","","2241","2","1","0","3000","2016-07-23","0000-00-00","","2016-07-23 20:00:41","28","2016-07-23 20:00:41","28","1"),
("70553","","","","53128","","","2233","2","1","0","2000","2016-07-23","0000-00-00","","2016-07-23 20:03:06","28","2016-07-23 20:03:06","28","1"),
("70554","","","","53129","","","2231","2","1","0","1500","2016-07-23","0000-00-00","","2016-07-23 20:07:27","28","2016-07-23 20:07:27","28","1"),
("70555","","","","53130","","","2228","2","20","0","500","2016-07-23","0000-00-00","","2016-07-23 20:07:59","28","2016-07-23 20:07:59","28","1"),
("70556","","","","53130","","","2229","2","20","0","700","2016-07-23","0000-00-00","","2016-07-23 20:07:59","28","2016-07-23 20:07:59","28","1"),
("70557","","","","53131","","","2231","2","2","0","1500","2016-07-23","0000-00-00","","2016-07-23 20:08:41","28","2016-07-23 20:08:41","28","1"),
("70558","","","","53132","","","2070","2","1","0","1000","2016-07-23","0000-00-00","","2016-07-23 20:12:54","28","2016-07-23 20:12:54","28","1"),
("70559","","","","53132","","","2065","2","3","0","1000","2016-07-23","0000-00-00","","2016-07-23 20:12:54","28","2016-07-23 20:12:54","28","1"),
("70560","","","","53132","","","2165","2","2","0","1000","2016-07-23","0000-00-00","","2016-07-23 20:12:54","28","2016-07-23 20:12:54","28","1"),
("70561","","","","53132","","","2163","2","2","0","2500","2016-07-23","0000-00-00","","2016-07-23 20:12:54","28","2016-07-23 20:12:54","28","1"),
("70562","","","","53132","","","2118","2","1","0","6500","2016-07-23","0000-00-00","","2016-07-23 20:12:54","28","2016-07-23 20:12:54","28","1"),
("70563","","","","53132","","","2228","2","10","0","500","2016-07-23","0000-00-00","","2016-07-23 20:12:54","28","2016-07-23 20:12:54","28","1"),
("70564","","","","53133","","","2166","2","2","0","700","2016-07-23","0000-00-00","","2016-07-23 20:14:50","28","2016-07-23 20:14:50","28","1"),
("70565","","","","53134","","","2079","2","1","0","1500","2016-07-23","0000-00-00","","2016-07-23 20:18:56","28","2016-07-23 20:18:56","28","1"),
("70566","","","","53134","","","2074","2","1","0","1500","2016-07-23","0000-00-00","","2016-07-23 20:18:56","28","2016-07-23 20:18:56","28","1"),
("70567","","","","53134","","","2163","2","1","0","2500","2016-07-23","0000-00-00","","2016-07-23 20:18:57","28","2016-07-23 20:18:57","28","1"),
("70568","","","","53135","","","2074","2","1","0","1500","2016-07-23","0000-00-00","","2016-07-23 20:20:07","28","2016-07-23 20:20:07","28","1"),
("70569","","","","53136","","","2232","2","3","0","1000","2016-07-23","0000-00-00","","2016-07-23 20:20:43","28","2016-07-23 20:20:43","28","1"),
("70570","","","","53137","","","2146","2","1","0","3500","2016-07-23","0000-00-00","","2016-07-23 20:22:22","28","2016-07-23 20:22:22","28","1"),
("70571","","","","53137","","","2228","2","10","0","500","2016-07-23","0000-00-00","","2016-07-23 20:22:22","28","2016-07-23 20:22:22","28","1"),
("70572","","","","53138","","","2228","2","20","0","500","2016-07-23","0000-00-00","","2016-07-23 20:22:40","28","2016-07-23 20:22:40","28","1"),
("70573","","","","53139","","","2098","2","1","0","2500","2016-07-23","0000-00-00","","2016-07-23 20:24:20","28","2016-07-23 20:24:20","28","1"),
("70574","","","","53139","","","2235","2","1","0","2500","2016-07-23","0000-00-00","","2016-07-23 20:24:20","28","2016-07-23 20:24:20","28","1"),
("70575","","","","53140","","","2237","2","1","0","2500","2016-07-23","0000-00-00","","2016-07-23 20:25:33","28","2016-07-23 20:25:33","28","1"),
("70576","","","","53141","","","2125","2","1","0","1000","2016-07-23","0000-00-00","","2016-07-23 20:31:17","28","2016-07-23 20:31:17","28","1"),
("70577","","","","53142","","","2083","2","1","0","2500","2016-07-23","0000-00-00","","2016-07-23 20:32:07","28","2016-07-23 20:32:07","28","1"),
("70578","","","","53143","","","2228","2","10","0","500","2016-07-23","0000-00-00","","2016-07-23 20:33:08","28","2016-07-23 20:33:08","28","1"),
("70579","","","","53144","","","2083","2","2","0","2500","2016-07-23","0000-00-00","","2016-07-23 20:33:48","28","2016-07-23 20:33:48","28","1"),
("70580","","","","53145","","","2218","2","1","0","1000","2016-07-23","0000-00-00","","2016-07-23 20:34:18","28","2016-07-23 20:34:18","28","1"),
("70581","","","","53146","","","2065","2","2","0","1000","2016-07-23","0000-00-00","","2016-07-23 20:34:50","28","2016-07-23 20:34:50","28","1"),
("70582","","","","53147","","","2065","2","1","0","1000","2016-07-23","0000-00-00","","2016-07-23 20:37:00","28","2016-07-23 20:37:00","28","1"),
("70583","","","","53147","","","2113","2","1","0","5500","2016-07-23","0000-00-00","","2016-07-23 20:37:00","28","2016-07-23 20:37:00","28","1"),
("70584","","","","53147","","","2119","2","1","0","8000","2016-07-23","0000-00-00","","2016-07-23 20:37:00","28","2016-07-23 20:37:00","28","1"),
("70585","","","","53148","","","2229","2","2","0","700","2016-07-23","0000-00-00","","2016-07-23 20:40:04","28","2016-07-23 20:40:04","28","1"),
("70586","","","","53148","","","2228","2","2","0","500","2016-07-23","0000-00-00","","2016-07-23 20:40:04","28","2016-07-23 20:40:04","28","1"),
("70587","","","","53148","","","2095","2","1","0","4000","2016-07-23","0000-00-00","","2016-07-23 20:40:04","28","2016-07-23 20:40:04","28","1"),
("70588","","","","53149","","","2228","2","3","0","500","2016-07-23","0000-00-00","","2016-07-23 20:40:39","28","2016-07-23 20:40:39","28","1"),
("70589","","","","53150","","","2083","2","2","0","2500","2016-07-23","0000-00-00","","2016-07-23 20:40:52","28","2016-07-23 20:40:52","28","1"),
("70590","","","","53151","","","2083","2","1","0","2500","2016-07-23","0000-00-00","","2016-07-23 20:42:52","28","2016-07-23 20:42:52","28","1"),
("70591","","","","53152","","","2065","2","2","0","1000","2016-07-23","0000-00-00","","2016-07-23 20:43:17","28","2016-07-23 20:43:17","28","1"),
("70592","","","","53152","","","2070","2","2","0","1000","2016-07-23","0000-00-00","","2016-07-23 20:43:17","28","2016-07-23 20:43:17","28","1"),
("70593","","","","53153","","","2113","2","1","0","5500","2016-07-23","0000-00-00","","2016-07-23 20:44:03","28","2016-07-23 20:44:03","28","1"),
("70594","","","","53153","","","2163","2","1","0","2500","2016-07-23","0000-00-00","","2016-07-23 20:44:03","28","2016-07-23 20:44:03","28","1"),
("70595","","","","53154","","","2085","2","2","0","2000","2016-07-23","0000-00-00","","2016-07-23 20:44:13","28","2016-07-23 20:44:13","28","1"),
("70596","","","","53155","","","2228","2","5","0","500","2016-07-23","0000-00-00","","2016-07-23 20:47:27","28","2016-07-23 20:47:27","28","1"),
("70597","","","","53156","","","2232","2","2","0","1000","2016-07-23","0000-00-00","","2016-07-23 20:49:11","28","2016-07-23 20:49:11","28","1"),
("70598","","","","53157","","","2113","2","1","0","5500","2016-07-23","0000-00-00","","2016-07-23 20:50:19","28","2016-07-23 20:50:19","28","1"),
("70599","","","","53158","","","2172","2","1","0","2500","2016-07-23","0000-00-00","","2016-07-23 20:52:34","28","2016-07-23 20:52:34","28","1"),
("70600","","","","53159","","","2228","2","6","0","500","2016-07-23","0000-00-00","","2016-07-23 20:57:20","28","2016-07-23 20:57:20","28","1"),
("70601","","","","53160","","","2065","2","2","0","1000","2016-07-23","0000-00-00","","2016-07-23 20:57:52","28","2016-07-23 20:57:52","28","1");

DROP TABLE inventory_totals;

CREATE TABLE `inventory_totals` (
  `product_id` bigint(20) NOT NULL,
  `location_id` bigint(20) NOT NULL,
  `total_qty` double DEFAULT '0',
  `created_at` datetime NOT NULL,
  `created_by` bigint(11) NOT NULL,
  `updated_at` datetime NOT NULL,
  `updated_by` bigint(11) NOT NULL,
  PRIMARY KEY (`product_id`,`location_id`),
  KEY `product_id` (`product_id`),
  KEY `location_id` (`location_id`)
) ENGINE=InnoDB DEFAULT CHARSET=utf8 COLLATE=utf8_unicode_ci;

INSERT INTO inventory_totals VALUES("2064","2","-936","2016-05-30 20:44:40","28","2016-07-23 17:27:45","28");
INSERT INTO inventory_totals VALUES("2065","2","-9889","2016-05-30 17:12:37","28","2016-07-23 20:57:52","28");
INSERT INTO inventory_totals VALUES("2067","2","-865","2016-05-30 20:12:19","32","2016-07-23 19:21:50","32");
INSERT INTO inventory_totals VALUES("2070","2","-1368","2016-05-30 19:12:04","28","2016-07-23 20:43:17","28");
INSERT INTO inventory_totals VALUES("2071","2","-2676","2016-05-30 20:20:55","26","2016-07-23 16:12:46","26");
INSERT INTO inventory_totals VALUES("2072","2","-534","2016-06-01 10:24:38","28","2016-07-23 11:16:48","28");
INSERT INTO inventory_totals VALUES("2073","2","-1462","2016-05-30 17:09:35","28","2016-07-23 18:56:24","28");
INSERT INTO inventory_totals VALUES("2074","2","-714","2016-05-30 17:09:50","28","2016-07-23 20:20:07","28");
INSERT INTO inventory_totals VALUES("2075","2","-1365","2016-05-30 19:40:28","32","2016-07-23 18:23:33","32");
INSERT INTO inventory_totals VALUES("2076","2","-601","2016-05-30 17:15:10","32","2016-07-23 19:15:53","32");
INSERT INTO inventory_totals VALUES("2077","2","-179","2016-06-02 16:11:58","28","2016-07-23 18:34:03","28");
INSERT INTO inventory_totals VALUES("2078","2","-472","2016-05-31 07:51:51","32","2016-07-23 17:42:08","32");
INSERT INTO inventory_totals VALUES("2079","2","-343","2016-05-30 17:34:03","28","2016-07-23 20:18:56","28");
INSERT INTO inventory_totals VALUES("2082","2","-267","2016-05-30 20:35:30","28","2016-07-23 19:40:50","28");
INSERT INTO inventory_totals VALUES("2083","2","-3515","2016-05-30 17:13:02","28","2016-07-23 20:42:52","28");
INSERT INTO inventory_totals VALUES("2084","2","-466","2016-05-30 17:13:26","32","2016-07-23 17:35:13","32");
INSERT INTO inventory_totals VALUES("2085","2","-453","2016-05-30 18:17:34","28","2016-07-23 20:44:13","28");
INSERT INTO inventory_totals VALUES("2088","2","-204","2016-05-31 08:25:04","32","2016-07-23 18:23:33","32");
INSERT INTO inventory_totals VALUES("2089","2","-156","2016-06-06 07:55:52","32","2016-07-22 08:57:24","32");
INSERT INTO inventory_totals VALUES("2090","2","-339","2016-06-03 07:53:09","32","2016-07-23 18:26:18","32");
INSERT INTO inventory_totals VALUES("2092","2","-22","2016-06-05 13:07:45","32","2016-06-26 17:13:30","32");
INSERT INTO inventory_totals VALUES("2093","2","-1274","2016-05-31 08:55:09","26","2016-07-23 14:07:35","26");
INSERT INTO inventory_totals VALUES("2095","2","-3310","2016-05-30 16:57:46","28","2016-07-23 20:40:04","28");
INSERT INTO inventory_totals VALUES("2097","2","-152","2016-05-31 11:50:36","28","2016-07-23 07:56:38","28");
INSERT INTO inventory_totals VALUES("2098","2","-138","2016-05-31 11:48:59","28","2016-07-23 20:24:20","28");
INSERT INTO inventory_totals VALUES("2099","2","-787","2016-05-30 19:54:32","28","2016-07-23 19:47:10","28");
INSERT INTO inventory_totals VALUES("2100","2","-125","2016-06-01 11:05:58","32","2016-07-23 18:57:06","32");
INSERT INTO inventory_totals VALUES("2101","2","-4","2016-06-04 16:36:48","28","2016-06-15 08:23:32","28");
INSERT INTO inventory_totals VALUES("2102","2","-233","2016-05-30 18:50:51","32","2016-07-23 17:50:17","32");
INSERT INTO inventory_totals VALUES("2103","2","-155","2016-05-30 18:21:22","32","2016-07-23 17:34:10","32");
INSERT INTO inventory_totals VALUES("2104","2","-2049","2016-05-30 18:45:00","28","2016-07-23 19:00:59","28");
INSERT INTO inventory_totals VALUES("2105","2","-93","2016-05-31 04:27:09","32","2016-07-23 18:57:59","32");
INSERT INTO inventory_totals VALUES("2107","2","-1190","2016-05-30 17:13:44","32","2016-07-23 19:00:47","32");
INSERT INTO inventory_totals VALUES("2108","2","-2","2016-06-22 07:31:24","26","2016-07-16 06:34:13","26");
INSERT INTO inventory_totals VALUES("2109","2","-4","2016-06-02 11:24:48","26","2016-07-14 13:26:17","26");
INSERT INTO inventory_totals VALUES("2110","2","-515","2016-05-31 09:56:02","28","2016-07-23 18:44:22","28");
INSERT INTO inventory_totals VALUES("2111","2","-96","2016-05-31 06:44:27","32","2016-07-23 13:50:25","32");
INSERT INTO inventory_totals VALUES("2112","2","-219","2016-05-31 17:42:17","28","2016-07-23 17:22:05","28");
INSERT INTO inventory_totals VALUES("2113","2","-391","2016-05-31 06:07:51","28","2016-07-23 20:50:19","28");
INSERT INTO inventory_totals VALUES("2114","2","-48","2016-05-31 17:05:12","28","2016-07-21 18:27:09","28");
INSERT INTO inventory_totals VALUES("2116","2","-103","2016-05-30 19:09:50","32","2016-07-23 17:38:33","32");
INSERT INTO inventory_totals VALUES("2117","2","-119","2016-05-31 15:15:55","28","2016-07-23 18:19:37","28");
INSERT INTO inventory_totals VALUES("2118","2","-1178","2016-05-30 17:25:00","28","2016-07-23 20:12:54","28");
INSERT INTO inventory_totals VALUES("2119","2","-107","2016-05-31 04:10:53","28","2016-07-23 20:37:00","28");
INSERT INTO inventory_totals VALUES("2120","2","-23","2016-06-01 15:07:34","28","2016-06-24 08:28:25","28");
INSERT INTO inventory_totals VALUES("2121","2","-407","2016-05-30 16:56:09","28","2016-07-23 19:16:02","28");
INSERT INTO inventory_totals VALUES("2125","2","-2327","2016-05-30 17:14:38","28","2016-07-23 20:31:17","28");
INSERT INTO inventory_totals VALUES("2126","2","-1079","2016-05-30 17:17:44","32","2016-07-23 17:35:13","32");
INSERT INTO inventory_totals VALUES("2127","2","-1","2016-06-01 09:16:57","28","2016-06-01 09:16:57","28");
INSERT INTO inventory_totals VALUES("2128","2","-3","2016-05-30 17:17:34","27","2016-05-31 08:21:59","27");
INSERT INTO inventory_totals VALUES("2129","2","-81","2016-05-31 08:02:05","32","2016-07-22 11:46:44","32");
INSERT INTO inventory_totals VALUES("2130","2","-2","2016-05-31 11:51:20","28","2016-05-31 12:08:32","28");
INSERT INTO inventory_totals VALUES("2131","2","-5","2016-06-02 09:48:54","28","2016-06-11 08:04:29","28");
INSERT INTO inventory_totals VALUES("2133","2","-235","2016-05-30 20:04:42","28","2016-07-23 19:40:50","28");
INSERT INTO inventory_totals VALUES("2134","2","-1120","2016-05-30 17:16:20","32","2016-07-23 18:51:51","32");
INSERT INTO inventory_totals VALUES("2135","2","-155","2016-05-31 18:50:40","32","2016-07-23 19:07:57","32");
INSERT INTO inventory_totals VALUES("2136","2","-429","2016-05-30 17:16:20","32","2016-07-23 18:51:51","32");
INSERT INTO inventory_totals VALUES("2137","2","-168","2016-05-30 17:00:35","32","2016-07-23 18:16:21","32");
INSERT INTO inventory_totals VALUES("2138","2","-64","2016-06-01 18:10:15","28","2016-07-22 19:11:50","28");
INSERT INTO inventory_totals VALUES("2139","2","-98","2016-05-30 19:37:44","32","2016-07-21 12:02:18","32");
INSERT INTO inventory_totals VALUES("2140","2","-244","2016-05-30 17:16:20","28","2016-07-23 18:41:42","28");
INSERT INTO inventory_totals VALUES("2141","2","-90","2016-05-31 16:15:13","26","2016-07-23 13:48:08","26");
INSERT INTO inventory_totals VALUES("2142","2","-12","2016-06-04 12:04:34","28","2016-07-16 14:20:54","28");
INSERT INTO inventory_totals VALUES("2143","2","-16","2016-06-01 14:37:00","28","2016-07-22 10:31:42","28");
INSERT INTO inventory_totals VALUES("2144","2","-6","2016-06-02 16:28:24","28","2016-07-22 18:41:13","28");
INSERT INTO inventory_totals VALUES("2146","2","-741","2016-05-31 04:25:13","28","2016-07-23 20:22:22","28");
INSERT INTO inventory_totals VALUES("2163","2","-809","2016-05-30 19:12:04","28","2016-07-23 20:44:03","28");
INSERT INTO inventory_totals VALUES("2164","2","-3367","2016-05-30 16:53:06","28","2016-07-23 19:54:07","28");
INSERT INTO inventory_totals VALUES("2165","2","-671","2016-05-30 17:13:26","28","2016-07-23 20:12:54","28");
INSERT INTO inventory_totals VALUES("2166","2","-11522","2016-05-30 15:16:51","28","2016-07-23 20:14:50","28");
INSERT INTO inventory_totals VALUES("2172","2","-1005","2016-05-30 17:07:00","28","2016-07-23 20:52:34","28");
INSERT INTO inventory_totals VALUES("2173","2","-159","2016-05-31 10:33:36","28","2016-07-23 19:16:35","28");
INSERT INTO inventory_totals VALUES("2174","2","-62","2016-05-31 09:21:36","28","2016-07-23 11:36:07","28");
INSERT INTO inventory_totals VALUES("2178","2","-29","2016-06-02 05:19:47","26","2016-07-23 15:37:22","26");
INSERT INTO inventory_totals VALUES("2179","2","-2","2016-06-19 13:01:57","26","2016-06-22 13:15:45","26");
INSERT INTO inventory_totals VALUES("2182","2","-268","2016-05-30 18:50:52","28","2016-07-22 19:12:35","28");
INSERT INTO inventory_totals VALUES("2183","2","-5","2016-06-17 08:39:20","28","2016-07-10 20:20:53","28");
INSERT INTO inventory_totals VALUES("2188","2","-34","2016-06-02 05:19:47","26","2016-07-23 15:37:22","26");
INSERT INTO inventory_totals VALUES("2197","2","-1056","2016-05-31 05:33:48","28","2016-07-23 18:07:00","28");
INSERT INTO inventory_totals VALUES("2198","2","-51","2016-05-31 06:32:11","26","2016-07-23 14:07:35","26");
INSERT INTO inventory_totals VALUES("2199","2","-80","2016-05-30 20:45:32","32","2016-07-15 11:38:49","32");
INSERT INTO inventory_totals VALUES("2201","2","-1","2016-07-22 07:59:15","28","2016-07-22 07:59:15","28");
INSERT INTO inventory_totals VALUES("2202","2","-12","2016-06-05 05:43:31","26","2016-07-14 06:04:21","26");
INSERT INTO inventory_totals VALUES("2203","2","-27","2016-06-01 18:10:15","28","2016-07-14 12:28:33","28");
INSERT INTO inventory_totals VALUES("2204","2","-13","2016-06-05 15:46:14","26","2016-07-18 13:32:22","26");
INSERT INTO inventory_totals VALUES("2206","2","-6","2016-06-11 18:11:55","32","2016-07-19 18:21:51","32");
INSERT INTO inventory_totals VALUES("2207","2","-66","2016-06-05 20:28:13","28","2016-07-21 20:37:58","28");
INSERT INTO inventory_totals VALUES("2208","2","-9","2016-06-03 12:29:19","28","2016-07-22 16:13:30","28");
INSERT INTO inventory_totals VALUES("2209","2","-3","2016-06-01 15:42:51","28","2016-07-13 20:12:25","28");
INSERT INTO inventory_totals VALUES("2213","2","-45","2016-06-08 08:14:22","28","2016-07-22 19:09:38","28");
INSERT INTO inventory_totals VALUES("2217","2","-20","2016-06-03 19:05:30","28","2016-07-23 11:35:54","28");
INSERT INTO inventory_totals VALUES("2218","2","-100","2016-05-31 10:46:14","28","2016-07-23 20:34:18","28");
INSERT INTO inventory_totals VALUES("2219","2","-295","2016-06-02 07:11:01","28","2016-07-23 19:49:09","28");
INSERT INTO inventory_totals VALUES("2220","2","-1150","2016-06-06 12:05:02","28","2016-07-12 17:18:00","28");
INSERT INTO inventory_totals VALUES("2226","2","-727","2016-05-30 20:29:24","28","2016-07-23 19:29:03","28");
INSERT INTO inventory_totals VALUES("2228","2","-144913","2016-05-30 16:53:06","28","2016-07-23 20:57:20","28");
INSERT INTO inventory_totals VALUES("2229","2","-77855","2016-05-30 18:02:49","28","2016-07-23 20:40:04","28");
INSERT INTO inventory_totals VALUES("2231","2","-28449","2016-05-30 16:58:22","28","2016-07-23 20:08:41","28");
INSERT INTO inventory_totals VALUES("2232","2","-2876","2016-05-30 18:38:35","28","2016-07-23 20:49:11","28");
INSERT INTO inventory_totals VALUES("2233","2","-6195","2016-05-30 19:34:27","28","2016-07-23 20:03:06","28");
INSERT INTO inventory_totals VALUES("2235","2","-1313","2016-05-30 19:37:44","28","2016-07-23 20:24:20","28");
INSERT INTO inventory_totals VALUES("2236","2","-778","2016-05-30 20:25:09","28","2016-07-23 19:16:45","28");
INSERT INTO inventory_totals VALUES("2237","2","-52","2016-06-06 07:55:52","28","2016-07-23 20:25:33","28");
INSERT INTO inventory_totals VALUES("2238","2","-179","2016-05-31 06:54:44","28","2016-07-22 09:41:11","28");
INSERT INTO inventory_totals VALUES("2239","2","-458","2016-05-31 11:09:13","32","2016-07-19 08:38:36","32");
INSERT INTO inventory_totals VALUES("2240","2","-1681","2016-05-30 16:58:52","32","2016-07-23 19:17:56","32");
INSERT INTO inventory_totals VALUES("2241","2","-127","2016-05-31 13:05:46","28","2016-07-23 20:00:41","28");
INSERT INTO inventory_totals VALUES("2243","2","-126","2016-05-30 17:15:34","28","2016-07-20 08:54:05","28");
INSERT INTO inventory_totals VALUES("2250","2","-4897","2016-05-30 17:14:11","28","2016-07-23 18:57:40","28");
INSERT INTO inventory_totals VALUES("2251","2","-1","2016-07-09 18:58:52","28","2016-07-09 18:58:52","28");
INSERT INTO inventory_totals VALUES("2252","2","-85","2016-06-04 16:15:52","32","2016-07-23 16:58:49","32");
INSERT INTO inventory_totals VALUES("2253","2","-113","2016-05-31 13:24:22","32","2016-07-23 17:47:28","32");
INSERT INTO inventory_totals VALUES("2254","2","-893","2016-05-31 18:14:09","28","2016-07-23 19:47:10","28");
INSERT INTO inventory_totals VALUES("2255","2","-392","2016-06-02 18:24:09","28","2016-07-23 19:47:10","28");
INSERT INTO inventory_totals VALUES("2256","2","-28","2016-06-02 17:07:21","28","2016-07-07 23:27:23","28");
INSERT INTO inventory_totals VALUES("2257","2","-236","2016-06-02 18:53:00","32","2016-07-23 17:58:41","32");
INSERT INTO inventory_totals VALUES("2258","2","-51","2016-06-06 11:06:36","26","2016-07-18 15:45:43","26");
INSERT INTO inventory_totals VALUES("2259","2","-70","2016-06-22 14:12:02","26","2016-07-23 05:40:34","26");
INSERT INTO inventory_totals VALUES("2260","2","-16","2016-07-11 05:45:45","26","2016-07-23 05:09:29","26");
INSERT INTO inventory_totals VALUES("2262","2","-1","2016-07-21 07:37:38","26","2016-07-21 07:37:38","26");



DROP TABLE inventory_total_details;

CREATE TABLE `inventory_total_details` (
  `product_id` bigint(20) NOT NULL,
  `location_id` bigint(20) NOT NULL,
  `total_cycle` double DEFAULT '0',
  `total_so` double DEFAULT '0',
  `total_pos` double DEFAULT '0',
  `total_cm` double DEFAULT '0',
  `total_to_in` double DEFAULT '0',
  `total_to_out` double DEFAULT '0',
  `date` date NOT NULL,
  `created_at` datetime NOT NULL,
  `created_by` bigint(11) NOT NULL,
  `updated_at` datetime NOT NULL,
  `updated_by` bigint(11) NOT NULL,
  PRIMARY KEY (`product_id`,`location_id`,`date`),
  KEY `product_id` (`product_id`),
  KEY `location_id` (`location_id`),
  KEY `date` (`date`)
) ENGINE=InnoDB DEFAULT CHARSET=utf8 COLLATE=utf8_unicode_ci;

INSERT INTO inventory_total_details VALUES("2064","2","0","0","-1","0","0","0","2016-05-30","2016-05-30 20:44:40","24","2016-05-30 20:44:40","24");
INSERT INTO inventory_total_details VALUES("2065","2","0","0","-2","0","0","0","2016-05-30","2016-05-30 17:12:37","24","2016-05-30 21:01:14","24");
INSERT INTO inventory_total_details VALUES("2067","2","0","0","-2","0","0","0","2016-05-30","2016-05-30 20:12:19","24","2016-05-30 20:37:06","24");
INSERT INTO inventory_total_details VALUES("2070","2","0","0","-3","0","0","0","2016-05-30","2016-05-30 19:12:04","27","2016-05-30 19:12:04","27");
INSERT INTO inventory_total_details VALUES("2071","2","0","0","-1","0","0","0","2016-05-30","2016-05-30 20:20:55","24","2016-05-30 20:20:55","24");
INSERT INTO inventory_total_details VALUES("2072","2","0","0","-5","0","0","0","2016-06-01","2016-06-01 10:24:38","27","2016-06-01 17:19:29","27");
INSERT INTO inventory_total_details VALUES("2073","2","0","0","-2","0","0","0","2016-05-30","2016-05-30 17:09:35","24","2016-05-30 20:20:55","24");
INSERT INTO inventory_total_details VALUES("2074","2","0","0","-1","0","0","0","2016-05-30","2016-05-30 17:09:51","1","2016-05-30 17:09:51","1");
INSERT INTO inventory_total_details VALUES("2075","2","0","0","-2","0","0","0","2016-05-30","2016-05-30 19:40:28","27","2016-05-30 19:40:28","27");
INSERT INTO inventory_total_details VALUES("2076","2","0","0","-1","0","0","0","2016-05-30","2016-05-30 17:15:10","27","2016-05-30 19:40:28","27");
INSERT INTO inventory_total_details VALUES("2077","2","0","0","-2","0","0","0","2016-06-02","2016-06-02 16:11:58","27","2016-06-02 16:11:58","27");
INSERT INTO inventory_total_details VALUES("2078","2","0","0","-1","0","0","0","2016-05-31","2016-05-31 07:51:51","1","2016-05-31 13:22:44","1");
INSERT INTO inventory_total_details VALUES("2079","2","0","0","-1","0","0","0","2016-05-30","2016-05-30 17:34:03","1","2016-05-30 17:34:03","1");
INSERT INTO inventory_total_details VALUES("2082","2","0","0","-1","0","0","0","2016-05-30","2016-05-30 20:35:30","24","2016-05-30 20:35:30","24");
INSERT INTO inventory_total_details VALUES("2083","2","0","0","-2","0","0","0","2016-05-30","2016-05-30 17:13:02","24","2016-05-30 20:44:10","24");
INSERT INTO inventory_total_details VALUES("2084","2","0","0","-1","0","0","0","2016-05-30","2016-05-30 17:13:26","24","2016-05-30 20:36:29","24");
INSERT INTO inventory_total_details VALUES("2085","2","0","0","-1","0","0","0","2016-05-30","2016-05-30 18:17:35","24","2016-05-30 18:17:35","24");
INSERT INTO inventory_total_details VALUES("2088","2","0","0","-1","0","0","0","2016-05-31","2016-05-31 08:25:04","1","2016-05-31 15:55:07","1");
INSERT INTO inventory_total_details VALUES("2089","2","0","0","-1","0","0","0","2016-06-06","2016-06-06 07:55:52","28","2016-06-06 20:21:02","28");
INSERT INTO inventory_total_details VALUES("2090","2","0","0","-3","0","0","0","2016-06-03","2016-06-03 07:53:09","28","2016-06-03 17:42:59","28");
INSERT INTO inventory_total_details VALUES("2092","2","0","0","-2","0","0","0","2016-06-05","2016-06-05 13:07:45","26","2016-06-05 13:07:45","26");
INSERT INTO inventory_total_details VALUES("2093","2","0","0","-2","0","0","0","2016-05-31","2016-05-31 08:55:09","24","2016-05-31 18:27:26","24");
INSERT INTO inventory_total_details VALUES("2095","2","0","0","-1","0","0","0","2016-05-30","2016-05-30 16:57:46","24","2016-05-30 21:01:14","24");
INSERT INTO inventory_total_details VALUES("2097","2","0","0","-2","0","0","0","2016-05-31","2016-05-31 11:50:36","1","2016-05-31 11:57:30","1");
INSERT INTO inventory_total_details VALUES("2098","2","0","0","-1","0","0","0","2016-05-31","2016-05-31 11:48:59","1","2016-05-31 16:06:30","1");
INSERT INTO inventory_total_details VALUES("2099","2","0","0","-1","0","0","0","2016-05-30","2016-05-30 19:54:32","24","2016-05-30 20:46:56","24");
INSERT INTO inventory_total_details VALUES("2100","2","0","0","-6","0","0","0","2016-06-01","2016-06-01 11:05:58","28","2016-06-01 11:05:58","28");
INSERT INTO inventory_total_details VALUES("2101","2","0","0","-1","0","0","0","2016-06-04","2016-06-04 16:36:48","27","2016-06-04 16:36:48","27");
INSERT INTO inventory_total_details VALUES("2102","2","0","0","-1","0","0","0","2016-05-30","2016-05-30 18:50:51","27","2016-05-30 19:01:27","27");
INSERT INTO inventory_total_details VALUES("2103","2","0","0","-1","0","0","0","2016-05-30","2016-05-30 18:21:22","24","2016-05-30 18:21:22","24");
INSERT INTO inventory_total_details VALUES("2104","2","0","0","-1","0","0","0","2016-05-30","2016-05-30 18:45:00","24","2016-05-30 20:35:30","24");
INSERT INTO inventory_total_details VALUES("2105","2","0","0","-2","0","0","0","2016-05-31","2016-05-31 04:27:09","28","2016-05-31 11:08:37","28");
INSERT INTO inventory_total_details VALUES("2107","2","0","0","-2","0","0","0","2016-05-30","2016-05-30 17:13:44","1","2016-05-30 17:13:44","1");
INSERT INTO inventory_total_details VALUES("2108","2","0","0","-1","0","0","0","2016-06-22","2016-06-22 07:31:24","26","2016-06-22 07:31:24","26");
INSERT INTO inventory_total_details VALUES("2109","2","0","0","-1","0","0","0","2016-06-02","2016-06-02 11:24:48","28","2016-06-02 11:24:48","28");
INSERT INTO inventory_total_details VALUES("2110","2","0","0","-2","0","0","0","2016-05-31","2016-05-31 09:56:02","1","2016-05-31 16:59:11","1");
INSERT INTO inventory_total_details VALUES("2111","2","0","0","-1","0","0","0","2016-05-31","2016-05-31 06:44:27","1","2016-05-31 15:24:34","1");
INSERT INTO inventory_total_details VALUES("2112","2","0","0","-1","0","0","0","2016-05-31","2016-05-31 17:42:17","28","2016-05-31 17:42:17","28");
INSERT INTO inventory_total_details VALUES("2113","2","0","0","-1","0","0","0","2016-05-31","2016-05-31 06:07:51","28","2016-05-31 10:55:17","28");
INSERT INTO inventory_total_details VALUES("2114","2","0","0","-1","0","0","0","2016-05-31","2016-05-31 17:05:12","1","2016-05-31 17:05:12","1");
INSERT INTO inventory_total_details VALUES("2116","2","0","0","-1","0","0","0","2016-05-30","2016-05-30 19:09:50","27","2016-05-30 19:09:50","27");
INSERT INTO inventory_total_details VALUES("2117","2","0","0","-1","0","0","0","2016-05-31","2016-05-31 15:15:55","28","2016-05-31 15:15:55","28");
INSERT INTO inventory_total_details VALUES("2118","2","0","0","-2","0","0","0","2016-05-30","2016-05-30 17:25:00","24","2016-05-30 20:35:09","24");
INSERT INTO inventory_total_details VALUES("2119","2","0","0","-1","0","0","0","2016-05-31","2016-05-31 04:10:53","28","2016-05-31 19:23:07","28");
INSERT INTO inventory_total_details VALUES("2120","2","0","0","-4","0","0","0","2016-06-01","2016-06-01 15:07:34","28","2016-06-01 15:07:34","28");
INSERT INTO inventory_total_details VALUES("2121","2","0","0","-1","0","0","0","2016-05-30","2016-05-30 16:56:09","24","2016-05-30 17:57:00","24");
INSERT INTO inventory_total_details VALUES("2125","2","0","0","-1","0","0","0","2016-05-30","2016-05-30 17:14:38","24","2016-05-30 20:45:32","24");
INSERT INTO inventory_total_details VALUES("2126","2","0","0","-1","0","0","0","2016-05-30","2016-05-30 17:17:44","24","2016-05-30 20:46:56","24");
INSERT INTO inventory_total_details VALUES("2127","2","0","0","-1","0","0","0","2016-06-01","2016-06-01 09:16:57","28","2016-06-01 09:16:57","28");
INSERT INTO inventory_total_details VALUES("2128","2","0","0","-1","0","0","0","2016-05-30","2016-05-30 17:17:34","27","2016-05-30 18:49:32","27");
INSERT INTO inventory_total_details VALUES("2129","2","0","0","-1","0","0","0","2016-05-31","2016-05-31 08:02:05","28","2016-05-31 12:43:49","28");
INSERT INTO inventory_total_details VALUES("2130","2","0","0","-1","0","0","0","2016-05-31","2016-05-31 11:51:20","28","2016-05-31 12:08:32","28");
INSERT INTO inventory_total_details VALUES("2131","2","0","0","-1","0","0","0","2016-06-02","2016-06-02 09:48:54","28","2016-06-02 09:48:54","28");
INSERT INTO inventory_total_details VALUES("2133","2","0","0","-1","0","0","0","2016-05-30","2016-05-30 20:04:42","24","2016-05-30 20:04:42","24");
INSERT INTO inventory_total_details VALUES("2134","2","0","0","-2","0","0","0","2016-05-30","2016-05-30 17:16:20","27","2016-05-30 18:50:52","27");
INSERT INTO inventory_total_details VALUES("2135","2","0","0","-2","0","0","0","2016-05-31","2016-05-31 18:50:40","24","2016-05-31 18:50:40","24");
INSERT INTO inventory_total_details VALUES("2136","2","0","0","-2","0","0","0","2016-05-30","2016-05-30 17:16:20","27","2016-05-30 18:50:52","27");
INSERT INTO inventory_total_details VALUES("2137","2","0","0","-1","0","0","0","2016-05-30","2016-05-30 17:00:35","1","2016-05-30 17:00:35","1");
INSERT INTO inventory_total_details VALUES("2138","2","0","0","-1","0","0","0","2016-06-01","2016-06-01 18:10:15","27","2016-06-01 18:10:15","27");
INSERT INTO inventory_total_details VALUES("2139","2","0","0","-1","0","0","0","2016-05-30","2016-05-30 19:37:44","27","2016-05-30 19:37:44","27");
INSERT INTO inventory_total_details VALUES("2140","2","0","0","-1","0","0","0","2016-05-30","2016-05-30 17:16:20","27","2016-05-30 18:50:52","27");
INSERT INTO inventory_total_details VALUES("2141","2","0","0","-1","0","0","0","2016-05-31","2016-05-31 16:15:13","1","2016-05-31 16:15:13","1");
INSERT INTO inventory_total_details VALUES("2142","2","0","0","-1","0","0","0","2016-06-04","2016-06-04 12:04:34","27","2016-06-04 16:08:30","27");
INSERT INTO inventory_total_details VALUES("2143","2","0","0","-1","0","0","0","2016-06-01","2016-06-01 14:37:00","24","2016-06-01 14:37:00","24");
INSERT INTO inventory_total_details VALUES("2144","2","0","0","-1","0","0","0","2016-06-02","2016-06-02 16:28:24","27","2016-06-02 16:28:24","27");
INSERT INTO inventory_total_details VALUES("2146","2","0","0","-1","0","0","0","2016-05-31","2016-05-31 04:25:13","28","2016-05-31 19:18:40","28");
INSERT INTO inventory_total_details VALUES("2163","2","0","0","-1","0","0","0","2016-05-30","2016-05-30 19:12:04","24","2016-05-30 20:36:29","24");
INSERT INTO inventory_total_details VALUES("2164","2","0","0","-1","0","0","0","2016-05-30","2016-05-30 16:53:06","27","2016-05-30 19:14:29","27");
INSERT INTO inventory_total_details VALUES("2165","2","0","0","-1","0","0","0","2016-05-30","2016-05-30 17:13:26","1","2016-05-30 17:13:26","1");
INSERT INTO inventory_total_details VALUES("2166","2","0","0","-8","0","0","0","2016-05-30","2016-05-30 15:16:51","1","2016-05-30 16:55:10","1");
INSERT INTO inventory_total_details VALUES("2172","2","0","0","-1","0","0","0","2016-05-30","2016-05-30 17:07:00","24","2016-05-30 20:45:07","24");
INSERT INTO inventory_total_details VALUES("2173","2","0","0","-1","0","0","0","2016-05-31","2016-05-31 10:33:37","28","2016-05-31 11:09:13","28");
INSERT INTO inventory_total_details VALUES("2174","2","0","0","-1","0","0","0","2016-05-31","2016-05-31 09:21:37","24","2016-05-31 09:21:37","24");
INSERT INTO inventory_total_details VALUES("2178","2","0","0","-1","0","0","0","2016-06-02","2016-06-02 05:19:47","24","2016-06-02 05:19:47","24");
INSERT INTO inventory_total_details VALUES("2179","2","0","0","-1","0","0","0","2016-06-19","2016-06-19 13:01:57","26","2016-06-19 13:01:57","26");
INSERT INTO inventory_total_details VALUES("2182","2","0","0","-1","0","0","0","2016-05-30","2016-05-30 18:50:52","27","2016-05-30 18:50:52","27");
INSERT INTO inventory_total_details VALUES("2183","2","0","0","-1","0","0","0","2016-06-17","2016-06-17 08:39:20","26","2016-06-17 08:39:20","26");
INSERT INTO inventory_total_details VALUES("2188","2","0","0","-1","0","0","0","2016-06-02","2016-06-02 05:19:47","27","2016-06-02 19:29:45","27");
INSERT INTO inventory_total_details VALUES("2197","2","0","0","-2","0","0","0","2016-05-31","2016-05-31 05:33:48","24","2016-05-31 18:01:04","24");
INSERT INTO inventory_total_details VALUES("2198","2","0","0","-1","0","0","0","2016-05-31","2016-05-31 06:32:11","28","2016-05-31 15:18:23","28");
INSERT INTO inventory_total_details VALUES("2199","2","0","0","-1","0","0","0","2016-05-30","2016-05-30 20:45:32","24","2016-05-30 20:45:32","24");
INSERT INTO inventory_total_details VALUES("2201","2","0","0","-1","0","0","0","2016-07-22","2016-07-22 07:59:15","28","2016-07-22 07:59:15","28");
INSERT INTO inventory_total_details VALUES("2202","2","0","0","-1","0","0","0","2016-06-05","2016-06-05 05:43:31","24","2016-06-05 05:43:31","24");
INSERT INTO inventory_total_details VALUES("2203","2","0","0","-2","0","0","0","2016-06-01","2016-06-01 18:10:15","27","2016-06-01 18:10:15","27");
INSERT INTO inventory_total_details VALUES("2204","2","0","0","-1","0","0","0","2016-06-05","2016-06-05 15:46:14","24","2016-06-05 15:46:14","24");
INSERT INTO inventory_total_details VALUES("2206","2","0","0","-2","0","0","0","2016-06-11","2016-06-11 18:11:55","26","2016-06-11 18:11:55","26");
INSERT INTO inventory_total_details VALUES("2207","2","0","0","-1","0","0","0","2016-06-05","2016-06-05 20:28:13","28","2016-06-05 20:28:13","28");
INSERT INTO inventory_total_details VALUES("2208","2","0","0","-1","0","0","0","2016-06-03","2016-06-03 12:29:19","24","2016-06-03 12:29:19","24");
INSERT INTO inventory_total_details VALUES("2209","2","0","0","-1","0","0","0","2016-06-01","2016-06-01 15:42:51","24","2016-06-01 15:42:51","24");
INSERT INTO inventory_total_details VALUES("2213","2","0","0","-1","0","0","0","2016-06-08","2016-06-08 08:14:22","28","2016-06-08 08:14:22","28");
INSERT INTO inventory_total_details VALUES("2217","2","0","0","-2","0","0","0","2016-06-03","2016-06-03 19:05:30","28","2016-06-03 19:05:30","28");
INSERT INTO inventory_total_details VALUES("2218","2","0","0","-1","0","0","0","2016-05-31","2016-05-31 10:46:14","28","2016-05-31 18:18:24","28");
INSERT INTO inventory_total_details VALUES("2219","2","0","0","-1","0","0","0","2016-06-02","2016-06-02 07:11:01","27","2016-06-02 20:39:25","27");
INSERT INTO inventory_total_details VALUES("2220","2","0","0","-120","0","0","0","2016-06-06","2016-06-06 12:05:02","28","2016-06-06 12:05:02","28");
INSERT INTO inventory_total_details VALUES("2226","2","0","0","-1","0","0","0","2016-05-30","2016-05-30 20:29:24","24","2016-05-30 20:29:24","24");
INSERT INTO inventory_total_details VALUES("2228","2","0","0","-1","0","0","0","2016-05-30","2016-05-30 16:53:07","24","2016-05-30 20:52:03","24");
INSERT INTO inventory_total_details VALUES("2229","2","0","0","-10","0","0","0","2016-05-30","2016-05-30 18:02:49","24","2016-05-30 20:49:46","24");
INSERT INTO inventory_total_details VALUES("2231","2","0","0","-3","0","0","0","2016-05-30","2016-05-30 16:58:22","24","2016-05-30 21:01:14","24");
INSERT INTO inventory_total_details VALUES("2232","2","0","0","-2","0","0","0","2016-05-30","2016-05-30 18:38:35","27","2016-05-30 18:38:35","27");
INSERT INTO inventory_total_details VALUES("2233","2","0","0","-3","0","0","0","2016-05-30","2016-05-30 19:34:27","27","2016-05-30 19:51:04","27");
INSERT INTO inventory_total_details VALUES("2235","2","0","0","-1","0","0","0","2016-05-30","2016-05-30 19:37:45","27","2016-05-30 19:55:59","27");
INSERT INTO inventory_total_details VALUES("2236","2","0","0","-1","0","0","0","2016-05-30","2016-05-30 20:25:09","24","2016-05-30 20:25:09","24");
INSERT INTO inventory_total_details VALUES("2237","2","0","0","-2","0","0","0","2016-06-06","2016-06-06 07:55:52","26","2016-06-06 07:55:52","26");
INSERT INTO inventory_total_details VALUES("2238","2","0","0","-2","0","0","0","2016-05-31","2016-05-31 06:54:44","28","2016-05-31 18:18:35","28");
INSERT INTO inventory_total_details VALUES("2239","2","0","0","-1","0","0","0","2016-05-31","2016-05-31 11:09:13","28","2016-05-31 19:15:47","28");
INSERT INTO inventory_total_details VALUES("2240","2","0","0","-1","0","0","0","2016-05-30","2016-05-30 16:58:52","27","2016-05-30 19:23:13","27");
INSERT INTO inventory_total_details VALUES("2241","2","0","0","-1","0","0","0","2016-05-31","2016-05-31 13:05:46","28","2016-05-31 18:12:43","28");
INSERT INTO inventory_total_details VALUES("2243","2","0","0","-2","0","0","0","2016-05-30","2016-05-30 17:15:34","1","2016-05-30 17:15:34","1");
INSERT INTO inventory_total_details VALUES("2250","2","0","0","-1","0","0","0","2016-05-30","2016-05-30 17:14:12","24","2016-05-30 20:46:56","24");
INSERT INTO inventory_total_details VALUES("2251","2","0","0","-1","0","0","0","2016-07-09","2016-07-09 18:58:52","28","2016-07-09 18:58:52","28");
INSERT INTO inventory_total_details VALUES("2252","2","0","0","-3","0","0","0","2016-06-04","2016-06-04 16:15:52","28","2016-06-04 20:22:10","28");
INSERT INTO inventory_total_details VALUES("2253","2","0","0","-1","0","0","0","2016-05-31","2016-05-31 13:24:22","28","2016-05-31 13:24:22","28");
INSERT INTO inventory_total_details VALUES("2254","2","0","0","-5","0","0","0","2016-05-31","2016-05-31 18:14:09","28","2016-05-31 20:17:14","28");
INSERT INTO inventory_total_details VALUES("2255","2","0","0","-5","0","0","0","2016-06-02","2016-06-02 18:24:09","24","2016-06-02 18:24:09","24");
INSERT INTO inventory_total_details VALUES("2256","2","0","0","-1","0","0","0","2016-06-02","2016-06-02 17:07:21","28","2016-06-02 18:40:44","28");
INSERT INTO inventory_total_details VALUES("2257","2","0","0","-1","0","0","0","2016-06-02","2016-06-02 18:53:00","28","2016-06-02 18:53:00","28");
INSERT INTO inventory_total_details VALUES("2258","2","0","0","-1","0","0","0","2016-06-06","2016-06-06 11:06:36","26","2016-06-06 11:06:36","26");
INSERT INTO inventory_total_details VALUES("2259","2","0","0","-2","0","0","0","2016-06-22","2016-06-22 14:12:02","28","2016-06-22 19:30:07","28");
INSERT INTO inventory_total_details VALUES("2260","2","0","0","-1","0","0","0","2016-07-11","2016-07-11 05:45:45","26","2016-07-11 05:45:45","26");
INSERT INTO inventory_total_details VALUES("2262","2","0","0","-1","0","0","0","2016-07-21","2016-07-21 07:37:38","26","2016-07-21 07:37:38","26");



INSERT INTO bookers VALUES("169","","092566645","2016-07-23 19:19:37","28","2016-07-23 19:19:37","","1");

INSERT INTO sales_orders VALUES("53016","2","1","","16SO052996","4000","1","0","0","0","2016-07-23","2016-07-23","","2016-07-23 18:00:24","28","2016-07-23 18:00:24","28","1","1","0"),
("53017","2","1","","16SO052997","8400","2.1","0","0","0","2016-07-23","2016-07-23","","2016-07-23 18:02:11","28","2016-07-23 18:02:11","28","1","1","0"),
("53018","2","1","","16SO052998","2000","0.5","0","0","0","2016-07-23","2016-07-23","","2016-07-23 18:02:26","28","2016-07-23 18:02:26","28","1","1","0"),
("53019","2","1","","16SO052999","21500","5.375","0","0","0","2016-07-23","2016-07-23","","2016-07-23 18:03:57","28","2016-07-23 18:03:57","28","1","1","0"),
("53020","2","1","","16SO053000","1000","0.25","0","0","0","2016-07-23","2016-07-23","","2016-07-23 18:04:08","28","2016-07-23 18:04:08","28","1","1","0"),
("53021","2","1","","16SO053001","13000","3.25","0","0","0","2016-07-23","2016-07-23","","2016-07-23 18:04:38","28","2016-07-23 18:04:38","28","1","1","0"),
("53022","2","1","","16SO053002","3500","0.875","0","0","0","2016-07-23","2016-07-23","","2016-07-23 18:05:53","28","2016-07-23 18:05:53","28","1","1","0"),
("53023","2","1","","16SO053003","2500","0.625","0","0","0","2016-07-23","2016-07-23","","2016-07-23 18:06:59","28","2016-07-23 18:06:59","28","1","1","0"),
("53024","2","1","","16SO053004","1500","0.375","0","0","0","2016-07-23","2016-07-23","","2016-07-23 18:07:22","28","2016-07-23 18:07:22","28","1","1","0"),
("53025","2","1","","16SO053005","7500","1.875","0","0","0","2016-07-23","2016-07-23","","2016-07-23 18:08:27","28","2016-07-23 18:08:27","28","1","1","0"),
("53026","2","1","","16SO053006","9500","2.375","0","0","0","2016-07-23","2016-07-23","","2016-07-23 18:08:43","28","2016-07-23 18:08:43","28","1","1","0"),
("53027","2","1","","16SO053007","1000","0.25","0","0","0","2016-07-23","2016-07-23","","2016-07-23 18:10:07","28","2016-07-23 18:10:07","28","1","1","0"),
("53028","2","1","","16SO053008","3000","0.75","0","0","0","2016-07-23","2016-07-23","","2016-07-23 18:11:42","28","2016-07-23 18:11:42","28","1","1","0"),
("53029","2","1","","16SO053009","10000","2.5","0","0","0","2016-07-23","2016-07-23","","2016-07-23 18:12:14","28","2016-07-23 18:12:14","28","1","1","0"),
("53030","2","1","","16SO053010","11000","2.75","0","0","0","2016-07-23","2016-07-23","","2016-07-23 18:12:38","32","2016-07-23 18:12:38","32","1","1","0"),
("53031","2","1","","16SO053011","1500","0.375","0","0","0","2016-07-23","2016-07-23","","2016-07-23 18:13:06","28","2016-07-23 18:13:06","28","1","1","0"),
("53032","2","1","","16SO053012","4000","1","0","0","0","2016-07-23","2016-07-23","","2016-07-23 18:13:13","32","2016-07-23 18:13:13","32","1","1","0"),
("53033","2","1","","16SO053013","8000","2","0","0","0","2016-07-23","2016-07-23","","2016-07-23 18:13:27","28","2016-07-23 18:13:27","28","1","1","0"),
("53034","2","1","","16SO053014","3000","0.75","0","0","0","2016-07-23","2016-07-23","","2016-07-23 18:13:34","32","2016-07-23 18:13:34","32","1","1","0"),
("53035","2","1","","16SO053015","4000","1","0","0","0","2016-07-23","2016-07-23","","2016-07-23 18:14:40","28","2016-07-23 18:14:40","28","1","1","0"),
("53036","2","1","","16SO053016","13500","3.375","0","0","0","2016-07-23","2016-07-23","","2016-07-23 18:15:30","32","2016-07-23 18:15:30","32","1","1","0"),
("53037","2","1","","16SO053017","3000","0.75","0","0","0","2016-07-23","2016-07-23","","2016-07-23 18:15:53","28","2016-07-23 18:15:53","28","1","1","0"),
("53038","2","1","","16SO053018","31000","7.75","0","0","0","2016-07-23","2016-07-23","","2016-07-23 18:16:21","32","2016-07-23 18:16:21","32","1","1","0"),
("53039","2","1","","16SO053019","14000","3.5","0","0","0","2016-07-23","2016-07-23","","2016-07-23 18:19:37","28","2016-07-23 18:19:37","28","1","1","0"),
("53040","2","1","","16SO053020","2500","0.625","0","0","0","2016-07-23","2016-07-23","","2016-07-23 18:20:03","28","2016-07-23 18:20:03","28","1","1","0"),
("53041","2","1","","16SO053021","500","0.125","0","0","0","2016-07-23","2016-07-23","","2016-07-23 18:20:22","28","2016-07-23 18:20:22","28","1","1","0"),
("53042","2","1","","16SO053022","8500","2.125","0","0","0","2016-07-23","2016-07-23","","2016-07-23 18:23:32","32","2016-07-23 18:23:32","32","1","1","0"),
("53043","2","1","","16SO053023","2000","0.5","0","0","0","2016-07-23","2016-07-23","","2016-07-23 18:23:58","28","2016-07-23 18:23:58","28","1","1","0"),
("53044","2","1","","16SO053024","2500","0.625","0","0","0","2016-07-23","2016-07-23","","2016-07-23 18:26:17","32","2016-07-23 18:26:17","32","1","1","0"),
("53045","2","1","","16SO053025","12000","3","0","0","0","2016-07-23","2016-07-23","","2016-07-23 18:26:42","32","2016-07-23 18:26:42","32","1","1","0"),
("53046","2","1","","16SO053026","6500","1.625","0","0","0","2016-07-23","2016-07-23","","2016-07-23 18:27:03","28","2016-07-23 18:27:03","28","1","1","0"),
("53047","2","1","","16SO053027","5000","1.25","0","0","0","2016-07-23","2016-07-23","","2016-07-23 18:27:50","28","2016-07-23 18:27:50","28","1","1","0"),
("53048","2","1","","16SO053028","6000","1.5","0","0","0","2016-07-23","2016-07-23","","2016-07-23 18:28:18","28","2016-07-23 18:28:18","28","1","1","0"),
("53049","2","1","","16SO053029","15500","3.875","0","0","0","2016-07-23","2016-07-23","","2016-07-23 18:30:00","28","2016-07-23 18:30:00","28","1","1","0"),
("53050","2","1","","16SO053030","3000","0.75","0","0","0","2016-07-23","2016-07-23","","2016-07-23 18:30:06","28","2016-07-23 18:30:06","28","1","1","0"),
("53051","2","1","","16SO053031","2000","0.5","0","0","0","2016-07-23","2016-07-23","","2016-07-23 18:30:23","28","2016-07-23 18:30:23","28","1","1","0"),
("53052","2","1","","16SO053032","2500","0.625","0","0","0","2016-07-23","2016-07-23","","2016-07-23 18:31:16","28","2016-07-23 18:31:16","28","1","1","0"),
("53053","2","1","","16SO053033","3000","0.75","0","0","0","2016-07-23","2016-07-23","","2016-07-23 18:33:07","28","2016-07-23 18:33:07","28","1","1","0"),
("53054","2","1","","16SO053034","10500","2.625","0","0","0","2016-07-23","2016-07-23","","2016-07-23 18:34:03","28","2016-07-23 18:34:03","28","1","1","0"),
("53055","2","1","","16SO053035","13000","3.25","0","0","0","2016-07-23","2016-07-23","","2016-07-23 18:34:11","28","2016-07-23 18:34:11","28","1","1","0"),
("53056","2","1","","16SO053036","3000","0.75","0","0","0","2016-07-23","2016-07-23","","2016-07-23 18:34:58","28","2016-07-23 18:34:58","28","1","1","0"),
("53057","2","1","","16SO053037","2500","0.625","0","0","0","2016-07-23","2016-07-23","","2016-07-23 18:37:23","32","2016-07-23 18:37:23","32","1","1","0"),
("53058","2","1","","16SO053038","45000","11.25","0","0","0","2016-07-23","2016-07-23","","2016-07-23 18:38:16","28","2016-07-23 18:38:16","28","1","1","0"),
("53059","2","1","","16SO053039","3000","0.75","0","0","0","2016-07-23","2016-07-23","","2016-07-23 18:38:43","28","2016-07-23 18:38:43","28","1","1","0"),
("53060","2","1","","16SO053040","7000","1.75","0","0","0","2016-07-23","2016-07-23","","2016-07-23 18:39:11","28","2016-07-23 18:39:11","28","1","1","0"),
("53061","2","1","","16SO053041","10500","2.625","0","0","0","2016-07-23","2016-07-23","","2016-07-23 18:40:25","28","2016-07-23 18:40:25","28","1","1","0"),
("53062","2","1","","16SO053042","7000","1.75","0","0","0","2016-07-23","2016-07-23","","2016-07-23 18:40:57","28","2016-07-23 18:40:57","28","1","1","0"),
("53063","2","1","","16SO053043","1500","0.375","0","0","0","2016-07-23","2016-07-23","","2016-07-23 18:41:05","28","2016-07-23 18:41:05","28","1","1","0"),
("53064","2","1","","16SO053044","65000","16.25","0","0","0","2016-07-23","2016-07-23","","2016-07-23 18:41:42","28","2016-07-23 18:41:42","28","1","1","0"),
("53065","2","1","","16SO053045","2000","0.5","0","0","0","2016-07-23","2016-07-23","","2016-07-23 18:43:18","28","2016-07-23 18:43:18","28","1","1","0"),
("53066","2","1","","16SO053046","6500","1.625","0","0","0","2016-07-23","2016-07-23","","2016-07-23 18:43:48","28","2016-07-23 18:43:48","28","1","1","0"),
("53067","2","1","","16SO053047","2500","0.625","0","0","0","2016-07-23","2016-07-23","","2016-07-23 18:44:06","28","2016-07-23 18:44:06","28","1","1","0"),
("53068","2","1","","16SO053048","5000","1.25","0","0","0","2016-07-23","2016-07-23","","2016-07-23 18:44:22","28","2016-07-23 18:44:22","28","1","1","0"),
("53069","2","1","","16SO053049","1500","0.375","0","0","0","2016-07-23","2016-07-23","","2016-07-23 18:46:48","28","2016-07-23 18:46:48","28","1","1","0"),
("53070","2","1","","16SO053050","5500","1.375","0","0","0","2016-07-23","2016-07-23","","2016-07-23 18:49:04","32","2016-07-23 18:49:04","32","1","1","0"),
("53071","2","1","","16SO053051","2000","0.5","0","0","0","2016-07-23","2016-07-23","","2016-07-23 18:51:11","28","2016-07-23 18:51:11","28","1","1","0"),
("53072","2","1","","16SO053052","17000","4.25","0","0","0","2016-07-23","2016-07-23","","2016-07-23 18:51:51","32","2016-07-23 18:51:51","32","1","1","0"),
("53073","2","1","","16SO053053","5500","1.375","0","0","0","2016-07-23","2016-07-23","","2016-07-23 18:52:30","28","2016-07-23 18:52:30","28","1","1","0"),
("53074","2","1","","16SO053054","5000","1.25","0","0","0","2016-07-23","2016-07-23","","2016-07-23 18:52:48","28","2016-07-23 18:52:48","28","1","1","0"),
("53075","2","1","","16SO053055","5000","1.25","0","0","0","2016-07-23","2016-07-23","","2016-07-23 18:53:25","28","2016-07-23 18:53:25","28","1","1","0"),
("53076","2","1","","16SO053056","5000","1.25","0","0","0","2016-07-23","2016-07-23","","2016-07-23 18:56:12","28","2016-07-23 18:56:12","28","1","1","0"),
("53077","2","1","","16SO053057","3000","0.75","0","0","0","2016-07-23","2016-07-23","","2016-07-23 18:56:24","28","2016-07-23 18:56:24","28","1","1","0"),
("53078","2","1","","16SO053058","3000","0.75","0","0","0","2016-07-23","2016-07-23","","2016-07-23 18:56:50","28","2016-07-23 18:56:50","28","1","1","0"),
("53079","2","1","","16SO053059","10500","2.625","0","0","0","2016-07-23","2016-07-23","","2016-07-23 18:57:05","32","2016-07-23 18:57:05","32","1","1","0"),
("53080","2","1","","16SO053060","2500","0.625","0","0","0","2016-07-23","2016-07-23","","2016-07-23 18:57:26","32","2016-07-23 18:57:26","32","1","1","0"),
("53081","2","1","","16SO053061","1000","0.25","0","0","0","2016-07-23","2016-07-23","","2016-07-23 18:57:40","28","2016-07-23 18:57:40","28","1","1","0"),
("53082","2","1","","16SO053062","5500","1.375","0","0","0","2016-07-23","2016-07-23","","2016-07-23 18:57:59","32","2016-07-23 18:57:59","32","1","1","0"),
("53083","2","1","","16SO053063","3500","0.875","0","0","0","2016-07-23","2016-07-23","","2016-07-23 18:59:26","28","2016-07-23 18:59:26","28","1","1","0"),
("53084","2","1","","16SO053064","5500","1.375","0","0","0","2016-07-23","2016-07-23","","2016-07-23 19:00:38","32","2016-07-23 19:00:38","32","1","1","0"),
("53085","2","1","","16SO053065","6000","1.5","0","0","0","2016-07-23","2016-07-23","","2016-07-23 19:00:47","32","2016-07-23 19:00:47","32","1","1","0"),
("53086","2","1","","16SO053066","5500","1.375","0","0","0","2016-07-23","2016-07-23","","2016-07-23 19:00:59","28","2016-07-23 19:00:59","28","1","1","0"),
("53087","2","1","","16SO053067","5000","1.25","0","0","0","2016-07-23","2016-07-23","","2016-07-23 19:01:58","28","2016-07-23 19:01:58","28","1","1","0"),
("53088","2","1","","16SO053068","4500","1.125","0","0","0","2016-07-23","2016-07-23","","2016-07-23 19:04:17","32","2016-07-23 19:04:17","32","1","1","0"),
("53089","2","1","","16SO053069","1500","0.375","0","0","0","2016-07-23","2016-07-23","","2016-07-23 19:04:37","28","2016-07-23 19:04:37","28","1","1","0"),
("53090","2","1","","16SO053070","12000","3","0","0","0","2016-07-23","2016-07-23","","2016-07-23 19:07:57","32","2016-07-23 19:07:57","32","1","1","0"),
("53091","2","1","","16SO053071","5000","1.25","0","0","0","2016-07-23","2016-07-23","","2016-07-23 19:13:19","32","2016-07-23 19:13:19","32","1","1","0"),
("53092","2","1","","16SO053072","10000","2.5","0","0","0","2016-07-23","2016-07-23","","2016-07-23 19:13:49","32","2016-07-23 19:13:49","32","1","1","0"),
("53093","2","1","","16SO053073","3000","0.75","0","0","0","2016-07-23","2016-07-23","","2016-07-23 19:14:02","32","2016-07-23 19:14:02","32","1","1","0"),
("53094","2","1","","16SO053074","15000","3.75","0","0","0","2016-07-23","2016-07-23","","2016-07-23 19:14:33","32","2016-07-23 19:14:33","32","1","1","0"),
("53095","2","1","","16SO053075","2000","0.5","0","0","0","2016-07-23","2016-07-23","","2016-07-23 19:14:40","32","2016-07-23 19:14:40","32","1","1","0"),
("53096","2","1","","16SO053076","6000","1.5","0","0","0","2016-07-23","2016-07-23","","2016-07-23 19:14:51","28","2016-07-23 19:14:51","28","1","1","0"),
("53097","2","1","","16SO053077","10000","2.5","0","0","0","2016-07-23","2016-07-23","","2016-07-23 19:15:40","32","2016-07-23 19:15:40","32","1","1","0"),
("53098","2","1","","16SO053078","4000","1","0","0","0","2016-07-23","2016-07-23","","2016-07-23 19:15:53","32","2016-07-23 19:15:53","32","1","1","0"),
("53099","2","1","","16SO053079","13000","3.25","0","0","0","2016-07-23","2016-07-23","","2016-07-23 19:16:01","28","2016-07-23 19:16:01","28","1","1","0"),
("53100","2","1","","16SO053080","2000","0.5","0","0","0","2016-07-23","2016-07-23","","2016-07-23 19:16:15","32","2016-07-23 19:16:15","32","1","1","0"),
("53101","2","1","","16SO053081","10500","2.625","0","0","0","2016-07-23","2016-07-23","","2016-07-23 19:16:35","28","2016-07-23 19:16:35","28","1","1","0"),
("53102","2","1","","16SO053082","3500","0.875","0","0","0","2016-07-23","2016-07-23","","2016-07-23 19:16:44","28","2016-07-23 19:16:44","28","1","1","0"),
("53103","2","1","","16SO053083","3000","0.75","0","0","0","2016-07-23","2016-07-23","","2016-07-23 19:17:23","32","2016-07-23 19:17:23","32","1","1","0"),
("53104","2","1","","16SO053084","5000","1.25","0","0","0","2016-07-23","2016-07-23","","2016-07-23 19:17:56","32","2016-07-23 19:17:56","32","1","1","0"),
("53105","2","","169","16SO053085","70000","17.5","50000","0","0","2016-07-23","2016-07-24","","2016-07-23 19:19:37","28","2016-07-23 19:19:37","28","1","0","1"),
("53106","2","1","","16SO053086","3500","0.875","0","0","0","2016-07-23","2016-07-23","","2016-07-23 19:21:49","32","2016-07-23 19:21:49","32","1","1","0"),
("53107","2","1","","16SO053087","4000","1","0","0","0","2016-07-23","2016-07-23","","2016-07-23 19:22:36","32","2016-07-23 19:22:36","32","1","1","0"),
("53108","2","1","","16SO053088","3000","0.75","0","0","0","2016-07-23","2016-07-23","","2016-07-23 19:27:00","32","2016-07-23 19:27:00","32","1","1","0"),
("53109","2","1","","16SO053089","5000","1.25","0","0","0","2016-07-23","2016-07-23","","2016-07-23 19:28:00","28","2016-07-23 19:28:00","28","1","1","0"),
("53110","2","1","","16SO053090","5000","1.25","0","0","0","2016-07-23","2016-07-23","","2016-07-23 19:28:11","28","2016-07-23 19:28:11","28","1","1","0"),
("53111","2","1","","16SO053091","6000","1.5","0","0","0","2016-07-23","2016-07-23","","2016-07-23 19:29:03","28","2016-07-23 19:29:03","28","1","1","0"),
("53112","2","1","","16SO053092","2000","0.5","0","0","0","2016-07-23","2016-07-23","","2016-07-23 19:30:36","28","2016-07-23 19:30:36","28","1","1","0"),
("53113","2","1","","16SO053093","6000","1.5","0","0","0","2016-07-23","2016-07-23","","2016-07-23 19:33:00","28","2016-07-23 19:33:00","28","1","1","0"),
("53114","2","1","","16SO053094","2500","0.625","0","0","0","2016-07-23","2016-07-23","","2016-07-23 19:37:17","28","2016-07-23 19:37:17","28","1","1","0"),
("53115","2","1","","16SO053095","500","0.125","0","0","0","2016-07-23","2016-07-23","","2016-07-23 19:40:38","28","2016-07-23 19:40:38","28","1","1","0"),
("53116","2","1","","16SO053096","8500","2.125","0","0","0","2016-07-23","2016-07-23","","2016-07-23 19:40:50","28","2016-07-23 19:40:50","28","1","1","0"),
("53117","2","1","","16SO053097","5000","1.25","0","0","0","2016-07-23","2016-07-23","","2016-07-23 19:41:07","28","2016-07-23 19:41:07","28","1","1","0"),
("53118","2","1","","16SO053098","6500","1.625","0","0","0","2016-07-23","2016-07-23","","2016-07-23 19:41:53","28","2016-07-23 19:41:53","28","1","1","0"),
("53119","2","1","","16SO053099","4500","1.125","0","0","0","2016-07-23","2016-07-23","","2016-07-23 19:44:45","28","2016-07-23 19:44:45","28","1","1","0"),
("53120","2","1","","16SO053100","10000","2.5","0","0","0","2016-07-23","2016-07-23","","2016-07-23 19:47:10","28","2016-07-23 19:47:10","28","1","1","0"),
("53121","2","1","","16SO053101","4000","1","0","0","0","2016-07-23","2016-07-23","","2016-07-23 19:49:09","28","2016-07-23 19:49:09","28","1","1","0"),
("53122","2","1","","16SO053102","6000","1.5","0","0","0","2016-07-23","2016-07-23","","2016-07-23 19:54:06","28","2016-07-23 19:54:06","28","1","1","0"),
("53123","2","1","","16SO053103","7000","1.75","0","0","0","2016-07-23","2016-07-23","","2016-07-23 19:56:17","28","2016-07-23 19:56:17","28","1","1","0"),
("53124","2","1","","16SO053104","4500","1.125","0","0","0","2016-07-23","2016-07-23","","2016-07-23 19:56:26","28","2016-07-23 19:56:26","28","1","1","0"),
("53125","2","1","","16SO053105","700","0.175","0","0","0","2016-07-23","2016-07-23","","2016-07-23 19:57:34","28","2016-07-23 19:57:34","28","1","1","0"),
("53126","2","1","","16SO053106","2800","0.7","0","0","0","2016-07-23","2016-07-23","","2016-07-23 19:59:47","28","2016-07-23 19:59:47","28","1","1","0"),
("53127","2","1","","16SO053107","3000","0.75","0","0","0","2016-07-23","2016-07-23","","2016-07-23 20:00:41","28","2016-07-23 20:00:41","28","1","1","0"),
("53128","2","1","","16SO053108","2000","0.5","0","0","0","2016-07-23","2016-07-23","","2016-07-23 20:03:06","28","2016-07-23 20:03:06","28","1","1","0"),
("53129","2","1","","16SO053109","1500","0.375","0","0","0","2016-07-23","2016-07-23","","2016-07-23 20:07:27","28","2016-07-23 20:07:27","28","1","1","0"),
("53130","2","1","","16SO053110","24000","6","0","0","0","2016-07-23","2016-07-23","","2016-07-23 20:07:59","28","2016-07-23 20:07:59","28","1","1","0"),
("53131","2","1","","16SO053111","3000","0.75","0","0","0","2016-07-23","2016-07-23","","2016-07-23 20:08:41","28","2016-07-23 20:08:41","28","1","1","0"),
("53132","2","1","","16SO053112","22500","5.625","0","0","0","2016-07-23","2016-07-23","","2016-07-23 20:12:53","28","2016-07-23 20:12:53","28","1","1","0"),
("53133","2","1","","16SO053113","1400","0.35","0","0","0","2016-07-23","2016-07-23","","2016-07-23 20:14:50","28","2016-07-23 20:14:50","28","1","1","0"),
("53134","2","1","","16SO053114","5500","1.375","0","0","0","2016-07-23","2016-07-23","","2016-07-23 20:18:56","28","2016-07-23 20:18:56","28","1","1","0"),
("53135","2","1","","16SO053115","1500","0.375","0","0","0","2016-07-23","2016-07-23","","2016-07-23 20:20:07","28","2016-07-23 20:20:07","28","1","1","0"),
("53136","2","1","","16SO053116","3000","0.75","0","0","0","2016-07-23","2016-07-23","","2016-07-23 20:20:43","28","2016-07-23 20:20:43","28","1","1","0"),
("53137","2","1","","16SO053117","8500","2.125","0","0","0","2016-07-23","2016-07-23","","2016-07-23 20:22:22","28","2016-07-23 20:22:22","28","1","1","0"),
("53138","2","1","","16SO053118","10000","2.5","0","0","0","2016-07-23","2016-07-23","","2016-07-23 20:22:40","28","2016-07-23 20:22:40","28","1","1","0"),
("53139","2","1","","16SO053119","5000","1.25","0","0","0","2016-07-23","2016-07-23","","2016-07-23 20:24:19","28","2016-07-23 20:24:19","28","1","1","0"),
("53140","2","1","","16SO053120","2500","0.625","0","0","0","2016-07-23","2016-07-23","","2016-07-23 20:25:33","28","2016-07-23 20:25:33","28","1","1","0"),
("53141","2","1","","16SO053121","1000","0.25","0","0","0","2016-07-23","2016-07-23","","2016-07-23 20:31:16","28","2016-07-23 20:31:16","28","1","1","0"),
("53142","2","1","","16SO053122","2500","0.625","0","0","0","2016-07-23","2016-07-23","","2016-07-23 20:32:07","28","2016-07-23 20:32:07","28","1","1","0"),
("53143","2","1","","16SO053123","5000","1.25","0","0","0","2016-07-23","2016-07-23","","2016-07-23 20:33:08","28","2016-07-23 20:33:08","28","1","1","0"),
("53144","2","1","","16SO053124","5000","1.25","0","0","0","2016-07-23","2016-07-23","","2016-07-23 20:33:48","28","2016-07-23 20:33:48","28","1","1","0"),
("53145","2","1","","16SO053125","1000","0.25","0","0","0","2016-07-23","2016-07-23","","2016-07-23 20:34:18","28","2016-07-23 20:34:18","28","1","1","0"),
("53146","2","1","","16SO053126","2000","0.5","0","0","0","2016-07-23","2016-07-23","","2016-07-23 20:34:49","28","2016-07-23 20:34:49","28","1","1","0"),
("53147","2","1","","16SO053127","14500","3.625","0","0","0","2016-07-23","2016-07-23","","2016-07-23 20:37:00","28","2016-07-23 20:37:00","28","1","1","0"),
("53148","2","1","","16SO053128","6400","1.6","0","0","0","2016-07-23","2016-07-23","","2016-07-23 20:40:04","28","2016-07-23 20:40:04","28","1","1","0"),
("53149","2","1","","16SO053129","1500","0.375","0","0","0","2016-07-23","2016-07-23","","2016-07-23 20:40:39","28","2016-07-23 20:40:39","28","1","1","0"),
("53150","2","1","","16SO053130","5000","1.25","0","0","0","2016-07-23","2016-07-23","","2016-07-23 20:40:52","28","2016-07-23 20:40:52","28","1","1","0"),
("53151","2","1","","16SO053131","2500","0.625","0","0","0","2016-07-23","2016-07-23","","2016-07-23 20:42:52","28","2016-07-23 20:42:52","28","1","1","0"),
("53152","2","1","","16SO053132","4000","1","0","0","0","2016-07-23","2016-07-23","","2016-07-23 20:43:17","28","2016-07-23 20:43:17","28","1","1","0"),
("53153","2","1","","16SO053133","8000","2","0","0","0","2016-07-23","2016-07-23","","2016-07-23 20:44:03","28","2016-07-23 20:44:03","28","1","1","0"),
("53154","2","1","","16SO053134","4000","1","0","0","0","2016-07-23","2016-07-23","","2016-07-23 20:44:13","28","2016-07-23 20:44:13","28","1","1","0"),
("53155","2","1","","16SO053135","2500","0.625","0","0","0","2016-07-23","2016-07-23","","2016-07-23 20:47:27","28","2016-07-23 20:47:27","28","1","1","0"),
("53156","2","1","","16SO053136","2000","0.5","0","0","0","2016-07-23","2016-07-23","","2016-07-23 20:49:11","28","2016-07-23 20:49:11","28","1","1","0"),
("53157","2","1","","16SO053137","5500","1.375","0","0","0","2016-07-23","2016-07-23","","2016-07-23 20:50:19","28","2016-07-23 20:50:19","28","1","1","0"),
("53158","2","1","","16SO053138","2500","0.625","0","0","0","2016-07-23","2016-07-23","","2016-07-23 20:52:34","28","2016-07-23 20:52:34","28","1","1","0"),
("53159","2","1","","16SO053139","3000","0.75","0","0","0","2016-07-23","2016-07-23","","2016-07-23 20:57:20","28","2016-07-23 20:57:20","28","1","1","0"),
("53160","2","1","","16SO053140","2000","0.5","0","0","0","2016-07-23","2016-07-23","","2016-07-23 20:57:52","28","2016-07-23 20:57:52","28","1","1","0");

INSERT INTO sales_order_details VALUES("70395","53016","0","2095","1","1","1","4000","4000","","","0","0","2016-07-23 18:00:25","2016-07-23 18:00:25"),
("70396","53017","0","2229","12","1","1","700","8400","","","0","0","2016-07-23 18:02:11","2016-07-23 18:02:11"),
("70397","53018","0","2232","1","1","1","1000","1000","","","0","0","2016-07-23 18:02:26","2016-07-23 18:02:26"),
("70398","53018","0","2228","2","1","1","500","1000","","","0","0","2016-07-23 18:02:26","2016-07-23 18:02:26"),
("70399","53019","0","2231","6","1","1","1500","9000","","","0","0","2016-07-23 18:03:57","2016-07-23 18:03:57"),
("70400","53019","0","2172","5","1","1","2500","12500","","","0","0","2016-07-23 18:03:57","2016-07-23 18:03:57"),
("70401","53020","0","2228","2","1","1","500","1000","","","0","0","2016-07-23 18:04:08","2016-07-23 18:04:08"),
("70402","53021","0","2121","1","1","1","13000","13000","","","0","0","2016-07-23 18:04:38","2016-07-23 18:04:38"),
("70403","53022","0","2229","5","1","1","700","3500","","","0","0","2016-07-23 18:05:54","2016-07-23 18:05:54"),
("70404","53023","0","2197","1","1","1","2500","2500","","","0","0","2016-07-23 18:06:59","2016-07-23 18:06:59"),
("70405","53024","0","2231","1","1","1","1500","1500","","","0","0","2016-07-23 18:07:22","2016-07-23 18:07:22"),
("70406","53025","0","2240","1","1","1","5000","5000","","","0","0","2016-07-23 18:08:27","2016-07-23 18:08:27"),
("70407","53025","0","2172","1","1","1","2500","2500","","","0","0","2016-07-23 18:08:27","2016-07-23 18:08:27"),
("70408","53026","0","2118","1","1","1","6500","6500","","","0","0","2016-07-23 18:08:43","2016-07-23 18:08:43"),
("70409","53026","0","2231","2","1","1","1500","3000","","","0","0","2016-07-23 18:08:43","2016-07-23 18:08:43"),
("70410","53027","0","2228","2","1","1","500","1000","","","0","0","2016-07-23 18:10:07","2016-07-23 18:10:07"),
("70411","53028","0","2231","2","1","1","1500","3000","","","0","0","2016-07-23 18:11:42","2016-07-23 18:11:42"),
("70412","53029","0","2228","20","1","1","500","10000","","","0","0","2016-07-23 18:12:14","2016-07-23 18:12:14"),
("70413","53030","0","2136","2","1","1","3000","6000","","","0","0","2016-07-23 18:12:38","2016-07-23 18:12:38"),
("70414","53030","0","2134","5","1","1","1000","5000","","","0","0","2016-07-23 18:12:38","2016-07-23 18:12:38"),
("70415","53031","0","2228","3","1","1","500","1500","","","0","0","2016-07-23 18:13:06","2016-07-23 18:13:06"),
("70416","53032","0","2095","1","1","1","4000","4000","","","0","0","2016-07-23 18:13:13","2016-07-23 18:13:13"),
("70417","53033","0","2228","10","1","1","500","5000","","","0","0","2016-07-23 18:13:27","2016-07-23 18:13:27"),
("70418","53033","0","2226","1","1","1","3000","3000","","","0","0","2016-07-23 18:13:27","2016-07-23 18:13:27"),
("70419","53034","0","2226","1","1","1","3000","3000","","","0","0","2016-07-23 18:13:34","2016-07-23 18:13:34"),
("70420","53035","0","2095","1","1","1","4000","4000","","","0","0","2016-07-23 18:14:40","2016-07-23 18:14:40"),
("70421","53036","0","2240","1","1","1","5000","5000","","","0","0","2016-07-23 18:15:30","2016-07-23 18:15:30"),
("70422","53036","0","2065","2","1","1","1000","2000","","","0","0","2016-07-23 18:15:30","2016-07-23 18:15:30"),
("70423","53036","0","2118","1","1","1","6500","6500","","","0","0","2016-07-23 18:15:30","2016-07-23 18:15:30"),
("70424","53037","0","2070","3","1","1","1000","3000","","","0","0","2016-07-23 18:15:53","2016-07-23 18:15:53"),
("70425","53038","0","2240","1","1","1","5000","5000","","","0","0","2016-07-23 18:16:21","2016-07-23 18:16:21"),
("70426","53038","0","2133","1","1","1","6000","6000","","","0","0","2016-07-23 18:16:21","2016-07-23 18:16:21"),
("70427","53038","0","2137","1","1","1","20000","20000","","","0","0","2016-07-23 18:16:21","2016-07-23 18:16:21"),
("70428","53039","0","2065","2","1","1","1000","2000","","","0","0","2016-07-23 18:19:37","2016-07-23 18:19:37"),
("70429","53039","0","2117","1","1","1","7500","7500","","","0","0","2016-07-23 18:19:37","2016-07-23 18:19:37"),
("70430","53039","0","2231","3","1","1","1500","4500","","","0","0","2016-07-23 18:19:37","2016-07-23 18:19:37"),
("70431","53040","0","2228","5","1","1","500","2500","","","0","0","2016-07-23 18:20:03","2016-07-23 18:20:03"),
("70432","53041","0","2228","1","1","1","500","500","","","0","0","2016-07-23 18:20:22","2016-07-23 18:20:22"),
("70433","53042","0","2075","1","1","1","1500","1500","","","0","0","2016-07-23 18:23:32","2016-07-23 18:23:32"),
("70434","53042","0","2065","2","1","1","1000","2000","","","0","0","2016-07-23 18:23:32","2016-07-23 18:23:32"),
("70435","53042","0","2088","1","1","1","5000","5000","","","0","0","2016-07-23 18:23:32","2016-07-23 18:23:32"),
("70436","53043","0","2228","4","1","1","500","2000","","","0","0","2016-07-23 18:23:58","2016-07-23 18:23:58"),
("70437","53044","0","2090","1","1","1","2500","2500","","","0","0","2016-07-23 18:26:17","2016-07-23 18:26:17"),
("70438","53045","0","2135","1","1","1","12000","12000","","","0","0","2016-07-23 18:26:42","2016-07-23 18:26:42"),
("70439","53046","0","2231","2","1","1","1500","3000","","","0","0","2016-07-23 18:27:03","2016-07-23 18:27:03"),
("70440","53046","0","2229","5","1","1","700","3500","","","0","0","2016-07-23 18:27:03","2016-07-23 18:27:03"),
("70441","53047","0","2228","10","1","1","500","5000","","","0","0","2016-07-23 18:27:51","2016-07-23 18:27:51"),
("70442","53048","0","2164","2","1","1","3000","6000","","","0","0","2016-07-23 18:28:18","2016-07-23 18:28:18"),
("70443","53049","0","2231","5","1","1","1500","7500","","","0","0","2016-07-23 18:30:00","2016-07-23 18:30:00"),
("70444","53049","0","2085","4","1","1","2000","8000","","","0","0","2016-07-23 18:30:00","2016-07-23 18:30:00"),
("70445","53050","0","2228","6","1","1","500","3000","","","0","0","2016-07-23 18:30:06","2016-07-23 18:30:06"),
("70446","53051","0","2065","2","1","1","1000","2000","","","0","0","2016-07-23 18:30:23","2016-07-23 18:30:23"),
("70447","53052","0","2228","5","1","1","500","2500","","","0","0","2016-07-23 18:31:16","2016-07-23 18:31:16"),
("70448","53053","0","2076","1","1","1","2000","2000","","","0","0","2016-07-23 18:33:07","2016-07-23 18:33:07"),
("70449","53053","0","2070","1","1","1","1000","1000","","","0","0","2016-07-23 18:33:07","2016-07-23 18:33:07"),
("70450","53054","0","2077","3","1","1","1500","4500","","","0","0","2016-07-23 18:34:03","2016-07-23 18:34:03"),
("70451","53054","0","2073","2","1","1","1000","2000","","","0","0","2016-07-23 18:34:03","2016-07-23 18:34:03"),
("70452","53054","0","2236","2","1","1","2000","4000","","","0","0","2016-07-23 18:34:03","2016-07-23 18:34:03"),
("70453","53055","0","2121","1","1","1","13000","13000","","","0","0","2016-07-23 18:34:11","2016-07-23 18:34:11"),
("70454","53056","0","2164","1","1","1","3000","3000","","","0","0","2016-07-23 18:34:58","2016-07-23 18:34:58"),
("70455","53057","0","2228","5","1","1","500","2500","","","0","0","2016-07-23 18:37:23","2016-07-23 18:37:23"),
("70456","53058","0","2231","30","1","1","1500","45000","","","0","0","2016-07-23 18:38:16","2016-07-23 18:38:16"),
("70457","53059","0","2164","1","1","1","3000","3000","","","0","0","2016-07-23 18:38:43","2016-07-23 18:38:43"),
("70458","53060","0","2095","1","1","1","4000","4000","","","0","0","2016-07-23 18:39:11","2016-07-23 18:39:11"),
("70459","53060","0","2164","1","1","1","3000","3000","","","0","0","2016-07-23 18:39:11","2016-07-23 18:39:11"),
("70460","53061","0","2219","1","1","1","2500","2500","","","0","0","2016-07-23 18:40:25","2016-07-23 18:40:25"),
("70461","53061","0","2119","1","1","1","8000","8000","","","0","0","2016-07-23 18:40:25","2016-07-23 18:40:25"),
("70462","53062","0","2163","2","1","1","2500","5000","","","0","0","2016-07-23 18:40:57","2016-07-23 18:40:57"),
("70463","53062","0","2233","1","1","1","2000","2000","","","0","0","2016-07-23 18:40:57","2016-07-23 18:40:57"),
("70464","53063","0","2231","1","1","1","1500","1500","","","0","0","2016-07-23 18:41:05","2016-07-23 18:41:05"),
("70465","53064","0","2121","1","1","1","13000","13000","","","0","0","2016-07-23 18:41:42","2016-07-23 18:41:42"),
("70466","53064","0","2231","5","1","1","1500","7500","","","0","0","2016-07-23 18:41:42","2016-07-23 18:41:42"),
("70467","53064","0","2228","5","1","1","500","2500","","","0","0","2016-07-23 18:41:42","2016-07-23 18:41:42"),
("70468","53064","0","2065","2","1","1","1000","2000","","","0","0","2016-07-23 18:41:42","2016-07-23 18:41:42"),
("70469","53064","0","2140","1","1","1","40000","40000","","","0","0","2016-07-23 18:41:42","2016-07-23 18:41:42"),
("70470","53065","0","2134","2","1","1","1000","2000","","","0","0","2016-07-23 18:43:18","2016-07-23 18:43:18"),
("70471","53066","0","2118","1","1","1","6500","6500","","","0","0","2016-07-23 18:43:48","2016-07-23 18:43:48"),
("70472","53067","0","2228","5","1","1","500","2500","","","0","0","2016-07-23 18:44:06","2016-07-23 18:44:06"),
("70473","53068","0","2110","2","1","1","2500","5000","","","0","0","2016-07-23 18:44:22","2016-07-23 18:44:22"),
("70474","53069","0","2231","1","1","1","1500","1500","","","0","0","2016-07-23 18:46:48","2016-07-23 18:46:48"),
("70475","53070","0","2104","1","1","1","5500","5500","","","0","0","2016-07-23 18:49:04","2016-07-23 18:49:04"),
("70476","53071","0","2099","1","1","1","2000","2000","","","0","0","2016-07-23 18:51:11","2016-07-23 18:51:11"),
("70477","53072","0","2134","2","1","1","1000","2000","","","0","0","2016-07-23 18:51:51","2016-07-23 18:51:51"),
("70478","53072","0","2136","1","1","1","3000","3000","","","0","0","2016-07-23 18:51:51","2016-07-23 18:51:51"),
("70479","53072","0","2135","1","1","1","12000","12000","","","0","0","2016-07-23 18:51:51","2016-07-23 18:51:51"),
("70480","53073","0","2113","1","1","1","5500","5500","","","0","0","2016-07-23 18:52:31","2016-07-23 18:52:31"),
("70481","53074","0","2240","1","1","1","5000","5000","","","0","0","2016-07-23 18:52:48","2016-07-23 18:52:48"),
("70482","53075","0","2228","10","1","1","500","5000","","","0","0","2016-07-23 18:53:25","2016-07-23 18:53:25"),
("70483","53076","0","2228","10","1","1","500","5000","","","0","0","2016-07-23 18:56:12","2016-07-23 18:56:12"),
("70484","53077","0","2073","3","1","1","1000","3000","","","0","0","2016-07-23 18:56:24","2016-07-23 18:56:24"),
("70485","53078","0","2231","2","1","1","1500","3000","","","0","0","2016-07-23 18:56:50","2016-07-23 18:56:50"),
("70486","53079","0","2100","1","1","1","1000","1000","","","0","0","2016-07-23 18:57:05","2016-07-23 18:57:05"),
("70487","53079","0","2165","2","1","1","1000","2000","","","0","0","2016-07-23 18:57:05","2016-07-23 18:57:05"),
("70488","53079","0","2095","1","1","1","4000","4000","","","0","0","2016-07-23 18:57:05","2016-07-23 18:57:05"),
("70489","53079","0","2146","1","1","1","3500","3500","","","0","0","2016-07-23 18:57:06","2016-07-23 18:57:06"),
("70490","53080","0","2083","1","1","1","2500","2500","","","0","0","2016-07-23 18:57:26","2016-07-23 18:57:26"),
("70491","53081","0","2250","2","1","1","500","1000","","","0","0","2016-07-23 18:57:40","2016-07-23 18:57:40"),
("70492","53082","0","2105","1","1","1","5500","5500","","","0","0","2016-07-23 18:57:59","2016-07-23 18:57:59"),
("70493","53083","0","2228","2","1","1","500","1000","","","0","0","2016-07-23 18:59:26","2016-07-23 18:59:26"),
("70494","53083","0","2083","1","1","1","2500","2500","","","0","0","2016-07-23 18:59:26","2016-07-23 18:59:26"),
("70495","53084","0","2104","1","1","1","5500","5500","","","0","0","2016-07-23 19:00:38","2016-07-23 19:00:38"),
("70496","53085","0","2107","1","1","1","6000","6000","","","0","0","2016-07-23 19:00:47","2016-07-23 19:00:47"),
("70497","53086","0","2104","1","1","1","5500","5500","","","0","0","2016-07-23 19:00:59","2016-07-23 19:00:59"),
("70498","53087","0","2228","10","1","1","500","5000","","","0","0","2016-07-23 19:01:58","2016-07-23 19:01:58"),
("70499","53088","0","2079","3","1","1","1500","4500","","","0","0","2016-07-23 19:04:17","2016-07-23 19:04:17"),
("70500","53089","0","2231","1","1","1","1500","1500","","","0","0","2016-07-23 19:04:37","2016-07-23 19:04:37"),
("70501","53090","0","2135","1","1","1","12000","12000","","","0","0","2016-07-23 19:07:57","2016-07-23 19:07:57"),
("70502","53091","0","2240","1","1","1","5000","5000","","","0","0","2016-07-23 19:13:19","2016-07-23 19:13:19"),
("70503","53092","0","2228","20","1","1","500","10000","","","0","0","2016-07-23 19:13:49","2016-07-23 19:13:49"),
("70504","53093","0","2228","6","1","1","500","3000","","","0","0","2016-07-23 19:14:02","2016-07-23 19:14:02"),
("70505","53094","0","2231","10","1","1","1500","15000","","","0","0","2016-07-23 19:14:33","2016-07-23 19:14:33"),
("70506","53095","0","2228","4","1","1","500","2000","","","0","0","2016-07-23 19:14:40","2016-07-23 19:14:40"),
("70507","53096","0","2231","4","1","1","1500","6000","","","0","0","2016-07-23 19:14:51","2016-07-23 19:14:51"),
("70508","53097","0","2113","1","1","1","5500","5500","","","0","0","2016-07-23 19:15:40","2016-07-23 19:15:40"),
("70509","53097","0","2231","3","1","1","1500","4500","","","0","0","2016-07-23 19:15:40","2016-07-23 19:15:40"),
("70510","53098","0","2076","1","1","1","2000","2000","","","0","0","2016-07-23 19:15:53","2016-07-23 19:15:53"),
("70511","53098","0","2085","1","1","1","2000","2000","","","0","0","2016-07-23 19:15:53","2016-07-23 19:15:53"),
("70512","53099","0","2121","1","1","1","13000","13000","","","0","0","2016-07-23 19:16:02","2016-07-23 19:16:02"),
("70513","53100","0","2228","4","1","1","500","2000","","","0","0","2016-07-23 19:16:15","2016-07-23 19:16:15"),
("70514","53101","0","2173","1","1","1","5500","5500","","","0","0","2016-07-23 19:16:35","2016-07-23 19:16:35"),
("70515","53101","0","2172","1","1","1","2500","2500","","","0","0","2016-07-23 19:16:35","2016-07-23 19:16:35"),
("70516","53101","0","2235","1","1","1","2500","2500","","","0","0","2016-07-23 19:16:35","2016-07-23 19:16:35"),
("70517","53102","0","2231","1","1","1","1500","1500","","","0","0","2016-07-23 19:16:45","2016-07-23 19:16:45"),
("70518","53102","0","2236","1","1","1","2000","2000","","","0","0","2016-07-23 19:16:45","2016-07-23 19:16:45"),
("70519","53103","0","2164","1","1","1","3000","3000","","","0","0","2016-07-23 19:17:23","2016-07-23 19:17:23"),
("70520","53104","0","2240","1","1","1","5000","5000","","","0","0","2016-07-23 19:17:56","2016-07-23 19:17:56"),
("70521","53105","0","2229","100","1","1","700","70000","","","0","0","2016-07-23 19:19:37","2016-07-23 19:19:37"),
("70522","53106","0","2067","1","1","1","1000","1000","","","0","0","2016-07-23 19:21:50","2016-07-23 19:21:50"),
("70523","53106","0","2163","1","1","1","2500","2500","","","0","0","2016-07-23 19:21:50","2016-07-23 19:21:50"),
("70524","53107","0","2233","2","1","1","2000","4000","","","0","0","2016-07-23 19:22:36","2016-07-23 19:22:36"),
("70525","53108","0","2231","2","1","1","1500","3000","","","0","0","2016-07-23 19:27:00","2016-07-23 19:27:00"),
("70526","53109","0","2228","10","1","1","500","5000","","","0","0","2016-07-23 19:28:00","2016-07-23 19:28:00"),
("70527","53110","0","2228","10","1","1","500","5000","","","0","0","2016-07-23 19:28:11","2016-07-23 19:28:11"),
("70528","53111","0","2226","2","1","1","3000","6000","","","0","0","2016-07-23 19:29:03","2016-07-23 19:29:03"),
("70529","53112","0","2228","4","1","1","500","2000","","","0","0","2016-07-23 19:30:37","2016-07-23 19:30:37"),
("70530","53113","0","2231","2","1","1","1500","3000","","","0","0","2016-07-23 19:33:00","2016-07-23 19:33:00"),
("70531","53113","0","2164","1","1","1","3000","3000","","","0","0","2016-07-23 19:33:00","2016-07-23 19:33:00"),
("70532","53114","0","2228","5","1","1","500","2500","","","0","0","2016-07-23 19:37:17","2016-07-23 19:37:17"),
("70533","53115","0","2228","1","1","1","500","500","","","0","0","2016-07-23 19:40:38","2016-07-23 19:40:38"),
("70534","53116","0","2082","1","1","1","2500","2500","","","0","0","2016-07-23 19:40:50","2016-07-23 19:40:50"),
("70535","53116","0","2133","1","1","1","6000","6000","","","0","0","2016-07-23 19:40:50","2016-07-23 19:40:50"),
("70536","53117","0","2228","10","1","1","500","5000","","","0","0","2016-07-23 19:41:07","2016-07-23 19:41:07"),
("70537","53118","0","2118","1","1","1","6500","6500","","","0","0","2016-07-23 19:41:53","2016-07-23 19:41:53"),
("70538","53119","0","2231","3","1","1","1500","4500","","","0","0","2016-07-23 19:44:45","2016-07-23 19:44:45"),
("70539","53120","0","2099","1","1","1","2000","2000","","","0","0","2016-07-23 19:47:10","2016-07-23 19:47:10"),
("70540","53120","0","2254","1","1","1","500","500","","","0","0","2016-07-23 19:47:10","2016-07-23 19:47:10"),
("70541","53120","0","2255","6","1","1","500","3000","","","0","0","2016-07-23 19:47:10","2016-07-23 19:47:10"),
("70542","53120","0","2065","2","1","1","1000","2000","","","0","0","2016-07-23 19:47:10","2016-07-23 19:47:10"),
("70543","53120","0","2172","1","1","1","2500","2500","","","0","0","2016-07-23 19:47:10","2016-07-23 19:47:10"),
("70544","53121","0","2079","1","1","1","1500","1500","","","0","0","2016-07-23 19:49:09","2016-07-23 19:49:09"),
("70545","53121","0","2219","1","1","1","2500","2500","","","0","0","2016-07-23 19:49:09","2016-07-23 19:49:09"),
("70546","53122","0","2164","2","1","1","3000","6000","","","0","0","2016-07-23 19:54:06","2016-07-23 19:54:06"),
("70547","53123","0","2083","2","1","1","2500","5000","","","0","0","2016-07-23 19:56:17","2016-07-23 19:56:17"),
("70548","53123","0","2125","2","1","1","1000","2000","","","0","0","2016-07-23 19:56:17","2016-07-23 19:56:17"),
("70549","53124","0","2231","3","1","1","1500","4500","","","0","0","2016-07-23 19:56:27","2016-07-23 19:56:27"),
("70550","53125","0","2229","1","1","1","700","700","","","0","0","2016-07-23 19:57:34","2016-07-23 19:57:34"),
("70551","53126","0","2229","4","1","1","700","2800","","","0","0","2016-07-23 19:59:47","2016-07-23 19:59:47"),
("70552","53127","0","2241","1","1","1","3000","3000","","","0","0","2016-07-23 20:00:41","2016-07-23 20:00:41"),
("70553","53128","0","2233","1","1","1","2000","2000","","","0","0","2016-07-23 20:03:06","2016-07-23 20:03:06"),
("70554","53129","0","2231","1","1","1","1500","1500","","","0","0","2016-07-23 20:07:27","2016-07-23 20:07:27"),
("70555","53130","0","2228","20","1","1","500","10000","","","0","0","2016-07-23 20:07:59","2016-07-23 20:07:59"),
("70556","53130","0","2229","20","1","1","700","14000","","","0","0","2016-07-23 20:07:59","2016-07-23 20:07:59"),
("70557","53131","0","2231","2","1","1","1500","3000","","","0","0","2016-07-23 20:08:41","2016-07-23 20:08:41"),
("70558","53132","0","2070","1","1","1","1000","1000","","","0","0","2016-07-23 20:12:53","2016-07-23 20:12:53"),
("70559","53132","0","2065","3","1","1","1000","3000","","","0","0","2016-07-23 20:12:53","2016-07-23 20:12:53"),
("70560","53132","0","2165","2","1","1","1000","2000","","","0","0","2016-07-23 20:12:54","2016-07-23 20:12:54"),
("70561","53132","0","2163","2","1","1","2500","5000","","","0","0","2016-07-23 20:12:54","2016-07-23 20:12:54"),
("70562","53132","0","2118","1","1","1","6500","6500","","","0","0","2016-07-23 20:12:54","2016-07-23 20:12:54"),
("70563","53132","0","2228","10","1","1","500","5000","","","0","0","2016-07-23 20:12:54","2016-07-23 20:12:54"),
("70564","53133","0","2166","2","1","1","700","1400","","","0","0","2016-07-23 20:14:50","2016-07-23 20:14:50"),
("70565","53134","0","2079","1","1","1","1500","1500","","","0","0","2016-07-23 20:18:56","2016-07-23 20:18:56"),
("70566","53134","0","2074","1","1","1","1500","1500","","","0","0","2016-07-23 20:18:56","2016-07-23 20:18:56"),
("70567","53134","0","2163","1","1","1","2500","2500","","","0","0","2016-07-23 20:18:56","2016-07-23 20:18:56"),
("70568","53135","0","2074","1","1","1","1500","1500","","","0","0","2016-07-23 20:20:07","2016-07-23 20:20:07"),
("70569","53136","0","2232","3","1","1","1000","3000","","","0","0","2016-07-23 20:20:43","2016-07-23 20:20:43"),
("70570","53137","0","2146","1","1","1","3500","3500","","","0","0","2016-07-23 20:22:22","2016-07-23 20:22:22"),
("70571","53137","0","2228","10","1","1","500","5000","","","0","0","2016-07-23 20:22:22","2016-07-23 20:22:22"),
("70572","53138","0","2228","20","1","1","500","10000","","","0","0","2016-07-23 20:22:40","2016-07-23 20:22:40"),
("70573","53139","0","2098","1","1","1","2500","2500","","","0","0","2016-07-23 20:24:20","2016-07-23 20:24:20"),
("70574","53139","0","2235","1","1","1","2500","2500","","","0","0","2016-07-23 20:24:20","2016-07-23 20:24:20"),
("70575","53140","0","2237","1","1","1","2500","2500","","","0","0","2016-07-23 20:25:33","2016-07-23 20:25:33"),
("70576","53141","0","2125","1","1","1","1000","1000","","","0","0","2016-07-23 20:31:17","2016-07-23 20:31:17"),
("70577","53142","0","2083","1","1","1","2500","2500","","","0","0","2016-07-23 20:32:07","2016-07-23 20:32:07"),
("70578","53143","0","2228","10","1","1","500","5000","","","0","0","2016-07-23 20:33:08","2016-07-23 20:33:08"),
("70579","53144","0","2083","2","1","1","2500","5000","","","0","0","2016-07-23 20:33:48","2016-07-23 20:33:48"),
("70580","53145","0","2218","1","1","1","1000","1000","","","0","0","2016-07-23 20:34:18","2016-07-23 20:34:18"),
("70581","53146","0","2065","2","1","1","1000","2000","","","0","0","2016-07-23 20:34:50","2016-07-23 20:34:50"),
("70582","53147","0","2065","1","1","1","1000","1000","","","0","0","2016-07-23 20:37:00","2016-07-23 20:37:00"),
("70583","53147","0","2113","1","1","1","5500","5500","","","0","0","2016-07-23 20:37:00","2016-07-23 20:37:00"),
("70584","53147","0","2119","1","1","1","8000","8000","","","0","0","2016-07-23 20:37:00","2016-07-23 20:37:00"),
("70585","53148","0","2229","2","1","1","700","1400","","","0","0","2016-07-23 20:40:04","2016-07-23 20:40:04"),
("70586","53148","0","2228","2","1","1","500","1000","","","0","0","2016-07-23 20:40:04","2016-07-23 20:40:04"),
("70587","53148","0","2095","1","1","1","4000","4000","","","0","0","2016-07-23 20:40:04","2016-07-23 20:40:04"),
("70588","53149","0","2228","3","1","1","500","1500","","","0","0","2016-07-23 20:40:39","2016-07-23 20:40:39"),
("70589","53150","0","2083","2","1","1","2500","5000","","","0","0","2016-07-23 20:40:52","2016-07-23 20:40:52"),
("70590","53151","0","2083","1","1","1","2500","2500","","","0","0","2016-07-23 20:42:52","2016-07-23 20:42:52"),
("70591","53152","0","2065","2","1","1","1000","2000","","","0","0","2016-07-23 20:43:17","2016-07-23 20:43:17"),
("70592","53152","0","2070","2","1","1","1000","2000","","","0","0","2016-07-23 20:43:17","2016-07-23 20:43:17"),
("70593","53153","0","2113","1","1","1","5500","5500","","","0","0","2016-07-23 20:44:03","2016-07-23 20:44:03"),
("70594","53153","0","2163","1","1","1","2500","2500","","","0","0","2016-07-23 20:44:03","2016-07-23 20:44:03"),
("70595","53154","0","2085","2","1","1","2000","4000","","","0","0","2016-07-23 20:44:13","2016-07-23 20:44:13"),
("70596","53155","0","2228","5","1","1","500","2500","","","0","0","2016-07-23 20:47:27","2016-07-23 20:47:27"),
("70597","53156","0","2232","2","1","1","1000","2000","","","0","0","2016-07-23 20:49:11","2016-07-23 20:49:11"),
("70598","53157","0","2113","1","1","1","5500","5500","","","0","0","2016-07-23 20:50:19","2016-07-23 20:50:19"),
("70599","53158","0","2172","1","1","1","2500","2500","","","0","0","2016-07-23 20:52:34","2016-07-23 20:52:34"),
("70600","53159","0","2228","6","1","1","500","3000","","","0","0","2016-07-23 20:57:20","2016-07-23 20:57:20"),
("70601","53160","0","2065","2","1","1","1000","2000","","","0","0","2016-07-23 20:57:52","2016-07-23 20:57:52");

INSERT INTO sales_order_receipts VALUES("53133","53016","7","16RE053131","0","4000","4000","0","2016-07-23","2016-07-23","2016-07-23 18:00:24","28","2016-07-23 18:00:24","28","1"),
("53134","53017","7","16RE053132","0","8400","8400","0","2016-07-23","2016-07-23","2016-07-23 18:02:11","28","2016-07-23 18:02:11","28","1"),
("53135","53018","7","16RE053133","0","2000","2000","0","2016-07-23","2016-07-23","2016-07-23 18:02:26","28","2016-07-23 18:02:26","28","1"),
("53136","53019","7","16RE053134","0","21500","21500","0","2016-07-23","2016-07-23","2016-07-23 18:03:57","28","2016-07-23 18:03:57","28","1"),
("53137","53020","7","16RE053135","0","1000","1000","0","2016-07-23","2016-07-23","2016-07-23 18:04:08","28","2016-07-23 18:04:08","28","1"),
("53138","53021","7","16RE053136","0","13000","13000","0","2016-07-23","2016-07-23","2016-07-23 18:04:38","28","2016-07-23 18:04:38","28","1"),
("53139","52127","7","16RE053137","0","80000","120000","0","2016-07-23","2016-07-23","2016-07-23 18:05:33","32","2016-07-23 18:05:33","32","1"),
("53140","53022","7","16RE053138","0","3500","3500","0","2016-07-23","2016-07-23","2016-07-23 18:05:54","28","2016-07-23 18:05:54","28","1"),
("53141","53023","7","16RE053139","0","2500","2500","0","2016-07-23","2016-07-23","2016-07-23 18:06:59","28","2016-07-23 18:06:59","28","1"),
("53142","53024","7","16RE053140","0","1500","1500","0","2016-07-23","2016-07-23","2016-07-23 18:07:22","28","2016-07-23 18:07:22","28","1"),
("53143","53025","7","16RE053141","0","7500","7500","0","2016-07-23","2016-07-23","2016-07-23 18:08:27","28","2016-07-23 18:08:27","28","1"),
("53144","53026","7","16RE053142","0","9500","9500","0","2016-07-23","2016-07-23","2016-07-23 18:08:43","28","2016-07-23 18:08:43","28","1"),
("53145","53027","7","16RE053143","0","1000","1000","0","2016-07-23","2016-07-23","2016-07-23 18:10:07","28","2016-07-23 18:10:07","28","1"),
("53146","53028","7","16RE053144","0","3000","3000","0","2016-07-23","2016-07-23","2016-07-23 18:11:42","28","2016-07-23 18:11:42","28","1"),
("53147","53029","7","16RE053145","0","10000","10000","0","2016-07-23","2016-07-23","2016-07-23 18:12:14","28","2016-07-23 18:12:14","28","1"),
("53148","53030","7","16RE053146","0","11000","11000","0","2016-07-23","2016-07-23","2016-07-23 18:12:38","32","2016-07-23 18:12:38","32","1"),
("53149","53031","7","16RE053147","0","1500","1500","0","2016-07-23","2016-07-23","2016-07-23 18:13:06","28","2016-07-23 18:13:06","28","1"),
("53150","53032","7","16RE053148","0","4000","4000","0","2016-07-23","2016-07-23","2016-07-23 18:13:13","32","2016-07-23 18:13:13","32","1"),
("53151","53033","7","16RE053149","0","8000","8000","0","2016-07-23","2016-07-23","2016-07-23 18:13:27","28","2016-07-23 18:13:27","28","1"),
("53152","53034","7","16RE053150","0","3000","3000","0","2016-07-23","2016-07-23","2016-07-23 18:13:34","32","2016-07-23 18:13:34","32","1"),
("53153","53035","7","16RE053151","0","4000","4000","0","2016-07-23","2016-07-23","2016-07-23 18:14:40","28","2016-07-23 18:14:40","28","1"),
("53154","53036","7","16RE053152","0","13500","13500","0","2016-07-23","2016-07-23","2016-07-23 18:15:30","32","2016-07-23 18:15:30","32","1"),
("53155","53037","7","16RE053153","0","3000","3000","0","2016-07-23","2016-07-23","2016-07-23 18:15:53","28","2016-07-23 18:15:53","28","1"),
("53156","53038","7","16RE053154","0","31000","31000","0","2016-07-23","2016-07-23","2016-07-23 18:16:21","32","2016-07-23 18:16:21","32","1"),
("53157","53039","7","16RE053155","0","14000","14000","0","2016-07-23","2016-07-23","2016-07-23 18:19:37","28","2016-07-23 18:19:37","28","1"),
("53158","53040","7","16RE053156","0","2500","2500","0","2016-07-23","2016-07-23","2016-07-23 18:20:03","28","2016-07-23 18:20:03","28","1"),
("53159","53041","7","16RE053157","0","500","500","0","2016-07-23","2016-07-23","2016-07-23 18:20:22","28","2016-07-23 18:20:22","28","1"),
("53160","53042","7","16RE053158","0","8500","8500","0","2016-07-23","2016-07-23","2016-07-23 18:23:32","32","2016-07-23 18:23:32","32","1"),
("53161","53043","7","16RE053159","0","2000","2000","0","2016-07-23","2016-07-23","2016-07-23 18:23:58","28","2016-07-23 18:23:58","28","1"),
("53162","53044","7","16RE053160","0","2500","2500","0","2016-07-23","2016-07-23","2016-07-23 18:26:17","32","2016-07-23 18:26:17","32","1"),
("53163","53045","7","16RE053161","0","12000","12000","0","2016-07-23","2016-07-23","2016-07-23 18:26:42","32","2016-07-23 18:26:42","32","1"),
("53164","53046","7","16RE053162","0","6500","6500","0","2016-07-23","2016-07-23","2016-07-23 18:27:03","28","2016-07-23 18:27:03","28","1"),
("53165","53047","7","16RE053163","0","5000","5000","0","2016-07-23","2016-07-23","2016-07-23 18:27:51","28","2016-07-23 18:27:51","28","1"),
("53166","53048","7","16RE053164","0","6000","6000","0","2016-07-23","2016-07-23","2016-07-23 18:28:18","28","2016-07-23 18:28:18","28","1"),
("53167","53049","7","16RE053165","0","15500","15500","0","2016-07-23","2016-07-23","2016-07-23 18:30:00","28","2016-07-23 18:30:00","28","1"),
("53168","53050","7","16RE053166","0","3000","3000","0","2016-07-23","2016-07-23","2016-07-23 18:30:06","28","2016-07-23 18:30:06","28","1"),
("53169","53051","7","16RE053167","0","2000","2000","0","2016-07-23","2016-07-23","2016-07-23 18:30:23","28","2016-07-23 18:30:23","28","1"),
("53170","53052","7","16RE053168","0","2500","2500","0","2016-07-23","2016-07-23","2016-07-23 18:31:16","28","2016-07-23 18:31:16","28","1"),
("53171","53053","7","16RE053169","0","3000","3000","0","2016-07-23","2016-07-23","2016-07-23 18:33:07","28","2016-07-23 18:33:07","28","1"),
("53172","53054","7","16RE053170","0","10500","10500","0","2016-07-23","2016-07-23","2016-07-23 18:34:03","28","2016-07-23 18:34:03","28","1"),
("53173","53055","7","16RE053171","0","13000","13000","0","2016-07-23","2016-07-23","2016-07-23 18:34:11","28","2016-07-23 18:34:11","28","1"),
("53174","53056","7","16RE053172","0","3000","3000","0","2016-07-23","2016-07-23","2016-07-23 18:34:58","28","2016-07-23 18:34:58","28","1"),
("53175","53057","7","16RE053173","0","2500","2500","0","2016-07-23","2016-07-23","2016-07-23 18:37:23","32","2016-07-23 18:37:23","32","1"),
("53176","53058","7","16RE053174","0","45000","45000","0","2016-07-23","2016-07-23","2016-07-23 18:38:16","28","2016-07-23 18:38:16","28","1"),
("53177","53059","7","16RE053175","0","3000","3000","0","2016-07-23","2016-07-23","2016-07-23 18:38:43","28","2016-07-23 18:38:43","28","1"),
("53178","53060","7","16RE053176","0","7000","7000","0","2016-07-23","2016-07-23","2016-07-23 18:39:11","28","2016-07-23 18:39:11","28","1"),
("53179","53061","7","16RE053177","0","10500","10500","0","2016-07-23","2016-07-23","2016-07-23 18:40:25","28","2016-07-23 18:40:25","28","1"),
("53180","53062","7","16RE053178","0","7000","7000","0","2016-07-23","2016-07-23","2016-07-23 18:40:57","28","2016-07-23 18:40:57","28","1"),
("53181","53063","7","16RE053179","0","1500","1500","0","2016-07-23","2016-07-23","2016-07-23 18:41:05","28","2016-07-23 18:41:05","28","1"),
("53182","53064","7","16RE053180","0","65000","65000","0","2016-07-23","2016-07-23","2016-07-23 18:41:42","28","2016-07-23 18:41:42","28","1"),
("53183","53065","7","16RE053181","0","2000","2000","0","2016-07-23","2016-07-23","2016-07-23 18:43:18","28","2016-07-23 18:43:18","28","1"),
("53184","53066","7","16RE053182","0","6500","6500","0","2016-07-23","2016-07-23","2016-07-23 18:43:48","28","2016-07-23 18:43:48","28","1"),
("53185","53067","7","16RE053183","0","2500","2500","0","2016-07-23","2016-07-23","2016-07-23 18:44:06","28","2016-07-23 18:44:06","28","1"),
("53186","53068","7","16RE053184","0","5000","5000","0","2016-07-23","2016-07-23","2016-07-23 18:44:22","28","2016-07-23 18:44:22","28","1"),
("53187","53069","7","16RE053185","0","1500","1500","0","2016-07-23","2016-07-23","2016-07-23 18:46:48","28","2016-07-23 18:46:48","28","1"),
("53188","53070","7","16RE053186","0","5500","5500","0","2016-07-23","2016-07-23","2016-07-23 18:49:04","32","2016-07-23 18:49:04","32","1"),
("53189","53071","7","16RE053187","0","2000","2000","0","2016-07-23","2016-07-23","2016-07-23 18:51:11","28","2016-07-23 18:51:11","28","1"),
("53190","53072","7","16RE053188","0","17000","17000","0","2016-07-23","2016-07-23","2016-07-23 18:51:51","32","2016-07-23 18:51:51","32","1"),
("53191","53073","7","16RE053189","0","5500","5500","0","2016-07-23","2016-07-23","2016-07-23 18:52:31","28","2016-07-23 18:52:31","28","1"),
("53192","53074","7","16RE053190","0","5000","5000","0","2016-07-23","2016-07-23","2016-07-23 18:52:48","28","2016-07-23 18:52:48","28","1"),
("53193","53075","7","16RE053191","0","5000","5000","0","2016-07-23","2016-07-23","2016-07-23 18:53:25","28","2016-07-23 18:53:25","28","1"),
("53194","53076","7","16RE053192","0","5000","5000","0","2016-07-23","2016-07-23","2016-07-23 18:56:12","28","2016-07-23 18:56:12","28","1"),
("53195","53077","7","16RE053193","0","3000","3000","0","2016-07-23","2016-07-23","2016-07-23 18:56:24","28","2016-07-23 18:56:24","28","1"),
("53196","53078","7","16RE053194","0","3000","3000","0","2016-07-23","2016-07-23","2016-07-23 18:56:50","28","2016-07-23 18:56:50","28","1"),
("53197","53079","7","16RE053195","0","10500","10500","0","2016-07-23","2016-07-23","2016-07-23 18:57:05","32","2016-07-23 18:57:05","32","1"),
("53198","53080","7","16RE053196","0","2500","2500","0","2016-07-23","2016-07-23","2016-07-23 18:57:26","32","2016-07-23 18:57:26","32","1"),
("53199","53081","7","16RE053197","0","1000","1000","0","2016-07-23","2016-07-23","2016-07-23 18:57:40","28","2016-07-23 18:57:40","28","1"),
("53200","53082","7","16RE053198","0","5500","5500","0","2016-07-23","2016-07-23","2016-07-23 18:57:59","32","2016-07-23 18:57:59","32","1"),
("53201","53083","7","16RE053199","0","3500","3500","0","2016-07-23","2016-07-23","2016-07-23 18:59:26","28","2016-07-23 18:59:26","28","1"),
("53202","53084","7","16RE053200","0","5500","5500","0","2016-07-23","2016-07-23","2016-07-23 19:00:38","32","2016-07-23 19:00:38","32","1"),
("53203","53085","7","16RE053201","0","6000","6000","0","2016-07-23","2016-07-23","2016-07-23 19:00:47","32","2016-07-23 19:00:47","32","1"),
("53204","53086","7","16RE053202","0","5500","5500","0","2016-07-23","2016-07-23","2016-07-23 19:00:59","28","2016-07-23 19:00:59","28","1"),
("53205","53087","7","16RE053203","0","5000","5000","0","2016-07-23","2016-07-23","2016-07-23 19:01:58","28","2016-07-23 19:01:58","28","1"),
("53206","53088","7","16RE053204","0","4500","4500","0","2016-07-23","2016-07-23","2016-07-23 19:04:17","32","2016-07-23 19:04:17","32","1"),
("53207","53089","7","16RE053205","0","1500","1500","0","2016-07-23","2016-07-23","2016-07-23 19:04:37","28","2016-07-23 19:04:37","28","1"),
("53208","53090","7","16RE053206","0","12000","12000","0","2016-07-23","2016-07-23","2016-07-23 19:07:57","32","2016-07-23 19:07:57","32","1"),
("53209","53091","7","16RE053207","0","5000","5000","0","2016-07-23","2016-07-23","2016-07-23 19:13:19","32","2016-07-23 19:13:19","32","1"),
("53210","53092","7","16RE053208","0","10000","10000","0","2016-07-23","2016-07-23","2016-07-23 19:13:49","32","2016-07-23 19:13:49","32","1"),
("53211","53093","7","16RE053209","0","3000","3000","0","2016-07-23","2016-07-23","2016-07-23 19:14:02","32","2016-07-23 19:14:02","32","1"),
("53212","53094","7","16RE053210","0","15000","15000","0","2016-07-23","2016-07-23","2016-07-23 19:14:33","32","2016-07-23 19:14:33","32","1"),
("53213","53095","7","16RE053211","0","2000","2000","0","2016-07-23","2016-07-23","2016-07-23 19:14:40","32","2016-07-23 19:14:40","32","1"),
("53214","53096","7","16RE053212","0","6000","6000","0","2016-07-23","2016-07-23","2016-07-23 19:14:51","28","2016-07-23 19:14:51","28","1"),
("53215","53097","7","16RE053213","0","10000","10000","0","2016-07-23","2016-07-23","2016-07-23 19:15:40","32","2016-07-23 19:15:40","32","1"),
("53216","53098","7","16RE053214","0","4000","4000","0","2016-07-23","2016-07-23","2016-07-23 19:15:53","32","2016-07-23 19:15:53","32","1"),
("53217","53099","7","16RE053215","0","13000","13000","0","2016-07-23","2016-07-23","2016-07-23 19:16:01","28","2016-07-23 19:16:01","28","1"),
("53218","53100","7","16RE053216","0","2000","2000","0","2016-07-23","2016-07-23","2016-07-23 19:16:15","32","2016-07-23 19:16:15","32","1"),
("53219","53101","7","16RE053217","0","10500","10500","0","2016-07-23","2016-07-23","2016-07-23 19:16:35","28","2016-07-23 19:16:35","28","1"),
("53220","53102","7","16RE053218","0","3500","3500","0","2016-07-23","2016-07-23","2016-07-23 19:16:45","28","2016-07-23 19:16:45","28","1"),
("53221","53103","7","16RE053219","0","3000","3000","0","2016-07-23","2016-07-23","2016-07-23 19:17:23","32","2016-07-23 19:17:23","32","1"),
("53222","53104","7","16RE053220","0","5000","5000","0","2016-07-23","2016-07-23","2016-07-23 19:17:56","32","2016-07-23 19:17:56","32","1"),
("53223","53105","7","16RE053221","0","20000","70000","50000","2016-07-23","2016-07-23","2016-07-23 19:19:37","28","2016-07-23 19:19:37","28","1"),
("53224","53106","7","16RE053222","0","3500","3500","0","2016-07-23","2016-07-23","2016-07-23 19:21:50","32","2016-07-23 19:21:50","32","1"),
("53225","53107","7","16RE053223","0","4000","4000","0","2016-07-23","2016-07-23","2016-07-23 19:22:36","32","2016-07-23 19:22:36","32","1"),
("53226","53108","7","16RE053224","0","3000","3000","0","2016-07-23","2016-07-23","2016-07-23 19:27:00","32","2016-07-23 19:27:00","32","1"),
("53227","53109","7","16RE053225","0","5000","5000","0","2016-07-23","2016-07-23","2016-07-23 19:28:00","28","2016-07-23 19:28:00","28","1"),
("53228","53110","7","16RE053226","0","5000","5000","0","2016-07-23","2016-07-23","2016-07-23 19:28:11","28","2016-07-23 19:28:11","28","1"),
("53229","53111","7","16RE053227","0","6000","6000","0","2016-07-23","2016-07-23","2016-07-23 19:29:03","28","2016-07-23 19:29:03","28","1"),
("53230","53112","7","16RE053228","0","2000","2000","0","2016-07-23","2016-07-23","2016-07-23 19:30:37","28","2016-07-23 19:30:37","28","1"),
("53231","53113","7","16RE053229","0","6000","6000","0","2016-07-23","2016-07-23","2016-07-23 19:33:00","28","2016-07-23 19:33:00","28","1"),
("53232","53114","7","16RE053230","0","2500","2500","0","2016-07-23","2016-07-23","2016-07-23 19:37:17","28","2016-07-23 19:37:17","28","1"),
("53233","53115","7","16RE053231","0","500","500","0","2016-07-23","2016-07-23","2016-07-23 19:40:38","28","2016-07-23 19:40:38","28","1"),
("53234","53116","7","16RE053232","0","8500","8500","0","2016-07-23","2016-07-23","2016-07-23 19:40:50","28","2016-07-23 19:40:50","28","1"),
("53235","53117","7","16RE053233","0","5000","5000","0","2016-07-23","2016-07-23","2016-07-23 19:41:07","28","2016-07-23 19:41:07","28","1"),
("53236","53118","7","16RE053234","0","6500","6500","0","2016-07-23","2016-07-23","2016-07-23 19:41:53","28","2016-07-23 19:41:53","28","1"),
("53237","53119","7","16RE053235","0","4500","4500","0","2016-07-23","2016-07-23","2016-07-23 19:44:45","28","2016-07-23 19:44:45","28","1"),
("53238","53120","7","16RE053236","0","10000","10000","0","2016-07-23","2016-07-23","2016-07-23 19:47:10","28","2016-07-23 19:47:10","28","1"),
("53239","53121","7","16RE053237","0","4000","4000","0","2016-07-23","2016-07-23","2016-07-23 19:49:09","28","2016-07-23 19:49:09","28","1"),
("53240","53122","7","16RE053238","0","6000","6000","0","2016-07-23","2016-07-23","2016-07-23 19:54:06","28","2016-07-23 19:54:06","28","1"),
("53241","53123","7","16RE053239","0","7000","7000","0","2016-07-23","2016-07-23","2016-07-23 19:56:17","28","2016-07-23 19:56:17","28","1"),
("53242","53124","7","16RE053240","0","4500","4500","0","2016-07-23","2016-07-23","2016-07-23 19:56:27","28","2016-07-23 19:56:27","28","1"),
("53243","53125","7","16RE053241","0","700","700","0","2016-07-23","2016-07-23","2016-07-23 19:57:34","28","2016-07-23 19:57:34","28","1"),
("53244","53126","7","16RE053242","0","2800","2800","0","2016-07-23","2016-07-23","2016-07-23 19:59:47","28","2016-07-23 19:59:47","28","1"),
("53245","53127","7","16RE053243","0","3000","3000","0","2016-07-23","2016-07-23","2016-07-23 20:00:41","28","2016-07-23 20:00:41","28","1"),
("53246","53128","7","16RE053244","0","2000","2000","0","2016-07-23","2016-07-23","2016-07-23 20:03:06","28","2016-07-23 20:03:06","28","1"),
("53247","53129","7","16RE053245","0","1500","1500","0","2016-07-23","2016-07-23","2016-07-23 20:07:27","28","2016-07-23 20:07:27","28","1"),
("53248","53130","7","16RE053246","0","24000","24000","0","2016-07-23","2016-07-23","2016-07-23 20:07:59","28","2016-07-23 20:07:59","28","1"),
("53249","53131","7","16RE053247","0","3000","3000","0","2016-07-23","2016-07-23","2016-07-23 20:08:41","28","2016-07-23 20:08:41","28","1"),
("53250","53132","7","16RE053248","0","22500","22500","0","2016-07-23","2016-07-23","2016-07-23 20:12:53","28","2016-07-23 20:12:53","28","1"),
("53251","53133","7","16RE053249","0","1400","1400","0","2016-07-23","2016-07-23","2016-07-23 20:14:50","28","2016-07-23 20:14:50","28","1"),
("53252","53134","7","16RE053250","0","5500","5500","0","2016-07-23","2016-07-23","2016-07-23 20:18:56","28","2016-07-23 20:18:56","28","1"),
("53253","53135","7","16RE053251","0","1500","1500","0","2016-07-23","2016-07-23","2016-07-23 20:20:07","28","2016-07-23 20:20:07","28","1"),
("53254","53136","7","16RE053252","0","3000","3000","0","2016-07-23","2016-07-23","2016-07-23 20:20:43","28","2016-07-23 20:20:43","28","1"),
("53255","53137","7","16RE053253","0","8500","8500","0","2016-07-23","2016-07-23","2016-07-23 20:22:22","28","2016-07-23 20:22:22","28","1"),
("53256","53138","7","16RE053254","0","10000","10000","0","2016-07-23","2016-07-23","2016-07-23 20:22:40","28","2016-07-23 20:22:40","28","1"),
("53257","53139","7","16RE053255","0","5000","5000","0","2016-07-23","2016-07-23","2016-07-23 20:24:20","28","2016-07-23 20:24:20","28","1"),
("53258","53140","7","16RE053256","0","2500","2500","0","2016-07-23","2016-07-23","2016-07-23 20:25:33","28","2016-07-23 20:25:33","28","1"),
("53259","53141","7","16RE053257","0","1000","1000","0","2016-07-23","2016-07-23","2016-07-23 20:31:17","28","2016-07-23 20:31:17","28","1"),
("53260","53142","7","16RE053258","0","2500","2500","0","2016-07-23","2016-07-23","2016-07-23 20:32:07","28","2016-07-23 20:32:07","28","1"),
("53261","53143","7","16RE053259","0","5000","5000","0","2016-07-23","2016-07-23","2016-07-23 20:33:08","28","2016-07-23 20:33:08","28","1"),
("53262","53144","7","16RE053260","0","5000","5000","0","2016-07-23","2016-07-23","2016-07-23 20:33:48","28","2016-07-23 20:33:48","28","1"),
("53263","53145","7","16RE053261","0","1000","1000","0","2016-07-23","2016-07-23","2016-07-23 20:34:18","28","2016-07-23 20:34:18","28","1"),
("53264","53146","7","16RE053262","0","2000","2000","0","2016-07-23","2016-07-23","2016-07-23 20:34:50","28","2016-07-23 20:34:50","28","1"),
("53265","53147","7","16RE053263","0","14500","14500","0","2016-07-23","2016-07-23","2016-07-23 20:37:00","28","2016-07-23 20:37:00","28","1"),
("53266","53148","7","16RE053264","0","6400","6400","0","2016-07-23","2016-07-23","2016-07-23 20:40:04","28","2016-07-23 20:40:04","28","1"),
("53267","53149","7","16RE053265","0","1500","1500","0","2016-07-23","2016-07-23","2016-07-23 20:40:39","28","2016-07-23 20:40:39","28","1"),
("53268","53150","7","16RE053266","0","5000","5000","0","2016-07-23","2016-07-23","2016-07-23 20:40:52","28","2016-07-23 20:40:52","28","1"),
("53269","53151","7","16RE053267","0","2500","2500","0","2016-07-23","2016-07-23","2016-07-23 20:42:52","28","2016-07-23 20:42:52","28","1"),
("53270","53152","7","16RE053268","0","4000","4000","0","2016-07-23","2016-07-23","2016-07-23 20:43:17","28","2016-07-23 20:43:17","28","1"),
("53271","53153","7","16RE053269","0","8000","8000","0","2016-07-23","2016-07-23","2016-07-23 20:44:03","28","2016-07-23 20:44:03","28","1"),
("53272","53154","7","16RE053270","0","4000","4000","0","2016-07-23","2016-07-23","2016-07-23 20:44:13","28","2016-07-23 20:44:13","28","1"),
("53273","53155","7","16RE053271","0","2500","2500","0","2016-07-23","2016-07-23","2016-07-23 20:47:27","28","2016-07-23 20:47:27","28","1"),
("53274","53156","7","16RE053272","0","2000","2000","0","2016-07-23","2016-07-23","2016-07-23 20:49:11","28","2016-07-23 20:49:11","28","1"),
("53275","53157","7","16RE053273","0","5500","5500","0","2016-07-23","2016-07-23","2016-07-23 20:50:19","28","2016-07-23 20:50:19","28","1"),
("53276","53158","7","16RE053274","0","2500","2500","0","2016-07-23","2016-07-23","2016-07-23 20:52:34","28","2016-07-23 20:52:34","28","1"),
("53277","53159","7","16RE053275","0","3000","3000","0","2016-07-23","2016-07-23","2016-07-23 20:57:20","28","2016-07-23 20:57:20","28","1"),
("53278","53160","7","16RE053276","0","2000","2000","0","2016-07-23","2016-07-23","2016-07-23 20:57:52","28","2016-07-23 20:57:52","28","1");

