INSERT INTO inventories VALUES("70602","","","","53161","","","2228","2","20","0","500","2016-07-24","0000-00-00","","2016-07-24 04:22:21","26","2016-07-24 04:22:21","26","1"),
("70603","","","","53162","","","2228","2","1","0","500","2016-07-24","0000-00-00","","2016-07-24 04:22:51","26","2016-07-24 04:22:51","26","1"),
("70604","","","","53163","","","2228","2","2","0","500","2016-07-24","0000-00-00","","2016-07-24 04:25:34","26","2016-07-24 04:25:34","26","1"),
("70605","","","","53163","","","2166","2","3","0","700","2016-07-24","0000-00-00","","2016-07-24 04:25:34","26","2016-07-24 04:25:34","26","1"),
("70606","","","","53164","","","2228","2","100","0","400","2016-07-24","0000-00-00","","2016-07-24 04:27:51","26","2016-07-24 04:27:51","26","1"),
("70607","","","","53164","","","2067","2","10","0","700","2016-07-24","0000-00-00","","2016-07-24 04:27:51","26","2016-07-24 04:27:51","26","1"),
("70608","","","","53164","","","2065","2","10","0","700","2016-07-24","0000-00-00","","2016-07-24 04:27:51","26","2016-07-24 04:27:51","26","1"),
("70609","","","","53164","","","2165","2","10","0","700","2016-07-24","0000-00-00","","2016-07-24 04:27:51","26","2016-07-24 04:27:51","26","1"),
("70610","","","","53164","","","2071","2","20","0","700","2016-07-24","0000-00-00","","2016-07-24 04:27:52","26","2016-07-24 04:27:52","26","1"),
("70611","","","","53165","","","2229","2","40","0","500","2016-07-24","0000-00-00","","2016-07-24 04:30:17","26","2016-07-24 04:30:17","26","1"),
("70612","","","","53165","","","2233","2","3","0","1500","2016-07-24","0000-00-00","","2016-07-24 04:30:17","26","2016-07-24 04:30:17","26","1"),
("70613","","","","53166","","","2228","2","1","0","500","2016-07-24","0000-00-00","","2016-07-24 04:30:28","26","2016-07-24 04:30:28","26","1"),
("70614","","","","53166","","","2231","2","4","0","1500","2016-07-24","0000-00-00","","2016-07-24 04:30:28","26","2016-07-24 04:30:28","26","1"),
("70615","","","","53167","","","2228","2","10","0","500","2016-07-24","0000-00-00","","2016-07-24 04:31:29","26","2016-07-24 04:31:29","26","1"),
("70616","","","","53168","","","2231","2","2","0","1500","2016-07-24","0000-00-00","","2016-07-24 04:32:43","26","2016-07-24 04:32:43","26","1"),
("70617","","","","53168","","","2228","2","10","0","500","2016-07-24","0000-00-00","","2016-07-24 04:32:43","26","2016-07-24 04:32:43","26","1"),
("70618","","","","53169","","","2229","2","40","0","700","2016-07-24","0000-00-00","","2016-07-24 04:33:53","26","2016-07-24 04:33:53","26","1"),
("70619","","","","53169","","","2231","2","4","0","1500","2016-07-24","0000-00-00","","2016-07-24 04:33:54","26","2016-07-24 04:33:54","26","1"),
("70620","","","","53169","","","2233","2","2","0","2000","2016-07-24","0000-00-00","","2016-07-24 04:33:54","26","2016-07-24 04:33:54","26","1"),
("70621","","","","53170","","","2229","2","35","0","500","2016-07-24","0000-00-00","","2016-07-24 04:34:46","26","2016-07-24 04:34:46","26","1"),
("70622","","","","53170","","","2166","2","15","0","500","2016-07-24","0000-00-00","","2016-07-24 04:34:46","26","2016-07-24 04:34:46","26","1"),
("70623","","","","53171","","","2228","2","2","0","500","2016-07-24","0000-00-00","","2016-07-24 04:35:07","26","2016-07-24 04:35:07","26","1"),
("70624","","","","53172","","","2229","2","20","0","500","2016-07-24","0000-00-00","","2016-07-24 04:36:13","26","2016-07-24 04:36:13","26","1"),
("70625","","","","53173","","","2228","2","2","0","500","2016-07-24","0000-00-00","","2016-07-24 04:45:10","26","2016-07-24 04:45:10","26","1"),
("70626","","","","53174","","","2146","2","1","0","3500","2016-07-24","0000-00-00","","2016-07-24 04:49:25","26","2016-07-24 04:49:25","26","1"),
("70627","","","","53174","","","2228","2","30","0","500","2016-07-24","0000-00-00","","2016-07-24 04:49:26","26","2016-07-24 04:49:26","26","1"),
("70628","","","","53175","","","2121","2","1","0","13000","2016-07-24","0000-00-00","","2016-07-24 04:52:11","26","2016-07-24 04:52:11","26","1"),
("70629","","","","53176","","","2229","2","2","0","700","2016-07-24","0000-00-00","","2016-07-24 04:55:47","26","2016-07-24 04:55:47","26","1"),
("70630","","","","53176","","","2228","2","5","0","500","2016-07-24","0000-00-00","","2016-07-24 04:55:47","26","2016-07-24 04:55:47","26","1"),
("70631","","","","53177","","","2166","2","1","0","700","2016-07-24","0000-00-00","","2016-07-24 04:57:15","26","2016-07-24 04:57:15","26","1"),
("70632","","","","53178","","","2166","2","3","0","700","2016-07-24","0000-00-00","","2016-07-24 05:00:23","26","2016-07-24 05:00:23","26","1"),
("70633","","","","53179","","","2233","2","2","0","2000","2016-07-24","0000-00-00","","2016-07-24 05:04:18","26","2016-07-24 05:04:18","26","1"),
("70634","","","","53180","","","2228","2","3","0","500","2016-07-24","0000-00-00","","2016-07-24 05:07:27","26","2016-07-24 05:07:27","26","1"),
("70635","","","","53181","","","2228","2","1","0","500","2016-07-24","0000-00-00","","2016-07-24 05:07:32","26","2016-07-24 05:07:32","26","1"),
("70636","","","","53182","","","2229","2","20","0","700","2016-07-24","0000-00-00","","2016-07-24 05:10:45","26","2016-07-24 05:10:45","26","1"),
("70637","","","","53183","","","2233","2","3","0","1500","2016-07-24","0000-00-00","","2016-07-24 05:13:42","26","2016-07-24 05:13:42","26","1"),
("70638","","","","53183","","","2231","2","8","0","1200","2016-07-24","0000-00-00","","2016-07-24 05:13:42","26","2016-07-24 05:13:42","26","1"),
("70639","","","","53183","","","2228","2","70","0","400","2016-07-24","0000-00-00","","2016-07-24 05:13:42","26","2016-07-24 05:13:42","26","1"),
("70640","","","","53184","","","2228","2","2","0","500","2016-07-24","0000-00-00","","2016-07-24 05:14:25","26","2016-07-24 05:14:25","26","1"),
("70641","","","","53185","","","2125","2","2","0","1000","2016-07-24","0000-00-00","","2016-07-24 05:18:42","26","2016-07-24 05:18:42","26","1"),
("70642","","","","53185","","","2231","2","2","0","1500","2016-07-24","0000-00-00","","2016-07-24 05:18:42","26","2016-07-24 05:18:42","26","1"),
("70643","","","","53186","","","2166","2","2","0","700","2016-07-24","0000-00-00","","2016-07-24 05:20:20","26","2016-07-24 05:20:20","26","1"),
("70644","","","","53187","","","2073","2","30","0","600","2016-07-24","0000-00-00","","2016-07-24 05:22:09","26","2016-07-24 05:22:09","26","1"),
("70645","","","","53187","","","2231","2","10","0","1000","2016-07-24","0000-00-00","","2016-07-24 05:22:09","26","2016-07-24 05:22:09","26","1"),
("70646","","","","53187","","","2078","2","5","0","1200","2016-07-24","0000-00-00","","2016-07-24 05:22:09","26","2016-07-24 05:22:09","26","1"),
("70647","","","","53187","","","2065","2","15","0","700","2016-07-24","0000-00-00","","2016-07-24 05:22:09","26","2016-07-24 05:22:09","26","1"),
("70648","","","","53188","","","2228","2","2","0","500","2016-07-24","0000-00-00","","2016-07-24 05:23:05","26","2016-07-24 05:23:05","26","1"),
("70649","","","","53189","","","2233","2","1","0","2000","2016-07-24","0000-00-00","","2016-07-24 05:24:07","26","2016-07-24 05:24:07","26","1"),
("70650","","","","53189","","","2231","2","5","0","1500","2016-07-24","0000-00-00","","2016-07-24 05:24:07","26","2016-07-24 05:24:07","26","1"),
("70651","","","","53190","","","2231","2","2","0","1500","2016-07-24","0000-00-00","","2016-07-24 05:24:17","26","2016-07-24 05:24:17","26","1"),
("70652","","","","53191","","","2228","2","5","0","500","2016-07-24","0000-00-00","","2016-07-24 05:24:40","26","2016-07-24 05:24:40","26","1"),
("70653","","","","53192","","","2231","2","3","0","1500","2016-07-24","0000-00-00","","2016-07-24 05:24:53","26","2016-07-24 05:24:53","26","1"),
("70654","","","","53193","","","2083","2","2","0","2500","2016-07-24","0000-00-00","","2016-07-24 05:25:00","26","2016-07-24 05:25:00","26","1"),
("70655","","","","53194","","","2231","2","3","0","1500","2016-07-24","0000-00-00","","2016-07-24 05:25:10","26","2016-07-24 05:25:10","26","1"),
("70656","","","","53195","","","2231","2","2","0","1500","2016-07-24","0000-00-00","","2016-07-24 05:25:26","26","2016-07-24 05:25:26","26","1"),
("70657","","","","53196","","","2231","2","2","0","1500","2016-07-24","0000-00-00","","2016-07-24 05:25:34","26","2016-07-24 05:25:34","26","1"),
("70658","","","","53197","","","2231","2","2","0","1500","2016-07-24","0000-00-00","","2016-07-24 05:25:53","26","2016-07-24 05:25:53","26","1"),
("70659","","","","53197","","","2065","2","2","0","1000","2016-07-24","0000-00-00","","2016-07-24 05:25:53","26","2016-07-24 05:25:53","26","1"),
("70660","","","","53198","","","2231","2","2","0","1500","2016-07-24","0000-00-00","","2016-07-24 05:26:09","26","2016-07-24 05:26:09","26","1"),
("70661","","","","53198","","","2233","2","1","0","2000","2016-07-24","0000-00-00","","2016-07-24 05:26:09","26","2016-07-24 05:26:09","26","1"),
("70662","","","","53199","","","2231","2","1","0","1500","2016-07-24","0000-00-00","","2016-07-24 05:26:21","26","2016-07-24 05:26:21","26","1"),
("70663","","","","53199","","","2233","2","1","0","2000","2016-07-24","0000-00-00","","2016-07-24 05:26:21","26","2016-07-24 05:26:21","26","1"),
("70664","","","","53200","","","2166","2","2","0","700","2016-07-24","0000-00-00","","2016-07-24 05:26:43","26","2016-07-24 05:26:43","26","1"),
("70665","","","","53200","","","2233","2","2","0","2000","2016-07-24","0000-00-00","","2016-07-24 05:26:43","26","2016-07-24 05:26:43","26","1"),
("70666","","","","53200","","","2231","2","2","0","1500","2016-07-24","0000-00-00","","2016-07-24 05:26:43","26","2016-07-24 05:26:43","26","1"),
("70667","","","","53201","","","2231","2","3","0","1500","2016-07-24","0000-00-00","","2016-07-24 05:27:24","26","2016-07-24 05:27:24","26","1"),
("70668","","","","53201","","","2166","2","3","0","700","2016-07-24","0000-00-00","","2016-07-24 05:27:24","26","2016-07-24 05:27:24","26","1"),
("70669","","","","53201","","","2228","2","5","0","500","2016-07-24","0000-00-00","","2016-07-24 05:27:24","26","2016-07-24 05:27:24","26","1"),
("70670","","","","53202","","","2233","2","4","0","2000","2016-07-24","0000-00-00","","2016-07-24 05:27:35","26","2016-07-24 05:27:35","26","1"),
("70671","","","","53202","","","2232","2","1","0","1000","2016-07-24","0000-00-00","","2016-07-24 05:27:35","26","2016-07-24 05:27:35","26","1"),
("70672","","","","53203","","","2232","2","1","0","1000","2016-07-24","0000-00-00","","2016-07-24 05:28:09","26","2016-07-24 05:28:09","26","1"),
("70673","","","","53203","","","2231","2","4","0","1500","2016-07-24","0000-00-00","","2016-07-24 05:28:10","26","2016-07-24 05:28:10","26","1"),
("70674","","","","53204","","","2121","2","1","0","13000","2016-07-24","0000-00-00","","2016-07-24 05:29:00","26","2016-07-24 05:29:00","26","1"),
("70675","","","","53205","","","2229","2","20","0","700","2016-07-24","0000-00-00","","2016-07-24 05:29:44","26","2016-07-24 05:29:44","26","1"),
("70676","","","","53206","","","2197","2","1","0","2500","2016-07-24","0000-00-00","","2016-07-24 05:30:17","26","2016-07-24 05:30:17","26","1"),
("70677","","","","53207","","","2231","2","2","0","1500","2016-07-24","0000-00-00","","2016-07-24 05:30:44","26","2016-07-24 05:30:44","26","1"),
("70678","","","","53207","","","2233","2","2","0","2000","2016-07-24","0000-00-00","","2016-07-24 05:30:44","26","2016-07-24 05:30:44","26","1"),
("70679","","","","53208","","","2232","2","10","0","800","2016-07-24","0000-00-00","","2016-07-24 05:32:37","26","2016-07-24 05:32:37","26","1"),
("70680","","","","53208","","","2231","2","15","0","1200","2016-07-24","0000-00-00","","2016-07-24 05:32:38","26","2016-07-24 05:32:38","26","1"),
("70681","","","","53208","","","2229","2","70","0","500","2016-07-24","0000-00-00","","2016-07-24 05:32:38","26","2016-07-24 05:32:38","26","1"),
("70682","","","","53208","","","2233","2","20","0","1500","2016-07-24","0000-00-00","","2016-07-24 05:32:38","26","2016-07-24 05:32:38","26","1"),
("70683","","","","53209","","","2253","2","1","0","2500","2016-07-24","0000-00-00","","2016-07-24 05:33:07","26","2016-07-24 05:33:07","26","1"),
("70684","","","","53210","","","2065","2","5","0","1000","2016-07-24","0000-00-00","","2016-07-24 05:33:34","26","2016-07-24 05:33:34","26","1"),
("70685","","","","53211","","","2229","2","6","0","500","2016-07-24","0000-00-00","","2016-07-24 05:35:00","26","2016-07-24 05:35:00","26","1"),
("70686","","","","53211","","","2233","2","6","0","1500","2016-07-24","0000-00-00","","2016-07-24 05:35:00","26","2016-07-24 05:35:00","26","1"),
("70687","","","","53212","","","2229","2","10","0","700","2016-07-24","0000-00-00","","2016-07-24 05:35:16","26","2016-07-24 05:35:16","26","1"),
("70688","","","","53213","","","2231","2","5","0","1500","2016-07-24","0000-00-00","","2016-07-24 05:37:49","26","2016-07-24 05:37:49","26","1"),
("70689","","","","53213","","","2228","2","2","0","500","2016-07-24","0000-00-00","","2016-07-24 05:37:49","26","2016-07-24 05:37:49","26","1"),
("70690","","","","53213","","","2233","2","4","0","2000","2016-07-24","0000-00-00","","2016-07-24 05:37:49","26","2016-07-24 05:37:49","26","1"),
("70691","","","","53213","","","2197","2","2","0","2500","2016-07-24","0000-00-00","","2016-07-24 05:37:49","26","2016-07-24 05:37:49","26","1"),
("70692","","","","53213","","","2250","2","3","0","500","2016-07-24","0000-00-00","","2016-07-24 05:37:50","26","2016-07-24 05:37:50","26","1"),
("70693","","","","53214","","","2228","2","2","0","500","2016-07-24","0000-00-00","","2016-07-24 05:40:23","26","2016-07-24 05:40:23","26","1"),
("70694","","","","53214","","","2229","2","4","0","700","2016-07-24","0000-00-00","","2016-07-24 05:40:23","26","2016-07-24 05:40:23","26","1"),
("70695","","","","53214","","","2121","2","1","0","13000","2016-07-24","0000-00-00","","2016-07-24 05:40:23","26","2016-07-24 05:40:23","26","1"),
("70696","","","","53215","","","2231","2","50","0","1500","2016-07-24","0000-00-00","","2016-07-24 05:40:49","26","2016-07-24 05:40:49","26","1"),
("70697","","","","53216","","","2228","2","5","0","500","2016-07-24","0000-00-00","","2016-07-24 05:41:03","26","2016-07-24 05:41:03","26","1"),
("70698","","","","53217","","","2166","2","30","0","700","2016-07-24","0000-00-00","","2016-07-24 05:42:28","26","2016-07-24 05:42:28","26","1"),
("70699","","","","53218","","","2166","2","5","0","700","2016-07-24","0000-00-00","","2016-07-24 05:42:57","26","2016-07-24 05:42:57","26","1"),
("70700","","","","53219","","","2218","2","1","0","1000","2016-07-24","0000-00-00","","2016-07-24 05:43:21","26","2016-07-24 05:43:21","26","1"),
("70701","","","","53219","","","2065","2","1","0","1000","2016-07-24","0000-00-00","","2016-07-24 05:43:21","26","2016-07-24 05:43:21","26","1"),
("70702","","","","53219","","","2076","2","1","0","2000","2016-07-24","0000-00-00","","2016-07-24 05:43:21","26","2016-07-24 05:43:21","26","1"),
("70703","","","","53220","","","2078","2","6","0","1500","2016-07-24","0000-00-00","","2016-07-24 05:45:07","26","2016-07-24 05:45:07","26","1"),
("70704","","","","53220","","","2095","2","4","0","4000","2016-07-24","0000-00-00","","2016-07-24 05:45:07","26","2016-07-24 05:45:07","26","1"),
("70705","","","","53220","","","2229","2","6","0","700","2016-07-24","0000-00-00","","2016-07-24 05:45:07","26","2016-07-24 05:45:07","26","1"),
("70706","","","","53221","","","2233","2","5","0","1500","2016-07-24","0000-00-00","","2016-07-24 05:45:50","26","2016-07-24 05:45:50","26","1"),
("70707","","","","53221","","","2228","2","50","0","400","2016-07-24","0000-00-00","","2016-07-24 05:45:50","26","2016-07-24 05:45:50","26","1"),
("70708","","","","53221","","","2229","2","60","0","500","2016-07-24","0000-00-00","","2016-07-24 05:45:50","26","2016-07-24 05:45:50","26","1"),
("70709","","","","53222","","","2233","2","3","0","1500","2016-07-24","0000-00-00","","2016-07-24 05:46:26","26","2016-07-24 05:46:26","26","1"),
("70710","","","","53223","","","2233","2","4","0","1500","2016-07-24","0000-00-00","","2016-07-24 05:47:38","26","2016-07-24 05:47:38","26","1"),
("70711","","","","53223","","","2236","2","2","0","1300","2016-07-24","0000-00-00","","2016-07-24 05:47:38","26","2016-07-24 05:47:38","26","1"),
("70712","","","","53223","","","2164","2","4","0","2000","2016-07-24","0000-00-00","","2016-07-24 05:47:38","26","2016-07-24 05:47:38","26","1"),
("70713","","","","53223","","","2231","2","15","0","1200","2016-07-24","0000-00-00","","2016-07-24 05:47:38","26","2016-07-24 05:47:38","26","1"),
("70714","","","","53223","","","2065","2","15","0","700","2016-07-24","0000-00-00","","2016-07-24 05:47:38","26","2016-07-24 05:47:38","26","1"),
("70715","","","","53223","","","2229","2","30","0","500","2016-07-24","0000-00-00","","2016-07-24 05:47:38","26","2016-07-24 05:47:38","26","1"),
("70716","","","","53224","","","2197","2","1","0","2500","2016-07-24","0000-00-00","","2016-07-24 05:47:44","26","2016-07-24 05:47:44","26","1"),
("70717","","","","53225","","","2228","2","10","0","500","2016-07-24","0000-00-00","","2016-07-24 05:48:10","26","2016-07-24 05:48:10","26","1"),
("70718","","","","53226","","","2232","2","5","0","800","2016-07-24","0000-00-00","","2016-07-24 05:48:30","26","2016-07-24 05:48:30","26","1"),
("70719","","","","53227","","","2228","2","4","0","500","2016-07-24","0000-00-00","","2016-07-24 05:49:12","26","2016-07-24 05:49:12","26","1"),
("70720","","","","53228","","","2233","2","1","0","2000","2016-07-24","0000-00-00","","2016-07-24 05:49:31","26","2016-07-24 05:49:31","26","1"),
("70721","","","","53228","","","2231","2","1","0","1500","2016-07-24","0000-00-00","","2016-07-24 05:49:31","26","2016-07-24 05:49:31","26","1"),
("70722","","","","53229","","","2095","2","5","0","3500","2016-07-24","0000-00-00","","2016-07-24 05:50:57","26","2016-07-24 05:50:57","26","1"),
("70723","","","","53229","","","2232","2","15","0","800","2016-07-24","0000-00-00","","2016-07-24 05:50:57","26","2016-07-24 05:50:57","26","1"),
("70724","","","","53229","","","2233","2","30","0","1500","2016-07-24","0000-00-00","","2016-07-24 05:50:57","26","2016-07-24 05:50:57","26","1"),
("70725","","","","53229","","","2229","2","190","0","500","2016-07-24","0000-00-00","","2016-07-24 05:50:57","26","2016-07-24 05:50:57","26","1"),
("70726","","","","53229","","","2228","2","190","0","400","2016-07-24","0000-00-00","","2016-07-24 05:50:57","26","2016-07-24 05:50:57","26","1"),
("70727","","","","53230","","","2228","2","20","0","500","2016-07-24","0000-00-00","","2016-07-24 05:52:08","26","2016-07-24 05:52:08","26","1"),
("70728","","","","53230","","","2241","2","1","0","3000","2016-07-24","0000-00-00","","2016-07-24 05:52:08","26","2016-07-24 05:52:08","26","1"),
("70729","","","","53231","","","2231","2","1","0","1500","2016-07-24","0000-00-00","","2016-07-24 05:53:02","26","2016-07-24 05:53:02","26","1"),
("70730","","","","53232","","","2166","2","20","0","700","2016-07-24","0000-00-00","","2016-07-24 05:54:28","26","2016-07-24 05:54:28","26","1"),
("70731","","","","53233","","","2228","2","3","0","500","2016-07-24","0000-00-00","","2016-07-24 05:56:00","26","2016-07-24 05:56:00","26","1"),
("70732","","","","53234","","","2229","2","5","0","700","2016-07-24","0000-00-00","","2016-07-24 05:56:23","26","2016-07-24 05:56:23","26","1");

DROP TABLE inventory_totals;

CREATE TABLE `inventory_totals` (
  `product_id` bigint(20) NOT NULL,
  `location_id` bigint(20) NOT NULL,
  `total_qty` double DEFAULT '0',
  `created_at` datetime NOT NULL,
  `created_by` bigint(11) NOT NULL,
  `updated_at` datetime NOT NULL,
  `updated_by` bigint(11) NOT NULL,
  PRIMARY KEY (`product_id`,`location_id`),
  KEY `product_id` (`product_id`),
  KEY `location_id` (`location_id`)
) ENGINE=InnoDB DEFAULT CHARSET=utf8 COLLATE=utf8_unicode_ci;

INSERT INTO inventory_totals VALUES("2064","2","-936","2016-05-30 20:44:40","28","2016-07-23 17:27:45","28");
INSERT INTO inventory_totals VALUES("2065","2","-9937","2016-05-30 17:12:37","26","2016-07-24 05:47:38","26");
INSERT INTO inventory_totals VALUES("2067","2","-875","2016-05-30 20:12:19","26","2016-07-24 04:27:51","26");
INSERT INTO inventory_totals VALUES("2070","2","-1368","2016-05-30 19:12:04","28","2016-07-23 20:43:17","28");
INSERT INTO inventory_totals VALUES("2071","2","-2696","2016-05-30 20:20:55","26","2016-07-24 04:27:52","26");
INSERT INTO inventory_totals VALUES("2072","2","-534","2016-06-01 10:24:38","28","2016-07-23 11:16:48","28");
INSERT INTO inventory_totals VALUES("2073","2","-1492","2016-05-30 17:09:35","26","2016-07-24 05:22:09","26");
INSERT INTO inventory_totals VALUES("2074","2","-714","2016-05-30 17:09:50","28","2016-07-23 20:20:07","28");
INSERT INTO inventory_totals VALUES("2075","2","-1365","2016-05-30 19:40:28","32","2016-07-23 18:23:33","32");
INSERT INTO inventory_totals VALUES("2076","2","-602","2016-05-30 17:15:10","26","2016-07-24 05:43:21","26");
INSERT INTO inventory_totals VALUES("2077","2","-179","2016-06-02 16:11:58","28","2016-07-23 18:34:03","28");
INSERT INTO inventory_totals VALUES("2078","2","-483","2016-05-31 07:51:51","26","2016-07-24 05:45:07","26");
INSERT INTO inventory_totals VALUES("2079","2","-343","2016-05-30 17:34:03","28","2016-07-23 20:18:56","28");
INSERT INTO inventory_totals VALUES("2082","2","-267","2016-05-30 20:35:30","28","2016-07-23 19:40:50","28");
INSERT INTO inventory_totals VALUES("2083","2","-3517","2016-05-30 17:13:02","26","2016-07-24 05:25:00","26");
INSERT INTO inventory_totals VALUES("2084","2","-466","2016-05-30 17:13:26","32","2016-07-23 17:35:13","32");
INSERT INTO inventory_totals VALUES("2085","2","-453","2016-05-30 18:17:34","28","2016-07-23 20:44:13","28");
INSERT INTO inventory_totals VALUES("2088","2","-204","2016-05-31 08:25:04","32","2016-07-23 18:23:33","32");
INSERT INTO inventory_totals VALUES("2089","2","-156","2016-06-06 07:55:52","32","2016-07-22 08:57:24","32");
INSERT INTO inventory_totals VALUES("2090","2","-339","2016-06-03 07:53:09","32","2016-07-23 18:26:18","32");
INSERT INTO inventory_totals VALUES("2092","2","-22","2016-06-05 13:07:45","32","2016-06-26 17:13:30","32");
INSERT INTO inventory_totals VALUES("2093","2","-1274","2016-05-31 08:55:09","26","2016-07-23 14:07:35","26");
INSERT INTO inventory_totals VALUES("2095","2","-3319","2016-05-30 16:57:46","26","2016-07-24 05:50:57","26");
INSERT INTO inventory_totals VALUES("2097","2","-152","2016-05-31 11:50:36","28","2016-07-23 07:56:38","28");
INSERT INTO inventory_totals VALUES("2098","2","-138","2016-05-31 11:48:59","28","2016-07-23 20:24:20","28");
INSERT INTO inventory_totals VALUES("2099","2","-787","2016-05-30 19:54:32","28","2016-07-23 19:47:10","28");
INSERT INTO inventory_totals VALUES("2100","2","-125","2016-06-01 11:05:58","32","2016-07-23 18:57:06","32");
INSERT INTO inventory_totals VALUES("2101","2","-4","2016-06-04 16:36:48","28","2016-06-15 08:23:32","28");
INSERT INTO inventory_totals VALUES("2102","2","-233","2016-05-30 18:50:51","32","2016-07-23 17:50:17","32");
INSERT INTO inventory_totals VALUES("2103","2","-155","2016-05-30 18:21:22","32","2016-07-23 17:34:10","32");
INSERT INTO inventory_totals VALUES("2104","2","-2049","2016-05-30 18:45:00","28","2016-07-23 19:00:59","28");
INSERT INTO inventory_totals VALUES("2105","2","-93","2016-05-31 04:27:09","32","2016-07-23 18:57:59","32");
INSERT INTO inventory_totals VALUES("2107","2","-1190","2016-05-30 17:13:44","32","2016-07-23 19:00:47","32");
INSERT INTO inventory_totals VALUES("2108","2","-2","2016-06-22 07:31:24","26","2016-07-16 06:34:13","26");
INSERT INTO inventory_totals VALUES("2109","2","-4","2016-06-02 11:24:48","26","2016-07-14 13:26:17","26");
INSERT INTO inventory_totals VALUES("2110","2","-515","2016-05-31 09:56:02","28","2016-07-23 18:44:22","28");
INSERT INTO inventory_totals VALUES("2111","2","-96","2016-05-31 06:44:27","32","2016-07-23 13:50:25","32");
INSERT INTO inventory_totals VALUES("2112","2","-219","2016-05-31 17:42:17","28","2016-07-23 17:22:05","28");
INSERT INTO inventory_totals VALUES("2113","2","-391","2016-05-31 06:07:51","28","2016-07-23 20:50:19","28");
INSERT INTO inventory_totals VALUES("2114","2","-48","2016-05-31 17:05:12","28","2016-07-21 18:27:09","28");
INSERT INTO inventory_totals VALUES("2116","2","-103","2016-05-30 19:09:50","32","2016-07-23 17:38:33","32");
INSERT INTO inventory_totals VALUES("2117","2","-119","2016-05-31 15:15:55","28","2016-07-23 18:19:37","28");
INSERT INTO inventory_totals VALUES("2118","2","-1178","2016-05-30 17:25:00","28","2016-07-23 20:12:54","28");
INSERT INTO inventory_totals VALUES("2119","2","-107","2016-05-31 04:10:53","28","2016-07-23 20:37:00","28");
INSERT INTO inventory_totals VALUES("2120","2","-23","2016-06-01 15:07:34","28","2016-06-24 08:28:25","28");
INSERT INTO inventory_totals VALUES("2121","2","-410","2016-05-30 16:56:09","26","2016-07-24 05:40:23","26");
INSERT INTO inventory_totals VALUES("2125","2","-2329","2016-05-30 17:14:38","26","2016-07-24 05:18:42","26");
INSERT INTO inventory_totals VALUES("2126","2","-1079","2016-05-30 17:17:44","32","2016-07-23 17:35:13","32");
INSERT INTO inventory_totals VALUES("2127","2","-1","2016-06-01 09:16:57","28","2016-06-01 09:16:57","28");
INSERT INTO inventory_totals VALUES("2128","2","-3","2016-05-30 17:17:34","27","2016-05-31 08:21:59","27");
INSERT INTO inventory_totals VALUES("2129","2","-81","2016-05-31 08:02:05","32","2016-07-22 11:46:44","32");
INSERT INTO inventory_totals VALUES("2130","2","-2","2016-05-31 11:51:20","28","2016-05-31 12:08:32","28");
INSERT INTO inventory_totals VALUES("2131","2","-5","2016-06-02 09:48:54","28","2016-06-11 08:04:29","28");
INSERT INTO inventory_totals VALUES("2133","2","-235","2016-05-30 20:04:42","28","2016-07-23 19:40:50","28");
INSERT INTO inventory_totals VALUES("2134","2","-1120","2016-05-30 17:16:20","32","2016-07-23 18:51:51","32");
INSERT INTO inventory_totals VALUES("2135","2","-155","2016-05-31 18:50:40","32","2016-07-23 19:07:57","32");
INSERT INTO inventory_totals VALUES("2136","2","-429","2016-05-30 17:16:20","32","2016-07-23 18:51:51","32");
INSERT INTO inventory_totals VALUES("2137","2","-168","2016-05-30 17:00:35","32","2016-07-23 18:16:21","32");
INSERT INTO inventory_totals VALUES("2138","2","-64","2016-06-01 18:10:15","28","2016-07-22 19:11:50","28");
INSERT INTO inventory_totals VALUES("2139","2","-98","2016-05-30 19:37:44","32","2016-07-21 12:02:18","32");
INSERT INTO inventory_totals VALUES("2140","2","-244","2016-05-30 17:16:20","28","2016-07-23 18:41:42","28");
INSERT INTO inventory_totals VALUES("2141","2","-90","2016-05-31 16:15:13","26","2016-07-23 13:48:08","26");
INSERT INTO inventory_totals VALUES("2142","2","-12","2016-06-04 12:04:34","28","2016-07-16 14:20:54","28");
INSERT INTO inventory_totals VALUES("2143","2","-16","2016-06-01 14:37:00","28","2016-07-22 10:31:42","28");
INSERT INTO inventory_totals VALUES("2144","2","-6","2016-06-02 16:28:24","28","2016-07-22 18:41:13","28");
INSERT INTO inventory_totals VALUES("2146","2","-742","2016-05-31 04:25:13","26","2016-07-24 04:49:26","26");
INSERT INTO inventory_totals VALUES("2163","2","-809","2016-05-30 19:12:04","28","2016-07-23 20:44:03","28");
INSERT INTO inventory_totals VALUES("2164","2","-3371","2016-05-30 16:53:06","26","2016-07-24 05:47:38","26");
INSERT INTO inventory_totals VALUES("2165","2","-681","2016-05-30 17:13:26","26","2016-07-24 04:27:51","26");
INSERT INTO inventory_totals VALUES("2166","2","-11606","2016-05-30 15:16:51","26","2016-07-24 05:54:28","26");
INSERT INTO inventory_totals VALUES("2172","2","-1005","2016-05-30 17:07:00","28","2016-07-23 20:52:34","28");
INSERT INTO inventory_totals VALUES("2173","2","-159","2016-05-31 10:33:36","28","2016-07-23 19:16:35","28");
INSERT INTO inventory_totals VALUES("2174","2","-62","2016-05-31 09:21:36","28","2016-07-23 11:36:07","28");
INSERT INTO inventory_totals VALUES("2178","2","-29","2016-06-02 05:19:47","26","2016-07-23 15:37:22","26");
INSERT INTO inventory_totals VALUES("2179","2","-2","2016-06-19 13:01:57","26","2016-06-22 13:15:45","26");
INSERT INTO inventory_totals VALUES("2182","2","-268","2016-05-30 18:50:52","28","2016-07-22 19:12:35","28");
INSERT INTO inventory_totals VALUES("2183","2","-5","2016-06-17 08:39:20","28","2016-07-10 20:20:53","28");
INSERT INTO inventory_totals VALUES("2188","2","-34","2016-06-02 05:19:47","26","2016-07-23 15:37:22","26");
INSERT INTO inventory_totals VALUES("2197","2","-1060","2016-05-31 05:33:48","26","2016-07-24 05:47:44","26");
INSERT INTO inventory_totals VALUES("2198","2","-51","2016-05-31 06:32:11","26","2016-07-23 14:07:35","26");
INSERT INTO inventory_totals VALUES("2199","2","-80","2016-05-30 20:45:32","32","2016-07-15 11:38:49","32");
INSERT INTO inventory_totals VALUES("2201","2","-1","2016-07-22 07:59:15","28","2016-07-22 07:59:15","28");
INSERT INTO inventory_totals VALUES("2202","2","-12","2016-06-05 05:43:31","26","2016-07-14 06:04:21","26");
INSERT INTO inventory_totals VALUES("2203","2","-27","2016-06-01 18:10:15","28","2016-07-14 12:28:33","28");
INSERT INTO inventory_totals VALUES("2204","2","-13","2016-06-05 15:46:14","26","2016-07-18 13:32:22","26");
INSERT INTO inventory_totals VALUES("2206","2","-6","2016-06-11 18:11:55","32","2016-07-19 18:21:51","32");
INSERT INTO inventory_totals VALUES("2207","2","-66","2016-06-05 20:28:13","28","2016-07-21 20:37:58","28");
INSERT INTO inventory_totals VALUES("2208","2","-9","2016-06-03 12:29:19","28","2016-07-22 16:13:30","28");
INSERT INTO inventory_totals VALUES("2209","2","-3","2016-06-01 15:42:51","28","2016-07-13 20:12:25","28");
INSERT INTO inventory_totals VALUES("2213","2","-45","2016-06-08 08:14:22","28","2016-07-22 19:09:38","28");
INSERT INTO inventory_totals VALUES("2217","2","-20","2016-06-03 19:05:30","28","2016-07-23 11:35:54","28");
INSERT INTO inventory_totals VALUES("2218","2","-101","2016-05-31 10:46:14","26","2016-07-24 05:43:21","26");
INSERT INTO inventory_totals VALUES("2219","2","-295","2016-06-02 07:11:01","28","2016-07-23 19:49:09","28");
INSERT INTO inventory_totals VALUES("2220","2","-1150","2016-06-06 12:05:02","28","2016-07-12 17:18:00","28");
INSERT INTO inventory_totals VALUES("2226","2","-727","2016-05-30 20:29:24","28","2016-07-23 19:29:03","28");
INSERT INTO inventory_totals VALUES("2228","2","-145470","2016-05-30 16:53:06","26","2016-07-24 05:56:00","26");
INSERT INTO inventory_totals VALUES("2229","2","-78413","2016-05-30 18:02:49","26","2016-07-24 05:56:23","26");
INSERT INTO inventory_totals VALUES("2231","2","-28599","2016-05-30 16:58:22","26","2016-07-24 05:53:02","26");
INSERT INTO inventory_totals VALUES("2232","2","-2908","2016-05-30 18:38:35","26","2016-07-24 05:50:57","26");
INSERT INTO inventory_totals VALUES("2233","2","-6289","2016-05-30 19:34:27","26","2016-07-24 05:50:57","26");
INSERT INTO inventory_totals VALUES("2235","2","-1313","2016-05-30 19:37:44","28","2016-07-23 20:24:20","28");
INSERT INTO inventory_totals VALUES("2236","2","-780","2016-05-30 20:25:09","26","2016-07-24 05:47:38","26");
INSERT INTO inventory_totals VALUES("2237","2","-52","2016-06-06 07:55:52","28","2016-07-23 20:25:33","28");
INSERT INTO inventory_totals VALUES("2238","2","-179","2016-05-31 06:54:44","28","2016-07-22 09:41:11","28");
INSERT INTO inventory_totals VALUES("2239","2","-458","2016-05-31 11:09:13","32","2016-07-19 08:38:36","32");
INSERT INTO inventory_totals VALUES("2240","2","-1681","2016-05-30 16:58:52","32","2016-07-23 19:17:56","32");
INSERT INTO inventory_totals VALUES("2241","2","-128","2016-05-31 13:05:46","26","2016-07-24 05:52:08","26");
INSERT INTO inventory_totals VALUES("2243","2","-126","2016-05-30 17:15:34","28","2016-07-20 08:54:05","28");
INSERT INTO inventory_totals VALUES("2250","2","-4900","2016-05-30 17:14:11","26","2016-07-24 05:37:50","26");
INSERT INTO inventory_totals VALUES("2251","2","-1","2016-07-09 18:58:52","28","2016-07-09 18:58:52","28");
INSERT INTO inventory_totals VALUES("2252","2","-85","2016-06-04 16:15:52","32","2016-07-23 16:58:49","32");
INSERT INTO inventory_totals VALUES("2253","2","-114","2016-05-31 13:24:22","26","2016-07-24 05:33:07","26");
INSERT INTO inventory_totals VALUES("2254","2","-893","2016-05-31 18:14:09","28","2016-07-23 19:47:10","28");
INSERT INTO inventory_totals VALUES("2255","2","-392","2016-06-02 18:24:09","28","2016-07-23 19:47:10","28");
INSERT INTO inventory_totals VALUES("2256","2","-28","2016-06-02 17:07:21","28","2016-07-07 23:27:23","28");
INSERT INTO inventory_totals VALUES("2257","2","-236","2016-06-02 18:53:00","32","2016-07-23 17:58:41","32");
INSERT INTO inventory_totals VALUES("2258","2","-51","2016-06-06 11:06:36","26","2016-07-18 15:45:43","26");
INSERT INTO inventory_totals VALUES("2259","2","-70","2016-06-22 14:12:02","26","2016-07-23 05:40:34","26");
INSERT INTO inventory_totals VALUES("2260","2","-16","2016-07-11 05:45:45","26","2016-07-23 05:09:29","26");
INSERT INTO inventory_totals VALUES("2262","2","-1","2016-07-21 07:37:38","26","2016-07-21 07:37:38","26");



DROP TABLE inventory_total_details;

CREATE TABLE `inventory_total_details` (
  `product_id` bigint(20) NOT NULL,
  `location_id` bigint(20) NOT NULL,
  `total_cycle` double DEFAULT '0',
  `total_so` double DEFAULT '0',
  `total_pos` double DEFAULT '0',
  `total_cm` double DEFAULT '0',
  `total_to_in` double DEFAULT '0',
  `total_to_out` double DEFAULT '0',
  `date` date NOT NULL,
  `created_at` datetime NOT NULL,
  `created_by` bigint(11) NOT NULL,
  `updated_at` datetime NOT NULL,
  `updated_by` bigint(11) NOT NULL,
  PRIMARY KEY (`product_id`,`location_id`,`date`),
  KEY `product_id` (`product_id`),
  KEY `location_id` (`location_id`),
  KEY `date` (`date`)
) ENGINE=InnoDB DEFAULT CHARSET=utf8 COLLATE=utf8_unicode_ci;

INSERT INTO inventory_total_details VALUES("2064","2","0","0","-1","0","0","0","2016-05-30","2016-05-30 20:44:40","24","2016-05-30 20:44:40","24");
INSERT INTO inventory_total_details VALUES("2065","2","0","0","-2","0","0","0","2016-05-30","2016-05-30 17:12:37","24","2016-05-30 21:01:14","24");
INSERT INTO inventory_total_details VALUES("2067","2","0","0","-2","0","0","0","2016-05-30","2016-05-30 20:12:19","24","2016-05-30 20:37:06","24");
INSERT INTO inventory_total_details VALUES("2070","2","0","0","-3","0","0","0","2016-05-30","2016-05-30 19:12:04","27","2016-05-30 19:12:04","27");
INSERT INTO inventory_total_details VALUES("2071","2","0","0","-1","0","0","0","2016-05-30","2016-05-30 20:20:55","24","2016-05-30 20:20:55","24");
INSERT INTO inventory_total_details VALUES("2072","2","0","0","-5","0","0","0","2016-06-01","2016-06-01 10:24:38","27","2016-06-01 17:19:29","27");
INSERT INTO inventory_total_details VALUES("2073","2","0","0","-2","0","0","0","2016-05-30","2016-05-30 17:09:35","24","2016-05-30 20:20:55","24");
INSERT INTO inventory_total_details VALUES("2074","2","0","0","-1","0","0","0","2016-05-30","2016-05-30 17:09:51","1","2016-05-30 17:09:51","1");
INSERT INTO inventory_total_details VALUES("2075","2","0","0","-2","0","0","0","2016-05-30","2016-05-30 19:40:28","27","2016-05-30 19:40:28","27");
INSERT INTO inventory_total_details VALUES("2076","2","0","0","-1","0","0","0","2016-05-30","2016-05-30 17:15:10","27","2016-05-30 19:40:28","27");
INSERT INTO inventory_total_details VALUES("2077","2","0","0","-2","0","0","0","2016-06-02","2016-06-02 16:11:58","27","2016-06-02 16:11:58","27");
INSERT INTO inventory_total_details VALUES("2078","2","0","0","-1","0","0","0","2016-05-31","2016-05-31 07:51:51","1","2016-05-31 13:22:44","1");
INSERT INTO inventory_total_details VALUES("2079","2","0","0","-1","0","0","0","2016-05-30","2016-05-30 17:34:03","1","2016-05-30 17:34:03","1");
INSERT INTO inventory_total_details VALUES("2082","2","0","0","-1","0","0","0","2016-05-30","2016-05-30 20:35:30","24","2016-05-30 20:35:30","24");
INSERT INTO inventory_total_details VALUES("2083","2","0","0","-2","0","0","0","2016-05-30","2016-05-30 17:13:02","24","2016-05-30 20:44:10","24");
INSERT INTO inventory_total_details VALUES("2084","2","0","0","-1","0","0","0","2016-05-30","2016-05-30 17:13:26","24","2016-05-30 20:36:29","24");
INSERT INTO inventory_total_details VALUES("2085","2","0","0","-1","0","0","0","2016-05-30","2016-05-30 18:17:35","24","2016-05-30 18:17:35","24");
INSERT INTO inventory_total_details VALUES("2088","2","0","0","-1","0","0","0","2016-05-31","2016-05-31 08:25:04","1","2016-05-31 15:55:07","1");
INSERT INTO inventory_total_details VALUES("2089","2","0","0","-1","0","0","0","2016-06-06","2016-06-06 07:55:52","28","2016-06-06 20:21:02","28");
INSERT INTO inventory_total_details VALUES("2090","2","0","0","-3","0","0","0","2016-06-03","2016-06-03 07:53:09","28","2016-06-03 17:42:59","28");
INSERT INTO inventory_total_details VALUES("2092","2","0","0","-2","0","0","0","2016-06-05","2016-06-05 13:07:45","26","2016-06-05 13:07:45","26");
INSERT INTO inventory_total_details VALUES("2093","2","0","0","-2","0","0","0","2016-05-31","2016-05-31 08:55:09","24","2016-05-31 18:27:26","24");
INSERT INTO inventory_total_details VALUES("2095","2","0","0","-1","0","0","0","2016-05-30","2016-05-30 16:57:46","24","2016-05-30 21:01:14","24");
INSERT INTO inventory_total_details VALUES("2097","2","0","0","-2","0","0","0","2016-05-31","2016-05-31 11:50:36","1","2016-05-31 11:57:30","1");
INSERT INTO inventory_total_details VALUES("2098","2","0","0","-1","0","0","0","2016-05-31","2016-05-31 11:48:59","1","2016-05-31 16:06:30","1");
INSERT INTO inventory_total_details VALUES("2099","2","0","0","-1","0","0","0","2016-05-30","2016-05-30 19:54:32","24","2016-05-30 20:46:56","24");
INSERT INTO inventory_total_details VALUES("2100","2","0","0","-6","0","0","0","2016-06-01","2016-06-01 11:05:58","28","2016-06-01 11:05:58","28");
INSERT INTO inventory_total_details VALUES("2101","2","0","0","-1","0","0","0","2016-06-04","2016-06-04 16:36:48","27","2016-06-04 16:36:48","27");
INSERT INTO inventory_total_details VALUES("2102","2","0","0","-1","0","0","0","2016-05-30","2016-05-30 18:50:51","27","2016-05-30 19:01:27","27");
INSERT INTO inventory_total_details VALUES("2103","2","0","0","-1","0","0","0","2016-05-30","2016-05-30 18:21:22","24","2016-05-30 18:21:22","24");
INSERT INTO inventory_total_details VALUES("2104","2","0","0","-1","0","0","0","2016-05-30","2016-05-30 18:45:00","24","2016-05-30 20:35:30","24");
INSERT INTO inventory_total_details VALUES("2105","2","0","0","-2","0","0","0","2016-05-31","2016-05-31 04:27:09","28","2016-05-31 11:08:37","28");
INSERT INTO inventory_total_details VALUES("2107","2","0","0","-2","0","0","0","2016-05-30","2016-05-30 17:13:44","1","2016-05-30 17:13:44","1");
INSERT INTO inventory_total_details VALUES("2108","2","0","0","-1","0","0","0","2016-06-22","2016-06-22 07:31:24","26","2016-06-22 07:31:24","26");
INSERT INTO inventory_total_details VALUES("2109","2","0","0","-1","0","0","0","2016-06-02","2016-06-02 11:24:48","28","2016-06-02 11:24:48","28");
INSERT INTO inventory_total_details VALUES("2110","2","0","0","-2","0","0","0","2016-05-31","2016-05-31 09:56:02","1","2016-05-31 16:59:11","1");
INSERT INTO inventory_total_details VALUES("2111","2","0","0","-1","0","0","0","2016-05-31","2016-05-31 06:44:27","1","2016-05-31 15:24:34","1");
INSERT INTO inventory_total_details VALUES("2112","2","0","0","-1","0","0","0","2016-05-31","2016-05-31 17:42:17","28","2016-05-31 17:42:17","28");
INSERT INTO inventory_total_details VALUES("2113","2","0","0","-1","0","0","0","2016-05-31","2016-05-31 06:07:51","28","2016-05-31 10:55:17","28");
INSERT INTO inventory_total_details VALUES("2114","2","0","0","-1","0","0","0","2016-05-31","2016-05-31 17:05:12","1","2016-05-31 17:05:12","1");
INSERT INTO inventory_total_details VALUES("2116","2","0","0","-1","0","0","0","2016-05-30","2016-05-30 19:09:50","27","2016-05-30 19:09:50","27");
INSERT INTO inventory_total_details VALUES("2117","2","0","0","-1","0","0","0","2016-05-31","2016-05-31 15:15:55","28","2016-05-31 15:15:55","28");
INSERT INTO inventory_total_details VALUES("2118","2","0","0","-2","0","0","0","2016-05-30","2016-05-30 17:25:00","24","2016-05-30 20:35:09","24");
INSERT INTO inventory_total_details VALUES("2119","2","0","0","-1","0","0","0","2016-05-31","2016-05-31 04:10:53","28","2016-05-31 19:23:07","28");
INSERT INTO inventory_total_details VALUES("2120","2","0","0","-4","0","0","0","2016-06-01","2016-06-01 15:07:34","28","2016-06-01 15:07:34","28");
INSERT INTO inventory_total_details VALUES("2121","2","0","0","-1","0","0","0","2016-05-30","2016-05-30 16:56:09","24","2016-05-30 17:57:00","24");
INSERT INTO inventory_total_details VALUES("2125","2","0","0","-1","0","0","0","2016-05-30","2016-05-30 17:14:38","24","2016-05-30 20:45:32","24");
INSERT INTO inventory_total_details VALUES("2126","2","0","0","-1","0","0","0","2016-05-30","2016-05-30 17:17:44","24","2016-05-30 20:46:56","24");
INSERT INTO inventory_total_details VALUES("2127","2","0","0","-1","0","0","0","2016-06-01","2016-06-01 09:16:57","28","2016-06-01 09:16:57","28");
INSERT INTO inventory_total_details VALUES("2128","2","0","0","-1","0","0","0","2016-05-30","2016-05-30 17:17:34","27","2016-05-30 18:49:32","27");
INSERT INTO inventory_total_details VALUES("2129","2","0","0","-1","0","0","0","2016-05-31","2016-05-31 08:02:05","28","2016-05-31 12:43:49","28");
INSERT INTO inventory_total_details VALUES("2130","2","0","0","-1","0","0","0","2016-05-31","2016-05-31 11:51:20","28","2016-05-31 12:08:32","28");
INSERT INTO inventory_total_details VALUES("2131","2","0","0","-1","0","0","0","2016-06-02","2016-06-02 09:48:54","28","2016-06-02 09:48:54","28");
INSERT INTO inventory_total_details VALUES("2133","2","0","0","-1","0","0","0","2016-05-30","2016-05-30 20:04:42","24","2016-05-30 20:04:42","24");
INSERT INTO inventory_total_details VALUES("2134","2","0","0","-2","0","0","0","2016-05-30","2016-05-30 17:16:20","27","2016-05-30 18:50:52","27");
INSERT INTO inventory_total_details VALUES("2135","2","0","0","-2","0","0","0","2016-05-31","2016-05-31 18:50:40","24","2016-05-31 18:50:40","24");
INSERT INTO inventory_total_details VALUES("2136","2","0","0","-2","0","0","0","2016-05-30","2016-05-30 17:16:20","27","2016-05-30 18:50:52","27");
INSERT INTO inventory_total_details VALUES("2137","2","0","0","-1","0","0","0","2016-05-30","2016-05-30 17:00:35","1","2016-05-30 17:00:35","1");
INSERT INTO inventory_total_details VALUES("2138","2","0","0","-1","0","0","0","2016-06-01","2016-06-01 18:10:15","27","2016-06-01 18:10:15","27");
INSERT INTO inventory_total_details VALUES("2139","2","0","0","-1","0","0","0","2016-05-30","2016-05-30 19:37:44","27","2016-05-30 19:37:44","27");
INSERT INTO inventory_total_details VALUES("2140","2","0","0","-1","0","0","0","2016-05-30","2016-05-30 17:16:20","27","2016-05-30 18:50:52","27");
INSERT INTO inventory_total_details VALUES("2141","2","0","0","-1","0","0","0","2016-05-31","2016-05-31 16:15:13","1","2016-05-31 16:15:13","1");
INSERT INTO inventory_total_details VALUES("2142","2","0","0","-1","0","0","0","2016-06-04","2016-06-04 12:04:34","27","2016-06-04 16:08:30","27");
INSERT INTO inventory_total_details VALUES("2143","2","0","0","-1","0","0","0","2016-06-01","2016-06-01 14:37:00","24","2016-06-01 14:37:00","24");
INSERT INTO inventory_total_details VALUES("2144","2","0","0","-1","0","0","0","2016-06-02","2016-06-02 16:28:24","27","2016-06-02 16:28:24","27");
INSERT INTO inventory_total_details VALUES("2146","2","0","0","-1","0","0","0","2016-05-31","2016-05-31 04:25:13","28","2016-05-31 19:18:40","28");
INSERT INTO inventory_total_details VALUES("2163","2","0","0","-1","0","0","0","2016-05-30","2016-05-30 19:12:04","24","2016-05-30 20:36:29","24");
INSERT INTO inventory_total_details VALUES("2164","2","0","0","-1","0","0","0","2016-05-30","2016-05-30 16:53:06","27","2016-05-30 19:14:29","27");
INSERT INTO inventory_total_details VALUES("2165","2","0","0","-1","0","0","0","2016-05-30","2016-05-30 17:13:26","1","2016-05-30 17:13:26","1");
INSERT INTO inventory_total_details VALUES("2166","2","0","0","-8","0","0","0","2016-05-30","2016-05-30 15:16:51","1","2016-05-30 16:55:10","1");
INSERT INTO inventory_total_details VALUES("2172","2","0","0","-1","0","0","0","2016-05-30","2016-05-30 17:07:00","24","2016-05-30 20:45:07","24");
INSERT INTO inventory_total_details VALUES("2173","2","0","0","-1","0","0","0","2016-05-31","2016-05-31 10:33:37","28","2016-05-31 11:09:13","28");
INSERT INTO inventory_total_details VALUES("2174","2","0","0","-1","0","0","0","2016-05-31","2016-05-31 09:21:37","24","2016-05-31 09:21:37","24");
INSERT INTO inventory_total_details VALUES("2178","2","0","0","-1","0","0","0","2016-06-02","2016-06-02 05:19:47","24","2016-06-02 05:19:47","24");
INSERT INTO inventory_total_details VALUES("2179","2","0","0","-1","0","0","0","2016-06-19","2016-06-19 13:01:57","26","2016-06-19 13:01:57","26");
INSERT INTO inventory_total_details VALUES("2182","2","0","0","-1","0","0","0","2016-05-30","2016-05-30 18:50:52","27","2016-05-30 18:50:52","27");
INSERT INTO inventory_total_details VALUES("2183","2","0","0","-1","0","0","0","2016-06-17","2016-06-17 08:39:20","26","2016-06-17 08:39:20","26");
INSERT INTO inventory_total_details VALUES("2188","2","0","0","-1","0","0","0","2016-06-02","2016-06-02 05:19:47","27","2016-06-02 19:29:45","27");
INSERT INTO inventory_total_details VALUES("2197","2","0","0","-2","0","0","0","2016-05-31","2016-05-31 05:33:48","24","2016-05-31 18:01:04","24");
INSERT INTO inventory_total_details VALUES("2198","2","0","0","-1","0","0","0","2016-05-31","2016-05-31 06:32:11","28","2016-05-31 15:18:23","28");
INSERT INTO inventory_total_details VALUES("2199","2","0","0","-1","0","0","0","2016-05-30","2016-05-30 20:45:32","24","2016-05-30 20:45:32","24");
INSERT INTO inventory_total_details VALUES("2201","2","0","0","-1","0","0","0","2016-07-22","2016-07-22 07:59:15","28","2016-07-22 07:59:15","28");
INSERT INTO inventory_total_details VALUES("2202","2","0","0","-1","0","0","0","2016-06-05","2016-06-05 05:43:31","24","2016-06-05 05:43:31","24");
INSERT INTO inventory_total_details VALUES("2203","2","0","0","-2","0","0","0","2016-06-01","2016-06-01 18:10:15","27","2016-06-01 18:10:15","27");
INSERT INTO inventory_total_details VALUES("2204","2","0","0","-1","0","0","0","2016-06-05","2016-06-05 15:46:14","24","2016-06-05 15:46:14","24");
INSERT INTO inventory_total_details VALUES("2206","2","0","0","-2","0","0","0","2016-06-11","2016-06-11 18:11:55","26","2016-06-11 18:11:55","26");
INSERT INTO inventory_total_details VALUES("2207","2","0","0","-1","0","0","0","2016-06-05","2016-06-05 20:28:13","28","2016-06-05 20:28:13","28");
INSERT INTO inventory_total_details VALUES("2208","2","0","0","-1","0","0","0","2016-06-03","2016-06-03 12:29:19","24","2016-06-03 12:29:19","24");
INSERT INTO inventory_total_details VALUES("2209","2","0","0","-1","0","0","0","2016-06-01","2016-06-01 15:42:51","24","2016-06-01 15:42:51","24");
INSERT INTO inventory_total_details VALUES("2213","2","0","0","-1","0","0","0","2016-06-08","2016-06-08 08:14:22","28","2016-06-08 08:14:22","28");
INSERT INTO inventory_total_details VALUES("2217","2","0","0","-2","0","0","0","2016-06-03","2016-06-03 19:05:30","28","2016-06-03 19:05:30","28");
INSERT INTO inventory_total_details VALUES("2218","2","0","0","-1","0","0","0","2016-05-31","2016-05-31 10:46:14","28","2016-05-31 18:18:24","28");
INSERT INTO inventory_total_details VALUES("2219","2","0","0","-1","0","0","0","2016-06-02","2016-06-02 07:11:01","27","2016-06-02 20:39:25","27");
INSERT INTO inventory_total_details VALUES("2220","2","0","0","-120","0","0","0","2016-06-06","2016-06-06 12:05:02","28","2016-06-06 12:05:02","28");
INSERT INTO inventory_total_details VALUES("2226","2","0","0","-1","0","0","0","2016-05-30","2016-05-30 20:29:24","24","2016-05-30 20:29:24","24");
INSERT INTO inventory_total_details VALUES("2228","2","0","0","-1","0","0","0","2016-05-30","2016-05-30 16:53:07","24","2016-05-30 20:52:03","24");
INSERT INTO inventory_total_details VALUES("2229","2","0","0","-10","0","0","0","2016-05-30","2016-05-30 18:02:49","24","2016-05-30 20:49:46","24");
INSERT INTO inventory_total_details VALUES("2231","2","0","0","-3","0","0","0","2016-05-30","2016-05-30 16:58:22","24","2016-05-30 21:01:14","24");
INSERT INTO inventory_total_details VALUES("2232","2","0","0","-2","0","0","0","2016-05-30","2016-05-30 18:38:35","27","2016-05-30 18:38:35","27");
INSERT INTO inventory_total_details VALUES("2233","2","0","0","-3","0","0","0","2016-05-30","2016-05-30 19:34:27","27","2016-05-30 19:51:04","27");
INSERT INTO inventory_total_details VALUES("2235","2","0","0","-1","0","0","0","2016-05-30","2016-05-30 19:37:45","27","2016-05-30 19:55:59","27");
INSERT INTO inventory_total_details VALUES("2236","2","0","0","-1","0","0","0","2016-05-30","2016-05-30 20:25:09","24","2016-05-30 20:25:09","24");
INSERT INTO inventory_total_details VALUES("2237","2","0","0","-2","0","0","0","2016-06-06","2016-06-06 07:55:52","26","2016-06-06 07:55:52","26");
INSERT INTO inventory_total_details VALUES("2238","2","0","0","-2","0","0","0","2016-05-31","2016-05-31 06:54:44","28","2016-05-31 18:18:35","28");
INSERT INTO inventory_total_details VALUES("2239","2","0","0","-1","0","0","0","2016-05-31","2016-05-31 11:09:13","28","2016-05-31 19:15:47","28");
INSERT INTO inventory_total_details VALUES("2240","2","0","0","-1","0","0","0","2016-05-30","2016-05-30 16:58:52","27","2016-05-30 19:23:13","27");
INSERT INTO inventory_total_details VALUES("2241","2","0","0","-1","0","0","0","2016-05-31","2016-05-31 13:05:46","28","2016-05-31 18:12:43","28");
INSERT INTO inventory_total_details VALUES("2243","2","0","0","-2","0","0","0","2016-05-30","2016-05-30 17:15:34","1","2016-05-30 17:15:34","1");
INSERT INTO inventory_total_details VALUES("2250","2","0","0","-1","0","0","0","2016-05-30","2016-05-30 17:14:12","24","2016-05-30 20:46:56","24");
INSERT INTO inventory_total_details VALUES("2251","2","0","0","-1","0","0","0","2016-07-09","2016-07-09 18:58:52","28","2016-07-09 18:58:52","28");
INSERT INTO inventory_total_details VALUES("2252","2","0","0","-3","0","0","0","2016-06-04","2016-06-04 16:15:52","28","2016-06-04 20:22:10","28");
INSERT INTO inventory_total_details VALUES("2253","2","0","0","-1","0","0","0","2016-05-31","2016-05-31 13:24:22","28","2016-05-31 13:24:22","28");
INSERT INTO inventory_total_details VALUES("2254","2","0","0","-5","0","0","0","2016-05-31","2016-05-31 18:14:09","28","2016-05-31 20:17:14","28");
INSERT INTO inventory_total_details VALUES("2255","2","0","0","-5","0","0","0","2016-06-02","2016-06-02 18:24:09","24","2016-06-02 18:24:09","24");
INSERT INTO inventory_total_details VALUES("2256","2","0","0","-1","0","0","0","2016-06-02","2016-06-02 17:07:21","28","2016-06-02 18:40:44","28");
INSERT INTO inventory_total_details VALUES("2257","2","0","0","-1","0","0","0","2016-06-02","2016-06-02 18:53:00","28","2016-06-02 18:53:00","28");
INSERT INTO inventory_total_details VALUES("2258","2","0","0","-1","0","0","0","2016-06-06","2016-06-06 11:06:36","26","2016-06-06 11:06:36","26");
INSERT INTO inventory_total_details VALUES("2259","2","0","0","-2","0","0","0","2016-06-22","2016-06-22 14:12:02","28","2016-06-22 19:30:07","28");
INSERT INTO inventory_total_details VALUES("2260","2","0","0","-1","0","0","0","2016-07-11","2016-07-11 05:45:45","26","2016-07-11 05:45:45","26");
INSERT INTO inventory_total_details VALUES("2262","2","0","0","-1","0","0","0","2016-07-21","2016-07-21 07:37:38","26","2016-07-21 07:37:38","26");



INSERT INTO sales_orders VALUES("53161","2","1","","16SO053141","10000","2.5","0","0","0","2016-07-24","2016-07-24","","2016-07-24 04:22:21","26","2016-07-24 04:22:21","26","1","1","0"),
("53162","2","1","","16SO053142","500","0.125","0","0","0","2016-07-24","2016-07-24","","2016-07-24 04:22:51","26","2016-07-24 04:22:51","26","1","1","0"),
("53163","2","1","","16SO053143","3100","0.775","0","0","0","2016-07-24","2016-07-24","","2016-07-24 04:25:34","26","2016-07-24 04:25:34","26","1","1","0"),
("53164","2","1","","16SO053144","75000","18.75","0","0","0","2016-07-24","2016-07-24","","2016-07-24 04:27:51","26","2016-07-24 04:27:51","26","1","1","0"),
("53165","2","1","","16SO053145","24500","6.125","0","0","0","2016-07-24","2016-07-24","","2016-07-24 04:30:17","26","2016-07-24 04:30:17","26","1","1","0"),
("53166","2","1","","16SO053146","6500","1.625","0","0","0","2016-07-24","2016-07-24","","2016-07-24 04:30:28","26","2016-07-24 04:30:28","26","1","1","0"),
("53167","2","1","","16SO053147","5000","1.25","0","0","0","2016-07-24","2016-07-24","","2016-07-24 04:31:29","26","2016-07-24 04:31:29","26","1","1","0"),
("53168","2","1","","16SO053148","8000","2","0","0","0","2016-07-24","2016-07-24","","2016-07-24 04:32:43","26","2016-07-24 04:32:43","26","1","1","0"),
("53169","2","1","","16SO053149","38000","9.5","0","0","0","2016-07-24","2016-07-24","","2016-07-24 04:33:53","26","2016-07-24 04:33:53","26","1","1","0"),
("53170","2","1","","16SO053150","25000","6.25","0","0","0","2016-07-24","2016-07-24","","2016-07-24 04:34:46","26","2016-07-24 04:34:46","26","1","1","0"),
("53171","2","1","","16SO053151","1000","0.25","0","0","0","2016-07-24","2016-07-24","","2016-07-24 04:35:07","26","2016-07-24 04:35:07","26","1","1","0"),
("53172","2","1","","16SO053152","10000","2.5","0","0","0","2016-07-24","2016-07-24","","2016-07-24 04:36:13","26","2016-07-24 04:36:13","26","1","1","0"),
("53173","2","1","","16SO053153","1000","0.25","0","0","0","2016-07-24","2016-07-24","","2016-07-24 04:45:10","26","2016-07-24 04:45:10","26","1","1","0"),
("53174","2","1","","16SO053154","18500","4.625","0","0","0","2016-07-24","2016-07-24","","2016-07-24 04:49:25","26","2016-07-24 04:49:25","26","1","1","0"),
("53175","2","1","","16SO053155","13000","3.25","0","0","0","2016-07-24","2016-07-24","","2016-07-24 04:52:10","26","2016-07-24 04:52:10","26","1","1","0"),
("53176","2","1","","16SO053156","3900","0.975","0","0","0","2016-07-24","2016-07-24","","2016-07-24 04:55:47","26","2016-07-24 04:55:47","26","1","1","0"),
("53177","2","1","","16SO053157","700","0.175","0","0","0","2016-07-24","2016-07-24","","2016-07-24 04:57:15","26","2016-07-24 04:57:15","26","1","1","0"),
("53178","2","1","","16SO053158","2100","0.525","0","0","0","2016-07-24","2016-07-24","","2016-07-24 05:00:22","26","2016-07-24 05:00:22","26","1","1","0"),
("53179","2","1","","16SO053159","4000","1","0","0","0","2016-07-24","2016-07-24","","2016-07-24 05:04:18","26","2016-07-24 05:04:18","26","1","1","0"),
("53180","2","1","","16SO053160","1500","0.375","0","0","0","2016-07-24","2016-07-24","","2016-07-24 05:07:27","26","2016-07-24 05:07:27","26","1","1","0"),
("53181","2","1","","16SO053161","500","0.125","0","0","0","2016-07-24","2016-07-24","","2016-07-24 05:07:32","26","2016-07-24 05:07:32","26","1","1","0"),
("53182","2","1","","16SO053162","14000","3.5","0","0","0","2016-07-24","2016-07-24","","2016-07-24 05:10:44","26","2016-07-24 05:10:44","26","1","1","0"),
("53183","2","1","","16SO053163","42100","10.525","0","0","0","2016-07-24","2016-07-24","","2016-07-24 05:13:42","26","2016-07-24 05:13:42","26","1","1","0"),
("53184","2","1","","16SO053164","1000","0.25","0","0","0","2016-07-24","2016-07-24","","2016-07-24 05:14:25","26","2016-07-24 05:14:25","26","1","1","0"),
("53185","2","1","","16SO053165","5000","1.25","0","0","0","2016-07-24","2016-07-24","","2016-07-24 05:18:42","26","2016-07-24 05:18:42","26","1","1","0"),
("53186","2","1","","16SO053166","1400","0.35","0","0","0","2016-07-24","2016-07-24","","2016-07-24 05:20:20","26","2016-07-24 05:20:20","26","1","1","0"),
("53187","2","1","","16SO053167","44500","11.125","0","0","0","2016-07-24","2016-07-24","","2016-07-24 05:22:09","26","2016-07-24 05:22:09","26","1","1","0"),
("53188","2","1","","16SO053168","1000","0.25","0","0","0","2016-07-24","2016-07-24","","2016-07-24 05:23:05","26","2016-07-24 05:23:05","26","1","1","0"),
("53189","2","1","","16SO053169","9500","2.375","0","0","0","2016-07-24","2016-07-24","","2016-07-24 05:24:07","26","2016-07-24 05:24:07","26","1","1","0"),
("53190","2","1","","16SO053170","3000","0.75","0","0","0","2016-07-24","2016-07-24","","2016-07-24 05:24:17","26","2016-07-24 05:24:17","26","1","1","0"),
("53191","2","1","","16SO053171","2500","0.625","0","0","0","2016-07-24","2016-07-24","","2016-07-24 05:24:40","26","2016-07-24 05:24:40","26","1","1","0"),
("53192","2","1","","16SO053172","4500","1.125","0","0","0","2016-07-24","2016-07-24","","2016-07-24 05:24:52","26","2016-07-24 05:24:52","26","1","1","0"),
("53193","2","1","","16SO053173","5000","1.25","0","0","0","2016-07-24","2016-07-24","","2016-07-24 05:25:00","26","2016-07-24 05:25:00","26","1","1","0"),
("53194","2","1","","16SO053174","4500","1.125","0","0","0","2016-07-24","2016-07-24","","2016-07-24 05:25:10","26","2016-07-24 05:25:10","26","1","1","0"),
("53195","2","1","","16SO053175","3000","0.75","0","0","0","2016-07-24","2016-07-24","","2016-07-24 05:25:25","26","2016-07-24 05:25:25","26","1","1","0"),
("53196","2","1","","16SO053176","3000","0.75","0","0","0","2016-07-24","2016-07-24","","2016-07-24 05:25:34","26","2016-07-24 05:25:34","26","1","1","0"),
("53197","2","1","","16SO053177","5000","1.25","0","0","0","2016-07-24","2016-07-24","","2016-07-24 05:25:52","26","2016-07-24 05:25:52","26","1","1","0"),
("53198","2","1","","16SO053178","5000","1.25","0","0","0","2016-07-24","2016-07-24","","2016-07-24 05:26:09","26","2016-07-24 05:26:09","26","1","1","0"),
("53199","2","1","","16SO053179","3500","0.875","0","0","0","2016-07-24","2016-07-24","","2016-07-24 05:26:21","26","2016-07-24 05:26:21","26","1","1","0"),
("53200","2","1","","16SO053180","8400","2.1","0","0","0","2016-07-24","2016-07-24","","2016-07-24 05:26:43","26","2016-07-24 05:26:43","26","1","1","0"),
("53201","2","1","","16SO053181","9100","2.275","0","0","0","2016-07-24","2016-07-24","","2016-07-24 05:27:24","26","2016-07-24 05:27:24","26","1","1","0"),
("53202","2","1","","16SO053182","9000","2.25","0","0","0","2016-07-24","2016-07-24","","2016-07-24 05:27:35","26","2016-07-24 05:27:35","26","1","1","0"),
("53203","2","1","","16SO053183","7000","1.75","0","0","0","2016-07-24","2016-07-24","","2016-07-24 05:28:09","26","2016-07-24 05:28:09","26","1","1","0"),
("53204","2","1","","16SO053184","13000","3.25","0","0","0","2016-07-24","2016-07-24","","2016-07-24 05:28:59","26","2016-07-24 05:28:59","26","1","1","0"),
("53205","2","1","","16SO053185","14000","3.5","0","0","0","2016-07-24","2016-07-24","","2016-07-24 05:29:43","26","2016-07-24 05:29:43","26","1","1","0"),
("53206","2","1","","16SO053186","2500","0.625","0","0","0","2016-07-24","2016-07-24","","2016-07-24 05:30:17","26","2016-07-24 05:30:17","26","1","1","0"),
("53207","2","1","","16SO053187","7000","1.75","0","0","0","2016-07-24","2016-07-24","","2016-07-24 05:30:44","26","2016-07-24 05:30:44","26","1","1","0"),
("53208","2","1","","16SO053188","91000","22.75","0","0","0","2016-07-24","2016-07-24","","2016-07-24 05:32:37","26","2016-07-24 05:32:37","26","1","1","0"),
("53209","2","1","","16SO053189","2500","0.625","0","0","0","2016-07-24","2016-07-24","","2016-07-24 05:33:07","26","2016-07-24 05:33:07","26","1","1","0"),
("53210","2","1","","16SO053190","5000","1.25","0","0","0","2016-07-24","2016-07-24","","2016-07-24 05:33:34","26","2016-07-24 05:33:34","26","1","1","0"),
("53211","2","1","","16SO053191","12000","3","0","0","0","2016-07-24","2016-07-24","","2016-07-24 05:35:00","26","2016-07-24 05:35:00","26","1","1","0"),
("53212","2","1","","16SO053192","7000","1.75","0","0","0","2016-07-24","2016-07-24","","2016-07-24 05:35:15","26","2016-07-24 05:35:15","26","1","1","0"),
("53213","2","1","","16SO053193","23000","5.75","0","0","0","2016-07-24","2016-07-24","","2016-07-24 05:37:49","26","2016-07-24 05:37:49","26","1","1","0"),
("53214","2","1","","16SO053194","16800","4.2","0","0","0","2016-07-24","2016-07-24","","2016-07-24 05:40:23","26","2016-07-24 05:40:23","26","1","1","0"),
("53215","2","1","","16SO053195","75000","18.75","0","0","0","2016-07-24","2016-07-24","","2016-07-24 05:40:49","26","2016-07-24 05:40:49","26","1","1","0"),
("53216","2","1","","16SO053196","2500","0.625","0","0","0","2016-07-24","2016-07-24","","2016-07-24 05:41:03","26","2016-07-24 05:41:03","26","1","1","0"),
("53217","2","1","","16SO053197","21000","5.25","0","0","0","2016-07-24","2016-07-24","","2016-07-24 05:42:28","26","2016-07-24 05:42:28","26","1","1","0"),
("53218","2","1","","16SO053198","3500","0.875","0","0","0","2016-07-24","2016-07-24","","2016-07-24 05:42:57","26","2016-07-24 05:42:57","26","1","1","0"),
("53219","2","1","","16SO053199","4000","1","0","0","0","2016-07-24","2016-07-24","","2016-07-24 05:43:21","26","2016-07-24 05:43:21","26","1","1","0"),
("53220","2","1","","16SO053200","29200","7.3","0","0","0","2016-07-24","2016-07-24","","2016-07-24 05:45:06","26","2016-07-24 05:45:06","26","1","1","0"),
("53221","2","1","","16SO053201","57500","14.375","0","0","0","2016-07-24","2016-07-24","","2016-07-24 05:45:50","26","2016-07-24 05:45:50","26","1","1","0"),
("53222","2","1","","16SO053202","4500","1.125","0","0","0","2016-07-24","2016-07-24","","2016-07-24 05:46:26","26","2016-07-24 05:46:26","26","1","1","0"),
("53223","2","1","","16SO053203","60100","15.025","0","0","0","2016-07-24","2016-07-24","","2016-07-24 05:47:37","26","2016-07-24 05:47:37","26","1","1","0"),
("53224","2","1","","16SO053204","2500","0.625","0","0","0","2016-07-24","2016-07-24","","2016-07-24 05:47:44","26","2016-07-24 05:47:44","26","1","1","0"),
("53225","2","1","","16SO053205","5000","1.25","0","0","0","2016-07-24","2016-07-24","","2016-07-24 05:48:10","26","2016-07-24 05:48:10","26","1","1","0"),
("53226","2","1","","16SO053206","4000","1","0","0","0","2016-07-24","2016-07-24","","2016-07-24 05:48:30","26","2016-07-24 05:48:30","26","1","1","0"),
("53227","2","1","","16SO053207","2000","0.5","0","0","0","2016-07-24","2016-07-24","","2016-07-24 05:49:12","26","2016-07-24 05:49:12","26","1","1","0"),
("53228","2","1","","16SO053208","3500","0.875","0","0","0","2016-07-24","2016-07-24","","2016-07-24 05:49:31","26","2016-07-24 05:49:31","26","1","1","0"),
("53229","2","1","","16SO053209","245500","61.375","0","0","0","2016-07-24","2016-07-24","","2016-07-24 05:50:57","26","2016-07-24 05:50:57","26","1","1","0"),
("53230","2","1","","16SO053210","13000","3.25","0","0","0","2016-07-24","2016-07-24","","2016-07-24 05:52:08","26","2016-07-24 05:52:08","26","1","1","0"),
("53231","2","1","","16SO053211","1500","0.375","0","0","0","2016-07-24","2016-07-24","","2016-07-24 05:53:02","26","2016-07-24 05:53:02","26","1","1","0"),
("53232","2","1","","16SO053212","14000","3.5","0","0","0","2016-07-24","2016-07-24","","2016-07-24 05:54:28","26","2016-07-24 05:54:28","26","1","1","0"),
("53233","2","1","","16SO053213","1500","0.375","0","0","0","2016-07-24","2016-07-24","","2016-07-24 05:56:00","26","2016-07-24 05:56:00","26","1","1","0"),
("53234","2","1","","16SO053214","3500","0.875","0","0","0","2016-07-24","2016-07-24","","2016-07-24 05:56:23","26","2016-07-24 05:56:23","26","1","1","0");

INSERT INTO sales_order_details VALUES("70602","53161","0","2228","20","1","1","500","10000","","","0","0","2016-07-24 04:22:21","2016-07-24 04:22:21"),
("70603","53162","0","2228","1","1","1","500","500","","","0","0","2016-07-24 04:22:51","2016-07-24 04:22:51"),
("70604","53163","0","2228","2","1","1","500","1000","","","0","0","2016-07-24 04:25:34","2016-07-24 04:25:34"),
("70605","53163","0","2166","3","1","1","700","2100","","","0","0","2016-07-24 04:25:34","2016-07-24 04:25:34"),
("70606","53164","0","2228","100","1","1","400","40000","","","0","0","2016-07-24 04:27:51","2016-07-24 04:27:51"),
("70607","53164","0","2067","10","1","1","700","7000","","","0","0","2016-07-24 04:27:51","2016-07-24 04:27:51"),
("70608","53164","0","2065","10","1","1","700","7000","","","0","0","2016-07-24 04:27:51","2016-07-24 04:27:51"),
("70609","53164","0","2165","10","1","1","700","7000","","","0","0","2016-07-24 04:27:51","2016-07-24 04:27:51"),
("70610","53164","0","2071","20","1","1","700","14000","","","0","0","2016-07-24 04:27:51","2016-07-24 04:27:51"),
("70611","53165","0","2229","40","1","1","500","20000","","","0","0","2016-07-24 04:30:17","2016-07-24 04:30:17"),
("70612","53165","0","2233","3","1","1","1500","4500","","","0","0","2016-07-24 04:30:17","2016-07-24 04:30:17"),
("70613","53166","0","2228","1","1","1","500","500","","","0","0","2016-07-24 04:30:28","2016-07-24 04:30:28"),
("70614","53166","0","2231","4","1","1","1500","6000","","","0","0","2016-07-24 04:30:28","2016-07-24 04:30:28"),
("70615","53167","0","2228","10","1","1","500","5000","","","0","0","2016-07-24 04:31:29","2016-07-24 04:31:29"),
("70616","53168","0","2231","2","1","1","1500","3000","","","0","0","2016-07-24 04:32:43","2016-07-24 04:32:43"),
("70617","53168","0","2228","10","1","1","500","5000","","","0","0","2016-07-24 04:32:43","2016-07-24 04:32:43"),
("70618","53169","0","2229","40","1","1","700","28000","","","0","0","2016-07-24 04:33:53","2016-07-24 04:33:53"),
("70619","53169","0","2231","4","1","1","1500","6000","","","0","0","2016-07-24 04:33:53","2016-07-24 04:33:53"),
("70620","53169","0","2233","2","1","1","2000","4000","","","0","0","2016-07-24 04:33:53","2016-07-24 04:33:53"),
("70621","53170","0","2229","35","1","1","500","17500","","","0","0","2016-07-24 04:34:46","2016-07-24 04:34:46"),
("70622","53170","0","2166","15","1","1","500","7500","","","0","0","2016-07-24 04:34:46","2016-07-24 04:34:46"),
("70623","53171","0","2228","2","1","1","500","1000","","","0","0","2016-07-24 04:35:07","2016-07-24 04:35:07"),
("70624","53172","0","2229","20","1","1","500","10000","","","0","0","2016-07-24 04:36:13","2016-07-24 04:36:13"),
("70625","53173","0","2228","2","1","1","500","1000","","","0","0","2016-07-24 04:45:10","2016-07-24 04:45:10"),
("70626","53174","0","2146","1","1","1","3500","3500","","","0","0","2016-07-24 04:49:25","2016-07-24 04:49:25"),
("70627","53174","0","2228","30","1","1","500","15000","","","0","0","2016-07-24 04:49:25","2016-07-24 04:49:25"),
("70628","53175","0","2121","1","1","1","13000","13000","","","0","0","2016-07-24 04:52:10","2016-07-24 04:52:10"),
("70629","53176","0","2229","2","1","1","700","1400","","","0","0","2016-07-24 04:55:47","2016-07-24 04:55:47"),
("70630","53176","0","2228","5","1","1","500","2500","","","0","0","2016-07-24 04:55:47","2016-07-24 04:55:47"),
("70631","53177","0","2166","1","1","1","700","700","","","0","0","2016-07-24 04:57:15","2016-07-24 04:57:15"),
("70632","53178","0","2166","3","1","1","700","2100","","","0","0","2016-07-24 05:00:23","2016-07-24 05:00:23"),
("70633","53179","0","2233","2","1","1","2000","4000","","","0","0","2016-07-24 05:04:18","2016-07-24 05:04:18"),
("70634","53180","0","2228","3","1","1","500","1500","","","0","0","2016-07-24 05:07:27","2016-07-24 05:07:27"),
("70635","53181","0","2228","1","1","1","500","500","","","0","0","2016-07-24 05:07:32","2016-07-24 05:07:32"),
("70636","53182","0","2229","20","1","1","700","14000","","","0","0","2016-07-24 05:10:45","2016-07-24 05:10:45"),
("70637","53183","0","2233","3","1","1","1500","4500","","","0","0","2016-07-24 05:13:42","2016-07-24 05:13:42"),
("70638","53183","0","2231","8","1","1","1200","9600","","","0","0","2016-07-24 05:13:42","2016-07-24 05:13:42"),
("70639","53183","0","2228","70","1","1","400","28000","","","0","0","2016-07-24 05:13:42","2016-07-24 05:13:42"),
("70640","53184","0","2228","2","1","1","500","1000","","","0","0","2016-07-24 05:14:25","2016-07-24 05:14:25"),
("70641","53185","0","2125","2","1","1","1000","2000","","","0","0","2016-07-24 05:18:42","2016-07-24 05:18:42"),
("70642","53185","0","2231","2","1","1","1500","3000","","","0","0","2016-07-24 05:18:42","2016-07-24 05:18:42"),
("70643","53186","0","2166","2","1","1","700","1400","","","0","0","2016-07-24 05:20:20","2016-07-24 05:20:20"),
("70644","53187","0","2073","30","1","1","600","18000","","","0","0","2016-07-24 05:22:09","2016-07-24 05:22:09"),
("70645","53187","0","2231","10","1","1","1000","10000","","","0","0","2016-07-24 05:22:09","2016-07-24 05:22:09"),
("70646","53187","0","2078","5","1","1","1200","6000","","","0","0","2016-07-24 05:22:09","2016-07-24 05:22:09"),
("70647","53187","0","2065","15","1","1","700","10500","","","0","0","2016-07-24 05:22:09","2016-07-24 05:22:09"),
("70648","53188","0","2228","2","1","1","500","1000","","","0","0","2016-07-24 05:23:05","2016-07-24 05:23:05"),
("70649","53189","0","2233","1","1","1","2000","2000","","","0","0","2016-07-24 05:24:07","2016-07-24 05:24:07"),
("70650","53189","0","2231","5","1","1","1500","7500","","","0","0","2016-07-24 05:24:07","2016-07-24 05:24:07"),
("70651","53190","0","2231","2","1","1","1500","3000","","","0","0","2016-07-24 05:24:17","2016-07-24 05:24:17"),
("70652","53191","0","2228","5","1","1","500","2500","","","0","0","2016-07-24 05:24:40","2016-07-24 05:24:40"),
("70653","53192","0","2231","3","1","1","1500","4500","","","0","0","2016-07-24 05:24:53","2016-07-24 05:24:53"),
("70654","53193","0","2083","2","1","1","2500","5000","","","0","0","2016-07-24 05:25:00","2016-07-24 05:25:00"),
("70655","53194","0","2231","3","1","1","1500","4500","","","0","0","2016-07-24 05:25:10","2016-07-24 05:25:10"),
("70656","53195","0","2231","2","1","1","1500","3000","","","0","0","2016-07-24 05:25:26","2016-07-24 05:25:26"),
("70657","53196","0","2231","2","1","1","1500","3000","","","0","0","2016-07-24 05:25:34","2016-07-24 05:25:34"),
("70658","53197","0","2231","2","1","1","1500","3000","","","0","0","2016-07-24 05:25:52","2016-07-24 05:25:52"),
("70659","53197","0","2065","2","1","1","1000","2000","","","0","0","2016-07-24 05:25:53","2016-07-24 05:25:53"),
("70660","53198","0","2231","2","1","1","1500","3000","","","0","0","2016-07-24 05:26:09","2016-07-24 05:26:09"),
("70661","53198","0","2233","1","1","1","2000","2000","","","0","0","2016-07-24 05:26:09","2016-07-24 05:26:09"),
("70662","53199","0","2231","1","1","1","1500","1500","","","0","0","2016-07-24 05:26:21","2016-07-24 05:26:21"),
("70663","53199","0","2233","1","1","1","2000","2000","","","0","0","2016-07-24 05:26:21","2016-07-24 05:26:21"),
("70664","53200","0","2166","2","1","1","700","1400","","","0","0","2016-07-24 05:26:43","2016-07-24 05:26:43"),
("70665","53200","0","2233","2","1","1","2000","4000","","","0","0","2016-07-24 05:26:43","2016-07-24 05:26:43"),
("70666","53200","0","2231","2","1","1","1500","3000","","","0","0","2016-07-24 05:26:43","2016-07-24 05:26:43"),
("70667","53201","0","2231","3","1","1","1500","4500","","","0","0","2016-07-24 05:27:24","2016-07-24 05:27:24"),
("70668","53201","0","2166","3","1","1","700","2100","","","0","0","2016-07-24 05:27:24","2016-07-24 05:27:24"),
("70669","53201","0","2228","5","1","1","500","2500","","","0","0","2016-07-24 05:27:24","2016-07-24 05:27:24"),
("70670","53202","0","2233","4","1","1","2000","8000","","","0","0","2016-07-24 05:27:35","2016-07-24 05:27:35"),
("70671","53202","0","2232","1","1","1","1000","1000","","","0","0","2016-07-24 05:27:35","2016-07-24 05:27:35"),
("70672","53203","0","2232","1","1","1","1000","1000","","","0","0","2016-07-24 05:28:09","2016-07-24 05:28:09"),
("70673","53203","0","2231","4","1","1","1500","6000","","","0","0","2016-07-24 05:28:09","2016-07-24 05:28:09"),
("70674","53204","0","2121","1","1","1","13000","13000","","","0","0","2016-07-24 05:29:00","2016-07-24 05:29:00"),
("70675","53205","0","2229","20","1","1","700","14000","","","0","0","2016-07-24 05:29:44","2016-07-24 05:29:44"),
("70676","53206","0","2197","1","1","1","2500","2500","","","0","0","2016-07-24 05:30:17","2016-07-24 05:30:17"),
("70677","53207","0","2231","2","1","1","1500","3000","","","0","0","2016-07-24 05:30:44","2016-07-24 05:30:44"),
("70678","53207","0","2233","2","1","1","2000","4000","","","0","0","2016-07-24 05:30:44","2016-07-24 05:30:44"),
("70679","53208","0","2232","10","1","1","800","8000","","","0","0","2016-07-24 05:32:37","2016-07-24 05:32:37"),
("70680","53208","0","2231","15","1","1","1200","18000","","","0","0","2016-07-24 05:32:37","2016-07-24 05:32:37"),
("70681","53208","0","2229","70","1","1","500","35000","","","0","0","2016-07-24 05:32:37","2016-07-24 05:32:37"),
("70682","53208","0","2233","20","1","1","1500","30000","","","0","0","2016-07-24 05:32:37","2016-07-24 05:32:37"),
("70683","53209","0","2253","1","1","1","2500","2500","","","0","0","2016-07-24 05:33:07","2016-07-24 05:33:07"),
("70684","53210","0","2065","5","1","1","1000","5000","","","0","0","2016-07-24 05:33:34","2016-07-24 05:33:34"),
("70685","53211","0","2229","6","1","1","500","3000","","","0","0","2016-07-24 05:35:00","2016-07-24 05:35:00"),
("70686","53211","0","2233","6","1","1","1500","9000","","","0","0","2016-07-24 05:35:00","2016-07-24 05:35:00"),
("70687","53212","0","2229","10","1","1","700","7000","","","0","0","2016-07-24 05:35:16","2016-07-24 05:35:16"),
("70688","53213","0","2231","5","1","1","1500","7500","","","0","0","2016-07-24 05:37:49","2016-07-24 05:37:49"),
("70689","53213","0","2228","2","1","1","500","1000","","","0","0","2016-07-24 05:37:49","2016-07-24 05:37:49"),
("70690","53213","0","2233","4","1","1","2000","8000","","","0","0","2016-07-24 05:37:49","2016-07-24 05:37:49"),
("70691","53213","0","2197","2","1","1","2500","5000","","","0","0","2016-07-24 05:37:49","2016-07-24 05:37:49"),
("70692","53213","0","2250","3","1","1","500","1500","","","0","0","2016-07-24 05:37:49","2016-07-24 05:37:49"),
("70693","53214","0","2228","2","1","1","500","1000","","","0","0","2016-07-24 05:40:23","2016-07-24 05:40:23"),
("70694","53214","0","2229","4","1","1","700","2800","","","0","0","2016-07-24 05:40:23","2016-07-24 05:40:23"),
("70695","53214","0","2121","1","1","1","13000","13000","","","0","0","2016-07-24 05:40:23","2016-07-24 05:40:23"),
("70696","53215","0","2231","50","1","1","1500","75000","","","0","0","2016-07-24 05:40:49","2016-07-24 05:40:49"),
("70697","53216","0","2228","5","1","1","500","2500","","","0","0","2016-07-24 05:41:03","2016-07-24 05:41:03"),
("70698","53217","0","2166","30","1","1","700","21000","","","0","0","2016-07-24 05:42:28","2016-07-24 05:42:28"),
("70699","53218","0","2166","5","1","1","700","3500","","","0","0","2016-07-24 05:42:57","2016-07-24 05:42:57"),
("70700","53219","0","2218","1","1","1","1000","1000","","","0","0","2016-07-24 05:43:21","2016-07-24 05:43:21"),
("70701","53219","0","2065","1","1","1","1000","1000","","","0","0","2016-07-24 05:43:21","2016-07-24 05:43:21"),
("70702","53219","0","2076","1","1","1","2000","2000","","","0","0","2016-07-24 05:43:21","2016-07-24 05:43:21"),
("70703","53220","0","2078","6","1","1","1500","9000","","","0","0","2016-07-24 05:45:07","2016-07-24 05:45:07"),
("70704","53220","0","2095","4","1","1","4000","16000","","","0","0","2016-07-24 05:45:07","2016-07-24 05:45:07"),
("70705","53220","0","2229","6","1","1","700","4200","","","0","0","2016-07-24 05:45:07","2016-07-24 05:45:07"),
("70706","53221","0","2233","5","1","1","1500","7500","","","0","0","2016-07-24 05:45:50","2016-07-24 05:45:50"),
("70707","53221","0","2228","50","1","1","400","20000","","","0","0","2016-07-24 05:45:50","2016-07-24 05:45:50"),
("70708","53221","0","2229","60","1","1","500","30000","","","0","0","2016-07-24 05:45:50","2016-07-24 05:45:50"),
("70709","53222","0","2233","3","1","1","1500","4500","","","0","0","2016-07-24 05:46:26","2016-07-24 05:46:26"),
("70710","53223","0","2233","4","1","1","1500","6000","","","0","0","2016-07-24 05:47:38","2016-07-24 05:47:38"),
("70711","53223","0","2236","2","1","1","1300","2600","","","0","0","2016-07-24 05:47:38","2016-07-24 05:47:38"),
("70712","53223","0","2164","4","1","1","2000","8000","","","0","0","2016-07-24 05:47:38","2016-07-24 05:47:38"),
("70713","53223","0","2231","15","1","1","1200","18000","","","0","0","2016-07-24 05:47:38","2016-07-24 05:47:38"),
("70714","53223","0","2065","15","1","1","700","10500","","","0","0","2016-07-24 05:47:38","2016-07-24 05:47:38"),
("70715","53223","0","2229","30","1","1","500","15000","","","0","0","2016-07-24 05:47:38","2016-07-24 05:47:38"),
("70716","53224","0","2197","1","1","1","2500","2500","","","0","0","2016-07-24 05:47:44","2016-07-24 05:47:44"),
("70717","53225","0","2228","10","1","1","500","5000","","","0","0","2016-07-24 05:48:10","2016-07-24 05:48:10"),
("70718","53226","0","2232","5","1","1","800","4000","","","0","0","2016-07-24 05:48:30","2016-07-24 05:48:30"),
("70719","53227","0","2228","4","1","1","500","2000","","","0","0","2016-07-24 05:49:12","2016-07-24 05:49:12"),
("70720","53228","0","2233","1","1","1","2000","2000","","","0","0","2016-07-24 05:49:31","2016-07-24 05:49:31"),
("70721","53228","0","2231","1","1","1","1500","1500","","","0","0","2016-07-24 05:49:31","2016-07-24 05:49:31"),
("70722","53229","0","2095","5","1","1","3500","17500","","","0","0","2016-07-24 05:50:57","2016-07-24 05:50:57"),
("70723","53229","0","2232","15","1","1","800","12000","","","0","0","2016-07-24 05:50:57","2016-07-24 05:50:57"),
("70724","53229","0","2233","30","1","1","1500","45000","","","0","0","2016-07-24 05:50:57","2016-07-24 05:50:57"),
("70725","53229","0","2229","190","1","1","500","95000","","","0","0","2016-07-24 05:50:57","2016-07-24 05:50:57"),
("70726","53229","0","2228","190","1","1","400","76000","","","0","0","2016-07-24 05:50:57","2016-07-24 05:50:57"),
("70727","53230","0","2228","20","1","1","500","10000","","","0","0","2016-07-24 05:52:08","2016-07-24 05:52:08"),
("70728","53230","0","2241","1","1","1","3000","3000","","","0","0","2016-07-24 05:52:08","2016-07-24 05:52:08"),
("70729","53231","0","2231","1","1","1","1500","1500","","","0","0","2016-07-24 05:53:02","2016-07-24 05:53:02"),
("70730","53232","0","2166","20","1","1","700","14000","","","0","0","2016-07-24 05:54:28","2016-07-24 05:54:28"),
("70731","53233","0","2228","3","1","1","500","1500","","","0","0","2016-07-24 05:56:00","2016-07-24 05:56:00"),
("70732","53234","0","2229","5","1","1","700","3500","","","0","0","2016-07-24 05:56:23","2016-07-24 05:56:23");

INSERT INTO sales_order_receipts VALUES("53279","53161","7","16RE053277","0","10000","10000","0","2016-07-24","2016-07-24","2016-07-24 04:22:21","26","2016-07-24 04:22:21","26","1"),
("53280","53162","7","16RE053278","0","500","500","0","2016-07-24","2016-07-24","2016-07-24 04:22:51","26","2016-07-24 04:22:51","26","1"),
("53281","53163","7","16RE053279","0","3100","3100","0","2016-07-24","2016-07-24","2016-07-24 04:25:34","26","2016-07-24 04:25:34","26","1"),
("53282","53164","7","16RE053280","0","75000","75000","0","2016-07-24","2016-07-24","2016-07-24 04:27:51","26","2016-07-24 04:27:51","26","1"),
("53283","53165","7","16RE053281","0","24500","24500","0","2016-07-24","2016-07-24","2016-07-24 04:30:17","26","2016-07-24 04:30:17","26","1"),
("53284","53166","7","16RE053282","0","6500","6500","0","2016-07-24","2016-07-24","2016-07-24 04:30:28","26","2016-07-24 04:30:28","26","1"),
("53285","53167","7","16RE053283","0","5000","5000","0","2016-07-24","2016-07-24","2016-07-24 04:31:29","26","2016-07-24 04:31:29","26","1"),
("53286","53168","7","16RE053284","0","8000","8000","0","2016-07-24","2016-07-24","2016-07-24 04:32:43","26","2016-07-24 04:32:43","26","1"),
("53287","53169","7","16RE053285","0","38000","38000","0","2016-07-24","2016-07-24","2016-07-24 04:33:53","26","2016-07-24 04:33:53","26","1"),
("53288","53170","7","16RE053286","0","25000","25000","0","2016-07-24","2016-07-24","2016-07-24 04:34:46","26","2016-07-24 04:34:46","26","1"),
("53289","53171","7","16RE053287","0","1000","1000","0","2016-07-24","2016-07-24","2016-07-24 04:35:07","26","2016-07-24 04:35:07","26","1"),
("53290","53172","7","16RE053288","0","10000","10000","0","2016-07-24","2016-07-24","2016-07-24 04:36:13","26","2016-07-24 04:36:13","26","1"),
("53291","53173","7","16RE053289","0","1000","1000","0","2016-07-24","2016-07-24","2016-07-24 04:45:10","26","2016-07-24 04:45:10","26","1"),
("53292","53174","7","16RE053290","0","18500","18500","0","2016-07-24","2016-07-24","2016-07-24 04:49:25","26","2016-07-24 04:49:25","26","1"),
("53293","53105","7","16RE053291","0","50000","70000","0","2016-07-24","2016-07-24","2016-07-24 04:49:47","26","2016-07-24 04:49:47","26","1"),
("53294","53175","7","16RE053292","0","13000","13000","0","2016-07-24","2016-07-24","2016-07-24 04:52:10","26","2016-07-24 04:52:10","26","1"),
("53295","53176","7","16RE053293","0","3900","3900","0","2016-07-24","2016-07-24","2016-07-24 04:55:47","26","2016-07-24 04:55:47","26","1"),
("53296","53177","7","16RE053294","0","700","700","0","2016-07-24","2016-07-24","2016-07-24 04:57:15","26","2016-07-24 04:57:15","26","1"),
("53297","53178","7","16RE053295","0","2100","2100","0","2016-07-24","2016-07-24","2016-07-24 05:00:23","26","2016-07-24 05:00:23","26","1"),
("53298","53179","7","16RE053296","0","4000","4000","0","2016-07-24","2016-07-24","2016-07-24 05:04:18","26","2016-07-24 05:04:18","26","1"),
("53299","53180","7","16RE053297","0","1500","1500","0","2016-07-24","2016-07-24","2016-07-24 05:07:27","26","2016-07-24 05:07:27","26","1"),
("53300","53181","7","16RE053298","0","500","500","0","2016-07-24","2016-07-24","2016-07-24 05:07:32","26","2016-07-24 05:07:32","26","1"),
("53301","53182","7","16RE053299","0","14000","14000","0","2016-07-24","2016-07-24","2016-07-24 05:10:44","26","2016-07-24 05:10:44","26","1"),
("53302","53183","7","16RE053300","0","42100","42100","0","2016-07-24","2016-07-24","2016-07-24 05:13:42","26","2016-07-24 05:13:42","26","1"),
("53303","53184","7","16RE053301","0","1000","1000","0","2016-07-24","2016-07-24","2016-07-24 05:14:25","26","2016-07-24 05:14:25","26","1"),
("53304","53185","7","16RE053302","0","5000","5000","0","2016-07-24","2016-07-24","2016-07-24 05:18:42","26","2016-07-24 05:18:42","26","1"),
("53305","53186","7","16RE053303","0","1400","1400","0","2016-07-24","2016-07-24","2016-07-24 05:20:20","26","2016-07-24 05:20:20","26","1"),
("53306","53187","7","16RE053304","0","44500","44500","0","2016-07-24","2016-07-24","2016-07-24 05:22:09","26","2016-07-24 05:22:09","26","1"),
("53307","53188","7","16RE053305","0","1000","1000","0","2016-07-24","2016-07-24","2016-07-24 05:23:05","26","2016-07-24 05:23:05","26","1"),
("53308","53189","7","16RE053306","0","9500","9500","0","2016-07-24","2016-07-24","2016-07-24 05:24:07","26","2016-07-24 05:24:07","26","1"),
("53309","53190","7","16RE053307","0","3000","3000","0","2016-07-24","2016-07-24","2016-07-24 05:24:17","26","2016-07-24 05:24:17","26","1"),
("53310","53191","7","16RE053308","0","2500","2500","0","2016-07-24","2016-07-24","2016-07-24 05:24:40","26","2016-07-24 05:24:40","26","1"),
("53311","53192","7","16RE053309","0","4500","4500","0","2016-07-24","2016-07-24","2016-07-24 05:24:52","26","2016-07-24 05:24:52","26","1"),
("53312","53193","7","16RE053310","0","5000","5000","0","2016-07-24","2016-07-24","2016-07-24 05:25:00","26","2016-07-24 05:25:00","26","1"),
("53313","53194","7","16RE053311","0","4500","4500","0","2016-07-24","2016-07-24","2016-07-24 05:25:10","26","2016-07-24 05:25:10","26","1"),
("53314","53195","7","16RE053312","0","3000","3000","0","2016-07-24","2016-07-24","2016-07-24 05:25:25","26","2016-07-24 05:25:25","26","1"),
("53315","53196","7","16RE053313","0","3000","3000","0","2016-07-24","2016-07-24","2016-07-24 05:25:34","26","2016-07-24 05:25:34","26","1"),
("53316","53197","7","16RE053314","0","5000","5000","0","2016-07-24","2016-07-24","2016-07-24 05:25:52","26","2016-07-24 05:25:52","26","1"),
("53317","53198","7","16RE053315","0","5000","5000","0","2016-07-24","2016-07-24","2016-07-24 05:26:09","26","2016-07-24 05:26:09","26","1"),
("53318","53199","7","16RE053316","0","3500","3500","0","2016-07-24","2016-07-24","2016-07-24 05:26:21","26","2016-07-24 05:26:21","26","1"),
("53319","53200","7","16RE053317","0","8400","8400","0","2016-07-24","2016-07-24","2016-07-24 05:26:43","26","2016-07-24 05:26:43","26","1"),
("53320","53201","7","16RE053318","0","9100","9100","0","2016-07-24","2016-07-24","2016-07-24 05:27:24","26","2016-07-24 05:27:24","26","1"),
("53321","53202","7","16RE053319","0","9000","9000","0","2016-07-24","2016-07-24","2016-07-24 05:27:35","26","2016-07-24 05:27:35","26","1"),
("53322","53203","7","16RE053320","0","7000","7000","0","2016-07-24","2016-07-24","2016-07-24 05:28:09","26","2016-07-24 05:28:09","26","1"),
("53323","53204","7","16RE053321","0","13000","13000","0","2016-07-24","2016-07-24","2016-07-24 05:29:00","26","2016-07-24 05:29:00","26","1"),
("53324","53205","7","16RE053322","0","14000","14000","0","2016-07-24","2016-07-24","2016-07-24 05:29:44","26","2016-07-24 05:29:44","26","1"),
("53325","53206","7","16RE053323","0","2500","2500","0","2016-07-24","2016-07-24","2016-07-24 05:30:17","26","2016-07-24 05:30:17","26","1"),
("53326","53207","7","16RE053324","0","7000","7000","0","2016-07-24","2016-07-24","2016-07-24 05:30:44","26","2016-07-24 05:30:44","26","1"),
("53327","53208","7","16RE053325","0","91000","91000","0","2016-07-24","2016-07-24","2016-07-24 05:32:37","26","2016-07-24 05:32:37","26","1"),
("53328","53209","7","16RE053326","0","2500","2500","0","2016-07-24","2016-07-24","2016-07-24 05:33:07","26","2016-07-24 05:33:07","26","1"),
("53329","53210","7","16RE053327","0","5000","5000","0","2016-07-24","2016-07-24","2016-07-24 05:33:34","26","2016-07-24 05:33:34","26","1"),
("53330","53211","7","16RE053328","0","12000","12000","0","2016-07-24","2016-07-24","2016-07-24 05:35:00","26","2016-07-24 05:35:00","26","1"),
("53331","53212","7","16RE053329","0","7000","7000","0","2016-07-24","2016-07-24","2016-07-24 05:35:15","26","2016-07-24 05:35:15","26","1"),
("53332","53213","7","16RE053330","0","23000","23000","0","2016-07-24","2016-07-24","2016-07-24 05:37:49","26","2016-07-24 05:37:49","26","1"),
("53333","53214","7","16RE053331","0","16800","16800","0","2016-07-24","2016-07-24","2016-07-24 05:40:23","26","2016-07-24 05:40:23","26","1"),
("53334","53215","7","16RE053332","0","75000","75000","0","2016-07-24","2016-07-24","2016-07-24 05:40:49","26","2016-07-24 05:40:49","26","1"),
("53335","53216","7","16RE053333","0","2500","2500","0","2016-07-24","2016-07-24","2016-07-24 05:41:03","26","2016-07-24 05:41:03","26","1"),
("53336","53217","7","16RE053334","0","21000","21000","0","2016-07-24","2016-07-24","2016-07-24 05:42:28","26","2016-07-24 05:42:28","26","1"),
("53337","53218","7","16RE053335","0","3500","3500","0","2016-07-24","2016-07-24","2016-07-24 05:42:57","26","2016-07-24 05:42:57","26","1"),
("53338","53219","7","16RE053336","0","4000","4000","0","2016-07-24","2016-07-24","2016-07-24 05:43:21","26","2016-07-24 05:43:21","26","1"),
("53339","53220","7","16RE053337","0","29200","29200","0","2016-07-24","2016-07-24","2016-07-24 05:45:06","26","2016-07-24 05:45:06","26","1"),
("53340","53221","7","16RE053338","0","57500","57500","0","2016-07-24","2016-07-24","2016-07-24 05:45:50","26","2016-07-24 05:45:50","26","1"),
("53341","53222","7","16RE053339","0","4500","4500","0","2016-07-24","2016-07-24","2016-07-24 05:46:26","26","2016-07-24 05:46:26","26","1"),
("53342","53223","7","16RE053340","0","60100","60100","0","2016-07-24","2016-07-24","2016-07-24 05:47:37","26","2016-07-24 05:47:37","26","1"),
("53343","53224","7","16RE053341","0","2500","2500","0","2016-07-24","2016-07-24","2016-07-24 05:47:44","26","2016-07-24 05:47:44","26","1"),
("53344","53225","7","16RE053342","0","5000","5000","0","2016-07-24","2016-07-24","2016-07-24 05:48:10","26","2016-07-24 05:48:10","26","1"),
("53345","53226","7","16RE053343","0","4000","4000","0","2016-07-24","2016-07-24","2016-07-24 05:48:30","26","2016-07-24 05:48:30","26","1"),
("53346","53227","7","16RE053344","0","2000","2000","0","2016-07-24","2016-07-24","2016-07-24 05:49:12","26","2016-07-24 05:49:12","26","1"),
("53347","53228","7","16RE053345","0","3500","3500","0","2016-07-24","2016-07-24","2016-07-24 05:49:31","26","2016-07-24 05:49:31","26","1"),
("53348","53229","7","16RE053346","0","245500","245500","0","2016-07-24","2016-07-24","2016-07-24 05:50:57","26","2016-07-24 05:50:57","26","1"),
("53349","51740","7","16RE053347","0","80000","160000","0","2016-07-24","2016-07-24","2016-07-24 05:51:43","26","2016-07-24 05:51:43","26","1"),
("53350","53230","7","16RE053348","0","13000","13000","0","2016-07-24","2016-07-24","2016-07-24 05:52:08","26","2016-07-24 05:52:08","26","1"),
("53351","53231","7","16RE053349","0","1500","1500","0","2016-07-24","2016-07-24","2016-07-24 05:53:02","26","2016-07-24 05:53:02","26","1"),
("53352","53232","7","16RE053350","0","14000","14000","0","2016-07-24","2016-07-24","2016-07-24 05:54:28","26","2016-07-24 05:54:28","26","1"),
("53353","53233","7","16RE053351","0","1500","1500","0","2016-07-24","2016-07-24","2016-07-24 05:56:00","26","2016-07-24 05:56:00","26","1"),
("53354","53234","7","16RE053352","0","3500","3500","0","2016-07-24","2016-07-24","2016-07-24 05:56:23","26","2016-07-24 05:56:23","26","1");

