INSERT INTO inventories VALUES("75194","","","","56630","","","2228","2","20","0","500","2016-07-27","0000-00-00","","2016-07-27 12:00:15","28","2016-07-27 12:00:15","28","1"),
("75195","","","","56631","","","2250","2","1","0","500","2016-07-27","0000-00-00","","2016-07-27 12:00:51","32","2016-07-27 12:00:51","32","1"),
("75196","","","","56632","","","2228","2","10","0","500","2016-07-27","0000-00-00","","2016-07-27 12:01:06","32","2016-07-27 12:01:06","32","1"),
("75197","","","","56633","","","2231","2","3","0","1500","2016-07-27","0000-00-00","","2016-07-27 12:01:22","28","2016-07-27 12:01:22","28","1"),
("75198","","","","56633","","","2164","2","1","0","3000","2016-07-27","0000-00-00","","2016-07-27 12:01:22","28","2016-07-27 12:01:22","28","1"),
("75199","","","","56634","","","2164","2","2","0","3000","2016-07-27","0000-00-00","","2016-07-27 12:01:34","28","2016-07-27 12:01:34","28","1"),
("75200","","","","56635","","","2083","2","1","0","2500","2016-07-27","0000-00-00","","2016-07-27 12:01:42","32","2016-07-27 12:01:42","32","1"),
("75201","","","","56636","","","2228","2","10","0","500","2016-07-27","0000-00-00","","2016-07-27 12:03:07","28","2016-07-27 12:03:07","28","1"),
("75202","","","","56637","","","2231","2","2","0","1500","2016-07-27","0000-00-00","","2016-07-27 12:03:36","32","2016-07-27 12:03:36","32","1"),
("75203","","","","56638","","","2228","2","5","0","500","2016-07-27","0000-00-00","","2016-07-27 12:06:29","32","2016-07-27 12:06:29","32","1"),
("75204","","","","56639","","","2118","2","1","0","6500","2016-07-27","0000-00-00","","2016-07-27 12:06:52","28","2016-07-27 12:06:52","28","1"),
("75205","","","","56639","","","2141","2","1","0","60000","2016-07-27","0000-00-00","","2016-07-27 12:06:53","28","2016-07-27 12:06:53","28","1"),
("75206","","","","56640","","","2228","2","5","0","500","2016-07-27","0000-00-00","","2016-07-27 12:07:05","32","2016-07-27 12:07:05","32","1"),
("75207","","","","56640","","","2118","2","1","0","6500","2016-07-27","0000-00-00","","2016-07-27 12:07:05","32","2016-07-27 12:07:05","32","1"),
("75208","","","","56640","","","2070","2","2","0","1000","2016-07-27","0000-00-00","","2016-07-27 12:07:05","32","2016-07-27 12:07:05","32","1"),
("75209","","","","56640","","","2231","2","2","0","1500","2016-07-27","0000-00-00","","2016-07-27 12:07:05","32","2016-07-27 12:07:05","32","1"),
("75210","","","","56641","","","2118","2","1","0","6500","2016-07-27","0000-00-00","","2016-07-27 12:07:38","28","2016-07-27 12:07:38","28","1"),
("75211","","","","56641","","","2121","2","1","0","13000","2016-07-27","0000-00-00","","2016-07-27 12:07:38","28","2016-07-27 12:07:38","28","1"),
("75212","","","","56642","","","2164","2","1","0","3000","2016-07-27","0000-00-00","","2016-07-27 12:08:00","32","2016-07-27 12:08:00","32","1"),
("75213","","","","56643","","","2228","2","4","0","500","2016-07-27","0000-00-00","","2016-07-27 12:08:11","32","2016-07-27 12:08:11","32","1"),
("75214","","","","56644","","","2231","2","2","0","1500","2016-07-27","0000-00-00","","2016-07-27 12:08:19","32","2016-07-27 12:08:19","32","1"),
("75215","","","","56645","","","2095","2","1","0","4000","2016-07-27","0000-00-00","","2016-07-27 12:09:11","32","2016-07-27 12:09:11","32","1"),
("75216","","","","56645","","","2102","2","1","0","5000","2016-07-27","0000-00-00","","2016-07-27 12:09:11","32","2016-07-27 12:09:11","32","1"),
("75217","","","","56645","","","2118","2","1","0","6500","2016-07-27","0000-00-00","","2016-07-27 12:09:11","32","2016-07-27 12:09:11","32","1"),
("75218","","","","56645","","","2121","2","2","0","13000","2016-07-27","0000-00-00","","2016-07-27 12:09:11","32","2016-07-27 12:09:11","32","1"),
("75219","","","","56646","","","2228","2","4","0","500","2016-07-27","0000-00-00","","2016-07-27 12:10:00","32","2016-07-27 12:10:00","32","1"),
("75220","","","","56647","","","2250","2","1","0","500","2016-07-27","0000-00-00","","2016-07-27 12:11:28","32","2016-07-27 12:11:28","32","1"),
("75221","","","","56647","","","2064","2","1","0","2000","2016-07-27","0000-00-00","","2016-07-27 12:11:28","32","2016-07-27 12:11:28","32","1"),
("75222","","","","56648","","","2064","2","2","0","2000","2016-07-27","0000-00-00","","2016-07-27 12:12:06","32","2016-07-27 12:12:06","32","1"),
("75223","","","","56649","","","2125","2","1","0","1000","2016-07-27","0000-00-00","","2016-07-27 12:17:57","28","2016-07-27 12:17:57","28","1"),
("75224","","","","56650","","","2228","2","5","0","500","2016-07-27","0000-00-00","","2016-07-27 12:18:24","32","2016-07-27 12:18:24","32","1"),
("75225","","","","56651","","","2228","2","3","0","500","2016-07-27","0000-00-00","","2016-07-27 12:21:20","32","2016-07-27 12:21:20","32","1"),
("75226","","","","56652","","","2233","2","5","0","1500","2016-07-27","0000-00-00","","2016-07-27 12:21:26","28","2016-07-27 12:21:26","28","1"),
("75227","","","","56652","","","2229","2","59","0","500","2016-07-27","0000-00-00","","2016-07-27 12:21:26","28","2016-07-27 12:21:26","28","1"),
("75228","","","","56652","","","2065","2","40","0","700","2016-07-27","0000-00-00","","2016-07-27 12:21:26","28","2016-07-27 12:21:26","28","1"),
("75229","","","","56653","","","2135","2","1","0","12000","2016-07-27","0000-00-00","","2016-07-27 12:22:16","32","2016-07-27 12:22:16","32","1"),
("75230","","","","56654","","","2083","2","2","0","2500","2016-07-27","0000-00-00","","2016-07-27 12:24:16","32","2016-07-27 12:24:16","32","1"),
("75231","","","","56655","","","2231","2","2","0","1500","2016-07-27","0000-00-00","","2016-07-27 12:24:59","32","2016-07-27 12:24:59","32","1"),
("75232","","","","56656","","","2231","2","1","0","1500","2016-07-27","0000-00-00","","2016-07-27 12:28:21","32","2016-07-27 12:28:21","32","1"),
("75233","","","","56657","","","2231","2","4","0","1500","2016-07-27","0000-00-00","","2016-07-27 12:29:17","32","2016-07-27 12:29:17","32","1"),
("75234","","","","56658","","","2064","2","1","0","2000","2016-07-27","0000-00-00","","2016-07-27 12:29:23","32","2016-07-27 12:29:23","32","1"),
("75235","","","","56659","","","2231","2","2","0","1500","2016-07-27","0000-00-00","","2016-07-27 12:29:29","32","2016-07-27 12:29:29","32","1"),
("75236","","","","56660","","","2126","2","2","0","2000","2016-07-27","0000-00-00","","2016-07-27 12:29:54","32","2016-07-27 12:29:54","32","1"),
("75237","","","","56661","","","2107","2","1","0","6000","2016-07-27","0000-00-00","","2016-07-27 12:30:41","32","2016-07-27 12:30:41","32","1"),
("75238","","","","56661","","","2095","2","1","0","4000","2016-07-27","0000-00-00","","2016-07-27 12:30:41","32","2016-07-27 12:30:41","32","1"),
("75239","","","","56662","","","2083","2","1","0","2500","2016-07-27","0000-00-00","","2016-07-27 12:30:53","32","2016-07-27 12:30:53","32","1"),
("75240","","","","56663","","","2146","2","1","0","3500","2016-07-27","0000-00-00","","2016-07-27 12:31:14","32","2016-07-27 12:31:14","32","1"),
("75241","","","","56664","","","2064","2","1","0","2000","2016-07-27","0000-00-00","","2016-07-27 12:31:31","32","2016-07-27 12:31:31","32","1"),
("75242","","","","56664","","","2231","2","10","0","1500","2016-07-27","0000-00-00","","2016-07-27 12:31:31","32","2016-07-27 12:31:31","32","1"),
("75243","","","","56665","","","2229","2","10","0","700","2016-07-27","0000-00-00","","2016-07-27 12:34:39","32","2016-07-27 12:34:39","32","1"),
("75244","","","","56666","","","2250","2","1","0","500","2016-07-27","0000-00-00","","2016-07-27 12:34:46","32","2016-07-27 12:34:46","32","1"),
("75245","","","","56667","","","2065","2","2","0","1000","2016-07-27","0000-00-00","","2016-07-27 12:35:09","32","2016-07-27 12:35:09","32","1"),
("75246","","","","56668","","","2250","2","1","0","500","2016-07-27","0000-00-00","","2016-07-27 12:35:54","32","2016-07-27 12:35:54","32","1"),
("75247","","","","56669","","","2228","2","5","0","500","2016-07-27","0000-00-00","","2016-07-27 12:42:25","32","2016-07-27 12:42:25","32","1"),
("75248","","","","56670","","","2197","2","1","0","2500","2016-07-27","0000-00-00","","2016-07-27 12:46:10","26","2016-07-27 12:46:10","26","1"),
("75249","","","","56671","","","2102","2","1","0","5000","2016-07-27","0000-00-00","","2016-07-27 12:49:28","26","2016-07-27 12:49:28","26","1"),
("75250","","","","56672","","","2065","2","2","0","1000","2016-07-27","0000-00-00","","2016-07-27 12:49:47","26","2016-07-27 12:49:47","26","1"),
("75251","","","","56672","","","2073","2","2","0","1000","2016-07-27","0000-00-00","","2016-07-27 12:49:47","26","2016-07-27 12:49:47","26","1"),
("75252","","","","56673","","","2228","2","3","0","500","2016-07-27","0000-00-00","","2016-07-27 12:51:08","26","2016-07-27 12:51:08","26","1"),
("75253","","","","56673","","","2166","2","5","0","700","2016-07-27","0000-00-00","","2016-07-27 12:51:08","26","2016-07-27 12:51:08","26","1"),
("75254","","","","56674","","","2231","2","4","0","1500","2016-07-27","0000-00-00","","2016-07-27 12:52:56","32","2016-07-27 12:52:56","32","1"),
("75255","","","","56675","","","2235","2","2","0","2500","2016-07-27","0000-00-00","","2016-07-27 12:53:17","26","2016-07-27 12:53:17","26","1"),
("75256","","","","56676","","","2219","2","1","0","2500","2016-07-27","0000-00-00","","2016-07-27 12:56:38","26","2016-07-27 12:56:38","26","1"),
("75257","","","","56676","","","2172","2","1","0","2500","2016-07-27","0000-00-00","","2016-07-27 12:56:38","26","2016-07-27 12:56:38","26","1"),
("75258","","","","56677","","","2228","2","1","0","500","2016-07-27","0000-00-00","","2016-07-27 12:57:00","26","2016-07-27 12:57:00","26","1"),
("75259","","","","56678","","","2228","2","4","0","500","2016-07-27","0000-00-00","","2016-07-27 12:57:20","32","2016-07-27 12:57:20","32","1"),
("75260","","","","56679","","","2228","2","20","0","500","2016-07-27","0000-00-00","","2016-07-27 12:58:20","32","2016-07-27 12:58:20","32","1"),
("75261","","","","56680","","","2118","2","1","0","6500","2016-07-27","0000-00-00","","2016-07-27 12:58:33","26","2016-07-27 12:58:33","26","1"),
("75262","","","","56681","","","2228","2","2","0","500","2016-07-27","0000-00-00","","2016-07-27 12:59:29","32","2016-07-27 12:59:29","32","1"),
("75263","","","","56682","","","2231","2","10","0","1200","2016-07-27","0000-00-00","","2016-07-27 13:01:15","32","2016-07-27 13:01:15","32","1"),
("75264","","","","56682","","","2065","2","10","0","700","2016-07-27","0000-00-00","","2016-07-27 13:01:15","32","2016-07-27 13:01:15","32","1"),
("75265","","","","56682","","","2229","2","40","0","500","2016-07-27","0000-00-00","","2016-07-27 13:01:15","32","2016-07-27 13:01:15","32","1"),
("75266","","","","56683","","","2228","2","4","0","500","2016-07-27","0000-00-00","","2016-07-27 13:03:31","32","2016-07-27 13:03:31","32","1"),
("75267","","","","56684","","","2228","2","10","0","500","2016-07-27","0000-00-00","","2016-07-27 13:04:25","26","2016-07-27 13:04:25","26","1"),
("75268","","","","56685","","","2073","2","1","0","1000","2016-07-27","0000-00-00","","2016-07-27 13:04:49","32","2016-07-27 13:04:49","32","1"),
("75269","","","","56685","","","2076","2","3","0","2000","2016-07-27","0000-00-00","","2016-07-27 13:04:49","32","2016-07-27 13:04:49","32","1"),
("75270","","","","56686","","","2228","2","1","0","500","2016-07-27","0000-00-00","","2016-07-27 13:05:18","32","2016-07-27 13:05:18","32","1"),
("75271","","","","56687","","","2228","2","12","0","500","2016-07-27","0000-00-00","","2016-07-27 13:05:35","26","2016-07-27 13:05:35","26","1"),
("75272","","","","56688","","","2226","2","1","0","3000","2016-07-27","0000-00-00","","2016-07-27 13:06:44","32","2016-07-27 13:06:44","32","1"),
("75273","","","","56689","","","2228","2","3","0","500","2016-07-27","0000-00-00","","2016-07-27 13:07:00","32","2016-07-27 13:07:00","32","1"),
("75274","","","","56690","","","2231","2","1","0","1500","2016-07-27","0000-00-00","","2016-07-27 13:07:27","26","2016-07-27 13:07:27","26","1"),
("75275","","","","56690","","","2125","2","1","0","1000","2016-07-27","0000-00-00","","2016-07-27 13:07:27","26","2016-07-27 13:07:27","26","1"),
("75276","","","","56691","","","2231","2","1","0","1500","2016-07-27","0000-00-00","","2016-07-27 13:07:57","26","2016-07-27 13:07:57","26","1"),
("75277","","","","56692","","","2228","2","10","0","500","2016-07-27","0000-00-00","","2016-07-27 13:10:08","32","2016-07-27 13:10:08","32","1"),
("75278","","","","56693","","","2228","2","10","0","500","2016-07-27","0000-00-00","","2016-07-27 13:11:52","26","2016-07-27 13:11:52","26","1"),
("75279","","","","56694","","","2231","2","10","0","1500","2016-07-27","0000-00-00","","2016-07-27 13:12:45","26","2016-07-27 13:12:45","26","1"),
("75280","","","","56695","","","2089","2","1","0","2500","2016-07-27","0000-00-00","","2016-07-27 13:13:25","32","2016-07-27 13:13:25","32","1"),
("75281","","","","56695","","","2076","2","1","0","2000","2016-07-27","0000-00-00","","2016-07-27 13:13:25","32","2016-07-27 13:13:25","32","1"),
("75282","","","","56696","","","2137","2","1","0","20000","2016-07-27","0000-00-00","","2016-07-27 13:14:01","32","2016-07-27 13:14:01","32","1"),
("75283","","","","56697","","","2240","2","1","0","5000","2016-07-27","0000-00-00","","2016-07-27 13:14:11","26","2016-07-27 13:14:11","26","1"),
("75284","","","","56698","","","2089","2","1","0","2500","2016-07-27","0000-00-00","","2016-07-27 13:14:19","32","2016-07-27 13:14:19","32","1"),
("75285","","","","56699","","","2229","2","2","0","700","2016-07-27","0000-00-00","","2016-07-27 13:14:26","32","2016-07-27 13:14:26","32","1"),
("75286","","","","56700","","","2197","2","1","0","2500","2016-07-27","0000-00-00","","2016-07-27 13:14:54","26","2016-07-27 13:14:54","26","1"),
("75287","","","","56701","","","2083","2","1","0","2500","2016-07-27","0000-00-00","","2016-07-27 13:15:13","26","2016-07-27 13:15:13","26","1"),
("75288","","","","56702","","","2099","2","1","0","2000","2016-07-27","0000-00-00","","2016-07-27 13:15:32","26","2016-07-27 13:15:32","26","1"),
("75289","","","","56703","","","2083","2","1","0","2500","2016-07-27","0000-00-00","","2016-07-27 13:16:26","26","2016-07-27 13:16:26","26","1"),
("75290","","","","56704","","","2166","2","10","0","700","2016-07-27","0000-00-00","","2016-07-27 13:18:04","26","2016-07-27 13:18:04","26","1"),
("75291","","","","56704","","","2104","2","1","0","5500","2016-07-27","0000-00-00","","2016-07-27 13:18:04","26","2016-07-27 13:18:04","26","1"),
("75292","","","","56705","","","2228","2","1","0","500","2016-07-27","0000-00-00","","2016-07-27 13:25:46","26","2016-07-27 13:25:46","26","1"),
("75293","","","","56706","","","2229","2","3","0","700","2016-07-27","0000-00-00","","2016-07-27 13:26:58","32","2016-07-27 13:26:58","32","1"),
("75294","","","","56707","","","2228","2","10","0","500","2016-07-27","0000-00-00","","2016-07-27 13:29:41","32","2016-07-27 13:29:41","32","1"),
("75295","","","","56708","","","2229","2","40","0","500","2016-07-27","0000-00-00","","2016-07-27 13:31:47","32","2016-07-27 13:31:47","32","1"),
("75296","","","","56708","","","2231","2","15","0","1200","2016-07-27","0000-00-00","","2016-07-27 13:31:47","32","2016-07-27 13:31:47","32","1"),
("75297","","","","56708","","","2065","2","15","0","700","2016-07-27","0000-00-00","","2016-07-27 13:31:47","32","2016-07-27 13:31:47","32","1"),
("75298","","","","56709","","","2125","2","1","0","1000","2016-07-27","0000-00-00","","2016-07-27 13:31:53","32","2016-07-27 13:31:53","32","1"),
("75299","","","","56710","","","2250","2","2","0","500","2016-07-27","0000-00-00","","2016-07-27 13:32:50","32","2016-07-27 13:32:50","32","1"),
("75300","","","","56711","","","2228","2","2","0","500","2016-07-27","0000-00-00","","2016-07-27 13:34:00","26","2016-07-27 13:34:00","26","1"),
("75301","","","","56711","","","2166","2","2","0","700","2016-07-27","0000-00-00","","2016-07-27 13:34:01","26","2016-07-27 13:34:01","26","1"),
("75302","","","","56712","","","2146","2","1","0","3500","2016-07-27","0000-00-00","","2016-07-27 13:36:58","26","2016-07-27 13:36:58","26","1"),
("75303","","","","56712","","","2107","2","2","0","6000","2016-07-27","0000-00-00","","2016-07-27 13:36:58","26","2016-07-27 13:36:58","26","1"),
("75304","","","","56713","","","2104","2","1","0","5500","2016-07-27","0000-00-00","","2016-07-27 13:37:17","26","2016-07-27 13:37:17","26","1"),
("75305","","","","56713","","","2238","2","1","0","2500","2016-07-27","0000-00-00","","2016-07-27 13:37:17","26","2016-07-27 13:37:17","26","1"),
("75306","","","","56713","","","2065","2","2","0","1000","2016-07-27","0000-00-00","","2016-07-27 13:37:17","26","2016-07-27 13:37:17","26","1"),
("75307","","","","56714","","","2073","2","1","0","1000","2016-07-27","0000-00-00","","2016-07-27 13:37:31","32","2016-07-27 13:37:31","32","1"),
("75308","","","","56714","","","2231","2","2","0","1500","2016-07-27","0000-00-00","","2016-07-27 13:37:31","32","2016-07-27 13:37:31","32","1"),
("75309","","","","56715","","","2146","2","1","0","3500","2016-07-27","0000-00-00","","2016-07-27 13:37:35","26","2016-07-27 13:37:35","26","1"),
("75310","","","","56716","","","2104","2","1","0","5500","2016-07-27","0000-00-00","","2016-07-27 13:38:12","32","2016-07-27 13:38:12","32","1"),
("75311","","","","56716","","","2146","2","3","0","3500","2016-07-27","0000-00-00","","2016-07-27 13:38:12","32","2016-07-27 13:38:12","32","1"),
("75312","","","","56716","","","2107","2","2","0","6000","2016-07-27","0000-00-00","","2016-07-27 13:38:12","32","2016-07-27 13:38:12","32","1"),
("75313","","","","56717","","","2228","2","10","0","500","2016-07-27","0000-00-00","","2016-07-27 13:41:23","26","2016-07-27 13:41:23","26","1"),
("75314","","","","56718","","","2228","2","3","0","500","2016-07-27","0000-00-00","","2016-07-27 13:43:19","28","2016-07-27 13:43:19","28","1"),
("75315","","","","56719","","","2228","2","10","0","500","2016-07-27","0000-00-00","","2016-07-27 13:44:43","28","2016-07-27 13:44:43","28","1"),
("75316","","","","56720","","","2228","2","4","0","500","2016-07-27","0000-00-00","","2016-07-27 13:46:12","26","2016-07-27 13:46:12","26","1"),
("75317","","","","56721","","","2064","2","2","0","2000","2016-07-27","0000-00-00","","2016-07-27 13:48:12","26","2016-07-27 13:48:12","26","1"),
("75318","","","","56722","","","2235","2","1","0","2500","2016-07-27","0000-00-00","","2016-07-27 13:49:40","26","2016-07-27 13:49:40","26","1"),
("75319","","","","56723","","","2228","2","10","0","500","2016-07-27","0000-00-00","","2016-07-27 13:50:31","26","2016-07-27 13:50:31","26","1"),
("75320","","","","56724","","","2121","2","2","0","13000","2016-07-27","0000-00-00","","2016-07-27 13:50:33","28","2016-07-27 13:50:33","28","1"),
("75321","","","","56724","","","2231","2","10","0","1500","2016-07-27","0000-00-00","","2016-07-27 13:50:33","28","2016-07-27 13:50:33","28","1"),
("75322","","","","56725","","","2229","2","5","0","700","2016-07-27","0000-00-00","","2016-07-27 13:52:09","26","2016-07-27 13:52:09","26","1"),
("75323","","","","56726","","","2070","2","2","0","1000","2016-07-27","0000-00-00","","2016-07-27 13:52:50","28","2016-07-27 13:52:50","28","1"),
("75324","","","","56726","","","2164","2","1","0","3000","2016-07-27","0000-00-00","","2016-07-27 13:52:50","28","2016-07-27 13:52:50","28","1"),
("75325","","","","56726","","","2229","2","5","0","700","2016-07-27","0000-00-00","","2016-07-27 13:52:50","28","2016-07-27 13:52:50","28","1"),
("75326","","","","56726","","","2231","2","5","0","1500","2016-07-27","0000-00-00","","2016-07-27 13:52:50","28","2016-07-27 13:52:50","28","1"),
("75327","","","","56727","","","2232","2","2","0","1000","2016-07-27","0000-00-00","","2016-07-27 14:00:30","28","2016-07-27 14:00:30","28","1"),
("75328","","","","56728","","","2164","2","1","0","3000","2016-07-27","0000-00-00","","2016-07-27 14:01:55","26","2016-07-27 14:01:55","26","1"),
("75329","","","","56729","","","2125","2","2","0","1000","2016-07-27","0000-00-00","","2016-07-27 14:04:21","26","2016-07-27 14:04:21","26","1"),
("75330","","","","56729","","","2166","2","1","0","700","2016-07-27","0000-00-00","","2016-07-27 14:04:21","26","2016-07-27 14:04:21","26","1"),
("75331","","","","56729","","","2070","2","1","0","1000","2016-07-27","0000-00-00","","2016-07-27 14:04:21","26","2016-07-27 14:04:21","26","1"),
("75332","","","","56729","","","2231","2","1","0","1500","2016-07-27","0000-00-00","","2016-07-27 14:04:21","26","2016-07-27 14:04:21","26","1"),
("75333","","","","56730","","","2231","2","2","0","1500","2016-07-27","0000-00-00","","2016-07-27 14:05:09","28","2016-07-27 14:05:09","28","1"),
("75334","","","","56731","","","2257","2","1","0","2500","2016-07-27","0000-00-00","","2016-07-27 14:11:04","26","2016-07-27 14:11:04","26","1"),
("75335","","","","56732","","","2218","2","1","0","1000","2016-07-27","0000-00-00","","2016-07-27 14:11:34","26","2016-07-27 14:11:34","26","1"),
("75336","","","","56733","","","2083","2","1","0","2500","2016-07-27","0000-00-00","","2016-07-27 14:13:17","26","2016-07-27 14:13:17","26","1"),
("75337","","","","56734","","","2228","2","30","0","500","2016-07-27","0000-00-00","","2016-07-27 14:13:33","26","2016-07-27 14:13:33","26","1"),
("75338","","","","56735","","","2095","2","2","0","4000","2016-07-27","0000-00-00","","2016-07-27 14:14:27","26","2016-07-27 14:14:27","26","1"),
("75339","","","","56736","","","2250","2","2","0","500","2016-07-27","0000-00-00","","2016-07-27 14:14:32","28","2016-07-27 14:14:32","28","1"),
("75340","","","","56736","","","2083","2","1","0","2500","2016-07-27","0000-00-00","","2016-07-27 14:14:32","28","2016-07-27 14:14:32","28","1"),
("75341","","","","56737","","","2065","2","1","0","1000","2016-07-27","0000-00-00","","2016-07-27 14:16:32","26","2016-07-27 14:16:32","26","1"),
("75342","","","","56738","","","2133","2","1","0","6000","2016-07-27","0000-00-00","","2016-07-27 14:17:16","26","2016-07-27 14:17:16","26","1"),
("75343","","","","56739","","","2228","2","6","0","500","2016-07-27","0000-00-00","","2016-07-27 14:20:07","28","2016-07-27 14:20:07","28","1"),
("75344","","","","56740","","","2137","2","1","0","20000","2016-07-27","0000-00-00","","2016-07-27 14:20:35","26","2016-07-27 14:20:35","26","1"),
("75345","","","","56741","","","2139","2","1","0","28000","2016-07-27","0000-00-00","","2016-07-27 14:23:29","26","2016-07-27 14:23:29","26","1"),
("75346","","","","56742","","","2104","2","2","0","5500","2016-07-27","0000-00-00","","2016-07-27 14:23:40","26","2016-07-27 14:23:40","26","1"),
("75347","","","","56742","","","2228","2","10","0","500","2016-07-27","0000-00-00","","2016-07-27 14:23:40","26","2016-07-27 14:23:40","26","1"),
("75348","","","","56743","","","2231","2","2","0","1500","2016-07-27","0000-00-00","","2016-07-27 14:24:28","26","2016-07-27 14:24:28","26","1"),
("75349","","","","56744","","","2095","2","1","0","4000","2016-07-27","0000-00-00","","2016-07-27 14:24:47","28","2016-07-27 14:24:47","28","1"),
("75350","","","","56745","","","2231","2","10","0","1500","2016-07-27","0000-00-00","","2016-07-27 14:25:50","26","2016-07-27 14:25:50","26","1"),
("75351","","","","56746","","","2099","2","1","0","2000","2016-07-27","0000-00-00","","2016-07-27 14:26:01","26","2016-07-27 14:26:01","26","1"),
("75352","","","","56747","","","2228","2","2","0","500","2016-07-27","0000-00-00","","2016-07-27 14:26:05","28","2016-07-27 14:26:05","28","1"),
("75353","","","","56748","","","2226","2","1","0","3000","2016-07-27","0000-00-00","","2016-07-27 14:26:36","26","2016-07-27 14:26:36","26","1"),
("75354","","","","56748","","","2119","2","1","0","8000","2016-07-27","0000-00-00","","2016-07-27 14:26:36","26","2016-07-27 14:26:36","26","1"),
("75355","","","","56749","","","2065","2","1","0","1000","2016-07-27","0000-00-00","","2016-07-27 14:27:28","26","2016-07-27 14:27:28","26","1"),
("75356","","","","56749","","","2075","2","1","0","1500","2016-07-27","0000-00-00","","2016-07-27 14:27:28","26","2016-07-27 14:27:28","26","1"),
("75357","","","","56749","","","2233","2","2","0","2000","2016-07-27","0000-00-00","","2016-07-27 14:27:28","26","2016-07-27 14:27:28","26","1"),
("75358","","","","56750","","","2233","2","3","0","2000","2016-07-27","0000-00-00","","2016-07-27 14:28:12","28","2016-07-27 14:28:12","28","1"),
("75359","","","","56750","","","2231","2","5","0","1500","2016-07-27","0000-00-00","","2016-07-27 14:28:12","28","2016-07-27 14:28:12","28","1"),
("75360","","","","56751","","","2117","2","1","0","7500","2016-07-27","0000-00-00","","2016-07-27 14:34:36","26","2016-07-27 14:34:36","26","1"),
("75361","","","","56751","","","2240","2","1","0","5000","2016-07-27","0000-00-00","","2016-07-27 14:34:36","26","2016-07-27 14:34:36","26","1"),
("75362","","","","56751","","","2164","2","3","0","3000","2016-07-27","0000-00-00","","2016-07-27 14:34:36","26","2016-07-27 14:34:36","26","1"),
("75363","","","","56752","","","2228","2","6","0","500","2016-07-27","0000-00-00","","2016-07-27 14:35:27","28","2016-07-27 14:35:27","28","1"),
("75364","","","","56753","","","2164","2","1","0","3000","2016-07-27","0000-00-00","","2016-07-27 14:36:48","26","2016-07-27 14:36:48","26","1"),
("75365","","","","56754","","","2231","2","2","0","1500","2016-07-27","0000-00-00","","2016-07-27 14:37:15","26","2016-07-27 14:37:15","26","1"),
("75366","","","","56755","","","2231","2","3","0","1500","2016-07-27","0000-00-00","","2016-07-27 14:37:28","28","2016-07-27 14:37:28","28","1"),
("75367","","","","56756","","","2133","2","2","0","6000","2016-07-27","0000-00-00","","2016-07-27 14:40:44","26","2016-07-27 14:40:44","26","1"),
("75368","","","","56757","","","2228","2","3","0","500","2016-07-27","0000-00-00","","2016-07-27 14:44:03","28","2016-07-27 14:44:03","28","1"),
("75369","","","","56758","","","2228","2","1","0","500","2016-07-27","0000-00-00","","2016-07-27 14:45:21","26","2016-07-27 14:45:21","26","1"),
("75370","","","","56759","","","2065","2","1","0","1000","2016-07-27","0000-00-00","","2016-07-27 14:48:10","26","2016-07-27 14:48:10","26","1"),
("75371","","","","56760","","","2231","2","5","0","1500","2016-07-27","0000-00-00","","2016-07-27 14:51:51","28","2016-07-27 14:51:51","28","1"),
("75372","","","","56760","","","2228","2","10","0","500","2016-07-27","0000-00-00","","2016-07-27 14:51:51","28","2016-07-27 14:51:51","28","1"),
("75373","","","","56761","","","2228","2","10","0","500","2016-07-27","0000-00-00","","2016-07-27 14:53:42","28","2016-07-27 14:53:42","28","1");

DROP TABLE inventory_totals;

CREATE TABLE `inventory_totals` (
  `product_id` bigint(20) NOT NULL,
  `location_id` bigint(20) NOT NULL,
  `total_qty` double DEFAULT '0',
  `created_at` datetime NOT NULL,
  `created_by` bigint(11) NOT NULL,
  `updated_at` datetime NOT NULL,
  `updated_by` bigint(11) NOT NULL,
  PRIMARY KEY (`product_id`,`location_id`),
  KEY `product_id` (`product_id`),
  KEY `location_id` (`location_id`)
) ENGINE=InnoDB DEFAULT CHARSET=utf8 COLLATE=utf8_unicode_ci;

INSERT INTO inventory_totals VALUES("2064","2","-1000","2016-05-30 20:44:40","26","2016-07-27 13:48:12","26");
INSERT INTO inventory_totals VALUES("2065","2","-10511","2016-05-30 17:12:37","26","2016-07-27 14:48:10","26");
INSERT INTO inventory_totals VALUES("2067","2","-953","2016-05-30 20:12:19","28","2016-07-27 07:40:13","28");
INSERT INTO inventory_totals VALUES("2070","2","-1483","2016-05-30 19:12:04","26","2016-07-27 14:04:21","26");
INSERT INTO inventory_totals VALUES("2071","2","-2863","2016-05-30 20:20:55","28","2016-07-27 10:39:54","28");
INSERT INTO inventory_totals VALUES("2072","2","-561","2016-06-01 10:24:38","28","2016-07-26 17:55:46","28");
INSERT INTO inventory_totals VALUES("2073","2","-1619","2016-05-30 17:09:35","32","2016-07-27 13:37:31","32");
INSERT INTO inventory_totals VALUES("2074","2","-752","2016-05-30 17:09:50","32","2016-07-27 11:53:11","32");
INSERT INTO inventory_totals VALUES("2075","2","-1464","2016-05-30 19:40:28","26","2016-07-27 14:27:28","26");
INSERT INTO inventory_totals VALUES("2076","2","-658","2016-05-30 17:15:10","32","2016-07-27 13:13:25","32");
INSERT INTO inventory_totals VALUES("2077","2","-190","2016-06-02 16:11:58","26","2016-07-27 07:16:45","26");
INSERT INTO inventory_totals VALUES("2078","2","-511","2016-05-31 07:51:51","32","2016-07-26 15:57:56","32");
INSERT INTO inventory_totals VALUES("2079","2","-362","2016-05-30 17:34:03","28","2016-07-26 19:40:03","28");
INSERT INTO inventory_totals VALUES("2082","2","-277","2016-05-30 20:35:30","28","2016-07-26 17:45:56","28");
INSERT INTO inventory_totals VALUES("2083","2","-3729","2016-05-30 17:13:02","28","2016-07-27 14:14:32","28");
INSERT INTO inventory_totals VALUES("2084","2","-484","2016-05-30 17:13:26","32","2016-07-27 11:53:11","32");
INSERT INTO inventory_totals VALUES("2085","2","-475","2016-05-30 18:17:34","28","2016-07-27 11:42:03","28");
INSERT INTO inventory_totals VALUES("2088","2","-218","2016-05-31 08:25:04","28","2016-07-27 07:51:54","28");
INSERT INTO inventory_totals VALUES("2089","2","-173","2016-06-06 07:55:52","32","2016-07-27 13:14:20","32");
INSERT INTO inventory_totals VALUES("2090","2","-362","2016-06-03 07:53:09","28","2016-07-27 08:55:52","28");
INSERT INTO inventory_totals VALUES("2092","2","-22","2016-06-05 13:07:45","32","2016-06-26 17:13:30","32");
INSERT INTO inventory_totals VALUES("2093","2","-1355","2016-05-31 08:55:09","32","2016-07-27 11:53:11","32");
INSERT INTO inventory_totals VALUES("2095","2","-3522","2016-05-30 16:57:46","28","2016-07-27 14:24:47","28");
INSERT INTO inventory_totals VALUES("2097","2","-154","2016-05-31 11:50:36","32","2016-07-26 09:51:21","32");
INSERT INTO inventory_totals VALUES("2098","2","-147","2016-05-31 11:48:59","28","2016-07-26 19:57:14","28");
INSERT INTO inventory_totals VALUES("2099","2","-829","2016-05-30 19:54:32","26","2016-07-27 14:26:01","26");
INSERT INTO inventory_totals VALUES("2100","2","-127","2016-06-01 11:05:58","26","2016-07-24 14:33:10","26");
INSERT INTO inventory_totals VALUES("2101","2","-4","2016-06-04 16:36:48","28","2016-06-15 08:23:32","28");
INSERT INTO inventory_totals VALUES("2102","2","-255","2016-05-30 18:50:51","26","2016-07-27 12:49:28","26");
INSERT INTO inventory_totals VALUES("2103","2","-169","2016-05-30 18:21:22","28","2016-07-27 10:58:27","28");
INSERT INTO inventory_totals VALUES("2104","2","-2142","2016-05-30 18:45:00","26","2016-07-27 14:23:40","26");
INSERT INTO inventory_totals VALUES("2105","2","-99","2016-05-31 04:27:09","26","2016-07-25 15:24:40","26");
INSERT INTO inventory_totals VALUES("2107","2","-1264","2016-05-30 17:13:44","32","2016-07-27 13:38:12","32");
INSERT INTO inventory_totals VALUES("2108","2","-2","2016-06-22 07:31:24","26","2016-07-16 06:34:13","26");
INSERT INTO inventory_totals VALUES("2109","2","-4","2016-06-02 11:24:48","26","2016-07-14 13:26:17","26");
INSERT INTO inventory_totals VALUES("2110","2","-558","2016-05-31 09:56:02","32","2016-07-27 11:42:00","32");
INSERT INTO inventory_totals VALUES("2111","2","-101","2016-05-31 06:44:27","28","2016-07-25 20:03:16","28");
INSERT INTO inventory_totals VALUES("2112","2","-222","2016-05-31 17:42:17","28","2016-07-25 16:52:33","28");
INSERT INTO inventory_totals VALUES("2113","2","-406","2016-05-31 06:07:51","28","2016-07-27 10:12:25","28");
INSERT INTO inventory_totals VALUES("2114","2","-49","2016-05-31 17:05:12","32","2016-07-25 10:05:59","32");
INSERT INTO inventory_totals VALUES("2116","2","-111","2016-05-30 19:09:50","32","2016-07-27 09:18:35","32");
INSERT INTO inventory_totals VALUES("2117","2","-127","2016-05-31 15:15:55","26","2016-07-27 14:34:36","26");
INSERT INTO inventory_totals VALUES("2118","2","-1234","2016-05-30 17:25:00","26","2016-07-27 12:58:33","26");
INSERT INTO inventory_totals VALUES("2119","2","-118","2016-05-31 04:10:53","26","2016-07-27 14:26:36","26");
INSERT INTO inventory_totals VALUES("2120","2","-23","2016-06-01 15:07:34","28","2016-06-24 08:28:25","28");
INSERT INTO inventory_totals VALUES("2121","2","-446","2016-05-30 16:56:09","28","2016-07-27 13:50:33","28");
INSERT INTO inventory_totals VALUES("2125","2","-2479","2016-05-30 17:14:38","26","2016-07-27 14:04:21","26");
INSERT INTO inventory_totals VALUES("2126","2","-1169","2016-05-30 17:17:44","32","2016-07-27 12:29:54","32");
INSERT INTO inventory_totals VALUES("2127","2","-1","2016-06-01 09:16:57","28","2016-06-01 09:16:57","28");
INSERT INTO inventory_totals VALUES("2128","2","-3","2016-05-30 17:17:34","27","2016-05-31 08:21:59","27");
INSERT INTO inventory_totals VALUES("2129","2","-85","2016-05-31 08:02:05","28","2016-07-26 07:24:59","28");
INSERT INTO inventory_totals VALUES("2130","2","-2","2016-05-31 11:51:20","28","2016-05-31 12:08:32","28");
INSERT INTO inventory_totals VALUES("2131","2","-5","2016-06-02 09:48:54","28","2016-06-11 08:04:29","28");
INSERT INTO inventory_totals VALUES("2133","2","-248","2016-05-30 20:04:42","26","2016-07-27 14:40:44","26");
INSERT INTO inventory_totals VALUES("2134","2","-1149","2016-05-30 17:16:20","32","2016-07-26 18:30:05","32");
INSERT INTO inventory_totals VALUES("2135","2","-161","2016-05-31 18:50:40","32","2016-07-27 12:22:16","32");
INSERT INTO inventory_totals VALUES("2136","2","-440","2016-05-30 17:16:20","32","2016-07-25 18:20:02","32");
INSERT INTO inventory_totals VALUES("2137","2","-179","2016-05-30 17:00:35","26","2016-07-27 14:20:36","26");
INSERT INTO inventory_totals VALUES("2138","2","-66","2016-06-01 18:10:15","28","2016-07-25 11:28:57","28");
INSERT INTO inventory_totals VALUES("2139","2","-104","2016-05-30 19:37:44","26","2016-07-27 14:23:29","26");
INSERT INTO inventory_totals VALUES("2140","2","-254","2016-05-30 17:16:20","28","2016-07-27 11:23:22","28");
INSERT INTO inventory_totals VALUES("2141","2","-95","2016-05-31 16:15:13","28","2016-07-27 12:06:53","28");
INSERT INTO inventory_totals VALUES("2142","2","-12","2016-06-04 12:04:34","28","2016-07-16 14:20:54","28");
INSERT INTO inventory_totals VALUES("2143","2","-16","2016-06-01 14:37:00","28","2016-07-22 10:31:42","28");
INSERT INTO inventory_totals VALUES("2144","2","-6","2016-06-02 16:28:24","28","2016-07-22 18:41:13","28");
INSERT INTO inventory_totals VALUES("2146","2","-802","2016-05-31 04:25:13","32","2016-07-27 13:38:12","32");
INSERT INTO inventory_totals VALUES("2163","2","-846","2016-05-30 19:12:04","28","2016-07-27 09:45:59","28");
INSERT INTO inventory_totals VALUES("2164","2","-3577","2016-05-30 16:53:06","26","2016-07-27 14:36:48","26");
INSERT INTO inventory_totals VALUES("2165","2","-753","2016-05-30 17:13:26","28","2016-07-27 09:57:29","28");
INSERT INTO inventory_totals VALUES("2166","2","-12369","2016-05-30 15:16:51","26","2016-07-27 14:04:21","26");
INSERT INTO inventory_totals VALUES("2172","2","-1089","2016-05-30 17:07:00","26","2016-07-27 12:56:38","26");
INSERT INTO inventory_totals VALUES("2173","2","-167","2016-05-31 10:33:36","28","2016-07-27 10:53:09","28");
INSERT INTO inventory_totals VALUES("2174","2","-65","2016-05-31 09:21:36","28","2016-07-26 12:32:51","28");
INSERT INTO inventory_totals VALUES("2178","2","-31","2016-06-02 05:19:47","26","2016-07-27 07:16:45","26");
INSERT INTO inventory_totals VALUES("2179","2","-2","2016-06-19 13:01:57","26","2016-06-22 13:15:45","26");
INSERT INTO inventory_totals VALUES("2182","2","-278","2016-05-30 18:50:52","28","2016-07-26 18:33:21","28");
INSERT INTO inventory_totals VALUES("2183","2","-5","2016-06-17 08:39:20","28","2016-07-10 20:20:53","28");
INSERT INTO inventory_totals VALUES("2188","2","-34","2016-06-02 05:19:47","26","2016-07-23 15:37:22","26");
INSERT INTO inventory_totals VALUES("2197","2","-1134","2016-05-31 05:33:48","26","2016-07-27 13:14:54","26");
INSERT INTO inventory_totals VALUES("2198","2","-51","2016-05-31 06:32:11","26","2016-07-23 14:07:35","26");
INSERT INTO inventory_totals VALUES("2199","2","-80","2016-05-30 20:45:32","32","2016-07-15 11:38:49","32");
INSERT INTO inventory_totals VALUES("2201","2","-1","2016-07-22 07:59:15","28","2016-07-22 07:59:15","28");
INSERT INTO inventory_totals VALUES("2202","2","-12","2016-06-05 05:43:31","26","2016-07-14 06:04:21","26");
INSERT INTO inventory_totals VALUES("2203","2","-27","2016-06-01 18:10:15","28","2016-07-14 12:28:33","28");
INSERT INTO inventory_totals VALUES("2204","2","-15","2016-06-05 15:46:14","28","2016-07-27 09:04:20","28");
INSERT INTO inventory_totals VALUES("2206","2","-6","2016-06-11 18:11:55","32","2016-07-19 18:21:51","32");
INSERT INTO inventory_totals VALUES("2207","2","-67","2016-06-05 20:28:13","28","2016-07-24 08:45:28","28");
INSERT INTO inventory_totals VALUES("2208","2","-9","2016-06-03 12:29:19","28","2016-07-22 16:13:30","28");
INSERT INTO inventory_totals VALUES("2209","2","-3","2016-06-01 15:42:51","28","2016-07-13 20:12:25","28");
INSERT INTO inventory_totals VALUES("2213","2","-45","2016-06-08 08:14:22","28","2016-07-22 19:09:38","28");
INSERT INTO inventory_totals VALUES("2217","2","-24","2016-06-03 19:05:30","28","2016-07-25 16:08:27","28");
INSERT INTO inventory_totals VALUES("2218","2","-109","2016-05-31 10:46:14","26","2016-07-27 14:11:34","26");
INSERT INTO inventory_totals VALUES("2219","2","-307","2016-06-02 07:11:01","26","2016-07-27 12:56:38","26");
INSERT INTO inventory_totals VALUES("2220","2","-1150","2016-06-06 12:05:02","28","2016-07-12 17:18:00","28");
INSERT INTO inventory_totals VALUES("2226","2","-760","2016-05-30 20:29:24","26","2016-07-27 14:26:36","26");
INSERT INTO inventory_totals VALUES("2228","2","-155184","2016-05-30 16:53:06","28","2016-07-27 14:53:42","28");
INSERT INTO inventory_totals VALUES("2229","2","-81965","2016-05-30 18:02:49","28","2016-07-27 13:52:50","28");
INSERT INTO inventory_totals VALUES("2231","2","-30192","2016-05-30 16:58:22","28","2016-07-27 14:51:51","28");
INSERT INTO inventory_totals VALUES("2232","2","-3070","2016-05-30 18:38:35","28","2016-07-27 14:00:30","28");
INSERT INTO inventory_totals VALUES("2233","2","-6646","2016-05-30 19:34:27","28","2016-07-27 14:28:12","28");
INSERT INTO inventory_totals VALUES("2235","2","-1428","2016-05-30 19:37:44","26","2016-07-27 13:49:40","26");
INSERT INTO inventory_totals VALUES("2236","2","-826","2016-05-30 20:25:09","28","2016-07-27 08:16:37","28");
INSERT INTO inventory_totals VALUES("2237","2","-58","2016-06-06 07:55:52","32","2016-07-26 19:19:15","32");
INSERT INTO inventory_totals VALUES("2238","2","-193","2016-05-31 06:54:44","26","2016-07-27 13:37:17","26");
INSERT INTO inventory_totals VALUES("2239","2","-458","2016-05-31 11:09:13","32","2016-07-19 08:38:36","32");
INSERT INTO inventory_totals VALUES("2240","2","-1799","2016-05-30 16:58:52","26","2016-07-27 14:34:36","26");
INSERT INTO inventory_totals VALUES("2241","2","-146","2016-05-31 13:05:46","28","2016-07-27 10:04:31","28");
INSERT INTO inventory_totals VALUES("2243","2","-133","2016-05-30 17:15:34","28","2016-07-26 17:37:22","28");
INSERT INTO inventory_totals VALUES("2250","2","-5153","2016-05-30 17:14:11","28","2016-07-27 14:14:32","28");
INSERT INTO inventory_totals VALUES("2251","2","-1","2016-07-09 18:58:52","28","2016-07-09 18:58:52","28");
INSERT INTO inventory_totals VALUES("2252","2","-90","2016-06-04 16:15:52","28","2016-07-24 15:12:07","28");
INSERT INTO inventory_totals VALUES("2253","2","-129","2016-05-31 13:24:22","28","2016-07-27 06:55:08","28");
INSERT INTO inventory_totals VALUES("2254","2","-928","2016-05-31 18:14:09","32","2016-07-27 09:07:55","32");
INSERT INTO inventory_totals VALUES("2255","2","-405","2016-06-02 18:24:09","28","2016-07-26 19:46:34","28");
INSERT INTO inventory_totals VALUES("2256","2","-28","2016-06-02 17:07:21","28","2016-07-07 23:27:23","28");
INSERT INTO inventory_totals VALUES("2257","2","-249","2016-06-02 18:53:00","26","2016-07-27 14:11:04","26");
INSERT INTO inventory_totals VALUES("2258","2","-52","2016-06-06 11:06:36","28","2016-07-25 11:34:29","28");
INSERT INTO inventory_totals VALUES("2259","2","-75","2016-06-22 14:12:02","32","2016-07-26 19:21:13","32");
INSERT INTO inventory_totals VALUES("2260","2","-22","2016-07-11 05:45:45","28","2016-07-25 17:09:36","28");
INSERT INTO inventory_totals VALUES("2262","2","-1","2016-07-21 07:37:38","26","2016-07-21 07:37:38","26");



DROP TABLE inventory_total_details;

CREATE TABLE `inventory_total_details` (
  `product_id` bigint(20) NOT NULL,
  `location_id` bigint(20) NOT NULL,
  `total_cycle` double DEFAULT '0',
  `total_so` double DEFAULT '0',
  `total_pos` double DEFAULT '0',
  `total_cm` double DEFAULT '0',
  `total_to_in` double DEFAULT '0',
  `total_to_out` double DEFAULT '0',
  `date` date NOT NULL,
  `created_at` datetime NOT NULL,
  `created_by` bigint(11) NOT NULL,
  `updated_at` datetime NOT NULL,
  `updated_by` bigint(11) NOT NULL,
  PRIMARY KEY (`product_id`,`location_id`,`date`),
  KEY `product_id` (`product_id`),
  KEY `location_id` (`location_id`),
  KEY `date` (`date`)
) ENGINE=InnoDB DEFAULT CHARSET=utf8 COLLATE=utf8_unicode_ci;

INSERT INTO inventory_total_details VALUES("2064","2","0","0","-1","0","0","0","2016-05-30","2016-05-30 20:44:40","24","2016-05-30 20:44:40","24");
INSERT INTO inventory_total_details VALUES("2065","2","0","0","-2","0","0","0","2016-05-30","2016-05-30 17:12:37","24","2016-05-30 21:01:14","24");
INSERT INTO inventory_total_details VALUES("2067","2","0","0","-2","0","0","0","2016-05-30","2016-05-30 20:12:19","24","2016-05-30 20:37:06","24");
INSERT INTO inventory_total_details VALUES("2070","2","0","0","-3","0","0","0","2016-05-30","2016-05-30 19:12:04","27","2016-05-30 19:12:04","27");
INSERT INTO inventory_total_details VALUES("2071","2","0","0","-1","0","0","0","2016-05-30","2016-05-30 20:20:55","24","2016-05-30 20:20:55","24");
INSERT INTO inventory_total_details VALUES("2072","2","0","0","-5","0","0","0","2016-06-01","2016-06-01 10:24:38","27","2016-06-01 17:19:29","27");
INSERT INTO inventory_total_details VALUES("2073","2","0","0","-2","0","0","0","2016-05-30","2016-05-30 17:09:35","24","2016-05-30 20:20:55","24");
INSERT INTO inventory_total_details VALUES("2074","2","0","0","-1","0","0","0","2016-05-30","2016-05-30 17:09:51","1","2016-05-30 17:09:51","1");
INSERT INTO inventory_total_details VALUES("2075","2","0","0","-2","0","0","0","2016-05-30","2016-05-30 19:40:28","27","2016-05-30 19:40:28","27");
INSERT INTO inventory_total_details VALUES("2076","2","0","0","-1","0","0","0","2016-05-30","2016-05-30 17:15:10","27","2016-05-30 19:40:28","27");
INSERT INTO inventory_total_details VALUES("2077","2","0","0","-2","0","0","0","2016-06-02","2016-06-02 16:11:58","27","2016-06-02 16:11:58","27");
INSERT INTO inventory_total_details VALUES("2078","2","0","0","-1","0","0","0","2016-05-31","2016-05-31 07:51:51","1","2016-05-31 13:22:44","1");
INSERT INTO inventory_total_details VALUES("2079","2","0","0","-1","0","0","0","2016-05-30","2016-05-30 17:34:03","1","2016-05-30 17:34:03","1");
INSERT INTO inventory_total_details VALUES("2082","2","0","0","-1","0","0","0","2016-05-30","2016-05-30 20:35:30","24","2016-05-30 20:35:30","24");
INSERT INTO inventory_total_details VALUES("2083","2","0","0","-2","0","0","0","2016-05-30","2016-05-30 17:13:02","24","2016-05-30 20:44:10","24");
INSERT INTO inventory_total_details VALUES("2084","2","0","0","-1","0","0","0","2016-05-30","2016-05-30 17:13:26","24","2016-05-30 20:36:29","24");
INSERT INTO inventory_total_details VALUES("2085","2","0","0","-1","0","0","0","2016-05-30","2016-05-30 18:17:35","24","2016-05-30 18:17:35","24");
INSERT INTO inventory_total_details VALUES("2088","2","0","0","-1","0","0","0","2016-05-31","2016-05-31 08:25:04","1","2016-05-31 15:55:07","1");
INSERT INTO inventory_total_details VALUES("2089","2","0","0","-1","0","0","0","2016-06-06","2016-06-06 07:55:52","28","2016-06-06 20:21:02","28");
INSERT INTO inventory_total_details VALUES("2090","2","0","0","-3","0","0","0","2016-06-03","2016-06-03 07:53:09","28","2016-06-03 17:42:59","28");
INSERT INTO inventory_total_details VALUES("2092","2","0","0","-2","0","0","0","2016-06-05","2016-06-05 13:07:45","26","2016-06-05 13:07:45","26");
INSERT INTO inventory_total_details VALUES("2093","2","0","0","-2","0","0","0","2016-05-31","2016-05-31 08:55:09","24","2016-05-31 18:27:26","24");
INSERT INTO inventory_total_details VALUES("2095","2","0","0","-1","0","0","0","2016-05-30","2016-05-30 16:57:46","24","2016-05-30 21:01:14","24");
INSERT INTO inventory_total_details VALUES("2097","2","0","0","-2","0","0","0","2016-05-31","2016-05-31 11:50:36","1","2016-05-31 11:57:30","1");
INSERT INTO inventory_total_details VALUES("2098","2","0","0","-1","0","0","0","2016-05-31","2016-05-31 11:48:59","1","2016-05-31 16:06:30","1");
INSERT INTO inventory_total_details VALUES("2099","2","0","0","-1","0","0","0","2016-05-30","2016-05-30 19:54:32","24","2016-05-30 20:46:56","24");
INSERT INTO inventory_total_details VALUES("2100","2","0","0","-6","0","0","0","2016-06-01","2016-06-01 11:05:58","28","2016-06-01 11:05:58","28");
INSERT INTO inventory_total_details VALUES("2101","2","0","0","-1","0","0","0","2016-06-04","2016-06-04 16:36:48","27","2016-06-04 16:36:48","27");
INSERT INTO inventory_total_details VALUES("2102","2","0","0","-1","0","0","0","2016-05-30","2016-05-30 18:50:51","27","2016-05-30 19:01:27","27");
INSERT INTO inventory_total_details VALUES("2103","2","0","0","-1","0","0","0","2016-05-30","2016-05-30 18:21:22","24","2016-05-30 18:21:22","24");
INSERT INTO inventory_total_details VALUES("2104","2","0","0","-1","0","0","0","2016-05-30","2016-05-30 18:45:00","24","2016-05-30 20:35:30","24");
INSERT INTO inventory_total_details VALUES("2105","2","0","0","-2","0","0","0","2016-05-31","2016-05-31 04:27:09","28","2016-05-31 11:08:37","28");
INSERT INTO inventory_total_details VALUES("2107","2","0","0","-2","0","0","0","2016-05-30","2016-05-30 17:13:44","1","2016-05-30 17:13:44","1");
INSERT INTO inventory_total_details VALUES("2108","2","0","0","-1","0","0","0","2016-06-22","2016-06-22 07:31:24","26","2016-06-22 07:31:24","26");
INSERT INTO inventory_total_details VALUES("2109","2","0","0","-1","0","0","0","2016-06-02","2016-06-02 11:24:48","28","2016-06-02 11:24:48","28");
INSERT INTO inventory_total_details VALUES("2110","2","0","0","-2","0","0","0","2016-05-31","2016-05-31 09:56:02","1","2016-05-31 16:59:11","1");
INSERT INTO inventory_total_details VALUES("2111","2","0","0","-1","0","0","0","2016-05-31","2016-05-31 06:44:27","1","2016-05-31 15:24:34","1");
INSERT INTO inventory_total_details VALUES("2112","2","0","0","-1","0","0","0","2016-05-31","2016-05-31 17:42:17","28","2016-05-31 17:42:17","28");
INSERT INTO inventory_total_details VALUES("2113","2","0","0","-1","0","0","0","2016-05-31","2016-05-31 06:07:51","28","2016-05-31 10:55:17","28");
INSERT INTO inventory_total_details VALUES("2114","2","0","0","-1","0","0","0","2016-05-31","2016-05-31 17:05:12","1","2016-05-31 17:05:12","1");
INSERT INTO inventory_total_details VALUES("2116","2","0","0","-1","0","0","0","2016-05-30","2016-05-30 19:09:50","27","2016-05-30 19:09:50","27");
INSERT INTO inventory_total_details VALUES("2117","2","0","0","-1","0","0","0","2016-05-31","2016-05-31 15:15:55","28","2016-05-31 15:15:55","28");
INSERT INTO inventory_total_details VALUES("2118","2","0","0","-2","0","0","0","2016-05-30","2016-05-30 17:25:00","24","2016-05-30 20:35:09","24");
INSERT INTO inventory_total_details VALUES("2119","2","0","0","-1","0","0","0","2016-05-31","2016-05-31 04:10:53","28","2016-05-31 19:23:07","28");
INSERT INTO inventory_total_details VALUES("2120","2","0","0","-4","0","0","0","2016-06-01","2016-06-01 15:07:34","28","2016-06-01 15:07:34","28");
INSERT INTO inventory_total_details VALUES("2121","2","0","0","-1","0","0","0","2016-05-30","2016-05-30 16:56:09","24","2016-05-30 17:57:00","24");
INSERT INTO inventory_total_details VALUES("2125","2","0","0","-1","0","0","0","2016-05-30","2016-05-30 17:14:38","24","2016-05-30 20:45:32","24");
INSERT INTO inventory_total_details VALUES("2126","2","0","0","-1","0","0","0","2016-05-30","2016-05-30 17:17:44","24","2016-05-30 20:46:56","24");
INSERT INTO inventory_total_details VALUES("2127","2","0","0","-1","0","0","0","2016-06-01","2016-06-01 09:16:57","28","2016-06-01 09:16:57","28");
INSERT INTO inventory_total_details VALUES("2128","2","0","0","-1","0","0","0","2016-05-30","2016-05-30 17:17:34","27","2016-05-30 18:49:32","27");
INSERT INTO inventory_total_details VALUES("2129","2","0","0","-1","0","0","0","2016-05-31","2016-05-31 08:02:05","28","2016-05-31 12:43:49","28");
INSERT INTO inventory_total_details VALUES("2130","2","0","0","-1","0","0","0","2016-05-31","2016-05-31 11:51:20","28","2016-05-31 12:08:32","28");
INSERT INTO inventory_total_details VALUES("2131","2","0","0","-1","0","0","0","2016-06-02","2016-06-02 09:48:54","28","2016-06-02 09:48:54","28");
INSERT INTO inventory_total_details VALUES("2133","2","0","0","-1","0","0","0","2016-05-30","2016-05-30 20:04:42","24","2016-05-30 20:04:42","24");
INSERT INTO inventory_total_details VALUES("2134","2","0","0","-2","0","0","0","2016-05-30","2016-05-30 17:16:20","27","2016-05-30 18:50:52","27");
INSERT INTO inventory_total_details VALUES("2135","2","0","0","-2","0","0","0","2016-05-31","2016-05-31 18:50:40","24","2016-05-31 18:50:40","24");
INSERT INTO inventory_total_details VALUES("2136","2","0","0","-2","0","0","0","2016-05-30","2016-05-30 17:16:20","27","2016-05-30 18:50:52","27");
INSERT INTO inventory_total_details VALUES("2137","2","0","0","-1","0","0","0","2016-05-30","2016-05-30 17:00:35","1","2016-05-30 17:00:35","1");
INSERT INTO inventory_total_details VALUES("2138","2","0","0","-1","0","0","0","2016-06-01","2016-06-01 18:10:15","27","2016-06-01 18:10:15","27");
INSERT INTO inventory_total_details VALUES("2139","2","0","0","-1","0","0","0","2016-05-30","2016-05-30 19:37:44","27","2016-05-30 19:37:44","27");
INSERT INTO inventory_total_details VALUES("2140","2","0","0","-1","0","0","0","2016-05-30","2016-05-30 17:16:20","27","2016-05-30 18:50:52","27");
INSERT INTO inventory_total_details VALUES("2141","2","0","0","-1","0","0","0","2016-05-31","2016-05-31 16:15:13","1","2016-05-31 16:15:13","1");
INSERT INTO inventory_total_details VALUES("2142","2","0","0","-1","0","0","0","2016-06-04","2016-06-04 12:04:34","27","2016-06-04 16:08:30","27");
INSERT INTO inventory_total_details VALUES("2143","2","0","0","-1","0","0","0","2016-06-01","2016-06-01 14:37:00","24","2016-06-01 14:37:00","24");
INSERT INTO inventory_total_details VALUES("2144","2","0","0","-1","0","0","0","2016-06-02","2016-06-02 16:28:24","27","2016-06-02 16:28:24","27");
INSERT INTO inventory_total_details VALUES("2146","2","0","0","-1","0","0","0","2016-05-31","2016-05-31 04:25:13","28","2016-05-31 19:18:40","28");
INSERT INTO inventory_total_details VALUES("2163","2","0","0","-1","0","0","0","2016-05-30","2016-05-30 19:12:04","24","2016-05-30 20:36:29","24");
INSERT INTO inventory_total_details VALUES("2164","2","0","0","-1","0","0","0","2016-05-30","2016-05-30 16:53:06","27","2016-05-30 19:14:29","27");
INSERT INTO inventory_total_details VALUES("2165","2","0","0","-1","0","0","0","2016-05-30","2016-05-30 17:13:26","1","2016-05-30 17:13:26","1");
INSERT INTO inventory_total_details VALUES("2166","2","0","0","-8","0","0","0","2016-05-30","2016-05-30 15:16:51","1","2016-05-30 16:55:10","1");
INSERT INTO inventory_total_details VALUES("2172","2","0","0","-1","0","0","0","2016-05-30","2016-05-30 17:07:00","24","2016-05-30 20:45:07","24");
INSERT INTO inventory_total_details VALUES("2173","2","0","0","-1","0","0","0","2016-05-31","2016-05-31 10:33:37","28","2016-05-31 11:09:13","28");
INSERT INTO inventory_total_details VALUES("2174","2","0","0","-1","0","0","0","2016-05-31","2016-05-31 09:21:37","24","2016-05-31 09:21:37","24");
INSERT INTO inventory_total_details VALUES("2178","2","0","0","-1","0","0","0","2016-06-02","2016-06-02 05:19:47","24","2016-06-02 05:19:47","24");
INSERT INTO inventory_total_details VALUES("2179","2","0","0","-1","0","0","0","2016-06-19","2016-06-19 13:01:57","26","2016-06-19 13:01:57","26");
INSERT INTO inventory_total_details VALUES("2182","2","0","0","-1","0","0","0","2016-05-30","2016-05-30 18:50:52","27","2016-05-30 18:50:52","27");
INSERT INTO inventory_total_details VALUES("2183","2","0","0","-1","0","0","0","2016-06-17","2016-06-17 08:39:20","26","2016-06-17 08:39:20","26");
INSERT INTO inventory_total_details VALUES("2188","2","0","0","-1","0","0","0","2016-06-02","2016-06-02 05:19:47","27","2016-06-02 19:29:45","27");
INSERT INTO inventory_total_details VALUES("2197","2","0","0","-2","0","0","0","2016-05-31","2016-05-31 05:33:48","24","2016-05-31 18:01:04","24");
INSERT INTO inventory_total_details VALUES("2198","2","0","0","-1","0","0","0","2016-05-31","2016-05-31 06:32:11","28","2016-05-31 15:18:23","28");
INSERT INTO inventory_total_details VALUES("2199","2","0","0","-1","0","0","0","2016-05-30","2016-05-30 20:45:32","24","2016-05-30 20:45:32","24");
INSERT INTO inventory_total_details VALUES("2201","2","0","0","-1","0","0","0","2016-07-22","2016-07-22 07:59:15","28","2016-07-22 07:59:15","28");
INSERT INTO inventory_total_details VALUES("2202","2","0","0","-1","0","0","0","2016-06-05","2016-06-05 05:43:31","24","2016-06-05 05:43:31","24");
INSERT INTO inventory_total_details VALUES("2203","2","0","0","-2","0","0","0","2016-06-01","2016-06-01 18:10:15","27","2016-06-01 18:10:15","27");
INSERT INTO inventory_total_details VALUES("2204","2","0","0","-1","0","0","0","2016-06-05","2016-06-05 15:46:14","24","2016-06-05 15:46:14","24");
INSERT INTO inventory_total_details VALUES("2206","2","0","0","-2","0","0","0","2016-06-11","2016-06-11 18:11:55","26","2016-06-11 18:11:55","26");
INSERT INTO inventory_total_details VALUES("2207","2","0","0","-1","0","0","0","2016-06-05","2016-06-05 20:28:13","28","2016-06-05 20:28:13","28");
INSERT INTO inventory_total_details VALUES("2208","2","0","0","-1","0","0","0","2016-06-03","2016-06-03 12:29:19","24","2016-06-03 12:29:19","24");
INSERT INTO inventory_total_details VALUES("2209","2","0","0","-1","0","0","0","2016-06-01","2016-06-01 15:42:51","24","2016-06-01 15:42:51","24");
INSERT INTO inventory_total_details VALUES("2213","2","0","0","-1","0","0","0","2016-06-08","2016-06-08 08:14:22","28","2016-06-08 08:14:22","28");
INSERT INTO inventory_total_details VALUES("2217","2","0","0","-2","0","0","0","2016-06-03","2016-06-03 19:05:30","28","2016-06-03 19:05:30","28");
INSERT INTO inventory_total_details VALUES("2218","2","0","0","-1","0","0","0","2016-05-31","2016-05-31 10:46:14","28","2016-05-31 18:18:24","28");
INSERT INTO inventory_total_details VALUES("2219","2","0","0","-1","0","0","0","2016-06-02","2016-06-02 07:11:01","27","2016-06-02 20:39:25","27");
INSERT INTO inventory_total_details VALUES("2220","2","0","0","-120","0","0","0","2016-06-06","2016-06-06 12:05:02","28","2016-06-06 12:05:02","28");
INSERT INTO inventory_total_details VALUES("2226","2","0","0","-1","0","0","0","2016-05-30","2016-05-30 20:29:24","24","2016-05-30 20:29:24","24");
INSERT INTO inventory_total_details VALUES("2228","2","0","0","-1","0","0","0","2016-05-30","2016-05-30 16:53:07","24","2016-05-30 20:52:03","24");
INSERT INTO inventory_total_details VALUES("2229","2","0","0","-10","0","0","0","2016-05-30","2016-05-30 18:02:49","24","2016-05-30 20:49:46","24");
INSERT INTO inventory_total_details VALUES("2231","2","0","0","-3","0","0","0","2016-05-30","2016-05-30 16:58:22","24","2016-05-30 21:01:14","24");
INSERT INTO inventory_total_details VALUES("2232","2","0","0","-2","0","0","0","2016-05-30","2016-05-30 18:38:35","27","2016-05-30 18:38:35","27");
INSERT INTO inventory_total_details VALUES("2233","2","0","0","-3","0","0","0","2016-05-30","2016-05-30 19:34:27","27","2016-05-30 19:51:04","27");
INSERT INTO inventory_total_details VALUES("2235","2","0","0","-1","0","0","0","2016-05-30","2016-05-30 19:37:45","27","2016-05-30 19:55:59","27");
INSERT INTO inventory_total_details VALUES("2236","2","0","0","-1","0","0","0","2016-05-30","2016-05-30 20:25:09","24","2016-05-30 20:25:09","24");
INSERT INTO inventory_total_details VALUES("2237","2","0","0","-2","0","0","0","2016-06-06","2016-06-06 07:55:52","26","2016-06-06 07:55:52","26");
INSERT INTO inventory_total_details VALUES("2238","2","0","0","-2","0","0","0","2016-05-31","2016-05-31 06:54:44","28","2016-05-31 18:18:35","28");
INSERT INTO inventory_total_details VALUES("2239","2","0","0","-1","0","0","0","2016-05-31","2016-05-31 11:09:13","28","2016-05-31 19:15:47","28");
INSERT INTO inventory_total_details VALUES("2240","2","0","0","-1","0","0","0","2016-05-30","2016-05-30 16:58:52","27","2016-05-30 19:23:13","27");
INSERT INTO inventory_total_details VALUES("2241","2","0","0","-1","0","0","0","2016-05-31","2016-05-31 13:05:46","28","2016-05-31 18:12:43","28");
INSERT INTO inventory_total_details VALUES("2243","2","0","0","-2","0","0","0","2016-05-30","2016-05-30 17:15:34","1","2016-05-30 17:15:34","1");
INSERT INTO inventory_total_details VALUES("2250","2","0","0","-1","0","0","0","2016-05-30","2016-05-30 17:14:12","24","2016-05-30 20:46:56","24");
INSERT INTO inventory_total_details VALUES("2251","2","0","0","-1","0","0","0","2016-07-09","2016-07-09 18:58:52","28","2016-07-09 18:58:52","28");
INSERT INTO inventory_total_details VALUES("2252","2","0","0","-3","0","0","0","2016-06-04","2016-06-04 16:15:52","28","2016-06-04 20:22:10","28");
INSERT INTO inventory_total_details VALUES("2253","2","0","0","-1","0","0","0","2016-05-31","2016-05-31 13:24:22","28","2016-05-31 13:24:22","28");
INSERT INTO inventory_total_details VALUES("2254","2","0","0","-5","0","0","0","2016-05-31","2016-05-31 18:14:09","28","2016-05-31 20:17:14","28");
INSERT INTO inventory_total_details VALUES("2255","2","0","0","-5","0","0","0","2016-06-02","2016-06-02 18:24:09","24","2016-06-02 18:24:09","24");
INSERT INTO inventory_total_details VALUES("2256","2","0","0","-1","0","0","0","2016-06-02","2016-06-02 17:07:21","28","2016-06-02 18:40:44","28");
INSERT INTO inventory_total_details VALUES("2257","2","0","0","-1","0","0","0","2016-06-02","2016-06-02 18:53:00","28","2016-06-02 18:53:00","28");
INSERT INTO inventory_total_details VALUES("2258","2","0","0","-1","0","0","0","2016-06-06","2016-06-06 11:06:36","26","2016-06-06 11:06:36","26");
INSERT INTO inventory_total_details VALUES("2259","2","0","0","-2","0","0","0","2016-06-22","2016-06-22 14:12:02","28","2016-06-22 19:30:07","28");
INSERT INTO inventory_total_details VALUES("2260","2","0","0","-1","0","0","0","2016-07-11","2016-07-11 05:45:45","26","2016-07-11 05:45:45","26");
INSERT INTO inventory_total_details VALUES("2262","2","0","0","-1","0","0","0","2016-07-21","2016-07-21 07:37:38","26","2016-07-21 07:37:38","26");



INSERT INTO sales_orders VALUES("56630","2","1","","16SO056608","10000","2.5","0","0","0","2016-07-27","2016-07-27","","2016-07-27 12:00:15","28","2016-07-27 12:00:15","28","1","1","0"),
("56631","2","1","","16SO056609","500","0.125","0","0","0","2016-07-27","2016-07-27","","2016-07-27 12:00:51","32","2016-07-27 12:00:51","32","1","1","0"),
("56632","2","1","","16SO056610","5000","1.25","0","0","0","2016-07-27","2016-07-27","","2016-07-27 12:01:06","32","2016-07-27 12:01:06","32","1","1","0"),
("56633","2","1","","16SO056611","7500","1.875","0","0","0","2016-07-27","2016-07-27","","2016-07-27 12:01:22","28","2016-07-27 12:01:22","28","1","1","0"),
("56634","2","1","","16SO056612","6000","1.5","0","0","0","2016-07-27","2016-07-27","","2016-07-27 12:01:34","28","2016-07-27 12:01:34","28","1","1","0"),
("56635","2","1","","16SO056613","2500","0.625","0","0","0","2016-07-27","2016-07-27","","2016-07-27 12:01:42","32","2016-07-27 12:01:42","32","1","1","0"),
("56636","2","1","","16SO056614","5000","1.25","0","0","0","2016-07-27","2016-07-27","","2016-07-27 12:03:07","28","2016-07-27 12:03:07","28","1","1","0"),
("56637","2","1","","16SO056615","3000","0.75","0","0","0","2016-07-27","2016-07-27","","2016-07-27 12:03:36","32","2016-07-27 12:03:36","32","1","1","0"),
("56638","2","1","","16SO056616","2500","0.625","0","0","0","2016-07-27","2016-07-27","","2016-07-27 12:06:29","32","2016-07-27 12:06:29","32","1","1","0"),
("56639","2","1","","16SO056617","66500","16.625","0","0","0","2016-07-27","2016-07-27","","2016-07-27 12:06:52","28","2016-07-27 12:06:52","28","1","1","0"),
("56640","2","1","","16SO056618","14000","3.5","0","0","0","2016-07-27","2016-07-27","","2016-07-27 12:07:05","32","2016-07-27 12:07:05","32","1","1","0"),
("56641","2","1","","16SO056619","19500","4.875","0","0","0","2016-07-27","2016-07-27","","2016-07-27 12:07:37","28","2016-07-27 12:07:37","28","1","1","0"),
("56642","2","1","","16SO056620","3000","0.75","0","0","0","2016-07-27","2016-07-27","","2016-07-27 12:08:00","32","2016-07-27 12:08:00","32","1","1","0"),
("56643","2","1","","16SO056621","2000","0.5","0","0","0","2016-07-27","2016-07-27","","2016-07-27 12:08:11","32","2016-07-27 12:08:11","32","1","1","0"),
("56644","2","1","","16SO056622","3000","0.75","0","0","0","2016-07-27","2016-07-27","","2016-07-27 12:08:19","32","2016-07-27 12:08:19","32","1","1","0"),
("56645","2","1","","16SO056623","41500","10.375","0","0","0","2016-07-27","2016-07-27","","2016-07-27 12:09:11","32","2016-07-27 12:09:11","32","1","1","0"),
("56646","2","1","","16SO056624","2000","0.5","0","0","0","2016-07-27","2016-07-27","","2016-07-27 12:10:00","32","2016-07-27 12:10:00","32","1","1","0"),
("56647","2","1","","16SO056625","2500","0.625","0","0","0","2016-07-27","2016-07-27","","2016-07-27 12:11:28","32","2016-07-27 12:11:28","32","1","1","0"),
("56648","2","1","","16SO056626","4000","1","0","0","0","2016-07-27","2016-07-27","","2016-07-27 12:12:06","32","2016-07-27 12:12:06","32","1","1","0"),
("56649","2","1","","16SO056627","1000","0.25","0","0","0","2016-07-27","2016-07-27","","2016-07-27 12:17:57","28","2016-07-27 12:17:57","28","1","1","0"),
("56650","2","1","","16SO056628","2500","0.625","0","0","0","2016-07-27","2016-07-27","","2016-07-27 12:18:24","32","2016-07-27 12:18:24","32","1","1","0"),
("56651","2","1","","16SO056629","1500","0.375","0","0","0","2016-07-27","2016-07-27","","2016-07-27 12:21:20","32","2016-07-27 12:21:20","32","1","1","0"),
("56652","2","1","","16SO056630","65000","16.25","0","0","0","2016-07-27","2016-07-27","","2016-07-27 12:21:26","28","2016-07-27 12:21:26","28","1","1","0"),
("56653","2","1","","16SO056631","12000","3","0","0","0","2016-07-27","2016-07-27","","2016-07-27 12:22:16","32","2016-07-27 12:22:16","32","1","1","0"),
("56654","2","1","","16SO056632","5000","1.25","0","0","0","2016-07-27","2016-07-27","","2016-07-27 12:24:16","32","2016-07-27 12:24:16","32","1","1","0"),
("56655","2","1","","16SO056633","3000","0.75","0","0","0","2016-07-27","2016-07-27","","2016-07-27 12:24:59","32","2016-07-27 12:24:59","32","1","1","0"),
("56656","2","1","","16SO056634","1500","0.375","0","0","0","2016-07-27","2016-07-27","","2016-07-27 12:28:21","32","2016-07-27 12:28:21","32","1","1","0"),
("56657","2","1","","16SO056635","6000","1.5","0","0","0","2016-07-27","2016-07-27","","2016-07-27 12:29:17","32","2016-07-27 12:29:17","32","1","1","0"),
("56658","2","1","","16SO056636","2000","0.5","0","0","0","2016-07-27","2016-07-27","","2016-07-27 12:29:23","32","2016-07-27 12:29:23","32","1","1","0"),
("56659","2","1","","16SO056637","3000","0.75","0","0","0","2016-07-27","2016-07-27","","2016-07-27 12:29:29","32","2016-07-27 12:29:29","32","1","1","0"),
("56660","2","1","","16SO056638","4000","1","0","0","0","2016-07-27","2016-07-27","","2016-07-27 12:29:53","32","2016-07-27 12:29:53","32","1","1","0"),
("56661","2","1","","16SO056639","10000","2.5","0","0","0","2016-07-27","2016-07-27","","2016-07-27 12:30:41","32","2016-07-27 12:30:41","32","1","1","0"),
("56662","2","1","","16SO056640","2500","0.625","0","0","0","2016-07-27","2016-07-27","","2016-07-27 12:30:53","32","2016-07-27 12:30:53","32","1","1","0"),
("56663","2","1","","16SO056641","3500","0.875","0","0","0","2016-07-27","2016-07-27","","2016-07-27 12:31:14","32","2016-07-27 12:31:14","32","1","1","0"),
("56664","2","1","","16SO056642","17000","4.25","0","0","0","2016-07-27","2016-07-27","","2016-07-27 12:31:31","32","2016-07-27 12:31:31","32","1","1","0"),
("56665","2","1","","16SO056643","7000","1.75","0","0","0","2016-07-27","2016-07-27","","2016-07-27 12:34:39","32","2016-07-27 12:34:39","32","1","1","0"),
("56666","2","1","","16SO056644","500","0.125","0","0","0","2016-07-27","2016-07-27","","2016-07-27 12:34:46","32","2016-07-27 12:34:46","32","1","1","0"),
("56667","2","1","","16SO056645","2000","0.5","0","0","0","2016-07-27","2016-07-27","","2016-07-27 12:35:09","32","2016-07-27 12:35:09","32","1","1","0"),
("56668","2","1","","16SO056646","500","0.125","0","0","0","2016-07-27","2016-07-27","","2016-07-27 12:35:54","32","2016-07-27 12:35:54","32","1","1","0"),
("56669","2","1","","16SO056647","2500","0.625","0","0","0","2016-07-27","2016-07-27","","2016-07-27 12:42:25","32","2016-07-27 12:42:25","32","1","1","0"),
("56670","2","1","","16SO056648","2500","0.625","0","0","0","2016-07-27","2016-07-27","","2016-07-27 12:46:10","26","2016-07-27 12:46:10","26","1","1","0"),
("56671","2","1","","16SO056649","5000","1.25","0","0","0","2016-07-27","2016-07-27","","2016-07-27 12:49:27","26","2016-07-27 12:49:27","26","1","1","0"),
("56672","2","1","","16SO056650","4000","1","0","0","0","2016-07-27","2016-07-27","","2016-07-27 12:49:47","26","2016-07-27 12:49:47","26","1","1","0"),
("56673","2","1","","16SO056651","5000","1.25","0","0","0","2016-07-27","2016-07-27","","2016-07-27 12:51:08","26","2016-07-27 12:51:08","26","1","1","0"),
("56674","2","1","","16SO056652","6000","1.5","0","0","0","2016-07-27","2016-07-27","","2016-07-27 12:52:56","32","2016-07-27 12:52:56","32","1","1","0"),
("56675","2","1","","16SO056653","5000","1.25","0","0","0","2016-07-27","2016-07-27","","2016-07-27 12:53:17","26","2016-07-27 12:53:17","26","1","1","0"),
("56676","2","1","","16SO056654","5000","1.25","0","0","0","2016-07-27","2016-07-27","","2016-07-27 12:56:38","26","2016-07-27 12:56:38","26","1","1","0"),
("56677","2","1","","16SO056655","500","0.125","0","0","0","2016-07-27","2016-07-27","","2016-07-27 12:57:00","26","2016-07-27 12:57:00","26","1","1","0"),
("56678","2","1","","16SO056656","2000","0.5","0","0","0","2016-07-27","2016-07-27","","2016-07-27 12:57:20","32","2016-07-27 12:57:20","32","1","1","0"),
("56679","2","1","","16SO056657","10000","2.5","0","0","0","2016-07-27","2016-07-27","","2016-07-27 12:58:20","32","2016-07-27 12:58:20","32","1","1","0"),
("56680","2","1","","16SO056658","6500","1.625","0","0","0","2016-07-27","2016-07-27","","2016-07-27 12:58:33","26","2016-07-27 12:58:33","26","1","1","0"),
("56681","2","1","","16SO056659","1000","0.25","0","0","0","2016-07-27","2016-07-27","","2016-07-27 12:59:29","32","2016-07-27 12:59:29","32","1","1","0"),
("56682","2","1","","16SO056660","39000","9.75","0","0","0","2016-07-27","2016-07-27","","2016-07-27 13:01:15","32","2016-07-27 13:01:15","32","1","1","0"),
("56683","2","1","","16SO056661","2000","0.5","0","0","0","2016-07-27","2016-07-27","","2016-07-27 13:03:31","32","2016-07-27 13:03:31","32","1","1","0"),
("56684","2","1","","16SO056662","5000","1.25","0","0","0","2016-07-27","2016-07-27","","2016-07-27 13:04:25","26","2016-07-27 13:04:25","26","1","1","0"),
("56685","2","1","","16SO056663","7000","1.75","0","0","0","2016-07-27","2016-07-27","","2016-07-27 13:04:49","32","2016-07-27 13:04:49","32","1","1","0"),
("56686","2","1","","16SO056664","500","0.125","0","0","0","2016-07-27","2016-07-27","","2016-07-27 13:05:18","32","2016-07-27 13:05:18","32","1","1","0"),
("56687","2","1","","16SO056665","6000","1.5","0","0","0","2016-07-27","2016-07-27","","2016-07-27 13:05:35","26","2016-07-27 13:05:35","26","1","1","0"),
("56688","2","1","","16SO056666","3000","0.75","0","0","0","2016-07-27","2016-07-27","","2016-07-27 13:06:44","32","2016-07-27 13:06:44","32","1","1","0"),
("56689","2","1","","16SO056667","1500","0.375","0","0","0","2016-07-27","2016-07-27","","2016-07-27 13:07:00","32","2016-07-27 13:07:00","32","1","1","0"),
("56690","2","1","","16SO056668","2500","0.625","0","0","0","2016-07-27","2016-07-27","","2016-07-27 13:07:27","26","2016-07-27 13:07:27","26","1","1","0"),
("56691","2","1","","16SO056669","1500","0.375","0","0","0","2016-07-27","2016-07-27","","2016-07-27 13:07:57","26","2016-07-27 13:07:57","26","1","1","0"),
("56692","2","1","","16SO056670","5000","1.25","0","0","0","2016-07-27","2016-07-27","","2016-07-27 13:10:08","32","2016-07-27 13:10:08","32","1","1","0"),
("56693","2","1","","16SO056671","5000","1.25","0","0","0","2016-07-27","2016-07-27","","2016-07-27 13:11:52","26","2016-07-27 13:11:52","26","1","1","0"),
("56694","2","1","","16SO056672","15000","3.75","0","0","0","2016-07-27","2016-07-27","","2016-07-27 13:12:44","26","2016-07-27 13:12:44","26","1","1","0"),
("56695","2","1","","16SO056673","4500","1.125","0","0","0","2016-07-27","2016-07-27","","2016-07-27 13:13:25","32","2016-07-27 13:13:25","32","1","1","0"),
("56696","2","1","","16SO056674","20000","5","0","0","0","2016-07-27","2016-07-27","","2016-07-27 13:14:01","32","2016-07-27 13:14:01","32","1","1","0"),
("56697","2","1","","16SO056675","5000","1.25","0","0","0","2016-07-27","2016-07-27","","2016-07-27 13:14:11","26","2016-07-27 13:14:11","26","1","1","0"),
("56698","2","1","","16SO056676","2500","0.625","0","0","0","2016-07-27","2016-07-27","","2016-07-27 13:14:19","32","2016-07-27 13:14:19","32","1","1","0"),
("56699","2","1","","16SO056677","1400","0.35","0","0","0","2016-07-27","2016-07-27","","2016-07-27 13:14:26","32","2016-07-27 13:14:26","32","1","1","0"),
("56700","2","1","","16SO056678","2500","0.625","0","0","0","2016-07-27","2016-07-27","","2016-07-27 13:14:54","26","2016-07-27 13:14:54","26","1","1","0"),
("56701","2","1","","16SO056679","2500","0.625","0","0","0","2016-07-27","2016-07-27","","2016-07-27 13:15:13","26","2016-07-27 13:15:13","26","1","1","0"),
("56702","2","1","","16SO056680","2000","0.5","0","0","0","2016-07-27","2016-07-27","","2016-07-27 13:15:32","26","2016-07-27 13:15:32","26","1","1","0"),
("56703","2","1","","16SO056681","2500","0.625","0","0","0","2016-07-27","2016-07-27","","2016-07-27 13:16:26","26","2016-07-27 13:16:26","26","1","1","0"),
("56704","2","1","","16SO056682","12500","3.125","0","0","0","2016-07-27","2016-07-27","","2016-07-27 13:18:04","26","2016-07-27 13:18:04","26","1","1","0"),
("56705","2","1","","16SO056683","500","0.125","0","0","0","2016-07-27","2016-07-27","","2016-07-27 13:25:46","26","2016-07-27 13:25:46","26","1","1","0"),
("56706","2","1","","16SO056684","2100","0.525","0","0","0","2016-07-27","2016-07-27","","2016-07-27 13:26:58","32","2016-07-27 13:26:58","32","1","1","0"),
("56707","2","1","","16SO056685","5000","1.25","0","0","0","2016-07-27","2016-07-27","","2016-07-27 13:29:41","32","2016-07-27 13:29:41","32","1","1","0"),
("56708","2","1","","16SO056686","45500","11.375","0","0","0","2016-07-27","2016-07-27","","2016-07-27 13:31:47","32","2016-07-27 13:31:47","32","1","1","0"),
("56709","2","1","","16SO056687","1000","0.25","0","0","0","2016-07-27","2016-07-27","","2016-07-27 13:31:53","32","2016-07-27 13:31:53","32","1","1","0"),
("56710","2","1","","16SO056688","1000","0.25","0","0","0","2016-07-27","2016-07-27","","2016-07-27 13:32:50","32","2016-07-27 13:32:50","32","1","1","0"),
("56711","2","1","","16SO056689","2400","0.6","0","0","0","2016-07-27","2016-07-27","","2016-07-27 13:34:00","26","2016-07-27 13:34:00","26","1","1","0"),
("56712","2","1","","16SO056690","15500","3.875","0","0","0","2016-07-27","2016-07-27","","2016-07-27 13:36:57","26","2016-07-27 13:36:57","26","1","1","0"),
("56713","2","1","","16SO056691","10000","2.5","0","0","0","2016-07-27","2016-07-27","","2016-07-27 13:37:17","26","2016-07-27 13:37:17","26","1","1","0"),
("56714","2","1","","16SO056692","4000","1","0","0","0","2016-07-27","2016-07-27","","2016-07-27 13:37:31","32","2016-07-27 13:37:31","32","1","1","0"),
("56715","2","1","","16SO056693","3500","0.875","0","0","0","2016-07-27","2016-07-27","","2016-07-27 13:37:35","26","2016-07-27 13:37:35","26","1","1","0"),
("56716","2","1","","16SO056694","28000","7","0","0","0","2016-07-27","2016-07-27","","2016-07-27 13:38:12","32","2016-07-27 13:38:12","32","1","1","0"),
("56717","2","1","","16SO056695","5000","1.25","0","0","0","2016-07-27","2016-07-27","","2016-07-27 13:41:23","26","2016-07-27 13:41:23","26","1","1","0"),
("56718","2","1","","16SO056696","1500","0.375","0","0","0","2016-07-27","2016-07-27","","2016-07-27 13:43:19","28","2016-07-27 13:43:19","28","1","1","0"),
("56719","2","1","","16SO056697","5000","1.25","0","0","0","2016-07-27","2016-07-27","","2016-07-27 13:44:43","28","2016-07-27 13:44:43","28","1","1","0"),
("56720","2","1","","16SO056698","2000","0.5","0","0","0","2016-07-27","2016-07-27","","2016-07-27 13:46:12","26","2016-07-27 13:46:12","26","1","1","0"),
("56721","2","1","","16SO056699","4000","1","0","0","0","2016-07-27","2016-07-27","","2016-07-27 13:48:12","26","2016-07-27 13:48:12","26","1","1","0"),
("56722","2","1","","16SO056700","2500","0.625","0","0","0","2016-07-27","2016-07-27","","2016-07-27 13:49:40","26","2016-07-27 13:49:40","26","1","1","0"),
("56723","2","1","","16SO056701","5000","1.25","0","0","0","2016-07-27","2016-07-27","","2016-07-27 13:50:31","26","2016-07-27 13:50:31","26","1","1","0"),
("56724","2","1","","16SO056702","41000","10.25","0","0","0","2016-07-27","2016-07-27","","2016-07-27 13:50:32","28","2016-07-27 13:50:32","28","1","1","0"),
("56725","2","1","","16SO056703","3500","0.875","0","0","0","2016-07-27","2016-07-27","","2016-07-27 13:52:09","26","2016-07-27 13:52:09","26","1","1","0"),
("56726","2","1","","16SO056704","16000","4","0","0","0","2016-07-27","2016-07-27","","2016-07-27 13:52:50","28","2016-07-27 13:52:50","28","1","1","0"),
("56727","2","1","","16SO056705","2000","0.5","0","0","0","2016-07-27","2016-07-27","","2016-07-27 14:00:30","28","2016-07-27 14:00:30","28","1","1","0"),
("56728","2","1","","16SO056706","3000","0.75","0","0","0","2016-07-27","2016-07-27","","2016-07-27 14:01:55","26","2016-07-27 14:01:55","26","1","1","0"),
("56729","2","1","","16SO056707","5200","1.3","0","0","0","2016-07-27","2016-07-27","","2016-07-27 14:04:21","26","2016-07-27 14:04:21","26","1","1","0"),
("56730","2","1","","16SO056708","3000","0.75","0","0","0","2016-07-27","2016-07-27","","2016-07-27 14:05:09","28","2016-07-27 14:05:09","28","1","1","0"),
("56731","2","1","","16SO056709","2500","0.625","0","0","0","2016-07-27","2016-07-27","","2016-07-27 14:11:03","26","2016-07-27 14:11:03","26","1","1","0"),
("56732","2","1","","16SO056710","1000","0.25","0","0","0","2016-07-27","2016-07-27","","2016-07-27 14:11:34","26","2016-07-27 14:11:34","26","1","1","0"),
("56733","2","1","","16SO056711","2500","0.625","0","0","0","2016-07-27","2016-07-27","","2016-07-27 14:13:16","26","2016-07-27 14:13:16","26","1","1","0"),
("56734","2","1","","16SO056712","15000","3.75","0","0","0","2016-07-27","2016-07-27","","2016-07-27 14:13:33","26","2016-07-27 14:13:33","26","1","1","0"),
("56735","2","1","","16SO056713","8000","2","0","0","0","2016-07-27","2016-07-27","","2016-07-27 14:14:27","26","2016-07-27 14:14:27","26","1","1","0"),
("56736","2","1","","16SO056714","3500","0.875","0","0","0","2016-07-27","2016-07-27","","2016-07-27 14:14:32","28","2016-07-27 14:14:32","28","1","1","0"),
("56737","2","1","","16SO056715","1000","0.25","0","0","0","2016-07-27","2016-07-27","","2016-07-27 14:16:32","26","2016-07-27 14:16:32","26","1","1","0"),
("56738","2","1","","16SO056716","6000","1.5","0","0","0","2016-07-27","2016-07-27","","2016-07-27 14:17:16","26","2016-07-27 14:17:16","26","1","1","0"),
("56739","2","1","","16SO056717","3000","0.75","0","0","0","2016-07-27","2016-07-27","","2016-07-27 14:20:07","28","2016-07-27 14:20:07","28","1","1","0"),
("56740","2","1","","16SO056718","20000","5","0","0","0","2016-07-27","2016-07-27","","2016-07-27 14:20:35","26","2016-07-27 14:20:35","26","1","1","0"),
("56741","2","1","","16SO056719","28000","7","0","0","0","2016-07-27","2016-07-27","","2016-07-27 14:23:29","26","2016-07-27 14:23:29","26","1","1","0"),
("56742","2","1","","16SO056720","16000","4","0","0","0","2016-07-27","2016-07-27","","2016-07-27 14:23:39","26","2016-07-27 14:23:39","26","1","1","0"),
("56743","2","1","","16SO056721","3000","0.75","0","0","0","2016-07-27","2016-07-27","","2016-07-27 14:24:28","26","2016-07-27 14:24:28","26","1","1","0"),
("56744","2","1","","16SO056722","4000","1","0","0","0","2016-07-27","2016-07-27","","2016-07-27 14:24:47","28","2016-07-27 14:24:47","28","1","1","0"),
("56745","2","1","","16SO056723","15000","3.75","0","0","0","2016-07-27","2016-07-27","","2016-07-27 14:25:50","26","2016-07-27 14:25:50","26","1","1","0"),
("56746","2","1","","16SO056724","2000","0.5","0","0","0","2016-07-27","2016-07-27","","2016-07-27 14:26:01","26","2016-07-27 14:26:01","26","1","1","0"),
("56747","2","1","","16SO056725","1000","0.25","0","0","0","2016-07-27","2016-07-27","","2016-07-27 14:26:05","28","2016-07-27 14:26:05","28","1","1","0"),
("56748","2","1","","16SO056726","11000","2.75","0","0","0","2016-07-27","2016-07-27","","2016-07-27 14:26:36","26","2016-07-27 14:26:36","26","1","1","0"),
("56749","2","1","","16SO056727","6500","1.625","0","0","0","2016-07-27","2016-07-27","","2016-07-27 14:27:28","26","2016-07-27 14:27:28","26","1","1","0"),
("56750","2","1","","16SO056728","13500","3.375","0","0","0","2016-07-27","2016-07-27","","2016-07-27 14:28:12","28","2016-07-27 14:28:12","28","1","1","0"),
("56751","2","1","","16SO056729","21500","5.375","0","0","0","2016-07-27","2016-07-27","","2016-07-27 14:34:35","26","2016-07-27 14:34:35","26","1","1","0"),
("56752","2","1","","16SO056730","3000","0.75","0","0","0","2016-07-27","2016-07-27","","2016-07-27 14:35:27","28","2016-07-27 14:35:27","28","1","1","0"),
("56753","2","1","","16SO056731","3000","0.75","0","0","0","2016-07-27","2016-07-27","","2016-07-27 14:36:48","26","2016-07-27 14:36:48","26","1","1","0"),
("56754","2","1","","16SO056732","3000","0.75","0","0","0","2016-07-27","2016-07-27","","2016-07-27 14:37:15","26","2016-07-27 14:37:15","26","1","1","0"),
("56755","2","1","","16SO056733","4500","1.125","0","0","0","2016-07-27","2016-07-27","","2016-07-27 14:37:28","28","2016-07-27 14:37:28","28","1","1","0"),
("56756","2","1","","16SO056734","12000","3","0","0","0","2016-07-27","2016-07-27","","2016-07-27 14:40:44","26","2016-07-27 14:40:44","26","1","1","0"),
("56757","2","1","","16SO056735","1500","0.375","0","0","0","2016-07-27","2016-07-27","","2016-07-27 14:44:03","28","2016-07-27 14:44:03","28","1","1","0"),
("56758","2","1","","16SO056736","500","0.125","0","0","0","2016-07-27","2016-07-27","","2016-07-27 14:45:21","26","2016-07-27 14:45:21","26","1","1","0"),
("56759","2","1","","16SO056737","1000","0.25","0","0","0","2016-07-27","2016-07-27","","2016-07-27 14:48:10","26","2016-07-27 14:48:10","26","1","1","0"),
("56760","2","1","","16SO056738","12500","3.125","0","0","0","2016-07-27","2016-07-27","","2016-07-27 14:51:51","28","2016-07-27 14:51:51","28","1","1","0"),
("56761","2","1","","16SO056739","5000","1.25","0","0","0","2016-07-27","2016-07-27","","2016-07-27 14:53:42","28","2016-07-27 14:53:42","28","1","1","0");

INSERT INTO sales_order_details VALUES("75194","56630","0","2228","20","1","1","500","10000","","","0","0","2016-07-27 12:00:15","2016-07-27 12:00:15"),
("75195","56631","0","2250","1","1","1","500","500","","","0","0","2016-07-27 12:00:51","2016-07-27 12:00:51"),
("75196","56632","0","2228","10","1","1","500","5000","","","0","0","2016-07-27 12:01:06","2016-07-27 12:01:06"),
("75197","56633","0","2231","3","1","1","1500","4500","","","0","0","2016-07-27 12:01:22","2016-07-27 12:01:22"),
("75198","56633","0","2164","1","1","1","3000","3000","","","0","0","2016-07-27 12:01:22","2016-07-27 12:01:22"),
("75199","56634","0","2164","2","1","1","3000","6000","","","0","0","2016-07-27 12:01:34","2016-07-27 12:01:34"),
("75200","56635","0","2083","1","1","1","2500","2500","","","0","0","2016-07-27 12:01:42","2016-07-27 12:01:42"),
("75201","56636","0","2228","10","1","1","500","5000","","","0","0","2016-07-27 12:03:07","2016-07-27 12:03:07"),
("75202","56637","0","2231","2","1","1","1500","3000","","","0","0","2016-07-27 12:03:36","2016-07-27 12:03:36"),
("75203","56638","0","2228","5","1","1","500","2500","","","0","0","2016-07-27 12:06:29","2016-07-27 12:06:29"),
("75204","56639","0","2118","1","1","1","6500","6500","","","0","0","2016-07-27 12:06:52","2016-07-27 12:06:52"),
("75205","56639","0","2141","1","1","1","60000","60000","","","0","0","2016-07-27 12:06:52","2016-07-27 12:06:52"),
("75206","56640","0","2228","5","1","1","500","2500","","","0","0","2016-07-27 12:07:05","2016-07-27 12:07:05"),
("75207","56640","0","2118","1","1","1","6500","6500","","","0","0","2016-07-27 12:07:05","2016-07-27 12:07:05"),
("75208","56640","0","2070","2","1","1","1000","2000","","","0","0","2016-07-27 12:07:05","2016-07-27 12:07:05"),
("75209","56640","0","2231","2","1","1","1500","3000","","","0","0","2016-07-27 12:07:05","2016-07-27 12:07:05"),
("75210","56641","0","2118","1","1","1","6500","6500","","","0","0","2016-07-27 12:07:38","2016-07-27 12:07:38"),
("75211","56641","0","2121","1","1","1","13000","13000","","","0","0","2016-07-27 12:07:38","2016-07-27 12:07:38"),
("75212","56642","0","2164","1","1","1","3000","3000","","","0","0","2016-07-27 12:08:00","2016-07-27 12:08:00"),
("75213","56643","0","2228","4","1","1","500","2000","","","0","0","2016-07-27 12:08:11","2016-07-27 12:08:11"),
("75214","56644","0","2231","2","1","1","1500","3000","","","0","0","2016-07-27 12:08:19","2016-07-27 12:08:19"),
("75215","56645","0","2095","1","1","1","4000","4000","","","0","0","2016-07-27 12:09:11","2016-07-27 12:09:11"),
("75216","56645","0","2102","1","1","1","5000","5000","","","0","0","2016-07-27 12:09:11","2016-07-27 12:09:11"),
("75217","56645","0","2118","1","1","1","6500","6500","","","0","0","2016-07-27 12:09:11","2016-07-27 12:09:11"),
("75218","56645","0","2121","2","1","1","13000","26000","","","0","0","2016-07-27 12:09:11","2016-07-27 12:09:11"),
("75219","56646","0","2228","4","1","1","500","2000","","","0","0","2016-07-27 12:10:00","2016-07-27 12:10:00"),
("75220","56647","0","2250","1","1","1","500","500","","","0","0","2016-07-27 12:11:28","2016-07-27 12:11:28"),
("75221","56647","0","2064","1","1","1","2000","2000","","","0","0","2016-07-27 12:11:28","2016-07-27 12:11:28"),
("75222","56648","0","2064","2","1","1","2000","4000","","","0","0","2016-07-27 12:12:06","2016-07-27 12:12:06"),
("75223","56649","0","2125","1","1","1","1000","1000","","","0","0","2016-07-27 12:17:57","2016-07-27 12:17:57"),
("75224","56650","0","2228","5","1","1","500","2500","","","0","0","2016-07-27 12:18:24","2016-07-27 12:18:24"),
("75225","56651","0","2228","3","1","1","500","1500","","","0","0","2016-07-27 12:21:20","2016-07-27 12:21:20"),
("75226","56652","0","2233","5","1","1","1500","7500","","","0","0","2016-07-27 12:21:26","2016-07-27 12:21:26"),
("75227","56652","0","2229","59","1","1","500","29500","","","0","0","2016-07-27 12:21:26","2016-07-27 12:21:26"),
("75228","56652","0","2065","40","1","1","700","28000","","","0","0","2016-07-27 12:21:26","2016-07-27 12:21:26"),
("75229","56653","0","2135","1","1","1","12000","12000","","","0","0","2016-07-27 12:22:16","2016-07-27 12:22:16"),
("75230","56654","0","2083","2","1","1","2500","5000","","","0","0","2016-07-27 12:24:16","2016-07-27 12:24:16"),
("75231","56655","0","2231","2","1","1","1500","3000","","","0","0","2016-07-27 12:24:59","2016-07-27 12:24:59"),
("75232","56656","0","2231","1","1","1","1500","1500","","","0","0","2016-07-27 12:28:21","2016-07-27 12:28:21"),
("75233","56657","0","2231","4","1","1","1500","6000","","","0","0","2016-07-27 12:29:17","2016-07-27 12:29:17"),
("75234","56658","0","2064","1","1","1","2000","2000","","","0","0","2016-07-27 12:29:23","2016-07-27 12:29:23"),
("75235","56659","0","2231","2","1","1","1500","3000","","","0","0","2016-07-27 12:29:29","2016-07-27 12:29:29"),
("75236","56660","0","2126","2","1","1","2000","4000","","","0","0","2016-07-27 12:29:54","2016-07-27 12:29:54"),
("75237","56661","0","2107","1","1","1","6000","6000","","","0","0","2016-07-27 12:30:41","2016-07-27 12:30:41"),
("75238","56661","0","2095","1","1","1","4000","4000","","","0","0","2016-07-27 12:30:41","2016-07-27 12:30:41"),
("75239","56662","0","2083","1","1","1","2500","2500","","","0","0","2016-07-27 12:30:53","2016-07-27 12:30:53"),
("75240","56663","0","2146","1","1","1","3500","3500","","","0","0","2016-07-27 12:31:14","2016-07-27 12:31:14"),
("75241","56664","0","2064","1","1","1","2000","2000","","","0","0","2016-07-27 12:31:31","2016-07-27 12:31:31"),
("75242","56664","0","2231","10","1","1","1500","15000","","","0","0","2016-07-27 12:31:31","2016-07-27 12:31:31"),
("75243","56665","0","2229","10","1","1","700","7000","","","0","0","2016-07-27 12:34:39","2016-07-27 12:34:39"),
("75244","56666","0","2250","1","1","1","500","500","","","0","0","2016-07-27 12:34:46","2016-07-27 12:34:46"),
("75245","56667","0","2065","2","1","1","1000","2000","","","0","0","2016-07-27 12:35:09","2016-07-27 12:35:09"),
("75246","56668","0","2250","1","1","1","500","500","","","0","0","2016-07-27 12:35:54","2016-07-27 12:35:54"),
("75247","56669","0","2228","5","1","1","500","2500","","","0","0","2016-07-27 12:42:25","2016-07-27 12:42:25"),
("75248","56670","0","2197","1","1","1","2500","2500","","","0","0","2016-07-27 12:46:10","2016-07-27 12:46:10"),
("75249","56671","0","2102","1","1","1","5000","5000","","","0","0","2016-07-27 12:49:28","2016-07-27 12:49:28"),
("75250","56672","0","2065","2","1","1","1000","2000","","","0","0","2016-07-27 12:49:47","2016-07-27 12:49:47"),
("75251","56672","0","2073","2","1","1","1000","2000","","","0","0","2016-07-27 12:49:47","2016-07-27 12:49:47"),
("75252","56673","0","2228","3","1","1","500","1500","","","0","0","2016-07-27 12:51:08","2016-07-27 12:51:08"),
("75253","56673","0","2166","5","1","1","700","3500","","","0","0","2016-07-27 12:51:08","2016-07-27 12:51:08"),
("75254","56674","0","2231","4","1","1","1500","6000","","","0","0","2016-07-27 12:52:56","2016-07-27 12:52:56"),
("75255","56675","0","2235","2","1","1","2500","5000","","","0","0","2016-07-27 12:53:17","2016-07-27 12:53:17"),
("75256","56676","0","2219","1","1","1","2500","2500","","","0","0","2016-07-27 12:56:38","2016-07-27 12:56:38"),
("75257","56676","0","2172","1","1","1","2500","2500","","","0","0","2016-07-27 12:56:38","2016-07-27 12:56:38"),
("75258","56677","0","2228","1","1","1","500","500","","","0","0","2016-07-27 12:57:00","2016-07-27 12:57:00"),
("75259","56678","0","2228","4","1","1","500","2000","","","0","0","2016-07-27 12:57:20","2016-07-27 12:57:20"),
("75260","56679","0","2228","20","1","1","500","10000","","","0","0","2016-07-27 12:58:20","2016-07-27 12:58:20"),
("75261","56680","0","2118","1","1","1","6500","6500","","","0","0","2016-07-27 12:58:33","2016-07-27 12:58:33"),
("75262","56681","0","2228","2","1","1","500","1000","","","0","0","2016-07-27 12:59:29","2016-07-27 12:59:29"),
("75263","56682","0","2231","10","1","1","1200","12000","","","0","0","2016-07-27 13:01:15","2016-07-27 13:01:15"),
("75264","56682","0","2065","10","1","1","700","7000","","","0","0","2016-07-27 13:01:15","2016-07-27 13:01:15"),
("75265","56682","0","2229","40","1","1","500","20000","","","0","0","2016-07-27 13:01:15","2016-07-27 13:01:15"),
("75266","56683","0","2228","4","1","1","500","2000","","","0","0","2016-07-27 13:03:31","2016-07-27 13:03:31"),
("75267","56684","0","2228","10","1","1","500","5000","","","0","0","2016-07-27 13:04:25","2016-07-27 13:04:25"),
("75268","56685","0","2073","1","1","1","1000","1000","","","0","0","2016-07-27 13:04:49","2016-07-27 13:04:49"),
("75269","56685","0","2076","3","1","1","2000","6000","","","0","0","2016-07-27 13:04:49","2016-07-27 13:04:49"),
("75270","56686","0","2228","1","1","1","500","500","","","0","0","2016-07-27 13:05:18","2016-07-27 13:05:18"),
("75271","56687","0","2228","12","1","1","500","6000","","","0","0","2016-07-27 13:05:35","2016-07-27 13:05:35"),
("75272","56688","0","2226","1","1","1","3000","3000","","","0","0","2016-07-27 13:06:44","2016-07-27 13:06:44"),
("75273","56689","0","2228","3","1","1","500","1500","","","0","0","2016-07-27 13:07:00","2016-07-27 13:07:00"),
("75274","56690","0","2231","1","1","1","1500","1500","","","0","0","2016-07-27 13:07:27","2016-07-27 13:07:27"),
("75275","56690","0","2125","1","1","1","1000","1000","","","0","0","2016-07-27 13:07:27","2016-07-27 13:07:27"),
("75276","56691","0","2231","1","1","1","1500","1500","","","0","0","2016-07-27 13:07:57","2016-07-27 13:07:57"),
("75277","56692","0","2228","10","1","1","500","5000","","","0","0","2016-07-27 13:10:08","2016-07-27 13:10:08"),
("75278","56693","0","2228","10","1","1","500","5000","","","0","0","2016-07-27 13:11:52","2016-07-27 13:11:52"),
("75279","56694","0","2231","10","1","1","1500","15000","","","0","0","2016-07-27 13:12:44","2016-07-27 13:12:44"),
("75280","56695","0","2089","1","1","1","2500","2500","","","0","0","2016-07-27 13:13:25","2016-07-27 13:13:25"),
("75281","56695","0","2076","1","1","1","2000","2000","","","0","0","2016-07-27 13:13:25","2016-07-27 13:13:25"),
("75282","56696","0","2137","1","1","1","20000","20000","","","0","0","2016-07-27 13:14:01","2016-07-27 13:14:01"),
("75283","56697","0","2240","1","1","1","5000","5000","","","0","0","2016-07-27 13:14:11","2016-07-27 13:14:11"),
("75284","56698","0","2089","1","1","1","2500","2500","","","0","0","2016-07-27 13:14:19","2016-07-27 13:14:19"),
("75285","56699","0","2229","2","1","1","700","1400","","","0","0","2016-07-27 13:14:26","2016-07-27 13:14:26"),
("75286","56700","0","2197","1","1","1","2500","2500","","","0","0","2016-07-27 13:14:54","2016-07-27 13:14:54"),
("75287","56701","0","2083","1","1","1","2500","2500","","","0","0","2016-07-27 13:15:13","2016-07-27 13:15:13"),
("75288","56702","0","2099","1","1","1","2000","2000","","","0","0","2016-07-27 13:15:32","2016-07-27 13:15:32"),
("75289","56703","0","2083","1","1","1","2500","2500","","","0","0","2016-07-27 13:16:26","2016-07-27 13:16:26"),
("75290","56704","0","2166","10","1","1","700","7000","","","0","0","2016-07-27 13:18:04","2016-07-27 13:18:04"),
("75291","56704","0","2104","1","1","1","5500","5500","","","0","0","2016-07-27 13:18:04","2016-07-27 13:18:04"),
("75292","56705","0","2228","1","1","1","500","500","","","0","0","2016-07-27 13:25:46","2016-07-27 13:25:46"),
("75293","56706","0","2229","3","1","1","700","2100","","","0","0","2016-07-27 13:26:58","2016-07-27 13:26:58"),
("75294","56707","0","2228","10","1","1","500","5000","","","0","0","2016-07-27 13:29:41","2016-07-27 13:29:41"),
("75295","56708","0","2229","40","1","1","500","20000","","","0","0","2016-07-27 13:31:47","2016-07-27 13:31:47"),
("75296","56708","0","2231","15","1","1","1200","18000","","","0","0","2016-07-27 13:31:47","2016-07-27 13:31:47"),
("75297","56708","0","2065","15","1","1","700","10500","","","0","0","2016-07-27 13:31:47","2016-07-27 13:31:47"),
("75298","56709","0","2125","1","1","1","1000","1000","","","0","0","2016-07-27 13:31:53","2016-07-27 13:31:53"),
("75299","56710","0","2250","2","1","1","500","1000","","","0","0","2016-07-27 13:32:50","2016-07-27 13:32:50"),
("75300","56711","0","2228","2","1","1","500","1000","","","0","0","2016-07-27 13:34:00","2016-07-27 13:34:00"),
("75301","56711","0","2166","2","1","1","700","1400","","","0","0","2016-07-27 13:34:00","2016-07-27 13:34:00"),
("75302","56712","0","2146","1","1","1","3500","3500","","","0","0","2016-07-27 13:36:57","2016-07-27 13:36:57"),
("75303","56712","0","2107","2","1","1","6000","12000","","","0","0","2016-07-27 13:36:58","2016-07-27 13:36:58"),
("75304","56713","0","2104","1","1","1","5500","5500","","","0","0","2016-07-27 13:37:17","2016-07-27 13:37:17"),
("75305","56713","0","2238","1","1","1","2500","2500","","","0","0","2016-07-27 13:37:17","2016-07-27 13:37:17"),
("75306","56713","0","2065","2","1","1","1000","2000","","","0","0","2016-07-27 13:37:17","2016-07-27 13:37:17"),
("75307","56714","0","2073","1","1","1","1000","1000","","","0","0","2016-07-27 13:37:31","2016-07-27 13:37:31"),
("75308","56714","0","2231","2","1","1","1500","3000","","","0","0","2016-07-27 13:37:31","2016-07-27 13:37:31"),
("75309","56715","0","2146","1","1","1","3500","3500","","","0","0","2016-07-27 13:37:35","2016-07-27 13:37:35"),
("75310","56716","0","2104","1","1","1","5500","5500","","","0","0","2016-07-27 13:38:12","2016-07-27 13:38:12"),
("75311","56716","0","2146","3","1","1","3500","10500","","","0","0","2016-07-27 13:38:12","2016-07-27 13:38:12"),
("75312","56716","0","2107","2","1","1","6000","12000","","","0","0","2016-07-27 13:38:12","2016-07-27 13:38:12"),
("75313","56717","0","2228","10","1","1","500","5000","","","0","0","2016-07-27 13:41:23","2016-07-27 13:41:23"),
("75314","56718","0","2228","3","1","1","500","1500","","","0","0","2016-07-27 13:43:19","2016-07-27 13:43:19"),
("75315","56719","0","2228","10","1","1","500","5000","","","0","0","2016-07-27 13:44:43","2016-07-27 13:44:43"),
("75316","56720","0","2228","4","1","1","500","2000","","","0","0","2016-07-27 13:46:12","2016-07-27 13:46:12"),
("75317","56721","0","2064","2","1","1","2000","4000","","","0","0","2016-07-27 13:48:12","2016-07-27 13:48:12"),
("75318","56722","0","2235","1","1","1","2500","2500","","","0","0","2016-07-27 13:49:40","2016-07-27 13:49:40"),
("75319","56723","0","2228","10","1","1","500","5000","","","0","0","2016-07-27 13:50:31","2016-07-27 13:50:31"),
("75320","56724","0","2121","2","1","1","13000","26000","","","0","0","2016-07-27 13:50:33","2016-07-27 13:50:33"),
("75321","56724","0","2231","10","1","1","1500","15000","","","0","0","2016-07-27 13:50:33","2016-07-27 13:50:33"),
("75322","56725","0","2229","5","1","1","700","3500","","","0","0","2016-07-27 13:52:09","2016-07-27 13:52:09"),
("75323","56726","0","2070","2","1","1","1000","2000","","","0","0","2016-07-27 13:52:50","2016-07-27 13:52:50"),
("75324","56726","0","2164","1","1","1","3000","3000","","","0","0","2016-07-27 13:52:50","2016-07-27 13:52:50"),
("75325","56726","0","2229","5","1","1","700","3500","","","0","0","2016-07-27 13:52:50","2016-07-27 13:52:50"),
("75326","56726","0","2231","5","1","1","1500","7500","","","0","0","2016-07-27 13:52:50","2016-07-27 13:52:50"),
("75327","56727","0","2232","2","1","1","1000","2000","","","0","0","2016-07-27 14:00:30","2016-07-27 14:00:30"),
("75328","56728","0","2164","1","1","1","3000","3000","","","0","0","2016-07-27 14:01:55","2016-07-27 14:01:55"),
("75329","56729","0","2125","2","1","1","1000","2000","","","0","0","2016-07-27 14:04:21","2016-07-27 14:04:21"),
("75330","56729","0","2166","1","1","1","700","700","","","0","0","2016-07-27 14:04:21","2016-07-27 14:04:21"),
("75331","56729","0","2070","1","1","1","1000","1000","","","0","0","2016-07-27 14:04:21","2016-07-27 14:04:21"),
("75332","56729","0","2231","1","1","1","1500","1500","","","0","0","2016-07-27 14:04:21","2016-07-27 14:04:21"),
("75333","56730","0","2231","2","1","1","1500","3000","","","0","0","2016-07-27 14:05:09","2016-07-27 14:05:09"),
("75334","56731","0","2257","1","1","1","2500","2500","","","0","0","2016-07-27 14:11:04","2016-07-27 14:11:04"),
("75335","56732","0","2218","1","1","1","1000","1000","","","0","0","2016-07-27 14:11:34","2016-07-27 14:11:34"),
("75336","56733","0","2083","1","1","1","2500","2500","","","0","0","2016-07-27 14:13:17","2016-07-27 14:13:17"),
("75337","56734","0","2228","30","1","1","500","15000","","","0","0","2016-07-27 14:13:33","2016-07-27 14:13:33"),
("75338","56735","0","2095","2","1","1","4000","8000","","","0","0","2016-07-27 14:14:27","2016-07-27 14:14:27"),
("75339","56736","0","2250","2","1","1","500","1000","","","0","0","2016-07-27 14:14:32","2016-07-27 14:14:32"),
("75340","56736","0","2083","1","1","1","2500","2500","","","0","0","2016-07-27 14:14:32","2016-07-27 14:14:32"),
("75341","56737","0","2065","1","1","1","1000","1000","","","0","0","2016-07-27 14:16:32","2016-07-27 14:16:32"),
("75342","56738","0","2133","1","1","1","6000","6000","","","0","0","2016-07-27 14:17:16","2016-07-27 14:17:16"),
("75343","56739","0","2228","6","1","1","500","3000","","","0","0","2016-07-27 14:20:07","2016-07-27 14:20:07"),
("75344","56740","0","2137","1","1","1","20000","20000","","","0","0","2016-07-27 14:20:35","2016-07-27 14:20:35"),
("75345","56741","0","2139","1","1","1","28000","28000","","","0","0","2016-07-27 14:23:29","2016-07-27 14:23:29"),
("75346","56742","0","2104","2","1","1","5500","11000","","","0","0","2016-07-27 14:23:40","2016-07-27 14:23:40"),
("75347","56742","0","2228","10","1","1","500","5000","","","0","0","2016-07-27 14:23:40","2016-07-27 14:23:40"),
("75348","56743","0","2231","2","1","1","1500","3000","","","0","0","2016-07-27 14:24:28","2016-07-27 14:24:28"),
("75349","56744","0","2095","1","1","1","4000","4000","","","0","0","2016-07-27 14:24:47","2016-07-27 14:24:47"),
("75350","56745","0","2231","10","1","1","1500","15000","","","0","0","2016-07-27 14:25:50","2016-07-27 14:25:50"),
("75351","56746","0","2099","1","1","1","2000","2000","","","0","0","2016-07-27 14:26:01","2016-07-27 14:26:01"),
("75352","56747","0","2228","2","1","1","500","1000","","","0","0","2016-07-27 14:26:05","2016-07-27 14:26:05"),
("75353","56748","0","2226","1","1","1","3000","3000","","","0","0","2016-07-27 14:26:36","2016-07-27 14:26:36"),
("75354","56748","0","2119","1","1","1","8000","8000","","","0","0","2016-07-27 14:26:36","2016-07-27 14:26:36"),
("75355","56749","0","2065","1","1","1","1000","1000","","","0","0","2016-07-27 14:27:28","2016-07-27 14:27:28"),
("75356","56749","0","2075","1","1","1","1500","1500","","","0","0","2016-07-27 14:27:28","2016-07-27 14:27:28"),
("75357","56749","0","2233","2","1","1","2000","4000","","","0","0","2016-07-27 14:27:28","2016-07-27 14:27:28"),
("75358","56750","0","2233","3","1","1","2000","6000","","","0","0","2016-07-27 14:28:12","2016-07-27 14:28:12"),
("75359","56750","0","2231","5","1","1","1500","7500","","","0","0","2016-07-27 14:28:12","2016-07-27 14:28:12"),
("75360","56751","0","2117","1","1","1","7500","7500","","","0","0","2016-07-27 14:34:36","2016-07-27 14:34:36"),
("75361","56751","0","2240","1","1","1","5000","5000","","","0","0","2016-07-27 14:34:36","2016-07-27 14:34:36"),
("75362","56751","0","2164","3","1","1","3000","9000","","","0","0","2016-07-27 14:34:36","2016-07-27 14:34:36"),
("75363","56752","0","2228","6","1","1","500","3000","","","0","0","2016-07-27 14:35:27","2016-07-27 14:35:27"),
("75364","56753","0","2164","1","1","1","3000","3000","","","0","0","2016-07-27 14:36:48","2016-07-27 14:36:48"),
("75365","56754","0","2231","2","1","1","1500","3000","","","0","0","2016-07-27 14:37:15","2016-07-27 14:37:15"),
("75366","56755","0","2231","3","1","1","1500","4500","","","0","0","2016-07-27 14:37:28","2016-07-27 14:37:28"),
("75367","56756","0","2133","2","1","1","6000","12000","","","0","0","2016-07-27 14:40:44","2016-07-27 14:40:44"),
("75368","56757","0","2228","3","1","1","500","1500","","","0","0","2016-07-27 14:44:03","2016-07-27 14:44:03"),
("75369","56758","0","2228","1","1","1","500","500","","","0","0","2016-07-27 14:45:21","2016-07-27 14:45:21"),
("75370","56759","0","2065","1","1","1","1000","1000","","","0","0","2016-07-27 14:48:10","2016-07-27 14:48:10"),
("75371","56760","0","2231","5","1","1","1500","7500","","","0","0","2016-07-27 14:51:51","2016-07-27 14:51:51"),
("75372","56760","0","2228","10","1","1","500","5000","","","0","0","2016-07-27 14:51:51","2016-07-27 14:51:51"),
("75373","56761","0","2228","10","1","1","500","5000","","","0","0","2016-07-27 14:53:42","2016-07-27 14:53:42");

INSERT INTO sales_order_receipts VALUES("56751","56630","7","16RE056748","0","10000","10000","0","2016-07-27","2016-07-27","2016-07-27 12:00:15","28","2016-07-27 12:00:15","28","1"),
("56752","56631","7","16RE056749","0","500","500","0","2016-07-27","2016-07-27","2016-07-27 12:00:51","32","2016-07-27 12:00:51","32","1"),
("56753","56632","7","16RE056750","0","5000","5000","0","2016-07-27","2016-07-27","2016-07-27 12:01:06","32","2016-07-27 12:01:06","32","1"),
("56754","56633","7","16RE056751","0","7500","7500","0","2016-07-27","2016-07-27","2016-07-27 12:01:22","28","2016-07-27 12:01:22","28","1"),
("56755","56634","7","16RE056752","0","6000","6000","0","2016-07-27","2016-07-27","2016-07-27 12:01:34","28","2016-07-27 12:01:34","28","1"),
("56756","56635","7","16RE056753","0","2500","2500","0","2016-07-27","2016-07-27","2016-07-27 12:01:42","32","2016-07-27 12:01:42","32","1"),
("56757","56636","7","16RE056754","0","5000","5000","0","2016-07-27","2016-07-27","2016-07-27 12:03:07","28","2016-07-27 12:03:07","28","1"),
("56758","56637","7","16RE056755","0","3000","3000","0","2016-07-27","2016-07-27","2016-07-27 12:03:36","32","2016-07-27 12:03:36","32","1"),
("56759","56638","7","16RE056756","0","2500","2500","0","2016-07-27","2016-07-27","2016-07-27 12:06:29","32","2016-07-27 12:06:29","32","1"),
("56760","56639","7","16RE056757","0","66500","66500","0","2016-07-27","2016-07-27","2016-07-27 12:06:52","28","2016-07-27 12:06:52","28","1"),
("56761","56640","7","16RE056758","0","14000","14000","0","2016-07-27","2016-07-27","2016-07-27 12:07:05","32","2016-07-27 12:07:05","32","1"),
("56762","56641","7","16RE056759","0","19500","19500","0","2016-07-27","2016-07-27","2016-07-27 12:07:38","28","2016-07-27 12:07:38","28","1"),
("56763","56642","7","16RE056760","0","3000","3000","0","2016-07-27","2016-07-27","2016-07-27 12:08:00","32","2016-07-27 12:08:00","32","1"),
("56764","56643","7","16RE056761","0","2000","2000","0","2016-07-27","2016-07-27","2016-07-27 12:08:11","32","2016-07-27 12:08:11","32","1"),
("56765","56644","7","16RE056762","0","3000","3000","0","2016-07-27","2016-07-27","2016-07-27 12:08:19","32","2016-07-27 12:08:19","32","1"),
("56766","56645","7","16RE056763","0","41500","41500","0","2016-07-27","2016-07-27","2016-07-27 12:09:11","32","2016-07-27 12:09:11","32","1"),
("56767","56646","7","16RE056764","0","2000","2000","0","2016-07-27","2016-07-27","2016-07-27 12:10:00","32","2016-07-27 12:10:00","32","1"),
("56768","56647","7","16RE056765","0","2500","2500","0","2016-07-27","2016-07-27","2016-07-27 12:11:28","32","2016-07-27 12:11:28","32","1"),
("56769","56648","7","16RE056766","0","4000","4000","0","2016-07-27","2016-07-27","2016-07-27 12:12:06","32","2016-07-27 12:12:06","32","1"),
("56770","56649","7","16RE056767","0","1000","1000","0","2016-07-27","2016-07-27","2016-07-27 12:17:57","28","2016-07-27 12:17:57","28","1"),
("56771","56650","7","16RE056768","0","2500","2500","0","2016-07-27","2016-07-27","2016-07-27 12:18:24","32","2016-07-27 12:18:24","32","1"),
("56772","56651","7","16RE056769","0","1500","1500","0","2016-07-27","2016-07-27","2016-07-27 12:21:20","32","2016-07-27 12:21:20","32","1"),
("56773","56652","7","16RE056770","0","65000","65000","0","2016-07-27","2016-07-27","2016-07-27 12:21:26","28","2016-07-27 12:21:26","28","1"),
("56774","56653","7","16RE056771","0","12000","12000","0","2016-07-27","2016-07-27","2016-07-27 12:22:16","32","2016-07-27 12:22:16","32","1"),
("56775","56654","7","16RE056772","0","5000","5000","0","2016-07-27","2016-07-27","2016-07-27 12:24:16","32","2016-07-27 12:24:16","32","1"),
("56776","56655","7","16RE056773","0","3000","3000","0","2016-07-27","2016-07-27","2016-07-27 12:24:59","32","2016-07-27 12:24:59","32","1"),
("56777","56656","7","16RE056774","0","1500","1500","0","2016-07-27","2016-07-27","2016-07-27 12:28:21","32","2016-07-27 12:28:21","32","1"),
("56778","56657","7","16RE056775","0","6000","6000","0","2016-07-27","2016-07-27","2016-07-27 12:29:17","32","2016-07-27 12:29:17","32","1"),
("56779","56658","7","16RE056776","0","2000","2000","0","2016-07-27","2016-07-27","2016-07-27 12:29:23","32","2016-07-27 12:29:23","32","1"),
("56780","56659","7","16RE056777","0","3000","3000","0","2016-07-27","2016-07-27","2016-07-27 12:29:29","32","2016-07-27 12:29:29","32","1"),
("56781","56660","7","16RE056778","0","4000","4000","0","2016-07-27","2016-07-27","2016-07-27 12:29:54","32","2016-07-27 12:29:54","32","1"),
("56782","56661","7","16RE056779","0","10000","10000","0","2016-07-27","2016-07-27","2016-07-27 12:30:41","32","2016-07-27 12:30:41","32","1"),
("56783","56662","7","16RE056780","0","2500","2500","0","2016-07-27","2016-07-27","2016-07-27 12:30:53","32","2016-07-27 12:30:53","32","1"),
("56784","56663","7","16RE056781","0","3500","3500","0","2016-07-27","2016-07-27","2016-07-27 12:31:14","32","2016-07-27 12:31:14","32","1"),
("56785","56664","7","16RE056782","0","17000","17000","0","2016-07-27","2016-07-27","2016-07-27 12:31:31","32","2016-07-27 12:31:31","32","1"),
("56786","56665","7","16RE056783","0","7000","7000","0","2016-07-27","2016-07-27","2016-07-27 12:34:39","32","2016-07-27 12:34:39","32","1"),
("56787","56666","7","16RE056784","0","500","500","0","2016-07-27","2016-07-27","2016-07-27 12:34:46","32","2016-07-27 12:34:46","32","1"),
("56788","56667","7","16RE056785","0","2000","2000","0","2016-07-27","2016-07-27","2016-07-27 12:35:09","32","2016-07-27 12:35:09","32","1"),
("56789","56668","7","16RE056786","0","500","500","0","2016-07-27","2016-07-27","2016-07-27 12:35:54","32","2016-07-27 12:35:54","32","1"),
("56790","56669","7","16RE056787","0","2500","2500","0","2016-07-27","2016-07-27","2016-07-27 12:42:25","32","2016-07-27 12:42:25","32","1"),
("56791","56670","7","16RE056788","0","2500","2500","0","2016-07-27","2016-07-27","2016-07-27 12:46:10","26","2016-07-27 12:46:10","26","1"),
("56792","56671","7","16RE056789","0","5000","5000","0","2016-07-27","2016-07-27","2016-07-27 12:49:27","26","2016-07-27 12:49:27","26","1"),
("56793","56672","7","16RE056790","0","4000","4000","0","2016-07-27","2016-07-27","2016-07-27 12:49:47","26","2016-07-27 12:49:47","26","1"),
("56794","56673","7","16RE056791","0","5000","5000","0","2016-07-27","2016-07-27","2016-07-27 12:51:08","26","2016-07-27 12:51:08","26","1"),
("56795","56674","7","16RE056792","0","6000","6000","0","2016-07-27","2016-07-27","2016-07-27 12:52:56","32","2016-07-27 12:52:56","32","1"),
("56796","56675","7","16RE056793","0","5000","5000","0","2016-07-27","2016-07-27","2016-07-27 12:53:17","26","2016-07-27 12:53:17","26","1"),
("56797","56676","7","16RE056794","0","5000","5000","0","2016-07-27","2016-07-27","2016-07-27 12:56:38","26","2016-07-27 12:56:38","26","1"),
("56798","56677","7","16RE056795","0","500","500","0","2016-07-27","2016-07-27","2016-07-27 12:57:00","26","2016-07-27 12:57:00","26","1"),
("56799","56678","7","16RE056796","0","2000","2000","0","2016-07-27","2016-07-27","2016-07-27 12:57:20","32","2016-07-27 12:57:20","32","1"),
("56800","56679","7","16RE056797","0","10000","10000","0","2016-07-27","2016-07-27","2016-07-27 12:58:20","32","2016-07-27 12:58:20","32","1"),
("56801","56680","7","16RE056798","0","6500","6500","0","2016-07-27","2016-07-27","2016-07-27 12:58:33","26","2016-07-27 12:58:33","26","1"),
("56802","56681","7","16RE056799","0","1000","1000","0","2016-07-27","2016-07-27","2016-07-27 12:59:29","32","2016-07-27 12:59:29","32","1"),
("56803","56682","7","16RE056800","0","39000","39000","0","2016-07-27","2016-07-27","2016-07-27 13:01:15","32","2016-07-27 13:01:15","32","1"),
("56804","56683","7","16RE056801","0","2000","2000","0","2016-07-27","2016-07-27","2016-07-27 13:03:31","32","2016-07-27 13:03:31","32","1"),
("56805","56684","7","16RE056802","0","5000","5000","0","2016-07-27","2016-07-27","2016-07-27 13:04:25","26","2016-07-27 13:04:25","26","1"),
("56806","56685","7","16RE056803","0","7000","7000","0","2016-07-27","2016-07-27","2016-07-27 13:04:49","32","2016-07-27 13:04:49","32","1"),
("56807","56686","7","16RE056804","0","500","500","0","2016-07-27","2016-07-27","2016-07-27 13:05:18","32","2016-07-27 13:05:18","32","1"),
("56808","56687","7","16RE056805","0","6000","6000","0","2016-07-27","2016-07-27","2016-07-27 13:05:35","26","2016-07-27 13:05:35","26","1"),
("56809","56688","7","16RE056806","0","3000","3000","0","2016-07-27","2016-07-27","2016-07-27 13:06:44","32","2016-07-27 13:06:44","32","1"),
("56810","56689","7","16RE056807","0","1500","1500","0","2016-07-27","2016-07-27","2016-07-27 13:07:00","32","2016-07-27 13:07:00","32","1"),
("56811","56690","7","16RE056808","0","2500","2500","0","2016-07-27","2016-07-27","2016-07-27 13:07:27","26","2016-07-27 13:07:27","26","1"),
("56812","56691","7","16RE056809","0","1500","1500","0","2016-07-27","2016-07-27","2016-07-27 13:07:57","26","2016-07-27 13:07:57","26","1"),
("56813","56692","7","16RE056810","0","5000","5000","0","2016-07-27","2016-07-27","2016-07-27 13:10:08","32","2016-07-27 13:10:08","32","1"),
("56814","56693","7","16RE056811","0","5000","5000","0","2016-07-27","2016-07-27","2016-07-27 13:11:52","26","2016-07-27 13:11:52","26","1"),
("56815","56694","7","16RE056812","0","15000","15000","0","2016-07-27","2016-07-27","2016-07-27 13:12:44","26","2016-07-27 13:12:44","26","1"),
("56816","56695","7","16RE056813","0","4500","4500","0","2016-07-27","2016-07-27","2016-07-27 13:13:25","32","2016-07-27 13:13:25","32","1"),
("56817","56696","7","16RE056814","0","20000","20000","0","2016-07-27","2016-07-27","2016-07-27 13:14:01","32","2016-07-27 13:14:01","32","1"),
("56818","56697","7","16RE056815","0","5000","5000","0","2016-07-27","2016-07-27","2016-07-27 13:14:11","26","2016-07-27 13:14:11","26","1"),
("56819","56698","7","16RE056816","0","2500","2500","0","2016-07-27","2016-07-27","2016-07-27 13:14:19","32","2016-07-27 13:14:19","32","1"),
("56820","56699","7","16RE056817","0","1400","1400","0","2016-07-27","2016-07-27","2016-07-27 13:14:26","32","2016-07-27 13:14:26","32","1"),
("56821","56700","7","16RE056818","0","2500","2500","0","2016-07-27","2016-07-27","2016-07-27 13:14:54","26","2016-07-27 13:14:54","26","1"),
("56822","56701","7","16RE056819","0","2500","2500","0","2016-07-27","2016-07-27","2016-07-27 13:15:13","26","2016-07-27 13:15:13","26","1"),
("56823","56702","7","16RE056820","0","2000","2000","0","2016-07-27","2016-07-27","2016-07-27 13:15:32","26","2016-07-27 13:15:32","26","1"),
("56824","56703","7","16RE056821","0","2500","2500","0","2016-07-27","2016-07-27","2016-07-27 13:16:26","26","2016-07-27 13:16:26","26","1"),
("56825","56704","7","16RE056822","0","12500","12500","0","2016-07-27","2016-07-27","2016-07-27 13:18:04","26","2016-07-27 13:18:04","26","1"),
("56826","56705","7","16RE056823","0","500","500","0","2016-07-27","2016-07-27","2016-07-27 13:25:46","26","2016-07-27 13:25:46","26","1"),
("56827","56706","7","16RE056824","0","2100","2100","0","2016-07-27","2016-07-27","2016-07-27 13:26:58","32","2016-07-27 13:26:58","32","1"),
("56828","56707","7","16RE056825","0","5000","5000","0","2016-07-27","2016-07-27","2016-07-27 13:29:41","32","2016-07-27 13:29:41","32","1"),
("56829","56708","7","16RE056826","0","45500","45500","0","2016-07-27","2016-07-27","2016-07-27 13:31:47","32","2016-07-27 13:31:47","32","1"),
("56830","56709","7","16RE056827","0","1000","1000","0","2016-07-27","2016-07-27","2016-07-27 13:31:53","32","2016-07-27 13:31:53","32","1"),
("56831","56710","7","16RE056828","0","1000","1000","0","2016-07-27","2016-07-27","2016-07-27 13:32:50","32","2016-07-27 13:32:50","32","1"),
("56832","56711","7","16RE056829","0","2400","2400","0","2016-07-27","2016-07-27","2016-07-27 13:34:00","26","2016-07-27 13:34:00","26","1"),
("56833","56712","7","16RE056830","0","15500","15500","0","2016-07-27","2016-07-27","2016-07-27 13:36:57","26","2016-07-27 13:36:57","26","1"),
("56834","56713","7","16RE056831","0","10000","10000","0","2016-07-27","2016-07-27","2016-07-27 13:37:17","26","2016-07-27 13:37:17","26","1"),
("56835","56714","7","16RE056832","0","4000","4000","0","2016-07-27","2016-07-27","2016-07-27 13:37:31","32","2016-07-27 13:37:31","32","1"),
("56836","56715","7","16RE056833","0","3500","3500","0","2016-07-27","2016-07-27","2016-07-27 13:37:35","26","2016-07-27 13:37:35","26","1"),
("56837","56716","7","16RE056834","0","28000","28000","0","2016-07-27","2016-07-27","2016-07-27 13:38:12","32","2016-07-27 13:38:12","32","1"),
("56838","56717","7","16RE056835","0","5000","5000","0","2016-07-27","2016-07-27","2016-07-27 13:41:23","26","2016-07-27 13:41:23","26","1"),
("56839","56718","7","16RE056836","0","1500","1500","0","2016-07-27","2016-07-27","2016-07-27 13:43:19","28","2016-07-27 13:43:19","28","1"),
("56840","56719","7","16RE056837","0","5000","5000","0","2016-07-27","2016-07-27","2016-07-27 13:44:43","28","2016-07-27 13:44:43","28","1"),
("56841","56720","7","16RE056838","0","2000","2000","0","2016-07-27","2016-07-27","2016-07-27 13:46:12","26","2016-07-27 13:46:12","26","1"),
("56842","56721","7","16RE056839","0","4000","4000","0","2016-07-27","2016-07-27","2016-07-27 13:48:12","26","2016-07-27 13:48:12","26","1"),
("56843","56722","7","16RE056840","0","2500","2500","0","2016-07-27","2016-07-27","2016-07-27 13:49:40","26","2016-07-27 13:49:40","26","1"),
("56844","56723","7","16RE056841","0","5000","5000","0","2016-07-27","2016-07-27","2016-07-27 13:50:31","26","2016-07-27 13:50:31","26","1"),
("56845","56724","7","16RE056842","0","41000","41000","0","2016-07-27","2016-07-27","2016-07-27 13:50:33","28","2016-07-27 13:50:33","28","1"),
("56846","56725","7","16RE056843","0","3500","3500","0","2016-07-27","2016-07-27","2016-07-27 13:52:09","26","2016-07-27 13:52:09","26","1"),
("56847","56726","7","16RE056844","0","16000","16000","0","2016-07-27","2016-07-27","2016-07-27 13:52:50","28","2016-07-27 13:52:50","28","1"),
("56848","56727","7","16RE056845","0","2000","2000","0","2016-07-27","2016-07-27","2016-07-27 14:00:30","28","2016-07-27 14:00:30","28","1"),
("56849","56728","7","16RE056846","0","3000","3000","0","2016-07-27","2016-07-27","2016-07-27 14:01:55","26","2016-07-27 14:01:55","26","1"),
("56850","56729","7","16RE056847","0","5200","5200","0","2016-07-27","2016-07-27","2016-07-27 14:04:21","26","2016-07-27 14:04:21","26","1"),
("56851","56730","7","16RE056848","0","3000","3000","0","2016-07-27","2016-07-27","2016-07-27 14:05:09","28","2016-07-27 14:05:09","28","1"),
("56852","56731","7","16RE056849","0","2500","2500","0","2016-07-27","2016-07-27","2016-07-27 14:11:04","26","2016-07-27 14:11:04","26","1"),
("56853","56732","7","16RE056850","0","1000","1000","0","2016-07-27","2016-07-27","2016-07-27 14:11:34","26","2016-07-27 14:11:34","26","1"),
("56854","56733","7","16RE056851","0","2500","2500","0","2016-07-27","2016-07-27","2016-07-27 14:13:17","26","2016-07-27 14:13:17","26","1"),
("56855","56734","7","16RE056852","0","15000","15000","0","2016-07-27","2016-07-27","2016-07-27 14:13:33","26","2016-07-27 14:13:33","26","1"),
("56856","56735","7","16RE056853","0","8000","8000","0","2016-07-27","2016-07-27","2016-07-27 14:14:27","26","2016-07-27 14:14:27","26","1"),
("56857","56736","7","16RE056854","0","3500","3500","0","2016-07-27","2016-07-27","2016-07-27 14:14:32","28","2016-07-27 14:14:32","28","1"),
("56858","56737","7","16RE056855","0","1000","1000","0","2016-07-27","2016-07-27","2016-07-27 14:16:32","26","2016-07-27 14:16:32","26","1"),
("56859","56738","7","16RE056856","0","6000","6000","0","2016-07-27","2016-07-27","2016-07-27 14:17:16","26","2016-07-27 14:17:16","26","1"),
("56860","56739","7","16RE056857","0","3000","3000","0","2016-07-27","2016-07-27","2016-07-27 14:20:07","28","2016-07-27 14:20:07","28","1"),
("56861","56740","7","16RE056858","0","20000","20000","0","2016-07-27","2016-07-27","2016-07-27 14:20:35","26","2016-07-27 14:20:35","26","1"),
("56862","56741","7","16RE056859","0","28000","28000","0","2016-07-27","2016-07-27","2016-07-27 14:23:29","26","2016-07-27 14:23:29","26","1"),
("56863","56742","7","16RE056860","0","16000","16000","0","2016-07-27","2016-07-27","2016-07-27 14:23:40","26","2016-07-27 14:23:40","26","1"),
("56864","56743","7","16RE056861","0","3000","3000","0","2016-07-27","2016-07-27","2016-07-27 14:24:28","26","2016-07-27 14:24:28","26","1"),
("56865","56744","7","16RE056862","0","4000","4000","0","2016-07-27","2016-07-27","2016-07-27 14:24:47","28","2016-07-27 14:24:47","28","1"),
("56866","56745","7","16RE056863","0","15000","15000","0","2016-07-27","2016-07-27","2016-07-27 14:25:50","26","2016-07-27 14:25:50","26","1"),
("56867","56746","7","16RE056864","0","2000","2000","0","2016-07-27","2016-07-27","2016-07-27 14:26:01","26","2016-07-27 14:26:01","26","1"),
("56868","56747","7","16RE056865","0","1000","1000","0","2016-07-27","2016-07-27","2016-07-27 14:26:05","28","2016-07-27 14:26:05","28","1"),
("56869","56748","7","16RE056866","0","11000","11000","0","2016-07-27","2016-07-27","2016-07-27 14:26:36","26","2016-07-27 14:26:36","26","1"),
("56870","56749","7","16RE056867","0","6500","6500","0","2016-07-27","2016-07-27","2016-07-27 14:27:28","26","2016-07-27 14:27:28","26","1"),
("56871","56750","7","16RE056868","0","13500","13500","0","2016-07-27","2016-07-27","2016-07-27 14:28:12","28","2016-07-27 14:28:12","28","1"),
("56872","56751","7","16RE056869","0","21500","21500","0","2016-07-27","2016-07-27","2016-07-27 14:34:35","26","2016-07-27 14:34:35","26","1"),
("56873","56752","7","16RE056870","0","3000","3000","0","2016-07-27","2016-07-27","2016-07-27 14:35:27","28","2016-07-27 14:35:27","28","1"),
("56874","56753","7","16RE056871","0","3000","3000","0","2016-07-27","2016-07-27","2016-07-27 14:36:48","26","2016-07-27 14:36:48","26","1"),
("56875","56754","7","16RE056872","0","3000","3000","0","2016-07-27","2016-07-27","2016-07-27 14:37:15","26","2016-07-27 14:37:15","26","1"),
("56876","56755","7","16RE056873","0","4500","4500","0","2016-07-27","2016-07-27","2016-07-27 14:37:28","28","2016-07-27 14:37:28","28","1"),
("56877","56756","7","16RE056874","0","12000","12000","0","2016-07-27","2016-07-27","2016-07-27 14:40:44","26","2016-07-27 14:40:44","26","1"),
("56878","56757","7","16RE056875","0","1500","1500","0","2016-07-27","2016-07-27","2016-07-27 14:44:03","28","2016-07-27 14:44:03","28","1"),
("56879","56758","7","16RE056876","0","500","500","0","2016-07-27","2016-07-27","2016-07-27 14:45:21","26","2016-07-27 14:45:21","26","1"),
("56880","56759","7","16RE056877","0","1000","1000","0","2016-07-27","2016-07-27","2016-07-27 14:48:10","26","2016-07-27 14:48:10","26","1"),
("56881","56760","7","16RE056878","0","12500","12500","0","2016-07-27","2016-07-27","2016-07-27 14:51:51","28","2016-07-27 14:51:51","28","1"),
("56882","56761","7","16RE056879","0","5000","5000","0","2016-07-27","2016-07-27","2016-07-27 14:53:42","28","2016-07-27 14:53:42","28","1");

