INSERT INTO inventories VALUES("72338","","","","54474","","","2228","2","6","0","500","2016-07-25","0000-00-00","","2016-07-25 09:00:22","28","2016-07-25 09:00:22","28","1"),
("72339","","","","54475","","","2228","2","4","0","500","2016-07-25","0000-00-00","","2016-07-25 09:02:09","32","2016-07-25 09:02:09","32","1"),
("72340","","","","54476","","","2089","2","1","0","2500","2016-07-25","0000-00-00","","2016-07-25 09:03:59","28","2016-07-25 09:03:59","28","1"),
("72341","","","","54476","","","2237","2","1","0","2500","2016-07-25","0000-00-00","","2016-07-25 09:03:59","28","2016-07-25 09:03:59","28","1"),
("72342","","","","54477","","","2137","2","1","0","20000","2016-07-25","0000-00-00","","2016-07-25 09:05:22","28","2016-07-25 09:05:22","28","1"),
("72343","","","","54478","","","2228","2","10","0","500","2016-07-25","0000-00-00","","2016-07-25 09:06:03","32","2016-07-25 09:06:03","32","1"),
("72344","","","","54479","","","2228","2","4","0","500","2016-07-25","0000-00-00","","2016-07-25 09:06:22","32","2016-07-25 09:06:22","32","1"),
("72345","","","","54480","","","2228","2","4","0","500","2016-07-25","0000-00-00","","2016-07-25 09:06:40","28","2016-07-25 09:06:40","28","1"),
("72346","","","","54480","","","2231","2","1","0","1500","2016-07-25","0000-00-00","","2016-07-25 09:06:40","28","2016-07-25 09:06:40","28","1"),
("72347","","","","54481","","","2250","2","1","0","500","2016-07-25","0000-00-00","","2016-07-25 09:08:45","28","2016-07-25 09:08:45","28","1"),
("72348","","","","54482","","","2231","2","1","0","1500","2016-07-25","0000-00-00","","2016-07-25 09:09:35","28","2016-07-25 09:09:35","28","1"),
("72349","","","","54483","","","2228","2","2","0","500","2016-07-25","0000-00-00","","2016-07-25 09:13:26","32","2016-07-25 09:13:26","32","1"),
("72350","","","","54484","","","2231","2","1","0","1500","2016-07-25","0000-00-00","","2016-07-25 09:15:32","28","2016-07-25 09:15:32","28","1"),
("72351","","","","54485","","","2228","2","4","0","500","2016-07-25","0000-00-00","","2016-07-25 09:15:55","28","2016-07-25 09:15:55","28","1"),
("72352","","","","54486","","","2240","2","1","0","5000","2016-07-25","0000-00-00","","2016-07-25 09:17:21","28","2016-07-25 09:17:21","28","1"),
("72353","","","","54486","","","2235","2","4","0","2500","2016-07-25","0000-00-00","","2016-07-25 09:17:21","28","2016-07-25 09:17:21","28","1"),
("72354","","","","54486","","","2090","2","2","0","2500","2016-07-25","0000-00-00","","2016-07-25 09:17:21","28","2016-07-25 09:17:21","28","1"),
("72355","","","","54487","","","2163","2","2","0","2500","2016-07-25","0000-00-00","","2016-07-25 09:17:42","32","2016-07-25 09:17:42","32","1"),
("72356","","","","54488","","","2233","2","1","0","2000","2016-07-25","0000-00-00","","2016-07-25 09:18:12","32","2016-07-25 09:18:12","32","1"),
("72357","","","","54489","","","2250","2","1","0","500","2016-07-25","0000-00-00","","2016-07-25 09:18:43","32","2016-07-25 09:18:43","32","1"),
("72358","","","","54489","","","2197","2","2","0","2500","2016-07-25","0000-00-00","","2016-07-25 09:18:43","32","2016-07-25 09:18:43","32","1"),
("72359","","","","54490","","","2228","2","5","0","500","2016-07-25","0000-00-00","","2016-07-25 09:19:10","32","2016-07-25 09:19:10","32","1"),
("72360","","","","54491","","","2231","2","5","0","1500","2016-07-25","0000-00-00","","2016-07-25 09:19:32","32","2016-07-25 09:19:32","32","1"),
("72361","","","","54492","","","2231","2","2","0","1500","2016-07-25","0000-00-00","","2016-07-25 09:19:36","28","2016-07-25 09:19:36","28","1"),
("72362","","","","54493","","","2228","2","20","0","500","2016-07-25","0000-00-00","","2016-07-25 09:19:39","32","2016-07-25 09:19:39","32","1"),
("72363","","","","54494","","","2126","2","1","0","2000","2016-07-25","0000-00-00","","2016-07-25 09:20:01","32","2016-07-25 09:20:01","32","1"),
("72364","","","","54495","","","2250","2","1","0","500","2016-07-25","0000-00-00","","2016-07-25 09:22:21","28","2016-07-25 09:22:21","28","1"),
("72365","","","","54496","","","2229","2","1","0","700","2016-07-25","0000-00-00","","2016-07-25 09:22:24","32","2016-07-25 09:22:24","32","1"),
("72366","","","","54497","","","2126","2","1","0","2000","2016-07-25","0000-00-00","","2016-07-25 09:22:49","32","2016-07-25 09:22:49","32","1"),
("72367","","","","54498","","","2197","2","1","0","2500","2016-07-25","0000-00-00","","2016-07-25 09:23:27","32","2016-07-25 09:23:27","32","1"),
("72368","","","","54498","","","2253","2","1","0","2500","2016-07-25","0000-00-00","","2016-07-25 09:23:27","32","2016-07-25 09:23:27","32","1"),
("72369","","","","54499","","","2228","2","30","0","500","2016-07-25","0000-00-00","","2016-07-25 09:23:51","32","2016-07-25 09:23:51","32","1"),
("72370","","","","54500","","","2250","2","1","0","500","2016-07-25","0000-00-00","","2016-07-25 09:24:47","32","2016-07-25 09:24:47","32","1"),
("72371","","","","54501","","","2065","2","1","0","1000","2016-07-25","0000-00-00","","2016-07-25 09:25:07","28","2016-07-25 09:25:07","28","1"),
("72372","","","","54501","","","2165","2","1","0","1000","2016-07-25","0000-00-00","","2016-07-25 09:25:07","28","2016-07-25 09:25:07","28","1"),
("72373","","","","54501","","","2089","2","1","0","2500","2016-07-25","0000-00-00","","2016-07-25 09:25:07","28","2016-07-25 09:25:07","28","1"),
("72374","","","","54502","","","2228","2","2","0","500","2016-07-25","0000-00-00","","2016-07-25 09:25:27","28","2016-07-25 09:25:27","28","1"),
("72375","","","","54503","","","2228","2","1","0","500","2016-07-25","0000-00-00","","2016-07-25 09:28:47","32","2016-07-25 09:28:47","32","1"),
("72376","","","","54504","","","2228","2","6","0","500","2016-07-25","0000-00-00","","2016-07-25 09:31:39","32","2016-07-25 09:31:39","32","1"),
("72377","","","","54505","","","2095","2","1","0","4000","2016-07-25","0000-00-00","","2016-07-25 09:33:53","28","2016-07-25 09:33:53","28","1"),
("72378","","","","54506","","","2228","2","12","0","500","2016-07-25","0000-00-00","","2016-07-25 09:34:00","32","2016-07-25 09:34:00","32","1"),
("72379","","","","54507","","","2250","2","1","0","500","2016-07-25","0000-00-00","","2016-07-25 09:34:25","28","2016-07-25 09:34:25","28","1"),
("72380","","","","54508","","","2228","2","10","0","500","2016-07-25","0000-00-00","","2016-07-25 09:34:35","32","2016-07-25 09:34:35","32","1"),
("72381","","","","54509","","","2166","2","10","0","700","2016-07-25","0000-00-00","","2016-07-25 09:34:50","32","2016-07-25 09:34:50","32","1"),
("72382","","","","54510","","","2228","2","10","0","500","2016-07-25","0000-00-00","","2016-07-25 09:35:06","32","2016-07-25 09:35:06","32","1"),
("72383","","","","54511","","","2250","2","1","0","500","2016-07-25","0000-00-00","","2016-07-25 09:35:54","32","2016-07-25 09:35:54","32","1"),
("72384","","","","54512","","","2228","2","4","0","500","2016-07-25","0000-00-00","","2016-07-25 09:36:45","32","2016-07-25 09:36:45","32","1"),
("72385","","","","54513","","","2228","2","2","0","500","2016-07-25","0000-00-00","","2016-07-25 09:38:27","32","2016-07-25 09:38:27","32","1"),
("72386","","","","54514","","","2089","2","1","0","2500","2016-07-25","0000-00-00","","2016-07-25 09:41:26","32","2016-07-25 09:41:26","32","1"),
("72387","","","","54515","","","2228","2","3","0","500","2016-07-25","0000-00-00","","2016-07-25 09:45:53","32","2016-07-25 09:45:53","32","1"),
("72388","","","","54516","","","2118","2","1","0","6500","2016-07-25","0000-00-00","","2016-07-25 09:47:09","32","2016-07-25 09:47:09","32","1"),
("72389","","","","54516","","","2121","2","2","0","13000","2016-07-25","0000-00-00","","2016-07-25 09:47:09","32","2016-07-25 09:47:09","32","1"),
("72390","","","","54517","","","2228","2","2","0","500","2016-07-25","0000-00-00","","2016-07-25 09:47:37","32","2016-07-25 09:47:37","32","1"),
("72391","","","","54518","","","2235","2","1","0","2500","2016-07-25","0000-00-00","","2016-07-25 09:47:45","28","2016-07-25 09:47:45","28","1"),
("72392","","","","54519","","","2228","2","2","0","500","2016-07-25","0000-00-00","","2016-07-25 09:47:52","32","2016-07-25 09:47:52","32","1"),
("72393","","","","54520","","","2250","2","1","0","500","2016-07-25","0000-00-00","","2016-07-25 09:49:12","32","2016-07-25 09:49:12","32","1"),
("72394","","","","54521","","","2231","2","2","0","1500","2016-07-25","0000-00-00","","2016-07-25 09:49:29","32","2016-07-25 09:49:29","32","1"),
("72395","","","","54522","","","2228","2","10","0","500","2016-07-25","0000-00-00","","2016-07-25 09:49:36","32","2016-07-25 09:49:36","32","1"),
("72396","","","","54523","","","2235","2","1","0","2500","2016-07-25","0000-00-00","","2016-07-25 09:49:43","28","2016-07-25 09:49:43","28","1"),
("72397","","","","54524","","","2119","2","1","0","8000","2016-07-25","0000-00-00","","2016-07-25 09:49:57","28","2016-07-25 09:49:57","28","1"),
("72398","","","","54525","","","2231","2","1","0","1500","2016-07-25","0000-00-00","","2016-07-25 09:50:47","32","2016-07-25 09:50:47","32","1"),
("72399","","","","54526","","","2228","2","20","0","500","2016-07-25","0000-00-00","","2016-07-25 09:52:37","32","2016-07-25 09:52:37","32","1"),
("72400","","","","54527","","","2237","2","1","0","2500","2016-07-25","0000-00-00","","2016-07-25 09:53:56","32","2016-07-25 09:53:56","32","1"),
("72401","","","","54528","","","2228","2","10","0","500","2016-07-25","0000-00-00","","2016-07-25 09:54:06","32","2016-07-25 09:54:06","32","1"),
("72402","","","","54529","","","2093","2","2","0","3000","2016-07-25","0000-00-00","","2016-07-25 09:54:41","32","2016-07-25 09:54:41","32","1"),
("72403","","","","54530","","","2126","2","2","0","2000","2016-07-25","0000-00-00","","2016-07-25 09:55:44","32","2016-07-25 09:55:44","32","1"),
("72404","","","","54530","","","2125","2","1","0","1000","2016-07-25","0000-00-00","","2016-07-25 09:55:44","32","2016-07-25 09:55:44","32","1"),
("72405","","","","54531","","","2228","2","5","0","500","2016-07-25","0000-00-00","","2016-07-25 09:57:34","32","2016-07-25 09:57:34","32","1"),
("72406","","","","54532","","","2228","2","4","0","500","2016-07-25","0000-00-00","","2016-07-25 10:00:08","32","2016-07-25 10:00:08","32","1"),
("72407","","","","54533","","","2228","2","4","0","500","2016-07-25","0000-00-00","","2016-07-25 10:02:13","28","2016-07-25 10:02:13","28","1"),
("72408","","","","54534","","","2228","2","5","0","500","2016-07-25","0000-00-00","","2016-07-25 10:03:41","32","2016-07-25 10:03:41","32","1"),
("72409","","","","54535","","","2073","2","2","0","1000","2016-07-25","0000-00-00","","2016-07-25 10:03:50","28","2016-07-25 10:03:50","28","1"),
("72410","","","","54535","","","2070","2","1","0","1000","2016-07-25","0000-00-00","","2016-07-25 10:03:50","28","2016-07-25 10:03:50","28","1"),
("72411","","","","54536","","","2104","2","1","0","5500","2016-07-25","0000-00-00","","2016-07-25 10:04:21","28","2016-07-25 10:04:21","28","1"),
("72412","","","","54537","","","2197","2","1","0","2500","2016-07-25","0000-00-00","","2016-07-25 10:05:13","32","2016-07-25 10:05:13","32","1"),
("72413","","","","54538","","","2235","2","1","0","2500","2016-07-25","0000-00-00","","2016-07-25 10:05:25","28","2016-07-25 10:05:25","28","1"),
("72414","","","","54538","","","2240","2","1","0","5000","2016-07-25","0000-00-00","","2016-07-25 10:05:25","28","2016-07-25 10:05:25","28","1"),
("72415","","","","54539","","","2114","2","1","0","4000","2016-07-25","0000-00-00","","2016-07-25 10:05:59","32","2016-07-25 10:05:59","32","1"),
("72416","","","","54540","","","2228","2","2","0","500","2016-07-25","0000-00-00","","2016-07-25 10:06:30","32","2016-07-25 10:06:30","32","1"),
("72417","","","","54540","","","2231","2","2","0","1500","2016-07-25","0000-00-00","","2016-07-25 10:06:30","32","2016-07-25 10:06:30","32","1"),
("72418","","","","54541","","","2228","2","6","0","500","2016-07-25","0000-00-00","","2016-07-25 10:07:59","28","2016-07-25 10:07:59","28","1"),
("72419","","","","54542","","","2164","2","1","0","3000","2016-07-25","0000-00-00","","2016-07-25 10:09:49","28","2016-07-25 10:09:49","28","1"),
("72420","","","","54542","","","2079","2","4","0","1500","2016-07-25","0000-00-00","","2016-07-25 10:09:50","28","2016-07-25 10:09:50","28","1"),
("72421","","","","54543","","","2250","2","1","0","500","2016-07-25","0000-00-00","","2016-07-25 10:10:48","28","2016-07-25 10:10:48","28","1"),
("72422","","","","54544","","","2228","2","5","0","500","2016-07-25","0000-00-00","","2016-07-25 10:11:18","28","2016-07-25 10:11:18","28","1"),
("72423","","","","54544","","","2231","2","10","0","1500","2016-07-25","0000-00-00","","2016-07-25 10:11:18","28","2016-07-25 10:11:18","28","1"),
("72424","","","","54545","","","2083","2","1","0","2500","2016-07-25","0000-00-00","","2016-07-25 10:11:58","28","2016-07-25 10:11:58","28","1"),
("72425","","","","54546","","","2233","2","7","0","2000","2016-07-25","0000-00-00","","2016-07-25 10:12:21","32","2016-07-25 10:12:21","32","1"),
("72426","","","","54547","","","2228","2","12","0","500","2016-07-25","0000-00-00","","2016-07-25 10:12:56","32","2016-07-25 10:12:56","32","1"),
("72427","","","","54548","","","2250","2","1","0","500","2016-07-25","0000-00-00","","2016-07-25 10:14:01","28","2016-07-25 10:14:01","28","1"),
("72428","","","","54549","","","2228","2","20","0","500","2016-07-25","0000-00-00","","2016-07-25 10:15:09","28","2016-07-25 10:15:09","28","1"),
("72429","","","","54550","","","2229","2","10","0","700","2016-07-25","0000-00-00","","2016-07-25 10:15:44","32","2016-07-25 10:15:44","32","1"),
("72430","","","","54551","","","2250","2","1","0","500","2016-07-25","0000-00-00","","2016-07-25 10:15:50","28","2016-07-25 10:15:50","28","1"),
("72431","","","","54552","","","2241","2","1","0","3000","2016-07-25","0000-00-00","","2016-07-25 10:16:35","32","2016-07-25 10:16:35","32","1"),
("72432","","","","54553","","","2228","2","10","0","500","2016-07-25","0000-00-00","","2016-07-25 10:17:37","32","2016-07-25 10:17:37","32","1"),
("72433","","","","54553","","","2166","2","20","0","700","2016-07-25","0000-00-00","","2016-07-25 10:17:37","32","2016-07-25 10:17:37","32","1"),
("72434","","","","54554","","","2228","2","2","0","500","2016-07-25","0000-00-00","","2016-07-25 10:17:51","32","2016-07-25 10:17:51","32","1"),
("72435","","","","54555","","","2126","2","1","0","2000","2016-07-25","0000-00-00","","2016-07-25 10:18:21","28","2016-07-25 10:18:21","28","1"),
("72436","","","","54556","","","2107","2","1","0","6000","2016-07-25","0000-00-00","","2016-07-25 10:18:59","28","2016-07-25 10:18:59","28","1"),
("72437","","","","54557","","","2231","2","2","0","1500","2016-07-25","0000-00-00","","2016-07-25 10:19:36","28","2016-07-25 10:19:36","28","1"),
("72438","","","","54557","","","2121","2","1","0","13000","2016-07-25","0000-00-00","","2016-07-25 10:19:36","28","2016-07-25 10:19:36","28","1"),
("72439","","","","54558","","","2228","2","2","0","500","2016-07-25","0000-00-00","","2016-07-25 10:24:11","32","2016-07-25 10:24:11","32","1"),
("72440","","","","54558","","","2231","2","3","0","1500","2016-07-25","0000-00-00","","2016-07-25 10:24:11","32","2016-07-25 10:24:11","32","1"),
("72441","","","","54559","","","2231","2","3","0","1500","2016-07-25","0000-00-00","","2016-07-25 10:24:34","32","2016-07-25 10:24:34","32","1"),
("72442","","","","54560","","","2065","2","5","0","1000","2016-07-25","0000-00-00","","2016-07-25 10:27:06","28","2016-07-25 10:27:06","28","1"),
("72443","","","","54561","","","2232","2","3","0","1000","2016-07-25","0000-00-00","","2016-07-25 10:27:46","32","2016-07-25 10:27:46","32","1"),
("72444","","","","54562","","","2084","2","1","0","2500","2016-07-25","0000-00-00","","2016-07-25 10:28:01","28","2016-07-25 10:28:01","28","1"),
("72445","","","","54562","","","2231","2","1","0","1500","2016-07-25","0000-00-00","","2016-07-25 10:28:01","28","2016-07-25 10:28:01","28","1"),
("72446","","","","54563","","","2250","2","1","0","500","2016-07-25","0000-00-00","","2016-07-25 10:29:52","32","2016-07-25 10:29:52","32","1"),
("72447","","","","54563","","","2126","2","1","0","2000","2016-07-25","0000-00-00","","2016-07-25 10:29:52","32","2016-07-25 10:29:52","32","1"),
("72448","","","","54564","","","2241","2","1","0","3000","2016-07-25","0000-00-00","","2016-07-25 10:30:05","32","2016-07-25 10:30:05","32","1"),
("72449","","","","54564","","","2093","2","1","0","3000","2016-07-25","0000-00-00","","2016-07-25 10:30:05","32","2016-07-25 10:30:05","32","1"),
("72450","","","","54565","","","2095","2","1","0","4000","2016-07-25","0000-00-00","","2016-07-25 10:30:30","28","2016-07-25 10:30:30","28","1"),
("72451","","","","54565","","","2231","2","3","0","1500","2016-07-25","0000-00-00","","2016-07-25 10:30:30","28","2016-07-25 10:30:30","28","1"),
("72452","","","","54566","","","2065","2","1","0","1000","2016-07-25","0000-00-00","","2016-07-25 10:30:34","32","2016-07-25 10:30:34","32","1"),
("72453","","","","54566","","","2228","2","2","0","500","2016-07-25","0000-00-00","","2016-07-25 10:30:34","32","2016-07-25 10:30:34","32","1"),
("72454","","","","54567","","","2125","2","1","0","1000","2016-07-25","0000-00-00","","2016-07-25 10:30:38","28","2016-07-25 10:30:38","28","1"),
("72455","","","","54568","","","2228","2","2","0","500","2016-07-25","0000-00-00","","2016-07-25 10:30:41","32","2016-07-25 10:30:41","32","1"),
("72456","","","","54569","","","2231","2","5","0","1500","2016-07-25","0000-00-00","","2016-07-25 10:31:10","28","2016-07-25 10:31:10","28","1"),
("72457","","","","54570","","","2228","2","4","0","500","2016-07-25","0000-00-00","","2016-07-25 10:31:24","32","2016-07-25 10:31:24","32","1"),
("72458","","","","54571","","","2228","2","2","0","500","2016-07-25","0000-00-00","","2016-07-25 10:31:48","32","2016-07-25 10:31:48","32","1"),
("72459","","","","54572","","","2226","2","1","0","3000","2016-07-25","0000-00-00","","2016-07-25 10:32:07","28","2016-07-25 10:32:07","28","1"),
("72460","","","","54572","","","2079","2","1","0","1500","2016-07-25","0000-00-00","","2016-07-25 10:32:08","28","2016-07-25 10:32:08","28","1"),
("72461","","","","54573","","","2065","2","2","0","1000","2016-07-25","0000-00-00","","2016-07-25 10:34:06","28","2016-07-25 10:34:06","28","1"),
("72462","","","","54573","","","2075","2","1","0","1500","2016-07-25","0000-00-00","","2016-07-25 10:34:06","28","2016-07-25 10:34:06","28","1"),
("72463","","","","54574","","","2075","2","10","0","1500","2016-07-25","0000-00-00","","2016-07-25 10:34:13","32","2016-07-25 10:34:13","32","1"),
("72464","","","","54574","","","2231","2","10","0","1500","2016-07-25","0000-00-00","","2016-07-25 10:34:13","32","2016-07-25 10:34:13","32","1"),
("72465","","","","54575","","","2228","2","16","0","500","2016-07-25","0000-00-00","","2016-07-25 10:34:29","32","2016-07-25 10:34:29","32","1"),
("72466","","","","54576","","","2228","2","3","0","500","2016-07-25","0000-00-00","","2016-07-25 10:34:35","32","2016-07-25 10:34:35","32","1"),
("72467","","","","54577","","","2146","2","1","0","3500","2016-07-25","0000-00-00","","2016-07-25 10:34:43","28","2016-07-25 10:34:43","28","1"),
("72468","","","","54577","","","2095","2","2","0","4000","2016-07-25","0000-00-00","","2016-07-25 10:34:43","28","2016-07-25 10:34:43","28","1"),
("72469","","","","54578","","","2253","2","2","0","2500","2016-07-25","0000-00-00","","2016-07-25 10:35:52","32","2016-07-25 10:35:52","32","1"),
("72470","","","","54579","","","2228","2","10","0","500","2016-07-25","0000-00-00","","2016-07-25 10:36:04","32","2016-07-25 10:36:04","32","1"),
("72471","","","","54580","","","2146","2","1","0","3500","2016-07-25","0000-00-00","","2016-07-25 10:36:42","32","2016-07-25 10:36:42","32","1"),
("72472","","","","54580","","","2228","2","20","0","500","2016-07-25","0000-00-00","","2016-07-25 10:36:42","32","2016-07-25 10:36:42","32","1"),
("72473","","","","54581","","","2231","2","2","0","1500","2016-07-25","0000-00-00","","2016-07-25 10:37:09","32","2016-07-25 10:37:09","32","1"),
("72474","","","","54581","","","2228","2","4","0","500","2016-07-25","0000-00-00","","2016-07-25 10:37:09","32","2016-07-25 10:37:09","32","1"),
("72475","","","","54582","","","2172","2","1","0","2500","2016-07-25","0000-00-00","","2016-07-25 10:37:25","28","2016-07-25 10:37:25","28","1"),
("72476","","","","54582","","","2231","2","1","0","1500","2016-07-25","0000-00-00","","2016-07-25 10:37:25","28","2016-07-25 10:37:25","28","1"),
("72477","","","","54583","","","2064","2","1","0","2000","2016-07-25","0000-00-00","","2016-07-25 10:37:48","32","2016-07-25 10:37:48","32","1"),
("72478","","","","54584","","","2125","2","1","0","1000","2016-07-25","0000-00-00","","2016-07-25 10:37:58","32","2016-07-25 10:37:58","32","1"),
("72479","","","","54585","","","2197","2","1","0","2500","2016-07-25","0000-00-00","","2016-07-25 10:38:20","28","2016-07-25 10:38:20","28","1"),
("72480","","","","54586","","","2164","2","1","0","3000","2016-07-25","0000-00-00","","2016-07-25 10:39:01","28","2016-07-25 10:39:01","28","1"),
("72481","","","","54586","","","2231","2","5","0","1500","2016-07-25","0000-00-00","","2016-07-25 10:39:01","28","2016-07-25 10:39:01","28","1"),
("72482","","","","54587","","","2228","2","5","0","500","2016-07-25","0000-00-00","","2016-07-25 10:41:24","32","2016-07-25 10:41:24","32","1"),
("72483","","","","54588","","","2228","2","5","0","500","2016-07-25","0000-00-00","","2016-07-25 10:41:55","28","2016-07-25 10:41:55","28","1"),
("72484","","","","54589","","","2231","2","4","0","1500","2016-07-25","0000-00-00","","2016-07-25 10:43:56","28","2016-07-25 10:43:56","28","1"),
("72485","","","","54590","","","2250","2","1","0","500","2016-07-25","0000-00-00","","2016-07-25 10:44:33","28","2016-07-25 10:44:33","28","1"),
("72486","","","","54591","","","2236","2","3","0","2000","2016-07-25","0000-00-00","","2016-07-25 10:44:43","28","2016-07-25 10:44:43","28","1"),
("72487","","","","54592","","","2232","2","1","0","1000","2016-07-25","0000-00-00","","2016-07-25 10:47:54","28","2016-07-25 10:47:54","28","1"),
("72488","","","","54593","","","2166","2","5","0","700","2016-07-25","0000-00-00","","2016-07-25 10:48:55","32","2016-07-25 10:48:55","32","1"),
("72489","","","","54593","","","2228","2","5","0","500","2016-07-25","0000-00-00","","2016-07-25 10:48:55","32","2016-07-25 10:48:55","32","1"),
("72490","","","","54594","","","2095","2","1","0","4000","2016-07-25","0000-00-00","","2016-07-25 10:49:27","32","2016-07-25 10:49:27","32","1"),
("72491","","","","54595","","","2228","2","8","0","500","2016-07-25","0000-00-00","","2016-07-25 10:49:57","32","2016-07-25 10:49:57","32","1"),
("72492","","","","54596","","","2121","2","1","0","13000","2016-07-25","0000-00-00","","2016-07-25 10:50:50","32","2016-07-25 10:50:50","32","1"),
("72493","","","","54597","","","2166","2","3","0","700","2016-07-25","0000-00-00","","2016-07-25 10:52:32","32","2016-07-25 10:52:32","32","1"),
("72494","","","","54598","","","2228","2","5","0","500","2016-07-25","0000-00-00","","2016-07-25 10:53:46","32","2016-07-25 10:53:46","32","1"),
("72495","","","","54599","","","2228","2","10","0","500","2016-07-25","0000-00-00","","2016-07-25 10:53:51","32","2016-07-25 10:53:51","32","1"),
("72496","","","","54600","","","2229","2","5","0","700","2016-07-25","0000-00-00","","2016-07-25 10:54:37","32","2016-07-25 10:54:37","32","1"),
("72497","","","","54601","","","2065","2","1","0","1000","2016-07-25","0000-00-00","","2016-07-25 10:55:03","32","2016-07-25 10:55:03","32","1"),
("72498","","","","54602","","","2166","2","2","0","700","2016-07-25","0000-00-00","","2016-07-25 10:55:25","32","2016-07-25 10:55:25","32","1"),
("72499","","","","54602","","","2104","2","1","0","5500","2016-07-25","0000-00-00","","2016-07-25 10:55:25","32","2016-07-25 10:55:25","32","1"),
("72500","","","","54603","","","2241","2","1","0","3000","2016-07-25","0000-00-00","","2016-07-25 10:55:28","28","2016-07-25 10:55:28","28","1"),
("72501","","","","54604","","","2064","2","1","0","2000","2016-07-25","0000-00-00","","2016-07-25 10:57:25","32","2016-07-25 10:57:25","32","1"),
("72502","","","","54605","","","2250","2","1","0","500","2016-07-25","0000-00-00","","2016-07-25 10:58:16","32","2016-07-25 10:58:16","32","1"),
("72503","","","","54605","","","2064","2","1","0","2000","2016-07-25","0000-00-00","","2016-07-25 10:58:16","32","2016-07-25 10:58:16","32","1"),
("72504","","","","54606","","","2118","2","1","0","6500","2016-07-25","0000-00-00","","2016-07-25 10:58:59","32","2016-07-25 10:58:59","32","1"),
("72505","","","","54607","","","2228","2","20","0","500","2016-07-25","0000-00-00","","2016-07-25 10:59:31","28","2016-07-25 10:59:31","28","1"),
("72506","","","","54607","","","2219","2","1","0","2500","2016-07-25","0000-00-00","","2016-07-25 10:59:31","28","2016-07-25 10:59:31","28","1"),
("72507","","","","54607","","","2146","2","1","0","3500","2016-07-25","0000-00-00","","2016-07-25 10:59:31","28","2016-07-25 10:59:31","28","1"),
("72508","","","","54607","","","2260","2","1","0","3500","2016-07-25","0000-00-00","","2016-07-25 10:59:31","28","2016-07-25 10:59:31","28","1"),
("72509","","","","54607","","","2173","2","1","0","5500","2016-07-25","0000-00-00","","2016-07-25 10:59:31","28","2016-07-25 10:59:31","28","1"),
("72510","","","","54608","","","2107","2","2","0","6000","2016-07-25","0000-00-00","","2016-07-25 11:00:07","28","2016-07-25 11:00:07","28","1"),
("72511","","","","54609","","","2166","2","3","0","700","2016-07-25","0000-00-00","","2016-07-25 11:01:40","28","2016-07-25 11:01:40","28","1"),
("72512","","","","54610","","","2237","2","1","0","2500","2016-07-25","0000-00-00","","2016-07-25 11:02:16","28","2016-07-25 11:02:16","28","1"),
("72513","","","","54610","","","2070","2","3","0","1000","2016-07-25","0000-00-00","","2016-07-25 11:02:16","28","2016-07-25 11:02:16","28","1"),
("72514","","","","54610","","","2065","2","5","0","1000","2016-07-25","0000-00-00","","2016-07-25 11:02:16","28","2016-07-25 11:02:16","28","1"),
("72515","","","","54611","","","2228","2","6","0","500","2016-07-25","0000-00-00","","2016-07-25 11:02:40","32","2016-07-25 11:02:40","32","1"),
("72516","","","","54612","","","2250","2","1","0","500","2016-07-25","0000-00-00","","2016-07-25 11:03:33","28","2016-07-25 11:03:33","28","1"),
("72517","","","","54613","","","2250","2","2","0","500","2016-07-25","0000-00-00","","2016-07-25 11:03:44","32","2016-07-25 11:03:44","32","1"),
("72518","","","","54614","","","2064","2","1","0","2000","2016-07-25","0000-00-00","","2016-07-25 11:03:47","28","2016-07-25 11:03:47","28","1"),
("72519","","","","54615","","","2083","2","1","0","2500","2016-07-25","0000-00-00","","2016-07-25 11:05:50","32","2016-07-25 11:05:50","32","1"),
("72520","","","","54615","","","2228","2","4","0","500","2016-07-25","0000-00-00","","2016-07-25 11:05:50","32","2016-07-25 11:05:50","32","1"),
("72521","","","","54616","","","2228","2","3","0","500","2016-07-25","0000-00-00","","2016-07-25 11:10:08","28","2016-07-25 11:10:08","28","1"),
("72522","","","","54616","","","2231","2","3","0","1500","2016-07-25","0000-00-00","","2016-07-25 11:10:08","28","2016-07-25 11:10:08","28","1"),
("72523","","","","54617","","","2172","2","3","0","2500","2016-07-25","0000-00-00","","2016-07-25 11:11:53","28","2016-07-25 11:11:53","28","1"),
("72524","","","","54617","","","2235","2","3","0","2500","2016-07-25","0000-00-00","","2016-07-25 11:11:53","28","2016-07-25 11:11:53","28","1"),
("72525","","","","54618","","","2231","2","5","0","1500","2016-07-25","0000-00-00","","2016-07-25 11:12:13","28","2016-07-25 11:12:13","28","1"),
("72526","","","","54619","","","2118","2","2","0","6500","2016-07-25","0000-00-00","","2016-07-25 11:15:55","32","2016-07-25 11:15:55","32","1"),
("72527","","","","54619","","","2229","2","7","0","700","2016-07-25","0000-00-00","","2016-07-25 11:15:55","32","2016-07-25 11:15:55","32","1"),
("72528","","","","54619","","","2231","2","5","0","1500","2016-07-25","0000-00-00","","2016-07-25 11:15:55","32","2016-07-25 11:15:55","32","1"),
("72529","","","","54620","","","2083","2","1","0","2500","2016-07-25","0000-00-00","","2016-07-25 11:16:54","28","2016-07-25 11:16:54","28","1"),
("72530","","","","54620","","","2093","2","2","0","3000","2016-07-25","0000-00-00","","2016-07-25 11:16:54","28","2016-07-25 11:16:54","28","1"),
("72531","","","","54621","","","2093","2","1","0","3000","2016-07-25","0000-00-00","","2016-07-25 11:19:06","32","2016-07-25 11:19:06","32","1"),
("72532","","","","54621","","","2228","2","20","0","500","2016-07-25","0000-00-00","","2016-07-25 11:19:06","32","2016-07-25 11:19:06","32","1"),
("72533","","","","54622","","","2104","2","1","0","5500","2016-07-25","0000-00-00","","2016-07-25 11:19:26","28","2016-07-25 11:19:26","28","1"),
("72534","","","","54623","","","2231","2","2","0","1500","2016-07-25","0000-00-00","","2016-07-25 11:19:48","28","2016-07-25 11:19:48","28","1"),
("72535","","","","54624","","","2228","2","5","0","500","2016-07-25","0000-00-00","","2016-07-25 11:19:56","28","2016-07-25 11:19:56","28","1"),
("72536","","","","54625","","","2231","2","2","0","1500","2016-07-25","0000-00-00","","2016-07-25 11:20:01","32","2016-07-25 11:20:01","32","1"),
("72537","","","","54626","","","2231","2","5","0","1500","2016-07-25","0000-00-00","","2016-07-25 11:20:20","32","2016-07-25 11:20:20","32","1"),
("72538","","","","54626","","","2228","2","10","0","500","2016-07-25","0000-00-00","","2016-07-25 11:20:20","32","2016-07-25 11:20:20","32","1"),
("72539","","","","54626","","","2093","2","2","0","3000","2016-07-25","0000-00-00","","2016-07-25 11:20:20","32","2016-07-25 11:20:20","32","1"),
("72540","","","","54627","","","2229","2","20","0","700","2016-07-25","0000-00-00","","2016-07-25 11:20:20","28","2016-07-25 11:20:20","28","1"),
("72541","","","","54628","","","2228","2","10","0","500","2016-07-25","0000-00-00","","2016-07-25 11:20:37","32","2016-07-25 11:20:37","32","1"),
("72542","","","","54629","","","2228","2","4","0","500","2016-07-25","0000-00-00","","2016-07-25 11:21:16","32","2016-07-25 11:21:16","32","1"),
("72543","","","","54630","","","2146","2","1","0","3500","2016-07-25","0000-00-00","","2016-07-25 11:22:11","28","2016-07-25 11:22:11","28","1"),
("72544","","","","54631","","","2250","2","1","0","500","2016-07-25","0000-00-00","","2016-07-25 11:22:24","32","2016-07-25 11:22:24","32","1"),
("72545","","","","54631","","","2253","2","1","0","2500","2016-07-25","0000-00-00","","2016-07-25 11:22:24","32","2016-07-25 11:22:24","32","1"),
("72546","","","","54632","","","2250","2","2","0","500","2016-07-25","0000-00-00","","2016-07-25 11:22:31","28","2016-07-25 11:22:31","28","1"),
("72547","","","","54633","","","2250","2","1","0","500","2016-07-25","0000-00-00","","2016-07-25 11:23:04","32","2016-07-25 11:23:04","32","1"),
("72548","","","","54634","","","2240","2","1","0","5000","2016-07-25","0000-00-00","","2016-07-25 11:23:17","28","2016-07-25 11:23:17","28","1"),
("72549","","","","54636","","","2228","2","10","0","500","2016-07-25","0000-00-00","","2016-07-25 11:23:49","32","2016-07-25 11:23:49","32","1"),
("72550","","","","54635","","","2095","2","1","0","4000","2016-07-25","0000-00-00","","2016-07-25 11:23:49","28","2016-07-25 11:23:49","28","1"),
("72551","","","","54635","","","2105","2","1","0","5500","2016-07-25","0000-00-00","","2016-07-25 11:23:49","28","2016-07-25 11:23:49","28","1"),
("72552","","","","54637","","","2253","2","1","0","2500","2016-07-25","0000-00-00","","2016-07-25 11:24:12","32","2016-07-25 11:24:12","32","1"),
("72553","","","","54638","","","2118","2","1","0","6500","2016-07-25","0000-00-00","","2016-07-25 11:24:19","32","2016-07-25 11:24:19","32","1"),
("72554","","","","54639","","","2231","2","2","0","1500","2016-07-25","0000-00-00","","2016-07-25 11:26:19","32","2016-07-25 11:26:19","32","1"),
("72555","","","","54640","","","2231","2","2","0","1500","2016-07-25","0000-00-00","","2016-07-25 11:27:34","32","2016-07-25 11:27:34","32","1"),
("72556","","","","54641","","","2204","2","1","0","10000","2016-07-25","0000-00-00","","2016-07-25 11:28:56","28","2016-07-25 11:28:56","28","1"),
("72557","","","","54641","","","2182","2","4","0","1500","2016-07-25","0000-00-00","","2016-07-25 11:28:56","28","2016-07-25 11:28:56","28","1"),
("72558","","","","54641","","","2136","2","3","0","3000","2016-07-25","0000-00-00","","2016-07-25 11:28:56","28","2016-07-25 11:28:56","28","1"),
("72559","","","","54641","","","2138","2","2","0","5000","2016-07-25","0000-00-00","","2016-07-25 11:28:57","28","2016-07-25 11:28:57","28","1"),
("72560","","","","54641","","","2134","2","10","0","1000","2016-07-25","0000-00-00","","2016-07-25 11:28:57","28","2016-07-25 11:28:57","28","1"),
("72561","","","","54641","","","2140","2","1","0","40000","2016-07-25","0000-00-00","","2016-07-25 11:28:57","28","2016-07-25 11:28:57","28","1"),
("72562","","","","54642","","","2073","2","4","0","1000","2016-07-25","0000-00-00","","2016-07-25 11:29:06","32","2016-07-25 11:29:06","32","1"),
("72563","","","","54643","","","2228","2","2","0","500","2016-07-25","0000-00-00","","2016-07-25 11:29:41","28","2016-07-25 11:29:41","28","1"),
("72564","","","","54644","","","2228","2","4","0","500","2016-07-25","0000-00-00","","2016-07-25 11:30:48","28","2016-07-25 11:30:48","28","1"),
("72565","","","","54645","","","2229","2","10","0","700","2016-07-25","0000-00-00","","2016-07-25 11:33:36","28","2016-07-25 11:33:36","28","1"),
("72566","","","","54646","","","2250","2","1","0","500","2016-07-25","0000-00-00","","2016-07-25 11:34:04","28","2016-07-25 11:34:04","28","1"),
("72567","","","","54646","","","2253","2","1","0","2500","2016-07-25","0000-00-00","","2016-07-25 11:34:04","28","2016-07-25 11:34:04","28","1"),
("72568","","","","54647","","","2258","2","1","0","3000","2016-07-25","0000-00-00","","2016-07-25 11:34:29","28","2016-07-25 11:34:29","28","1"),
("72569","","","","54647","","","2074","2","1","0","1500","2016-07-25","0000-00-00","","2016-07-25 11:34:29","28","2016-07-25 11:34:29","28","1"),
("72570","","","","54648","","","2250","2","1","0","500","2016-07-25","0000-00-00","","2016-07-25 11:35:05","28","2016-07-25 11:35:05","28","1"),
("72571","","","","54649","","","2083","2","1","0","2500","2016-07-25","0000-00-00","","2016-07-25 11:35:43","32","2016-07-25 11:35:43","32","1"),
("72572","","","","54649","","","2126","2","1","0","2000","2016-07-25","0000-00-00","","2016-07-25 11:35:43","32","2016-07-25 11:35:43","32","1"),
("72573","","","","54650","","","2231","2","2","0","1500","2016-07-25","0000-00-00","","2016-07-25 11:36:36","32","2016-07-25 11:36:36","32","1"),
("72574","","","","54651","","","2229","2","3","0","700","2016-07-25","0000-00-00","","2016-07-25 11:36:57","32","2016-07-25 11:36:57","32","1"),
("72575","","","","54652","","","2197","2","1","0","2500","2016-07-25","0000-00-00","","2016-07-25 11:37:37","32","2016-07-25 11:37:37","32","1"),
("72576","","","","54652","","","2250","2","2","0","500","2016-07-25","0000-00-00","","2016-07-25 11:37:37","32","2016-07-25 11:37:37","32","1"),
("72577","","","","54653","","","2250","2","2","0","500","2016-07-25","0000-00-00","","2016-07-25 11:37:39","28","2016-07-25 11:37:39","28","1"),
("72578","","","","54654","","","2250","2","1","0","500","2016-07-25","0000-00-00","","2016-07-25 11:37:59","32","2016-07-25 11:37:59","32","1"),
("72579","","","","54655","","","2231","2","2","0","1500","2016-07-25","0000-00-00","","2016-07-25 11:38:07","28","2016-07-25 11:38:07","28","1"),
("72580","","","","54656","","","2070","2","1","0","1000","2016-07-25","0000-00-00","","2016-07-25 11:38:20","28","2016-07-25 11:38:20","28","1"),
("72581","","","","54656","","","2065","2","1","0","1000","2016-07-25","0000-00-00","","2016-07-25 11:38:20","28","2016-07-25 11:38:20","28","1"),
("72582","","","","54656","","","2075","2","1","0","1500","2016-07-25","0000-00-00","","2016-07-25 11:38:20","28","2016-07-25 11:38:20","28","1"),
("72583","","","","54657","","","2218","2","1","0","1000","2016-07-25","0000-00-00","","2016-07-25 11:38:46","32","2016-07-25 11:38:46","32","1"),
("72584","","","","54658","","","2231","2","2","0","1500","2016-07-25","0000-00-00","","2016-07-25 11:39:10","28","2016-07-25 11:39:10","28","1"),
("72585","","","","54659","","","2217","2","2","0","500","2016-07-25","0000-00-00","","2016-07-25 11:39:14","32","2016-07-25 11:39:14","32","1"),
("72586","","","","54660","","","2231","2","1","0","1500","2016-07-25","0000-00-00","","2016-07-25 11:39:33","28","2016-07-25 11:39:33","28","1"),
("72587","","","","54661","","","2228","2","3","0","500","2016-07-25","0000-00-00","","2016-07-25 11:39:35","32","2016-07-25 11:39:35","32","1"),
("72588","","","","54662","","","2228","2","5","0","500","2016-07-25","0000-00-00","","2016-07-25 11:40:47","32","2016-07-25 11:40:47","32","1"),
("72589","","","","54663","","","2228","2","3","0","500","2016-07-25","0000-00-00","","2016-07-25 11:41:22","32","2016-07-25 11:41:22","32","1"),
("72590","","","","54664","","","2118","2","1","0","6500","2016-07-25","0000-00-00","","2016-07-25 11:42:23","32","2016-07-25 11:42:23","32","1"),
("72591","","","","54665","","","2079","2","2","0","1500","2016-07-25","0000-00-00","","2016-07-25 11:43:56","28","2016-07-25 11:43:56","28","1"),
("72592","","","","54666","","","2228","2","5","0","500","2016-07-25","0000-00-00","","2016-07-25 11:44:14","32","2016-07-25 11:44:14","32","1"),
("72593","","","","54667","","","2231","2","2","0","1500","2016-07-25","0000-00-00","","2016-07-25 11:45:21","28","2016-07-25 11:45:21","28","1"),
("72594","","","","54668","","","2125","2","1","0","1000","2016-07-25","0000-00-00","","2016-07-25 11:45:28","28","2016-07-25 11:45:28","28","1"),
("72595","","","","54669","","","2228","2","5","0","500","2016-07-25","0000-00-00","","2016-07-25 11:45:36","32","2016-07-25 11:45:36","32","1"),
("72596","","","","54669","","","2172","2","1","0","2500","2016-07-25","0000-00-00","","2016-07-25 11:45:36","32","2016-07-25 11:45:36","32","1"),
("72597","","","","54669","","","2240","2","1","0","5000","2016-07-25","0000-00-00","","2016-07-25 11:45:36","32","2016-07-25 11:45:36","32","1"),
("72598","","","","54670","","","2103","2","2","0","5000","2016-07-25","0000-00-00","","2016-07-25 11:46:08","28","2016-07-25 11:46:08","28","1"),
("72599","","","","54671","","","2228","2","5","0","500","2016-07-25","0000-00-00","","2016-07-25 11:48:21","28","2016-07-25 11:48:21","28","1"),
("72600","","","","54671","","","2231","2","3","0","1500","2016-07-25","0000-00-00","","2016-07-25 11:48:21","28","2016-07-25 11:48:21","28","1"),
("72601","","","","54672","","","2240","2","3","0","5000","2016-07-25","0000-00-00","","2016-07-25 11:49:04","32","2016-07-25 11:49:04","32","1"),
("72602","","","","54672","","","2110","2","2","0","2500","2016-07-25","0000-00-00","","2016-07-25 11:49:04","32","2016-07-25 11:49:04","32","1"),
("72603","","","","54672","","","2103","2","1","0","5000","2016-07-25","0000-00-00","","2016-07-25 11:49:04","32","2016-07-25 11:49:04","32","1"),
("72604","","","","54673","","","2231","2","10","0","1500","2016-07-25","0000-00-00","","2016-07-25 11:49:50","28","2016-07-25 11:49:50","28","1"),
("72605","","","","54673","","","2104","2","1","0","5500","2016-07-25","0000-00-00","","2016-07-25 11:49:50","28","2016-07-25 11:49:50","28","1"),
("72606","","","","54674","","","2233","2","3","0","1500","2016-07-25","0000-00-00","","2016-07-25 11:51:31","28","2016-07-25 11:51:31","28","1"),
("72607","","","","54674","","","2065","2","30","0","700","2016-07-25","0000-00-00","","2016-07-25 11:51:31","28","2016-07-25 11:51:31","28","1"),
("72608","","","","54674","","","2229","2","80","0","500","2016-07-25","0000-00-00","","2016-07-25 11:51:31","28","2016-07-25 11:51:31","28","1"),
("72609","","","","54675","","","2113","2","1","0","5500","2016-07-25","0000-00-00","","2016-07-25 11:52:57","32","2016-07-25 11:52:57","32","1"),
("72610","","","","54676","","","2233","2","1","0","2000","2016-07-25","0000-00-00","","2016-07-25 11:53:21","32","2016-07-25 11:53:21","32","1"),
("72611","","","","54677","","","2064","2","1","0","2000","2016-07-25","0000-00-00","","2016-07-25 11:54:41","32","2016-07-25 11:54:41","32","1"),
("72612","","","","54678","","","2228","2","8","0","500","2016-07-25","0000-00-00","","2016-07-25 11:55:07","32","2016-07-25 11:55:07","32","1"),
("72613","","","","54679","","","2229","2","3","0","700","2016-07-25","0000-00-00","","2016-07-25 11:55:52","32","2016-07-25 11:55:52","32","1"),
("72614","","","","54680","","","2065","2","1","0","1000","2016-07-25","0000-00-00","","2016-07-25 11:57:19","32","2016-07-25 11:57:19","32","1"),
("72615","","","","54680","","","2229","2","3","0","700","2016-07-25","0000-00-00","","2016-07-25 11:57:19","32","2016-07-25 11:57:19","32","1"),
("72616","","","","54681","","","2228","2","1","0","500","2016-07-25","0000-00-00","","2016-07-25 11:57:23","32","2016-07-25 11:57:23","32","1"),
("72617","","","","54682","","","2067","2","1","0","1000","2016-07-25","0000-00-00","","2016-07-25 11:58:27","32","2016-07-25 11:58:27","32","1"),
("72618","","","","54682","","","2164","2","1","0","3000","2016-07-25","0000-00-00","","2016-07-25 11:58:27","32","2016-07-25 11:58:27","32","1"),
("72619","","","","54683","","","2104","2","1","0","5500","2016-07-25","0000-00-00","","2016-07-25 11:59:40","32","2016-07-25 11:59:40","32","1"),
("72620","","","","54683","","","2229","2","5","0","700","2016-07-25","0000-00-00","","2016-07-25 11:59:41","32","2016-07-25 11:59:41","32","1"),
("72621","","","","54683","","","2166","2","5","0","700","2016-07-25","0000-00-00","","2016-07-25 11:59:41","32","2016-07-25 11:59:41","32","1");

DROP TABLE inventory_totals;

CREATE TABLE `inventory_totals` (
  `product_id` bigint(20) NOT NULL,
  `location_id` bigint(20) NOT NULL,
  `total_qty` double DEFAULT '0',
  `created_at` datetime NOT NULL,
  `created_by` bigint(11) NOT NULL,
  `updated_at` datetime NOT NULL,
  `updated_by` bigint(11) NOT NULL,
  PRIMARY KEY (`product_id`,`location_id`),
  KEY `product_id` (`product_id`),
  KEY `location_id` (`location_id`)
) ENGINE=InnoDB DEFAULT CHARSET=utf8 COLLATE=utf8_unicode_ci;

INSERT INTO inventory_totals VALUES("2064","2","-956","2016-05-30 20:44:40","32","2016-07-25 11:54:41","32");
INSERT INTO inventory_totals VALUES("2065","2","-10167","2016-05-30 17:12:37","32","2016-07-25 11:57:19","32");
INSERT INTO inventory_totals VALUES("2067","2","-898","2016-05-30 20:12:19","32","2016-07-25 11:58:27","32");
INSERT INTO inventory_totals VALUES("2070","2","-1411","2016-05-30 19:12:04","28","2016-07-25 11:38:20","28");
INSERT INTO inventory_totals VALUES("2071","2","-2765","2016-05-30 20:20:55","28","2016-07-25 08:29:30","28");
INSERT INTO inventory_totals VALUES("2072","2","-541","2016-06-01 10:24:38","26","2016-07-24 15:06:55","26");
INSERT INTO inventory_totals VALUES("2073","2","-1551","2016-05-30 17:09:35","32","2016-07-25 11:29:06","32");
INSERT INTO inventory_totals VALUES("2074","2","-727","2016-05-30 17:09:50","28","2016-07-25 11:34:29","28");
INSERT INTO inventory_totals VALUES("2075","2","-1413","2016-05-30 19:40:28","28","2016-07-25 11:38:20","28");
INSERT INTO inventory_totals VALUES("2076","2","-627","2016-05-30 17:15:10","28","2016-07-25 08:18:02","28");
INSERT INTO inventory_totals VALUES("2077","2","-185","2016-06-02 16:11:58","28","2016-07-24 20:27:23","28");
INSERT INTO inventory_totals VALUES("2078","2","-490","2016-05-31 07:51:51","26","2016-07-25 05:56:14","26");
INSERT INTO inventory_totals VALUES("2079","2","-352","2016-05-30 17:34:03","28","2016-07-25 11:43:56","28");
INSERT INTO inventory_totals VALUES("2082","2","-271","2016-05-30 20:35:30","32","2016-07-24 18:59:37","32");
INSERT INTO inventory_totals VALUES("2083","2","-3601","2016-05-30 17:13:02","32","2016-07-25 11:35:43","32");
INSERT INTO inventory_totals VALUES("2084","2","-476","2016-05-30 17:13:26","28","2016-07-25 10:28:01","28");
INSERT INTO inventory_totals VALUES("2085","2","-466","2016-05-30 18:17:34","28","2016-07-25 06:14:26","28");
INSERT INTO inventory_totals VALUES("2088","2","-206","2016-05-31 08:25:04","32","2016-07-24 17:15:07","32");
INSERT INTO inventory_totals VALUES("2089","2","-159","2016-06-06 07:55:52","32","2016-07-25 09:41:26","32");
INSERT INTO inventory_totals VALUES("2090","2","-347","2016-06-03 07:53:09","28","2016-07-25 09:17:21","28");
INSERT INTO inventory_totals VALUES("2092","2","-22","2016-06-05 13:07:45","32","2016-06-26 17:13:30","32");
INSERT INTO inventory_totals VALUES("2093","2","-1308","2016-05-31 08:55:09","32","2016-07-25 11:20:20","32");
INSERT INTO inventory_totals VALUES("2095","2","-3396","2016-05-30 16:57:46","28","2016-07-25 11:23:49","28");
INSERT INTO inventory_totals VALUES("2097","2","-152","2016-05-31 11:50:36","28","2016-07-23 07:56:38","28");
INSERT INTO inventory_totals VALUES("2098","2","-141","2016-05-31 11:48:59","26","2016-07-24 14:58:29","26");
INSERT INTO inventory_totals VALUES("2099","2","-798","2016-05-30 19:54:32","28","2016-07-24 19:11:49","28");
INSERT INTO inventory_totals VALUES("2100","2","-127","2016-06-01 11:05:58","26","2016-07-24 14:33:10","26");
INSERT INTO inventory_totals VALUES("2101","2","-4","2016-06-04 16:36:48","28","2016-06-15 08:23:32","28");
INSERT INTO inventory_totals VALUES("2102","2","-244","2016-05-30 18:50:51","28","2016-07-25 08:15:42","28");
INSERT INTO inventory_totals VALUES("2103","2","-162","2016-05-30 18:21:22","32","2016-07-25 11:49:04","32");
INSERT INTO inventory_totals VALUES("2104","2","-2085","2016-05-30 18:45:00","32","2016-07-25 11:59:40","32");
INSERT INTO inventory_totals VALUES("2105","2","-98","2016-05-31 04:27:09","28","2016-07-25 11:23:49","28");
INSERT INTO inventory_totals VALUES("2107","2","-1215","2016-05-30 17:13:44","28","2016-07-25 11:00:07","28");
INSERT INTO inventory_totals VALUES("2108","2","-2","2016-06-22 07:31:24","26","2016-07-16 06:34:13","26");
INSERT INTO inventory_totals VALUES("2109","2","-4","2016-06-02 11:24:48","26","2016-07-14 13:26:17","26");
INSERT INTO inventory_totals VALUES("2110","2","-529","2016-05-31 09:56:02","32","2016-07-25 11:49:04","32");
INSERT INTO inventory_totals VALUES("2111","2","-100","2016-05-31 06:44:27","26","2016-07-24 15:03:29","26");
INSERT INTO inventory_totals VALUES("2112","2","-221","2016-05-31 17:42:17","32","2016-07-24 16:25:39","32");
INSERT INTO inventory_totals VALUES("2113","2","-395","2016-05-31 06:07:51","32","2016-07-25 11:52:57","32");
INSERT INTO inventory_totals VALUES("2114","2","-49","2016-05-31 17:05:12","32","2016-07-25 10:05:59","32");
INSERT INTO inventory_totals VALUES("2116","2","-104","2016-05-30 19:09:50","26","2016-07-24 07:24:22","26");
INSERT INTO inventory_totals VALUES("2117","2","-120","2016-05-31 15:15:55","28","2016-07-24 14:11:36","28");
INSERT INTO inventory_totals VALUES("2118","2","-1198","2016-05-30 17:25:00","32","2016-07-25 11:42:23","32");
INSERT INTO inventory_totals VALUES("2119","2","-113","2016-05-31 04:10:53","28","2016-07-25 09:49:57","28");
INSERT INTO inventory_totals VALUES("2120","2","-23","2016-06-01 15:07:34","28","2016-06-24 08:28:25","28");
INSERT INTO inventory_totals VALUES("2121","2","-420","2016-05-30 16:56:09","32","2016-07-25 10:50:50","32");
INSERT INTO inventory_totals VALUES("2125","2","-2381","2016-05-30 17:14:38","28","2016-07-25 11:45:28","28");
INSERT INTO inventory_totals VALUES("2126","2","-1107","2016-05-30 17:17:44","32","2016-07-25 11:35:43","32");
INSERT INTO inventory_totals VALUES("2127","2","-1","2016-06-01 09:16:57","28","2016-06-01 09:16:57","28");
INSERT INTO inventory_totals VALUES("2128","2","-3","2016-05-30 17:17:34","27","2016-05-31 08:21:59","27");
INSERT INTO inventory_totals VALUES("2129","2","-82","2016-05-31 08:02:05","28","2016-07-24 15:28:43","28");
INSERT INTO inventory_totals VALUES("2130","2","-2","2016-05-31 11:51:20","28","2016-05-31 12:08:32","28");
INSERT INTO inventory_totals VALUES("2131","2","-5","2016-06-02 09:48:54","28","2016-06-11 08:04:29","28");
INSERT INTO inventory_totals VALUES("2133","2","-243","2016-05-30 20:04:42","32","2016-07-24 18:36:51","32");
INSERT INTO inventory_totals VALUES("2134","2","-1138","2016-05-30 17:16:20","28","2016-07-25 11:28:57","28");
INSERT INTO inventory_totals VALUES("2135","2","-159","2016-05-31 18:50:40","28","2016-07-24 19:52:49","28");
INSERT INTO inventory_totals VALUES("2136","2","-437","2016-05-30 17:16:20","28","2016-07-25 11:28:56","28");
INSERT INTO inventory_totals VALUES("2137","2","-174","2016-05-30 17:00:35","28","2016-07-25 09:05:22","28");
INSERT INTO inventory_totals VALUES("2138","2","-66","2016-06-01 18:10:15","28","2016-07-25 11:28:57","28");
INSERT INTO inventory_totals VALUES("2139","2","-99","2016-05-30 19:37:44","32","2016-07-24 18:56:23","32");
INSERT INTO inventory_totals VALUES("2140","2","-247","2016-05-30 17:16:20","28","2016-07-25 11:28:57","28");
INSERT INTO inventory_totals VALUES("2141","2","-92","2016-05-31 16:15:13","28","2016-07-24 17:48:16","28");
INSERT INTO inventory_totals VALUES("2142","2","-12","2016-06-04 12:04:34","28","2016-07-16 14:20:54","28");
INSERT INTO inventory_totals VALUES("2143","2","-16","2016-06-01 14:37:00","28","2016-07-22 10:31:42","28");
INSERT INTO inventory_totals VALUES("2144","2","-6","2016-06-02 16:28:24","28","2016-07-22 18:41:13","28");
INSERT INTO inventory_totals VALUES("2146","2","-762","2016-05-31 04:25:13","28","2016-07-25 11:22:11","28");
INSERT INTO inventory_totals VALUES("2163","2","-828","2016-05-30 19:12:04","32","2016-07-25 09:17:42","32");
INSERT INTO inventory_totals VALUES("2164","2","-3452","2016-05-30 16:53:06","32","2016-07-25 11:58:27","32");
INSERT INTO inventory_totals VALUES("2165","2","-708","2016-05-30 17:13:26","28","2016-07-25 09:25:07","28");
INSERT INTO inventory_totals VALUES("2166","2","-11943","2016-05-30 15:16:51","32","2016-07-25 11:59:41","32");
INSERT INTO inventory_totals VALUES("2172","2","-1056","2016-05-30 17:07:00","32","2016-07-25 11:45:36","32");
INSERT INTO inventory_totals VALUES("2173","2","-163","2016-05-31 10:33:36","28","2016-07-25 10:59:31","28");
INSERT INTO inventory_totals VALUES("2174","2","-63","2016-05-31 09:21:36","28","2016-07-25 08:18:02","28");
INSERT INTO inventory_totals VALUES("2178","2","-29","2016-06-02 05:19:47","26","2016-07-23 15:37:22","26");
INSERT INTO inventory_totals VALUES("2179","2","-2","2016-06-19 13:01:57","26","2016-06-22 13:15:45","26");
INSERT INTO inventory_totals VALUES("2182","2","-275","2016-05-30 18:50:52","28","2016-07-25 11:28:56","28");
INSERT INTO inventory_totals VALUES("2183","2","-5","2016-06-17 08:39:20","28","2016-07-10 20:20:53","28");
INSERT INTO inventory_totals VALUES("2188","2","-34","2016-06-02 05:19:47","26","2016-07-23 15:37:22","26");
INSERT INTO inventory_totals VALUES("2197","2","-1092","2016-05-31 05:33:48","32","2016-07-25 11:37:37","32");
INSERT INTO inventory_totals VALUES("2198","2","-51","2016-05-31 06:32:11","26","2016-07-23 14:07:35","26");
INSERT INTO inventory_totals VALUES("2199","2","-80","2016-05-30 20:45:32","32","2016-07-15 11:38:49","32");
INSERT INTO inventory_totals VALUES("2201","2","-1","2016-07-22 07:59:15","28","2016-07-22 07:59:15","28");
INSERT INTO inventory_totals VALUES("2202","2","-12","2016-06-05 05:43:31","26","2016-07-14 06:04:21","26");
INSERT INTO inventory_totals VALUES("2203","2","-27","2016-06-01 18:10:15","28","2016-07-14 12:28:33","28");
INSERT INTO inventory_totals VALUES("2204","2","-14","2016-06-05 15:46:14","28","2016-07-25 11:28:56","28");
INSERT INTO inventory_totals VALUES("2206","2","-6","2016-06-11 18:11:55","32","2016-07-19 18:21:51","32");
INSERT INTO inventory_totals VALUES("2207","2","-67","2016-06-05 20:28:13","28","2016-07-24 08:45:28","28");
INSERT INTO inventory_totals VALUES("2208","2","-9","2016-06-03 12:29:19","28","2016-07-22 16:13:30","28");
INSERT INTO inventory_totals VALUES("2209","2","-3","2016-06-01 15:42:51","28","2016-07-13 20:12:25","28");
INSERT INTO inventory_totals VALUES("2213","2","-45","2016-06-08 08:14:22","28","2016-07-22 19:09:38","28");
INSERT INTO inventory_totals VALUES("2217","2","-22","2016-06-03 19:05:30","32","2016-07-25 11:39:14","32");
INSERT INTO inventory_totals VALUES("2218","2","-103","2016-05-31 10:46:14","32","2016-07-25 11:38:46","32");
INSERT INTO inventory_totals VALUES("2219","2","-300","2016-06-02 07:11:01","28","2016-07-25 10:59:31","28");
INSERT INTO inventory_totals VALUES("2220","2","-1150","2016-06-06 12:05:02","28","2016-07-12 17:18:00","28");
INSERT INTO inventory_totals VALUES("2226","2","-736","2016-05-30 20:29:24","28","2016-07-25 10:32:07","28");
INSERT INTO inventory_totals VALUES("2228","2","-149975","2016-05-30 16:53:06","32","2016-07-25 11:57:23","32");
INSERT INTO inventory_totals VALUES("2229","2","-79926","2016-05-30 18:02:49","32","2016-07-25 11:59:41","32");
INSERT INTO inventory_totals VALUES("2231","2","-29246","2016-05-30 16:58:22","28","2016-07-25 11:49:50","28");
INSERT INTO inventory_totals VALUES("2232","2","-2971","2016-05-30 18:38:35","28","2016-07-25 10:47:54","28");
INSERT INTO inventory_totals VALUES("2233","2","-6408","2016-05-30 19:34:27","32","2016-07-25 11:53:21","32");
INSERT INTO inventory_totals VALUES("2235","2","-1352","2016-05-30 19:37:44","28","2016-07-25 11:11:53","28");
INSERT INTO inventory_totals VALUES("2236","2","-803","2016-05-30 20:25:09","28","2016-07-25 10:44:44","28");
INSERT INTO inventory_totals VALUES("2237","2","-55","2016-06-06 07:55:52","28","2016-07-25 11:02:16","28");
INSERT INTO inventory_totals VALUES("2238","2","-182","2016-05-31 06:54:44","28","2016-07-24 10:39:08","28");
INSERT INTO inventory_totals VALUES("2239","2","-458","2016-05-31 11:09:13","32","2016-07-19 08:38:36","32");
INSERT INTO inventory_totals VALUES("2240","2","-1725","2016-05-30 16:58:52","32","2016-07-25 11:49:04","32");
INSERT INTO inventory_totals VALUES("2241","2","-138","2016-05-31 13:05:46","28","2016-07-25 10:55:28","28");
INSERT INTO inventory_totals VALUES("2243","2","-126","2016-05-30 17:15:34","28","2016-07-20 08:54:05","28");
INSERT INTO inventory_totals VALUES("2250","2","-4985","2016-05-30 17:14:11","32","2016-07-25 11:37:59","32");
INSERT INTO inventory_totals VALUES("2251","2","-1","2016-07-09 18:58:52","28","2016-07-09 18:58:52","28");
INSERT INTO inventory_totals VALUES("2252","2","-90","2016-06-04 16:15:52","28","2016-07-24 15:12:07","28");
INSERT INTO inventory_totals VALUES("2253","2","-123","2016-05-31 13:24:22","28","2016-07-25 11:34:04","28");
INSERT INTO inventory_totals VALUES("2254","2","-899","2016-05-31 18:14:09","28","2016-07-25 06:19:48","28");
INSERT INTO inventory_totals VALUES("2255","2","-392","2016-06-02 18:24:09","28","2016-07-23 19:47:10","28");
INSERT INTO inventory_totals VALUES("2256","2","-28","2016-06-02 17:07:21","28","2016-07-07 23:27:23","28");
INSERT INTO inventory_totals VALUES("2257","2","-243","2016-06-02 18:53:00","28","2016-07-25 06:38:58","28");
INSERT INTO inventory_totals VALUES("2258","2","-52","2016-06-06 11:06:36","28","2016-07-25 11:34:29","28");
INSERT INTO inventory_totals VALUES("2259","2","-71","2016-06-22 14:12:02","28","2016-07-24 20:25:44","28");
INSERT INTO inventory_totals VALUES("2260","2","-19","2016-07-11 05:45:45","28","2016-07-25 10:59:31","28");
INSERT INTO inventory_totals VALUES("2262","2","-1","2016-07-21 07:37:38","26","2016-07-21 07:37:38","26");



DROP TABLE inventory_total_details;

CREATE TABLE `inventory_total_details` (
  `product_id` bigint(20) NOT NULL,
  `location_id` bigint(20) NOT NULL,
  `total_cycle` double DEFAULT '0',
  `total_so` double DEFAULT '0',
  `total_pos` double DEFAULT '0',
  `total_cm` double DEFAULT '0',
  `total_to_in` double DEFAULT '0',
  `total_to_out` double DEFAULT '0',
  `date` date NOT NULL,
  `created_at` datetime NOT NULL,
  `created_by` bigint(11) NOT NULL,
  `updated_at` datetime NOT NULL,
  `updated_by` bigint(11) NOT NULL,
  PRIMARY KEY (`product_id`,`location_id`,`date`),
  KEY `product_id` (`product_id`),
  KEY `location_id` (`location_id`),
  KEY `date` (`date`)
) ENGINE=InnoDB DEFAULT CHARSET=utf8 COLLATE=utf8_unicode_ci;

INSERT INTO inventory_total_details VALUES("2064","2","0","0","-1","0","0","0","2016-05-30","2016-05-30 20:44:40","24","2016-05-30 20:44:40","24");
INSERT INTO inventory_total_details VALUES("2065","2","0","0","-2","0","0","0","2016-05-30","2016-05-30 17:12:37","24","2016-05-30 21:01:14","24");
INSERT INTO inventory_total_details VALUES("2067","2","0","0","-2","0","0","0","2016-05-30","2016-05-30 20:12:19","24","2016-05-30 20:37:06","24");
INSERT INTO inventory_total_details VALUES("2070","2","0","0","-3","0","0","0","2016-05-30","2016-05-30 19:12:04","27","2016-05-30 19:12:04","27");
INSERT INTO inventory_total_details VALUES("2071","2","0","0","-1","0","0","0","2016-05-30","2016-05-30 20:20:55","24","2016-05-30 20:20:55","24");
INSERT INTO inventory_total_details VALUES("2072","2","0","0","-5","0","0","0","2016-06-01","2016-06-01 10:24:38","27","2016-06-01 17:19:29","27");
INSERT INTO inventory_total_details VALUES("2073","2","0","0","-2","0","0","0","2016-05-30","2016-05-30 17:09:35","24","2016-05-30 20:20:55","24");
INSERT INTO inventory_total_details VALUES("2074","2","0","0","-1","0","0","0","2016-05-30","2016-05-30 17:09:51","1","2016-05-30 17:09:51","1");
INSERT INTO inventory_total_details VALUES("2075","2","0","0","-2","0","0","0","2016-05-30","2016-05-30 19:40:28","27","2016-05-30 19:40:28","27");
INSERT INTO inventory_total_details VALUES("2076","2","0","0","-1","0","0","0","2016-05-30","2016-05-30 17:15:10","27","2016-05-30 19:40:28","27");
INSERT INTO inventory_total_details VALUES("2077","2","0","0","-2","0","0","0","2016-06-02","2016-06-02 16:11:58","27","2016-06-02 16:11:58","27");
INSERT INTO inventory_total_details VALUES("2078","2","0","0","-1","0","0","0","2016-05-31","2016-05-31 07:51:51","1","2016-05-31 13:22:44","1");
INSERT INTO inventory_total_details VALUES("2079","2","0","0","-1","0","0","0","2016-05-30","2016-05-30 17:34:03","1","2016-05-30 17:34:03","1");
INSERT INTO inventory_total_details VALUES("2082","2","0","0","-1","0","0","0","2016-05-30","2016-05-30 20:35:30","24","2016-05-30 20:35:30","24");
INSERT INTO inventory_total_details VALUES("2083","2","0","0","-2","0","0","0","2016-05-30","2016-05-30 17:13:02","24","2016-05-30 20:44:10","24");
INSERT INTO inventory_total_details VALUES("2084","2","0","0","-1","0","0","0","2016-05-30","2016-05-30 17:13:26","24","2016-05-30 20:36:29","24");
INSERT INTO inventory_total_details VALUES("2085","2","0","0","-1","0","0","0","2016-05-30","2016-05-30 18:17:35","24","2016-05-30 18:17:35","24");
INSERT INTO inventory_total_details VALUES("2088","2","0","0","-1","0","0","0","2016-05-31","2016-05-31 08:25:04","1","2016-05-31 15:55:07","1");
INSERT INTO inventory_total_details VALUES("2089","2","0","0","-1","0","0","0","2016-06-06","2016-06-06 07:55:52","28","2016-06-06 20:21:02","28");
INSERT INTO inventory_total_details VALUES("2090","2","0","0","-3","0","0","0","2016-06-03","2016-06-03 07:53:09","28","2016-06-03 17:42:59","28");
INSERT INTO inventory_total_details VALUES("2092","2","0","0","-2","0","0","0","2016-06-05","2016-06-05 13:07:45","26","2016-06-05 13:07:45","26");
INSERT INTO inventory_total_details VALUES("2093","2","0","0","-2","0","0","0","2016-05-31","2016-05-31 08:55:09","24","2016-05-31 18:27:26","24");
INSERT INTO inventory_total_details VALUES("2095","2","0","0","-1","0","0","0","2016-05-30","2016-05-30 16:57:46","24","2016-05-30 21:01:14","24");
INSERT INTO inventory_total_details VALUES("2097","2","0","0","-2","0","0","0","2016-05-31","2016-05-31 11:50:36","1","2016-05-31 11:57:30","1");
INSERT INTO inventory_total_details VALUES("2098","2","0","0","-1","0","0","0","2016-05-31","2016-05-31 11:48:59","1","2016-05-31 16:06:30","1");
INSERT INTO inventory_total_details VALUES("2099","2","0","0","-1","0","0","0","2016-05-30","2016-05-30 19:54:32","24","2016-05-30 20:46:56","24");
INSERT INTO inventory_total_details VALUES("2100","2","0","0","-6","0","0","0","2016-06-01","2016-06-01 11:05:58","28","2016-06-01 11:05:58","28");
INSERT INTO inventory_total_details VALUES("2101","2","0","0","-1","0","0","0","2016-06-04","2016-06-04 16:36:48","27","2016-06-04 16:36:48","27");
INSERT INTO inventory_total_details VALUES("2102","2","0","0","-1","0","0","0","2016-05-30","2016-05-30 18:50:51","27","2016-05-30 19:01:27","27");
INSERT INTO inventory_total_details VALUES("2103","2","0","0","-1","0","0","0","2016-05-30","2016-05-30 18:21:22","24","2016-05-30 18:21:22","24");
INSERT INTO inventory_total_details VALUES("2104","2","0","0","-1","0","0","0","2016-05-30","2016-05-30 18:45:00","24","2016-05-30 20:35:30","24");
INSERT INTO inventory_total_details VALUES("2105","2","0","0","-2","0","0","0","2016-05-31","2016-05-31 04:27:09","28","2016-05-31 11:08:37","28");
INSERT INTO inventory_total_details VALUES("2107","2","0","0","-2","0","0","0","2016-05-30","2016-05-30 17:13:44","1","2016-05-30 17:13:44","1");
INSERT INTO inventory_total_details VALUES("2108","2","0","0","-1","0","0","0","2016-06-22","2016-06-22 07:31:24","26","2016-06-22 07:31:24","26");
INSERT INTO inventory_total_details VALUES("2109","2","0","0","-1","0","0","0","2016-06-02","2016-06-02 11:24:48","28","2016-06-02 11:24:48","28");
INSERT INTO inventory_total_details VALUES("2110","2","0","0","-2","0","0","0","2016-05-31","2016-05-31 09:56:02","1","2016-05-31 16:59:11","1");
INSERT INTO inventory_total_details VALUES("2111","2","0","0","-1","0","0","0","2016-05-31","2016-05-31 06:44:27","1","2016-05-31 15:24:34","1");
INSERT INTO inventory_total_details VALUES("2112","2","0","0","-1","0","0","0","2016-05-31","2016-05-31 17:42:17","28","2016-05-31 17:42:17","28");
INSERT INTO inventory_total_details VALUES("2113","2","0","0","-1","0","0","0","2016-05-31","2016-05-31 06:07:51","28","2016-05-31 10:55:17","28");
INSERT INTO inventory_total_details VALUES("2114","2","0","0","-1","0","0","0","2016-05-31","2016-05-31 17:05:12","1","2016-05-31 17:05:12","1");
INSERT INTO inventory_total_details VALUES("2116","2","0","0","-1","0","0","0","2016-05-30","2016-05-30 19:09:50","27","2016-05-30 19:09:50","27");
INSERT INTO inventory_total_details VALUES("2117","2","0","0","-1","0","0","0","2016-05-31","2016-05-31 15:15:55","28","2016-05-31 15:15:55","28");
INSERT INTO inventory_total_details VALUES("2118","2","0","0","-2","0","0","0","2016-05-30","2016-05-30 17:25:00","24","2016-05-30 20:35:09","24");
INSERT INTO inventory_total_details VALUES("2119","2","0","0","-1","0","0","0","2016-05-31","2016-05-31 04:10:53","28","2016-05-31 19:23:07","28");
INSERT INTO inventory_total_details VALUES("2120","2","0","0","-4","0","0","0","2016-06-01","2016-06-01 15:07:34","28","2016-06-01 15:07:34","28");
INSERT INTO inventory_total_details VALUES("2121","2","0","0","-1","0","0","0","2016-05-30","2016-05-30 16:56:09","24","2016-05-30 17:57:00","24");
INSERT INTO inventory_total_details VALUES("2125","2","0","0","-1","0","0","0","2016-05-30","2016-05-30 17:14:38","24","2016-05-30 20:45:32","24");
INSERT INTO inventory_total_details VALUES("2126","2","0","0","-1","0","0","0","2016-05-30","2016-05-30 17:17:44","24","2016-05-30 20:46:56","24");
INSERT INTO inventory_total_details VALUES("2127","2","0","0","-1","0","0","0","2016-06-01","2016-06-01 09:16:57","28","2016-06-01 09:16:57","28");
INSERT INTO inventory_total_details VALUES("2128","2","0","0","-1","0","0","0","2016-05-30","2016-05-30 17:17:34","27","2016-05-30 18:49:32","27");
INSERT INTO inventory_total_details VALUES("2129","2","0","0","-1","0","0","0","2016-05-31","2016-05-31 08:02:05","28","2016-05-31 12:43:49","28");
INSERT INTO inventory_total_details VALUES("2130","2","0","0","-1","0","0","0","2016-05-31","2016-05-31 11:51:20","28","2016-05-31 12:08:32","28");
INSERT INTO inventory_total_details VALUES("2131","2","0","0","-1","0","0","0","2016-06-02","2016-06-02 09:48:54","28","2016-06-02 09:48:54","28");
INSERT INTO inventory_total_details VALUES("2133","2","0","0","-1","0","0","0","2016-05-30","2016-05-30 20:04:42","24","2016-05-30 20:04:42","24");
INSERT INTO inventory_total_details VALUES("2134","2","0","0","-2","0","0","0","2016-05-30","2016-05-30 17:16:20","27","2016-05-30 18:50:52","27");
INSERT INTO inventory_total_details VALUES("2135","2","0","0","-2","0","0","0","2016-05-31","2016-05-31 18:50:40","24","2016-05-31 18:50:40","24");
INSERT INTO inventory_total_details VALUES("2136","2","0","0","-2","0","0","0","2016-05-30","2016-05-30 17:16:20","27","2016-05-30 18:50:52","27");
INSERT INTO inventory_total_details VALUES("2137","2","0","0","-1","0","0","0","2016-05-30","2016-05-30 17:00:35","1","2016-05-30 17:00:35","1");
INSERT INTO inventory_total_details VALUES("2138","2","0","0","-1","0","0","0","2016-06-01","2016-06-01 18:10:15","27","2016-06-01 18:10:15","27");
INSERT INTO inventory_total_details VALUES("2139","2","0","0","-1","0","0","0","2016-05-30","2016-05-30 19:37:44","27","2016-05-30 19:37:44","27");
INSERT INTO inventory_total_details VALUES("2140","2","0","0","-1","0","0","0","2016-05-30","2016-05-30 17:16:20","27","2016-05-30 18:50:52","27");
INSERT INTO inventory_total_details VALUES("2141","2","0","0","-1","0","0","0","2016-05-31","2016-05-31 16:15:13","1","2016-05-31 16:15:13","1");
INSERT INTO inventory_total_details VALUES("2142","2","0","0","-1","0","0","0","2016-06-04","2016-06-04 12:04:34","27","2016-06-04 16:08:30","27");
INSERT INTO inventory_total_details VALUES("2143","2","0","0","-1","0","0","0","2016-06-01","2016-06-01 14:37:00","24","2016-06-01 14:37:00","24");
INSERT INTO inventory_total_details VALUES("2144","2","0","0","-1","0","0","0","2016-06-02","2016-06-02 16:28:24","27","2016-06-02 16:28:24","27");
INSERT INTO inventory_total_details VALUES("2146","2","0","0","-1","0","0","0","2016-05-31","2016-05-31 04:25:13","28","2016-05-31 19:18:40","28");
INSERT INTO inventory_total_details VALUES("2163","2","0","0","-1","0","0","0","2016-05-30","2016-05-30 19:12:04","24","2016-05-30 20:36:29","24");
INSERT INTO inventory_total_details VALUES("2164","2","0","0","-1","0","0","0","2016-05-30","2016-05-30 16:53:06","27","2016-05-30 19:14:29","27");
INSERT INTO inventory_total_details VALUES("2165","2","0","0","-1","0","0","0","2016-05-30","2016-05-30 17:13:26","1","2016-05-30 17:13:26","1");
INSERT INTO inventory_total_details VALUES("2166","2","0","0","-8","0","0","0","2016-05-30","2016-05-30 15:16:51","1","2016-05-30 16:55:10","1");
INSERT INTO inventory_total_details VALUES("2172","2","0","0","-1","0","0","0","2016-05-30","2016-05-30 17:07:00","24","2016-05-30 20:45:07","24");
INSERT INTO inventory_total_details VALUES("2173","2","0","0","-1","0","0","0","2016-05-31","2016-05-31 10:33:37","28","2016-05-31 11:09:13","28");
INSERT INTO inventory_total_details VALUES("2174","2","0","0","-1","0","0","0","2016-05-31","2016-05-31 09:21:37","24","2016-05-31 09:21:37","24");
INSERT INTO inventory_total_details VALUES("2178","2","0","0","-1","0","0","0","2016-06-02","2016-06-02 05:19:47","24","2016-06-02 05:19:47","24");
INSERT INTO inventory_total_details VALUES("2179","2","0","0","-1","0","0","0","2016-06-19","2016-06-19 13:01:57","26","2016-06-19 13:01:57","26");
INSERT INTO inventory_total_details VALUES("2182","2","0","0","-1","0","0","0","2016-05-30","2016-05-30 18:50:52","27","2016-05-30 18:50:52","27");
INSERT INTO inventory_total_details VALUES("2183","2","0","0","-1","0","0","0","2016-06-17","2016-06-17 08:39:20","26","2016-06-17 08:39:20","26");
INSERT INTO inventory_total_details VALUES("2188","2","0","0","-1","0","0","0","2016-06-02","2016-06-02 05:19:47","27","2016-06-02 19:29:45","27");
INSERT INTO inventory_total_details VALUES("2197","2","0","0","-2","0","0","0","2016-05-31","2016-05-31 05:33:48","24","2016-05-31 18:01:04","24");
INSERT INTO inventory_total_details VALUES("2198","2","0","0","-1","0","0","0","2016-05-31","2016-05-31 06:32:11","28","2016-05-31 15:18:23","28");
INSERT INTO inventory_total_details VALUES("2199","2","0","0","-1","0","0","0","2016-05-30","2016-05-30 20:45:32","24","2016-05-30 20:45:32","24");
INSERT INTO inventory_total_details VALUES("2201","2","0","0","-1","0","0","0","2016-07-22","2016-07-22 07:59:15","28","2016-07-22 07:59:15","28");
INSERT INTO inventory_total_details VALUES("2202","2","0","0","-1","0","0","0","2016-06-05","2016-06-05 05:43:31","24","2016-06-05 05:43:31","24");
INSERT INTO inventory_total_details VALUES("2203","2","0","0","-2","0","0","0","2016-06-01","2016-06-01 18:10:15","27","2016-06-01 18:10:15","27");
INSERT INTO inventory_total_details VALUES("2204","2","0","0","-1","0","0","0","2016-06-05","2016-06-05 15:46:14","24","2016-06-05 15:46:14","24");
INSERT INTO inventory_total_details VALUES("2206","2","0","0","-2","0","0","0","2016-06-11","2016-06-11 18:11:55","26","2016-06-11 18:11:55","26");
INSERT INTO inventory_total_details VALUES("2207","2","0","0","-1","0","0","0","2016-06-05","2016-06-05 20:28:13","28","2016-06-05 20:28:13","28");
INSERT INTO inventory_total_details VALUES("2208","2","0","0","-1","0","0","0","2016-06-03","2016-06-03 12:29:19","24","2016-06-03 12:29:19","24");
INSERT INTO inventory_total_details VALUES("2209","2","0","0","-1","0","0","0","2016-06-01","2016-06-01 15:42:51","24","2016-06-01 15:42:51","24");
INSERT INTO inventory_total_details VALUES("2213","2","0","0","-1","0","0","0","2016-06-08","2016-06-08 08:14:22","28","2016-06-08 08:14:22","28");
INSERT INTO inventory_total_details VALUES("2217","2","0","0","-2","0","0","0","2016-06-03","2016-06-03 19:05:30","28","2016-06-03 19:05:30","28");
INSERT INTO inventory_total_details VALUES("2218","2","0","0","-1","0","0","0","2016-05-31","2016-05-31 10:46:14","28","2016-05-31 18:18:24","28");
INSERT INTO inventory_total_details VALUES("2219","2","0","0","-1","0","0","0","2016-06-02","2016-06-02 07:11:01","27","2016-06-02 20:39:25","27");
INSERT INTO inventory_total_details VALUES("2220","2","0","0","-120","0","0","0","2016-06-06","2016-06-06 12:05:02","28","2016-06-06 12:05:02","28");
INSERT INTO inventory_total_details VALUES("2226","2","0","0","-1","0","0","0","2016-05-30","2016-05-30 20:29:24","24","2016-05-30 20:29:24","24");
INSERT INTO inventory_total_details VALUES("2228","2","0","0","-1","0","0","0","2016-05-30","2016-05-30 16:53:07","24","2016-05-30 20:52:03","24");
INSERT INTO inventory_total_details VALUES("2229","2","0","0","-10","0","0","0","2016-05-30","2016-05-30 18:02:49","24","2016-05-30 20:49:46","24");
INSERT INTO inventory_total_details VALUES("2231","2","0","0","-3","0","0","0","2016-05-30","2016-05-30 16:58:22","24","2016-05-30 21:01:14","24");
INSERT INTO inventory_total_details VALUES("2232","2","0","0","-2","0","0","0","2016-05-30","2016-05-30 18:38:35","27","2016-05-30 18:38:35","27");
INSERT INTO inventory_total_details VALUES("2233","2","0","0","-3","0","0","0","2016-05-30","2016-05-30 19:34:27","27","2016-05-30 19:51:04","27");
INSERT INTO inventory_total_details VALUES("2235","2","0","0","-1","0","0","0","2016-05-30","2016-05-30 19:37:45","27","2016-05-30 19:55:59","27");
INSERT INTO inventory_total_details VALUES("2236","2","0","0","-1","0","0","0","2016-05-30","2016-05-30 20:25:09","24","2016-05-30 20:25:09","24");
INSERT INTO inventory_total_details VALUES("2237","2","0","0","-2","0","0","0","2016-06-06","2016-06-06 07:55:52","26","2016-06-06 07:55:52","26");
INSERT INTO inventory_total_details VALUES("2238","2","0","0","-2","0","0","0","2016-05-31","2016-05-31 06:54:44","28","2016-05-31 18:18:35","28");
INSERT INTO inventory_total_details VALUES("2239","2","0","0","-1","0","0","0","2016-05-31","2016-05-31 11:09:13","28","2016-05-31 19:15:47","28");
INSERT INTO inventory_total_details VALUES("2240","2","0","0","-1","0","0","0","2016-05-30","2016-05-30 16:58:52","27","2016-05-30 19:23:13","27");
INSERT INTO inventory_total_details VALUES("2241","2","0","0","-1","0","0","0","2016-05-31","2016-05-31 13:05:46","28","2016-05-31 18:12:43","28");
INSERT INTO inventory_total_details VALUES("2243","2","0","0","-2","0","0","0","2016-05-30","2016-05-30 17:15:34","1","2016-05-30 17:15:34","1");
INSERT INTO inventory_total_details VALUES("2250","2","0","0","-1","0","0","0","2016-05-30","2016-05-30 17:14:12","24","2016-05-30 20:46:56","24");
INSERT INTO inventory_total_details VALUES("2251","2","0","0","-1","0","0","0","2016-07-09","2016-07-09 18:58:52","28","2016-07-09 18:58:52","28");
INSERT INTO inventory_total_details VALUES("2252","2","0","0","-3","0","0","0","2016-06-04","2016-06-04 16:15:52","28","2016-06-04 20:22:10","28");
INSERT INTO inventory_total_details VALUES("2253","2","0","0","-1","0","0","0","2016-05-31","2016-05-31 13:24:22","28","2016-05-31 13:24:22","28");
INSERT INTO inventory_total_details VALUES("2254","2","0","0","-5","0","0","0","2016-05-31","2016-05-31 18:14:09","28","2016-05-31 20:17:14","28");
INSERT INTO inventory_total_details VALUES("2255","2","0","0","-5","0","0","0","2016-06-02","2016-06-02 18:24:09","24","2016-06-02 18:24:09","24");
INSERT INTO inventory_total_details VALUES("2256","2","0","0","-1","0","0","0","2016-06-02","2016-06-02 17:07:21","28","2016-06-02 18:40:44","28");
INSERT INTO inventory_total_details VALUES("2257","2","0","0","-1","0","0","0","2016-06-02","2016-06-02 18:53:00","28","2016-06-02 18:53:00","28");
INSERT INTO inventory_total_details VALUES("2258","2","0","0","-1","0","0","0","2016-06-06","2016-06-06 11:06:36","26","2016-06-06 11:06:36","26");
INSERT INTO inventory_total_details VALUES("2259","2","0","0","-2","0","0","0","2016-06-22","2016-06-22 14:12:02","28","2016-06-22 19:30:07","28");
INSERT INTO inventory_total_details VALUES("2260","2","0","0","-1","0","0","0","2016-07-11","2016-07-11 05:45:45","26","2016-07-11 05:45:45","26");
INSERT INTO inventory_total_details VALUES("2262","2","0","0","-1","0","0","0","2016-07-21","2016-07-21 07:37:38","26","2016-07-21 07:37:38","26");



INSERT INTO sales_orders VALUES("54474","2","1","","16SO054454","3000","0.75","0","0","0","2016-07-25","2016-07-25","","2016-07-25 09:00:22","28","2016-07-25 09:00:22","28","1","1","0"),
("54475","2","1","","16SO054455","2000","0.5","0","0","0","2016-07-25","2016-07-25","","2016-07-25 09:02:09","32","2016-07-25 09:02:09","32","1","1","0"),
("54476","2","1","","16SO054456","5000","1.25","0","0","0","2016-07-25","2016-07-25","","2016-07-25 09:03:58","28","2016-07-25 09:03:58","28","1","1","0"),
("54477","2","1","","16SO054457","20000","5","0","0","0","2016-07-25","2016-07-25","","2016-07-25 09:05:22","28","2016-07-25 09:05:22","28","1","1","0"),
("54478","2","1","","16SO054458","5000","1.25","0","0","0","2016-07-25","2016-07-25","","2016-07-25 09:06:03","32","2016-07-25 09:06:03","32","1","1","0"),
("54479","2","1","","16SO054459","2000","0.5","0","0","0","2016-07-25","2016-07-25","","2016-07-25 09:06:21","32","2016-07-25 09:06:21","32","1","1","0"),
("54480","2","1","","16SO054460","3500","0.875","0","0","0","2016-07-25","2016-07-25","","2016-07-25 09:06:40","28","2016-07-25 09:06:40","28","1","1","0"),
("54481","2","1","","16SO054461","500","0.125","0","0","0","2016-07-25","2016-07-25","","2016-07-25 09:08:45","28","2016-07-25 09:08:45","28","1","1","0"),
("54482","2","1","","16SO054462","1500","0.375","0","0","0","2016-07-25","2016-07-25","","2016-07-25 09:09:35","28","2016-07-25 09:09:35","28","1","1","0"),
("54483","2","1","","16SO054463","1000","0.25","0","0","0","2016-07-25","2016-07-25","","2016-07-25 09:13:26","32","2016-07-25 09:13:26","32","1","1","0"),
("54484","2","1","","16SO054464","1500","0.375","0","0","0","2016-07-25","2016-07-25","","2016-07-25 09:15:32","28","2016-07-25 09:15:32","28","1","1","0"),
("54485","2","1","","16SO054465","2000","0.5","0","0","0","2016-07-25","2016-07-25","","2016-07-25 09:15:55","28","2016-07-25 09:15:55","28","1","1","0"),
("54486","2","1","","16SO054466","20000","5","0","0","0","2016-07-25","2016-07-25","","2016-07-25 09:17:21","28","2016-07-25 09:17:21","28","1","1","0"),
("54487","2","1","","16SO054467","5000","1.25","0","0","0","2016-07-25","2016-07-25","","2016-07-25 09:17:42","32","2016-07-25 09:17:42","32","1","1","0"),
("54488","2","1","","16SO054468","2000","0.5","0","0","0","2016-07-25","2016-07-25","","2016-07-25 09:18:12","32","2016-07-25 09:18:12","32","1","1","0"),
("54489","2","1","","16SO054469","5500","1.375","0","0","0","2016-07-25","2016-07-25","","2016-07-25 09:18:43","32","2016-07-25 09:18:43","32","1","1","0"),
("54490","2","1","","16SO054470","2500","0.625","0","0","0","2016-07-25","2016-07-25","","2016-07-25 09:19:10","32","2016-07-25 09:19:10","32","1","1","0"),
("54491","2","1","","16SO054471","7500","1.875","0","0","0","2016-07-25","2016-07-25","","2016-07-25 09:19:32","32","2016-07-25 09:19:32","32","1","1","0"),
("54492","2","1","","16SO054472","3000","0.75","0","0","0","2016-07-25","2016-07-25","","2016-07-25 09:19:36","28","2016-07-25 09:19:36","28","1","1","0"),
("54493","2","1","","16SO054473","10000","2.5","0","0","0","2016-07-25","2016-07-25","","2016-07-25 09:19:38","32","2016-07-25 09:19:38","32","1","1","0"),
("54494","2","1","","16SO054474","2000","0.5","0","0","0","2016-07-25","2016-07-25","","2016-07-25 09:20:01","32","2016-07-25 09:20:01","32","1","1","0"),
("54495","2","1","","16SO054475","500","0.125","0","0","0","2016-07-25","2016-07-25","","2016-07-25 09:22:21","28","2016-07-25 09:22:21","28","1","1","0"),
("54496","2","1","","16SO054476","700","0.175","0","0","0","2016-07-25","2016-07-25","","2016-07-25 09:22:23","32","2016-07-25 09:22:23","32","1","1","0"),
("54497","2","1","","16SO054477","2000","0.5","0","0","0","2016-07-25","2016-07-25","","2016-07-25 09:22:48","32","2016-07-25 09:22:48","32","1","1","0"),
("54498","2","1","","16SO054478","5000","1.25","0","0","0","2016-07-25","2016-07-25","","2016-07-25 09:23:27","32","2016-07-25 09:23:27","32","1","1","0"),
("54499","2","1","","16SO054479","15000","3.75","0","0","0","2016-07-25","2016-07-25","","2016-07-25 09:23:51","32","2016-07-25 09:23:51","32","1","1","0"),
("54500","2","1","","16SO054480","500","0.125","0","0","0","2016-07-25","2016-07-25","","2016-07-25 09:24:46","32","2016-07-25 09:24:46","32","1","1","0"),
("54501","2","1","","16SO054481","4500","1.125","0","0","0","2016-07-25","2016-07-25","","2016-07-25 09:25:07","28","2016-07-25 09:25:07","28","1","1","0"),
("54502","2","1","","16SO054482","1000","0.25","0","0","0","2016-07-25","2016-07-25","","2016-07-25 09:25:27","28","2016-07-25 09:25:27","28","1","1","0"),
("54503","2","1","","16SO054483","500","0.125","0","0","0","2016-07-25","2016-07-25","","2016-07-25 09:28:47","32","2016-07-25 09:28:47","32","1","1","0"),
("54504","2","1","","16SO054484","3000","0.75","0","0","0","2016-07-25","2016-07-25","","2016-07-25 09:31:38","32","2016-07-25 09:31:38","32","1","1","0"),
("54505","2","1","","16SO054485","4000","1","0","0","0","2016-07-25","2016-07-25","","2016-07-25 09:33:53","28","2016-07-25 09:33:53","28","1","1","0"),
("54506","2","1","","16SO054486","6000","1.5","0","0","0","2016-07-25","2016-07-25","","2016-07-25 09:34:00","32","2016-07-25 09:34:00","32","1","1","0"),
("54507","2","1","","16SO054487","500","0.125","0","0","0","2016-07-25","2016-07-25","","2016-07-25 09:34:25","28","2016-07-25 09:34:25","28","1","1","0"),
("54508","2","1","","16SO054488","5000","1.25","0","0","0","2016-07-25","2016-07-25","","2016-07-25 09:34:35","32","2016-07-25 09:34:35","32","1","1","0"),
("54509","2","1","","16SO054489","7000","1.75","0","0","0","2016-07-25","2016-07-25","","2016-07-25 09:34:50","32","2016-07-25 09:34:50","32","1","1","0"),
("54510","2","1","","16SO054490","5000","1.25","0","0","0","2016-07-25","2016-07-25","","2016-07-25 09:35:05","32","2016-07-25 09:35:05","32","1","1","0"),
("54511","2","1","","16SO054491","500","0.125","0","0","0","2016-07-25","2016-07-25","","2016-07-25 09:35:54","32","2016-07-25 09:35:54","32","1","1","0"),
("54512","2","1","","16SO054492","2000","0.5","0","0","0","2016-07-25","2016-07-25","","2016-07-25 09:36:45","32","2016-07-25 09:36:45","32","1","1","0"),
("54513","2","1","","16SO054493","1000","0.25","0","0","0","2016-07-25","2016-07-25","","2016-07-25 09:38:27","32","2016-07-25 09:38:27","32","1","1","0"),
("54514","2","1","","16SO054494","2500","0.625","0","0","0","2016-07-25","2016-07-25","","2016-07-25 09:41:26","32","2016-07-25 09:41:26","32","1","1","0"),
("54515","2","1","","16SO054495","1500","0.375","0","0","0","2016-07-25","2016-07-25","","2016-07-25 09:45:53","32","2016-07-25 09:45:53","32","1","1","0"),
("54516","2","1","","16SO054496","32500","8.125","0","0","0","2016-07-25","2016-07-25","","2016-07-25 09:47:09","32","2016-07-25 09:47:09","32","1","1","0"),
("54517","2","1","","16SO054497","1000","0.25","0","0","0","2016-07-25","2016-07-25","","2016-07-25 09:47:36","32","2016-07-25 09:47:36","32","1","1","0"),
("54518","2","1","","16SO054498","2500","0.625","0","0","0","2016-07-25","2016-07-25","","2016-07-25 09:47:45","28","2016-07-25 09:47:45","28","1","1","0"),
("54519","2","1","","16SO054499","1000","0.25","0","0","0","2016-07-25","2016-07-25","","2016-07-25 09:47:52","32","2016-07-25 09:47:52","32","1","1","0"),
("54520","2","1","","16SO054500","500","0.125","0","0","0","2016-07-25","2016-07-25","","2016-07-25 09:49:12","32","2016-07-25 09:49:12","32","1","1","0"),
("54521","2","1","","16SO054501","3000","0.75","0","0","0","2016-07-25","2016-07-25","","2016-07-25 09:49:29","32","2016-07-25 09:49:29","32","1","1","0"),
("54522","2","1","","16SO054502","5000","1.25","0","0","0","2016-07-25","2016-07-25","","2016-07-25 09:49:36","32","2016-07-25 09:49:36","32","1","1","0"),
("54523","2","1","","16SO054503","2500","0.625","0","0","0","2016-07-25","2016-07-25","","2016-07-25 09:49:43","28","2016-07-25 09:49:43","28","1","1","0"),
("54524","2","1","","16SO054504","8000","2","0","0","0","2016-07-25","2016-07-25","","2016-07-25 09:49:56","28","2016-07-25 09:49:56","28","1","1","0"),
("54525","2","1","","16SO054505","1500","0.375","0","0","0","2016-07-25","2016-07-25","","2016-07-25 09:50:47","32","2016-07-25 09:50:47","32","1","1","0"),
("54526","2","1","","16SO054506","10000","2.5","0","0","0","2016-07-25","2016-07-25","","2016-07-25 09:52:37","32","2016-07-25 09:52:37","32","1","1","0"),
("54527","2","1","","16SO054507","2500","0.625","0","0","0","2016-07-25","2016-07-25","","2016-07-25 09:53:56","32","2016-07-25 09:53:56","32","1","1","0"),
("54528","2","1","","16SO054508","5000","1.25","0","0","0","2016-07-25","2016-07-25","","2016-07-25 09:54:06","32","2016-07-25 09:54:06","32","1","1","0"),
("54529","2","1","","16SO054509","6000","1.5","0","0","0","2016-07-25","2016-07-25","","2016-07-25 09:54:41","32","2016-07-25 09:54:41","32","1","1","0"),
("54530","2","1","","16SO054510","5000","1.25","0","0","0","2016-07-25","2016-07-25","","2016-07-25 09:55:43","32","2016-07-25 09:55:43","32","1","1","0"),
("54531","2","1","","16SO054511","2500","0.625","0","0","0","2016-07-25","2016-07-25","","2016-07-25 09:57:34","32","2016-07-25 09:57:34","32","1","1","0"),
("54532","2","1","","16SO054512","2000","0.5","0","0","0","2016-07-25","2016-07-25","","2016-07-25 10:00:08","32","2016-07-25 10:00:08","32","1","1","0"),
("54533","2","1","","16SO054513","2000","0.5","0","0","0","2016-07-25","2016-07-25","","2016-07-25 10:02:13","28","2016-07-25 10:02:13","28","1","1","0"),
("54534","2","1","","16SO054514","2500","0.625","0","0","0","2016-07-25","2016-07-25","","2016-07-25 10:03:41","32","2016-07-25 10:03:41","32","1","1","0"),
("54535","2","1","","16SO054515","3000","0.75","0","0","0","2016-07-25","2016-07-25","","2016-07-25 10:03:50","28","2016-07-25 10:03:50","28","1","1","0"),
("54536","2","1","","16SO054516","5500","1.375","0","0","0","2016-07-25","2016-07-25","","2016-07-25 10:04:21","28","2016-07-25 10:04:21","28","1","1","0"),
("54537","2","1","","16SO054517","2500","0.625","0","0","0","2016-07-25","2016-07-25","","2016-07-25 10:05:13","32","2016-07-25 10:05:13","32","1","1","0"),
("54538","2","1","","16SO054518","7500","1.875","0","0","0","2016-07-25","2016-07-25","","2016-07-25 10:05:25","28","2016-07-25 10:05:25","28","1","1","0"),
("54539","2","1","","16SO054519","4000","1","0","0","0","2016-07-25","2016-07-25","","2016-07-25 10:05:59","32","2016-07-25 10:05:59","32","1","1","0"),
("54540","2","1","","16SO054520","4000","1","0","0","0","2016-07-25","2016-07-25","","2016-07-25 10:06:30","32","2016-07-25 10:06:30","32","1","1","0"),
("54541","2","1","","16SO054521","3000","0.75","0","0","0","2016-07-25","2016-07-25","","2016-07-25 10:07:59","28","2016-07-25 10:07:59","28","1","1","0"),
("54542","2","1","","16SO054522","9000","2.25","0","0","0","2016-07-25","2016-07-25","","2016-07-25 10:09:49","28","2016-07-25 10:09:49","28","1","1","0"),
("54543","2","1","","16SO054523","500","0.125","0","0","0","2016-07-25","2016-07-25","","2016-07-25 10:10:47","28","2016-07-25 10:10:47","28","1","1","0"),
("54544","2","1","","16SO054524","17500","4.375","0","0","0","2016-07-25","2016-07-25","","2016-07-25 10:11:18","28","2016-07-25 10:11:18","28","1","1","0"),
("54545","2","1","","16SO054525","2500","0.625","0","0","0","2016-07-25","2016-07-25","","2016-07-25 10:11:58","28","2016-07-25 10:11:58","28","1","1","0"),
("54546","2","1","","16SO054526","14000","3.5","0","0","0","2016-07-25","2016-07-25","","2016-07-25 10:12:21","32","2016-07-25 10:12:21","32","1","1","0"),
("54547","2","1","","16SO054527","6000","1.5","0","0","0","2016-07-25","2016-07-25","","2016-07-25 10:12:56","32","2016-07-25 10:12:56","32","1","1","0"),
("54548","2","1","","16SO054528","500","0.125","0","0","0","2016-07-25","2016-07-25","","2016-07-25 10:14:01","28","2016-07-25 10:14:01","28","1","1","0"),
("54549","2","1","","16SO054529","10000","2.5","0","0","0","2016-07-25","2016-07-25","","2016-07-25 10:15:09","28","2016-07-25 10:15:09","28","1","1","0"),
("54550","2","1","","16SO054530","7000","1.75","0","0","0","2016-07-25","2016-07-25","","2016-07-25 10:15:44","32","2016-07-25 10:15:44","32","1","1","0"),
("54551","2","1","","16SO054531","500","0.125","0","0","0","2016-07-25","2016-07-25","","2016-07-25 10:15:50","28","2016-07-25 10:15:50","28","1","1","0"),
("54552","2","1","","16SO054532","3000","0.75","0","0","0","2016-07-25","2016-07-25","","2016-07-25 10:16:35","32","2016-07-25 10:16:35","32","1","1","0"),
("54553","2","1","","16SO054533","19000","4.75","0","0","0","2016-07-25","2016-07-25","","2016-07-25 10:17:37","32","2016-07-25 10:17:37","32","1","1","0"),
("54554","2","1","","16SO054534","1000","0.25","0","0","0","2016-07-25","2016-07-25","","2016-07-25 10:17:51","32","2016-07-25 10:17:51","32","1","1","0"),
("54555","2","1","","16SO054535","2000","0.5","0","0","0","2016-07-25","2016-07-25","","2016-07-25 10:18:21","28","2016-07-25 10:18:21","28","1","1","0"),
("54556","2","1","","16SO054536","6000","1.5","0","0","0","2016-07-25","2016-07-25","","2016-07-25 10:18:59","28","2016-07-25 10:18:59","28","1","1","0"),
("54557","2","1","","16SO054537","16000","4","0","0","0","2016-07-25","2016-07-25","","2016-07-25 10:19:36","28","2016-07-25 10:19:36","28","1","1","0"),
("54558","2","1","","16SO054538","5500","1.375","0","0","0","2016-07-25","2016-07-25","","2016-07-25 10:24:11","32","2016-07-25 10:24:11","32","1","1","0"),
("54559","2","1","","16SO054539","4500","1.125","0","0","0","2016-07-25","2016-07-25","","2016-07-25 10:24:33","32","2016-07-25 10:24:33","32","1","1","0"),
("54560","2","1","","16SO054540","5000","1.25","0","0","0","2016-07-25","2016-07-25","","2016-07-25 10:27:06","28","2016-07-25 10:27:06","28","1","1","0"),
("54561","2","1","","16SO054541","3000","0.75","0","0","0","2016-07-25","2016-07-25","","2016-07-25 10:27:46","32","2016-07-25 10:27:46","32","1","1","0"),
("54562","2","1","","16SO054542","4000","1","0","0","0","2016-07-25","2016-07-25","","2016-07-25 10:28:01","28","2016-07-25 10:28:01","28","1","1","0"),
("54563","2","1","","16SO054543","2500","0.625","0","0","0","2016-07-25","2016-07-25","","2016-07-25 10:29:52","32","2016-07-25 10:29:52","32","1","1","0"),
("54564","2","1","","16SO054544","6000","1.5","0","0","0","2016-07-25","2016-07-25","","2016-07-25 10:30:05","32","2016-07-25 10:30:05","32","1","1","0"),
("54565","2","1","","16SO054545","8500","2.125","0","0","0","2016-07-25","2016-07-25","","2016-07-25 10:30:30","28","2016-07-25 10:30:30","28","1","1","0"),
("54566","2","1","","16SO054546","2000","0.5","0","0","0","2016-07-25","2016-07-25","","2016-07-25 10:30:34","32","2016-07-25 10:30:34","32","1","1","0"),
("54567","2","1","","16SO054547","1000","0.25","0","0","0","2016-07-25","2016-07-25","","2016-07-25 10:30:38","28","2016-07-25 10:30:38","28","1","1","0"),
("54568","2","1","","16SO054548","1000","0.25","0","0","0","2016-07-25","2016-07-25","","2016-07-25 10:30:41","32","2016-07-25 10:30:41","32","1","1","0"),
("54569","2","1","","16SO054549","7500","1.875","0","0","0","2016-07-25","2016-07-25","","2016-07-25 10:31:10","28","2016-07-25 10:31:10","28","1","1","0"),
("54570","2","1","","16SO054550","2000","0.5","0","0","0","2016-07-25","2016-07-25","","2016-07-25 10:31:24","32","2016-07-25 10:31:24","32","1","1","0"),
("54571","2","1","","16SO054551","1000","0.25","0","0","0","2016-07-25","2016-07-25","","2016-07-25 10:31:47","32","2016-07-25 10:31:47","32","1","1","0"),
("54572","2","1","","16SO054552","4500","1.125","0","0","0","2016-07-25","2016-07-25","","2016-07-25 10:32:07","28","2016-07-25 10:32:07","28","1","1","0"),
("54573","2","1","","16SO054553","3500","0.875","0","0","0","2016-07-25","2016-07-25","","2016-07-25 10:34:06","28","2016-07-25 10:34:06","28","1","1","0"),
("54574","2","1","","16SO054554","30000","7.5","0","0","0","2016-07-25","2016-07-25","","2016-07-25 10:34:13","32","2016-07-25 10:34:13","32","1","1","0"),
("54575","2","1","","16SO054555","8000","2","0","0","0","2016-07-25","2016-07-25","","2016-07-25 10:34:28","32","2016-07-25 10:34:28","32","1","1","0"),
("54576","2","1","","16SO054556","1500","0.375","0","0","0","2016-07-25","2016-07-25","","2016-07-25 10:34:35","32","2016-07-25 10:34:35","32","1","1","0"),
("54577","2","1","","16SO054557","11500","2.875","0","0","0","2016-07-25","2016-07-25","","2016-07-25 10:34:43","28","2016-07-25 10:34:43","28","1","1","0"),
("54578","2","1","","16SO054558","5000","1.25","0","0","0","2016-07-25","2016-07-25","","2016-07-25 10:35:52","32","2016-07-25 10:35:52","32","1","1","0"),
("54579","2","1","","16SO054559","5000","1.25","0","0","0","2016-07-25","2016-07-25","","2016-07-25 10:36:04","32","2016-07-25 10:36:04","32","1","1","0"),
("54580","2","1","","16SO054560","13500","3.375","0","0","0","2016-07-25","2016-07-25","","2016-07-25 10:36:42","32","2016-07-25 10:36:42","32","1","1","0"),
("54581","2","1","","16SO054561","5000","1.25","0","0","0","2016-07-25","2016-07-25","","2016-07-25 10:37:09","32","2016-07-25 10:37:09","32","1","1","0"),
("54582","2","1","","16SO054562","4000","1","0","0","0","2016-07-25","2016-07-25","","2016-07-25 10:37:25","28","2016-07-25 10:37:25","28","1","1","0"),
("54583","2","1","","16SO054563","2000","0.5","0","0","0","2016-07-25","2016-07-25","","2016-07-25 10:37:48","32","2016-07-25 10:37:48","32","1","1","0"),
("54584","2","1","","16SO054564","1000","0.25","0","0","0","2016-07-25","2016-07-25","","2016-07-25 10:37:58","32","2016-07-25 10:37:58","32","1","1","0"),
("54585","2","1","","16SO054565","2500","0.625","0","0","0","2016-07-25","2016-07-25","","2016-07-25 10:38:20","28","2016-07-25 10:38:20","28","1","1","0"),
("54586","2","1","","16SO054566","10500","2.625","0","0","0","2016-07-25","2016-07-25","","2016-07-25 10:39:00","28","2016-07-25 10:39:00","28","1","1","0"),
("54587","2","1","","16SO054567","2500","0.625","0","0","0","2016-07-25","2016-07-25","","2016-07-25 10:41:24","32","2016-07-25 10:41:24","32","1","1","0"),
("54588","2","1","","16SO054568","2500","0.625","0","0","0","2016-07-25","2016-07-25","","2016-07-25 10:41:55","28","2016-07-25 10:41:55","28","1","1","0"),
("54589","2","1","","16SO054569","6000","1.5","0","0","0","2016-07-25","2016-07-25","","2016-07-25 10:43:56","28","2016-07-25 10:43:56","28","1","1","0"),
("54590","2","1","","16SO054570","500","0.125","0","0","0","2016-07-25","2016-07-25","","2016-07-25 10:44:33","28","2016-07-25 10:44:33","28","1","1","0"),
("54591","2","1","","16SO054571","6000","1.5","0","0","0","2016-07-25","2016-07-25","","2016-07-25 10:44:43","28","2016-07-25 10:44:43","28","1","1","0"),
("54592","2","1","","16SO054572","1000","0.25","0","0","0","2016-07-25","2016-07-25","","2016-07-25 10:47:54","28","2016-07-25 10:47:54","28","1","1","0"),
("54593","2","1","","16SO054573","6000","1.5","0","0","0","2016-07-25","2016-07-25","","2016-07-25 10:48:55","32","2016-07-25 10:48:55","32","1","1","0"),
("54594","2","1","","16SO054574","4000","1","0","0","0","2016-07-25","2016-07-25","","2016-07-25 10:49:27","32","2016-07-25 10:49:27","32","1","1","0"),
("54595","2","1","","16SO054575","4000","1","0","0","0","2016-07-25","2016-07-25","","2016-07-25 10:49:57","32","2016-07-25 10:49:57","32","1","1","0"),
("54596","2","1","","16SO054576","13000","3.25","0","0","0","2016-07-25","2016-07-25","","2016-07-25 10:50:50","32","2016-07-25 10:50:50","32","1","1","0"),
("54597","2","1","","16SO054577","2100","0.525","0","0","0","2016-07-25","2016-07-25","","2016-07-25 10:52:32","32","2016-07-25 10:52:32","32","1","1","0"),
("54598","2","1","","16SO054578","2500","0.625","0","0","0","2016-07-25","2016-07-25","","2016-07-25 10:53:46","32","2016-07-25 10:53:46","32","1","1","0"),
("54599","2","1","","16SO054579","5000","1.25","0","0","0","2016-07-25","2016-07-25","","2016-07-25 10:53:51","32","2016-07-25 10:53:51","32","1","1","0"),
("54600","2","1","","16SO054580","3500","0.875","0","0","0","2016-07-25","2016-07-25","","2016-07-25 10:54:37","32","2016-07-25 10:54:37","32","1","1","0"),
("54601","2","1","","16SO054581","1000","0.25","0","0","0","2016-07-25","2016-07-25","","2016-07-25 10:55:03","32","2016-07-25 10:55:03","32","1","1","0"),
("54602","2","1","","16SO054582","6900","1.725","0","0","0","2016-07-25","2016-07-25","","2016-07-25 10:55:25","32","2016-07-25 10:55:25","32","1","1","0"),
("54603","2","1","","16SO054583","3000","0.75","0","0","0","2016-07-25","2016-07-25","","2016-07-25 10:55:27","28","2016-07-25 10:55:27","28","1","1","0"),
("54604","2","1","","16SO054584","2000","0.5","0","0","0","2016-07-25","2016-07-25","","2016-07-25 10:57:25","32","2016-07-25 10:57:25","32","1","1","0"),
("54605","2","1","","16SO054585","2500","0.625","0","0","0","2016-07-25","2016-07-25","","2016-07-25 10:58:16","32","2016-07-25 10:58:16","32","1","1","0"),
("54606","2","1","","16SO054586","6500","1.625","0","0","0","2016-07-25","2016-07-25","","2016-07-25 10:58:59","32","2016-07-25 10:58:59","32","1","1","0"),
("54607","2","1","","16SO054587","25000","6.25","0","0","0","2016-07-25","2016-07-25","","2016-07-25 10:59:31","28","2016-07-25 10:59:31","28","1","1","0"),
("54608","2","1","","16SO054588","12000","3","0","0","0","2016-07-25","2016-07-25","","2016-07-25 11:00:07","28","2016-07-25 11:00:07","28","1","1","0"),
("54609","2","1","","16SO054589","2100","0.525","0","0","0","2016-07-25","2016-07-25","","2016-07-25 11:01:40","28","2016-07-25 11:01:40","28","1","1","0"),
("54610","2","1","","16SO054590","10500","2.625","0","0","0","2016-07-25","2016-07-25","","2016-07-25 11:02:16","28","2016-07-25 11:02:16","28","1","1","0"),
("54611","2","1","","16SO054591","3000","0.75","0","0","0","2016-07-25","2016-07-25","","2016-07-25 11:02:40","32","2016-07-25 11:02:40","32","1","1","0"),
("54612","2","1","","16SO054592","500","0.125","0","0","0","2016-07-25","2016-07-25","","2016-07-25 11:03:33","28","2016-07-25 11:03:33","28","1","1","0"),
("54613","2","1","","16SO054593","1000","0.25","0","0","0","2016-07-25","2016-07-25","","2016-07-25 11:03:44","32","2016-07-25 11:03:44","32","1","1","0"),
("54614","2","1","","16SO054594","2000","0.5","0","0","0","2016-07-25","2016-07-25","","2016-07-25 11:03:47","28","2016-07-25 11:03:47","28","1","1","0"),
("54615","2","1","","16SO054595","4500","1.125","0","0","0","2016-07-25","2016-07-25","","2016-07-25 11:05:50","32","2016-07-25 11:05:50","32","1","1","0"),
("54616","2","1","","16SO054596","6000","1.5","0","0","0","2016-07-25","2016-07-25","","2016-07-25 11:10:08","28","2016-07-25 11:10:08","28","1","1","0"),
("54617","2","1","","16SO054597","15000","3.75","0","0","0","2016-07-25","2016-07-25","","2016-07-25 11:11:53","28","2016-07-25 11:11:53","28","1","1","0"),
("54618","2","1","","16SO054598","7500","1.875","0","0","0","2016-07-25","2016-07-25","","2016-07-25 11:12:13","28","2016-07-25 11:12:13","28","1","1","0"),
("54619","2","1","","16SO054599","25400","6.35","0","0","0","2016-07-25","2016-07-25","","2016-07-25 11:15:55","32","2016-07-25 11:15:55","32","1","1","0"),
("54620","2","1","","16SO054600","8500","2.125","0","0","0","2016-07-25","2016-07-25","","2016-07-25 11:16:54","28","2016-07-25 11:16:54","28","1","1","0"),
("54621","2","1","","16SO054601","13000","3.25","0","0","0","2016-07-25","2016-07-25","","2016-07-25 11:19:06","32","2016-07-25 11:19:06","32","1","1","0"),
("54622","2","1","","16SO054602","5500","1.375","0","0","0","2016-07-25","2016-07-25","","2016-07-25 11:19:25","28","2016-07-25 11:19:25","28","1","1","0"),
("54623","2","1","","16SO054603","3000","0.75","0","0","0","2016-07-25","2016-07-25","","2016-07-25 11:19:48","28","2016-07-25 11:19:48","28","1","1","0"),
("54624","2","1","","16SO054604","2500","0.625","0","0","0","2016-07-25","2016-07-25","","2016-07-25 11:19:55","28","2016-07-25 11:19:55","28","1","1","0"),
("54625","2","1","","16SO054605","3000","0.75","0","0","0","2016-07-25","2016-07-25","","2016-07-25 11:20:01","32","2016-07-25 11:20:01","32","1","1","0"),
("54626","2","1","","16SO054606","18500","4.625","0","0","0","2016-07-25","2016-07-25","","2016-07-25 11:20:20","32","2016-07-25 11:20:20","32","1","1","0"),
("54627","2","1","","16SO054607","14000","3.5","0","0","0","2016-07-25","2016-07-25","","2016-07-25 11:20:20","28","2016-07-25 11:20:20","28","1","1","0"),
("54628","2","1","","16SO054608","5000","1.25","0","0","0","2016-07-25","2016-07-25","","2016-07-25 11:20:37","32","2016-07-25 11:20:37","32","1","1","0"),
("54629","2","1","","16SO054609","2000","0.5","0","0","0","2016-07-25","2016-07-25","","2016-07-25 11:21:15","32","2016-07-25 11:21:15","32","1","1","0"),
("54630","2","1","","16SO054610","3500","0.875","0","0","0","2016-07-25","2016-07-25","","2016-07-25 11:22:11","28","2016-07-25 11:22:11","28","1","1","0"),
("54631","2","1","","16SO054611","3000","0.75","0","0","0","2016-07-25","2016-07-25","","2016-07-25 11:22:24","32","2016-07-25 11:22:24","32","1","1","0"),
("54632","2","1","","16SO054612","1000","0.25","0","0","0","2016-07-25","2016-07-25","","2016-07-25 11:22:31","28","2016-07-25 11:22:31","28","1","1","0"),
("54633","2","1","","16SO054613","500","0.125","0","0","0","2016-07-25","2016-07-25","","2016-07-25 11:23:04","32","2016-07-25 11:23:04","32","1","1","0"),
("54634","2","1","","16SO054614","5000","1.25","0","0","0","2016-07-25","2016-07-25","","2016-07-25 11:23:17","28","2016-07-25 11:23:17","28","1","1","0"),
("54635","2","1","","16SO054615","9500","2.375","0","0","0","2016-07-25","2016-07-25","","2016-07-25 11:23:49","28","2016-07-25 11:23:49","28","1","1","0"),
("54636","2","1","","16SO054615","5000","1.25","0","0","0","2016-07-25","2016-07-25","","2016-07-25 11:23:49","32","2016-07-25 11:23:49","32","1","1","0"),
("54637","2","1","","16SO054616","2500","0.625","0","0","0","2016-07-25","2016-07-25","","2016-07-25 11:24:12","32","2016-07-25 11:24:12","32","1","1","0"),
("54638","2","1","","16SO054617","6500","1.625","0","0","0","2016-07-25","2016-07-25","","2016-07-25 11:24:19","32","2016-07-25 11:24:19","32","1","1","0"),
("54639","2","1","","16SO054618","3000","0.75","0","0","0","2016-07-25","2016-07-25","","2016-07-25 11:26:19","32","2016-07-25 11:26:19","32","1","1","0"),
("54640","2","1","","16SO054619","3000","0.75","0","0","0","2016-07-25","2016-07-25","","2016-07-25 11:27:34","32","2016-07-25 11:27:34","32","1","1","0"),
("54641","2","1","","16SO054620","85000","21.25","0","0","0","2016-07-25","2016-07-25","","2016-07-25 11:28:56","28","2016-07-25 11:28:56","28","1","1","0"),
("54642","2","1","","16SO054621","4000","1","0","0","0","2016-07-25","2016-07-25","","2016-07-25 11:29:06","32","2016-07-25 11:29:06","32","1","1","0"),
("54643","2","1","","16SO054622","1000","0.25","0","0","0","2016-07-25","2016-07-25","","2016-07-25 11:29:41","28","2016-07-25 11:29:41","28","1","1","0"),
("54644","2","1","","16SO054623","2000","0.5","0","0","0","2016-07-25","2016-07-25","","2016-07-25 11:30:47","28","2016-07-25 11:30:47","28","1","1","0"),
("54645","2","1","","16SO054624","7000","1.75","0","0","0","2016-07-25","2016-07-25","","2016-07-25 11:33:36","28","2016-07-25 11:33:36","28","1","1","0"),
("54646","2","1","","16SO054625","3000","0.75","0","0","0","2016-07-25","2016-07-25","","2016-07-25 11:34:04","28","2016-07-25 11:34:04","28","1","1","0"),
("54647","2","1","","16SO054626","4500","1.125","0","0","0","2016-07-25","2016-07-25","","2016-07-25 11:34:29","28","2016-07-25 11:34:29","28","1","1","0"),
("54648","2","1","","16SO054627","500","0.125","0","0","0","2016-07-25","2016-07-25","","2016-07-25 11:35:05","28","2016-07-25 11:35:05","28","1","1","0"),
("54649","2","1","","16SO054628","4500","1.125","0","0","0","2016-07-25","2016-07-25","","2016-07-25 11:35:43","32","2016-07-25 11:35:43","32","1","1","0"),
("54650","2","1","","16SO054629","3000","0.75","0","0","0","2016-07-25","2016-07-25","","2016-07-25 11:36:35","32","2016-07-25 11:36:35","32","1","1","0"),
("54651","2","1","","16SO054630","2100","0.525","0","0","0","2016-07-25","2016-07-25","","2016-07-25 11:36:57","32","2016-07-25 11:36:57","32","1","1","0"),
("54652","2","1","","16SO054631","3500","0.875","0","0","0","2016-07-25","2016-07-25","","2016-07-25 11:37:37","32","2016-07-25 11:37:37","32","1","1","0"),
("54653","2","1","","16SO054632","1000","0.25","0","0","0","2016-07-25","2016-07-25","","2016-07-25 11:37:39","28","2016-07-25 11:37:39","28","1","1","0"),
("54654","2","1","","16SO054633","500","0.125","0","0","0","2016-07-25","2016-07-25","","2016-07-25 11:37:59","32","2016-07-25 11:37:59","32","1","1","0"),
("54655","2","1","","16SO054634","3000","0.75","0","0","0","2016-07-25","2016-07-25","","2016-07-25 11:38:07","28","2016-07-25 11:38:07","28","1","1","0"),
("54656","2","1","","16SO054635","3500","0.875","0","0","0","2016-07-25","2016-07-25","","2016-07-25 11:38:20","28","2016-07-25 11:38:20","28","1","1","0"),
("54657","2","1","","16SO054636","1000","0.25","0","0","0","2016-07-25","2016-07-25","","2016-07-25 11:38:46","32","2016-07-25 11:38:46","32","1","1","0"),
("54658","2","1","","16SO054637","3000","0.75","0","0","0","2016-07-25","2016-07-25","","2016-07-25 11:39:10","28","2016-07-25 11:39:10","28","1","1","0"),
("54659","2","1","","16SO054638","1000","0.25","0","0","0","2016-07-25","2016-07-25","","2016-07-25 11:39:14","32","2016-07-25 11:39:14","32","1","1","0"),
("54660","2","1","","16SO054639","1500","0.375","0","0","0","2016-07-25","2016-07-25","","2016-07-25 11:39:33","28","2016-07-25 11:39:33","28","1","1","0"),
("54661","2","1","","16SO054640","1500","0.375","0","0","0","2016-07-25","2016-07-25","","2016-07-25 11:39:34","32","2016-07-25 11:39:34","32","1","1","0"),
("54662","2","1","","16SO054641","2500","0.625","0","0","0","2016-07-25","2016-07-25","","2016-07-25 11:40:47","32","2016-07-25 11:40:47","32","1","1","0"),
("54663","2","1","","16SO054642","1500","0.375","0","0","0","2016-07-25","2016-07-25","","2016-07-25 11:41:22","32","2016-07-25 11:41:22","32","1","1","0"),
("54664","2","1","","16SO054643","6500","1.625","0","0","0","2016-07-25","2016-07-25","","2016-07-25 11:42:23","32","2016-07-25 11:42:23","32","1","1","0"),
("54665","2","1","","16SO054644","3000","0.75","0","0","0","2016-07-25","2016-07-25","","2016-07-25 11:43:56","28","2016-07-25 11:43:56","28","1","1","0"),
("54666","2","1","","16SO054645","2500","0.625","0","0","0","2016-07-25","2016-07-25","","2016-07-25 11:44:14","32","2016-07-25 11:44:14","32","1","1","0"),
("54667","2","1","","16SO054646","3000","0.75","0","0","0","2016-07-25","2016-07-25","","2016-07-25 11:45:21","28","2016-07-25 11:45:21","28","1","1","0"),
("54668","2","1","","16SO054647","1000","0.25","0","0","0","2016-07-25","2016-07-25","","2016-07-25 11:45:28","28","2016-07-25 11:45:28","28","1","1","0"),
("54669","2","1","","16SO054648","10000","2.5","0","0","0","2016-07-25","2016-07-25","","2016-07-25 11:45:36","32","2016-07-25 11:45:36","32","1","1","0"),
("54670","2","1","","16SO054649","10000","2.5","0","0","0","2016-07-25","2016-07-25","","2016-07-25 11:46:08","28","2016-07-25 11:46:08","28","1","1","0"),
("54671","2","1","","16SO054650","7000","1.75","0","0","0","2016-07-25","2016-07-25","","2016-07-25 11:48:21","28","2016-07-25 11:48:21","28","1","1","0"),
("54672","2","1","","16SO054651","25000","6.25","0","0","0","2016-07-25","2016-07-25","","2016-07-25 11:49:04","32","2016-07-25 11:49:04","32","1","1","0"),
("54673","2","1","","16SO054652","20500","5.125","0","0","0","2016-07-25","2016-07-25","","2016-07-25 11:49:50","28","2016-07-25 11:49:50","28","1","1","0"),
("54674","2","1","","16SO054653","65500","16.375","0","0","0","2016-07-25","2016-07-25","","2016-07-25 11:51:31","28","2016-07-25 11:51:31","28","1","1","0"),
("54675","2","1","","16SO054654","5500","1.375","0","0","0","2016-07-25","2016-07-25","","2016-07-25 11:52:56","32","2016-07-25 11:52:56","32","1","1","0"),
("54676","2","1","","16SO054655","2000","0.5","0","0","0","2016-07-25","2016-07-25","","2016-07-25 11:53:20","32","2016-07-25 11:53:20","32","1","1","0"),
("54677","2","1","","16SO054656","2000","0.5","0","0","0","2016-07-25","2016-07-25","","2016-07-25 11:54:41","32","2016-07-25 11:54:41","32","1","1","0"),
("54678","2","1","","16SO054657","4000","1","0","0","0","2016-07-25","2016-07-25","","2016-07-25 11:55:06","32","2016-07-25 11:55:06","32","1","1","0"),
("54679","2","1","","16SO054658","2100","0.525","0","0","0","2016-07-25","2016-07-25","","2016-07-25 11:55:52","32","2016-07-25 11:55:52","32","1","1","0"),
("54680","2","1","","16SO054659","3100","0.775","0","0","0","2016-07-25","2016-07-25","","2016-07-25 11:57:19","32","2016-07-25 11:57:19","32","1","1","0"),
("54681","2","1","","16SO054660","500","0.125","0","0","0","2016-07-25","2016-07-25","","2016-07-25 11:57:23","32","2016-07-25 11:57:23","32","1","1","0"),
("54682","2","1","","16SO054661","4000","1","0","0","0","2016-07-25","2016-07-25","","2016-07-25 11:58:27","32","2016-07-25 11:58:27","32","1","1","0"),
("54683","2","1","","16SO054662","12500","3.125","0","0","0","2016-07-25","2016-07-25","","2016-07-25 11:59:40","32","2016-07-25 11:59:40","32","1","1","0");

INSERT INTO sales_order_details VALUES("72338","54474","0","2228","6","1","1","500","3000","","","0","0","2016-07-25 09:00:22","2016-07-25 09:00:22"),
("72339","54475","0","2228","4","1","1","500","2000","","","0","0","2016-07-25 09:02:09","2016-07-25 09:02:09"),
("72340","54476","0","2089","1","1","1","2500","2500","","","0","0","2016-07-25 09:03:58","2016-07-25 09:03:58"),
("72341","54476","0","2237","1","1","1","2500","2500","","","0","0","2016-07-25 09:03:59","2016-07-25 09:03:59"),
("72342","54477","0","2137","1","1","1","20000","20000","","","0","0","2016-07-25 09:05:22","2016-07-25 09:05:22"),
("72343","54478","0","2228","10","1","1","500","5000","","","0","0","2016-07-25 09:06:03","2016-07-25 09:06:03"),
("72344","54479","0","2228","4","1","1","500","2000","","","0","0","2016-07-25 09:06:22","2016-07-25 09:06:22"),
("72345","54480","0","2228","4","1","1","500","2000","","","0","0","2016-07-25 09:06:40","2016-07-25 09:06:40"),
("72346","54480","0","2231","1","1","1","1500","1500","","","0","0","2016-07-25 09:06:40","2016-07-25 09:06:40"),
("72347","54481","0","2250","1","1","1","500","500","","","0","0","2016-07-25 09:08:45","2016-07-25 09:08:45"),
("72348","54482","0","2231","1","1","1","1500","1500","","","0","0","2016-07-25 09:09:35","2016-07-25 09:09:35"),
("72349","54483","0","2228","2","1","1","500","1000","","","0","0","2016-07-25 09:13:26","2016-07-25 09:13:26"),
("72350","54484","0","2231","1","1","1","1500","1500","","","0","0","2016-07-25 09:15:32","2016-07-25 09:15:32"),
("72351","54485","0","2228","4","1","1","500","2000","","","0","0","2016-07-25 09:15:55","2016-07-25 09:15:55"),
("72352","54486","0","2240","1","1","1","5000","5000","","","0","0","2016-07-25 09:17:21","2016-07-25 09:17:21"),
("72353","54486","0","2235","4","1","1","2500","10000","","","0","0","2016-07-25 09:17:21","2016-07-25 09:17:21"),
("72354","54486","0","2090","2","1","1","2500","5000","","","0","0","2016-07-25 09:17:21","2016-07-25 09:17:21"),
("72355","54487","0","2163","2","1","1","2500","5000","","","0","0","2016-07-25 09:17:42","2016-07-25 09:17:42"),
("72356","54488","0","2233","1","1","1","2000","2000","","","0","0","2016-07-25 09:18:12","2016-07-25 09:18:12"),
("72357","54489","0","2250","1","1","1","500","500","","","0","0","2016-07-25 09:18:43","2016-07-25 09:18:43"),
("72358","54489","0","2197","2","1","1","2500","5000","","","0","0","2016-07-25 09:18:43","2016-07-25 09:18:43"),
("72359","54490","0","2228","5","1","1","500","2500","","","0","0","2016-07-25 09:19:10","2016-07-25 09:19:10"),
("72360","54491","0","2231","5","1","1","1500","7500","","","0","0","2016-07-25 09:19:32","2016-07-25 09:19:32"),
("72361","54492","0","2231","2","1","1","1500","3000","","","0","0","2016-07-25 09:19:36","2016-07-25 09:19:36"),
("72362","54493","0","2228","20","1","1","500","10000","","","0","0","2016-07-25 09:19:39","2016-07-25 09:19:39"),
("72363","54494","0","2126","1","1","1","2000","2000","","","0","0","2016-07-25 09:20:01","2016-07-25 09:20:01"),
("72364","54495","0","2250","1","1","1","500","500","","","0","0","2016-07-25 09:22:21","2016-07-25 09:22:21"),
("72365","54496","0","2229","1","1","1","700","700","","","0","0","2016-07-25 09:22:24","2016-07-25 09:22:24"),
("72366","54497","0","2126","1","1","1","2000","2000","","","0","0","2016-07-25 09:22:48","2016-07-25 09:22:48"),
("72367","54498","0","2197","1","1","1","2500","2500","","","0","0","2016-07-25 09:23:27","2016-07-25 09:23:27"),
("72368","54498","0","2253","1","1","1","2500","2500","","","0","0","2016-07-25 09:23:27","2016-07-25 09:23:27"),
("72369","54499","0","2228","30","1","1","500","15000","","","0","0","2016-07-25 09:23:51","2016-07-25 09:23:51"),
("72370","54500","0","2250","1","1","1","500","500","","","0","0","2016-07-25 09:24:47","2016-07-25 09:24:47"),
("72371","54501","0","2065","1","1","1","1000","1000","","","0","0","2016-07-25 09:25:07","2016-07-25 09:25:07"),
("72372","54501","0","2165","1","1","1","1000","1000","","","0","0","2016-07-25 09:25:07","2016-07-25 09:25:07"),
("72373","54501","0","2089","1","1","1","2500","2500","","","0","0","2016-07-25 09:25:07","2016-07-25 09:25:07"),
("72374","54502","0","2228","2","1","1","500","1000","","","0","0","2016-07-25 09:25:27","2016-07-25 09:25:27"),
("72375","54503","0","2228","1","1","1","500","500","","","0","0","2016-07-25 09:28:47","2016-07-25 09:28:47"),
("72376","54504","0","2228","6","1","1","500","3000","","","0","0","2016-07-25 09:31:38","2016-07-25 09:31:38"),
("72377","54505","0","2095","1","1","1","4000","4000","","","0","0","2016-07-25 09:33:53","2016-07-25 09:33:53"),
("72378","54506","0","2228","12","1","1","500","6000","","","0","0","2016-07-25 09:34:00","2016-07-25 09:34:00"),
("72379","54507","0","2250","1","1","1","500","500","","","0","0","2016-07-25 09:34:25","2016-07-25 09:34:25"),
("72380","54508","0","2228","10","1","1","500","5000","","","0","0","2016-07-25 09:34:35","2016-07-25 09:34:35"),
("72381","54509","0","2166","10","1","1","700","7000","","","0","0","2016-07-25 09:34:50","2016-07-25 09:34:50"),
("72382","54510","0","2228","10","1","1","500","5000","","","0","0","2016-07-25 09:35:06","2016-07-25 09:35:06"),
("72383","54511","0","2250","1","1","1","500","500","","","0","0","2016-07-25 09:35:54","2016-07-25 09:35:54"),
("72384","54512","0","2228","4","1","1","500","2000","","","0","0","2016-07-25 09:36:45","2016-07-25 09:36:45"),
("72385","54513","0","2228","2","1","1","500","1000","","","0","0","2016-07-25 09:38:27","2016-07-25 09:38:27"),
("72386","54514","0","2089","1","1","1","2500","2500","","","0","0","2016-07-25 09:41:26","2016-07-25 09:41:26"),
("72387","54515","0","2228","3","1","1","500","1500","","","0","0","2016-07-25 09:45:53","2016-07-25 09:45:53"),
("72388","54516","0","2118","1","1","1","6500","6500","","","0","0","2016-07-25 09:47:09","2016-07-25 09:47:09"),
("72389","54516","0","2121","2","1","1","13000","26000","","","0","0","2016-07-25 09:47:09","2016-07-25 09:47:09"),
("72390","54517","0","2228","2","1","1","500","1000","","","0","0","2016-07-25 09:47:37","2016-07-25 09:47:37"),
("72391","54518","0","2235","1","1","1","2500","2500","","","0","0","2016-07-25 09:47:45","2016-07-25 09:47:45"),
("72392","54519","0","2228","2","1","1","500","1000","","","0","0","2016-07-25 09:47:52","2016-07-25 09:47:52"),
("72393","54520","0","2250","1","1","1","500","500","","","0","0","2016-07-25 09:49:12","2016-07-25 09:49:12"),
("72394","54521","0","2231","2","1","1","1500","3000","","","0","0","2016-07-25 09:49:29","2016-07-25 09:49:29"),
("72395","54522","0","2228","10","1","1","500","5000","","","0","0","2016-07-25 09:49:36","2016-07-25 09:49:36"),
("72396","54523","0","2235","1","1","1","2500","2500","","","0","0","2016-07-25 09:49:43","2016-07-25 09:49:43"),
("72397","54524","0","2119","1","1","1","8000","8000","","","0","0","2016-07-25 09:49:57","2016-07-25 09:49:57"),
("72398","54525","0","2231","1","1","1","1500","1500","","","0","0","2016-07-25 09:50:47","2016-07-25 09:50:47"),
("72399","54526","0","2228","20","1","1","500","10000","","","0","0","2016-07-25 09:52:37","2016-07-25 09:52:37"),
("72400","54527","0","2237","1","1","1","2500","2500","","","0","0","2016-07-25 09:53:56","2016-07-25 09:53:56"),
("72401","54528","0","2228","10","1","1","500","5000","","","0","0","2016-07-25 09:54:06","2016-07-25 09:54:06"),
("72402","54529","0","2093","2","1","1","3000","6000","","","0","0","2016-07-25 09:54:41","2016-07-25 09:54:41"),
("72403","54530","0","2126","2","1","1","2000","4000","","","0","0","2016-07-25 09:55:43","2016-07-25 09:55:43"),
("72404","54530","0","2125","1","1","1","1000","1000","","","0","0","2016-07-25 09:55:43","2016-07-25 09:55:43"),
("72405","54531","0","2228","5","1","1","500","2500","","","0","0","2016-07-25 09:57:34","2016-07-25 09:57:34"),
("72406","54532","0","2228","4","1","1","500","2000","","","0","0","2016-07-25 10:00:08","2016-07-25 10:00:08"),
("72407","54533","0","2228","4","1","1","500","2000","","","0","0","2016-07-25 10:02:13","2016-07-25 10:02:13"),
("72408","54534","0","2228","5","1","1","500","2500","","","0","0","2016-07-25 10:03:41","2016-07-25 10:03:41"),
("72409","54535","0","2073","2","1","1","1000","2000","","","0","0","2016-07-25 10:03:50","2016-07-25 10:03:50"),
("72410","54535","0","2070","1","1","1","1000","1000","","","0","0","2016-07-25 10:03:50","2016-07-25 10:03:50"),
("72411","54536","0","2104","1","1","1","5500","5500","","","0","0","2016-07-25 10:04:21","2016-07-25 10:04:21"),
("72412","54537","0","2197","1","1","1","2500","2500","","","0","0","2016-07-25 10:05:13","2016-07-25 10:05:13"),
("72413","54538","0","2235","1","1","1","2500","2500","","","0","0","2016-07-25 10:05:25","2016-07-25 10:05:25"),
("72414","54538","0","2240","1","1","1","5000","5000","","","0","0","2016-07-25 10:05:25","2016-07-25 10:05:25"),
("72415","54539","0","2114","1","1","1","4000","4000","","","0","0","2016-07-25 10:05:59","2016-07-25 10:05:59"),
("72416","54540","0","2228","2","1","1","500","1000","","","0","0","2016-07-25 10:06:30","2016-07-25 10:06:30"),
("72417","54540","0","2231","2","1","1","1500","3000","","","0","0","2016-07-25 10:06:30","2016-07-25 10:06:30"),
("72418","54541","0","2228","6","1","1","500","3000","","","0","0","2016-07-25 10:07:59","2016-07-25 10:07:59"),
("72419","54542","0","2164","1","1","1","3000","3000","","","0","0","2016-07-25 10:09:49","2016-07-25 10:09:49"),
("72420","54542","0","2079","4","1","1","1500","6000","","","0","0","2016-07-25 10:09:49","2016-07-25 10:09:49"),
("72421","54543","0","2250","1","1","1","500","500","","","0","0","2016-07-25 10:10:48","2016-07-25 10:10:48"),
("72422","54544","0","2228","5","1","1","500","2500","","","0","0","2016-07-25 10:11:18","2016-07-25 10:11:18"),
("72423","54544","0","2231","10","1","1","1500","15000","","","0","0","2016-07-25 10:11:18","2016-07-25 10:11:18"),
("72424","54545","0","2083","1","1","1","2500","2500","","","0","0","2016-07-25 10:11:58","2016-07-25 10:11:58"),
("72425","54546","0","2233","7","1","1","2000","14000","","","0","0","2016-07-25 10:12:21","2016-07-25 10:12:21"),
("72426","54547","0","2228","12","1","1","500","6000","","","0","0","2016-07-25 10:12:56","2016-07-25 10:12:56"),
("72427","54548","0","2250","1","1","1","500","500","","","0","0","2016-07-25 10:14:01","2016-07-25 10:14:01"),
("72428","54549","0","2228","20","1","1","500","10000","","","0","0","2016-07-25 10:15:09","2016-07-25 10:15:09"),
("72429","54550","0","2229","10","1","1","700","7000","","","0","0","2016-07-25 10:15:44","2016-07-25 10:15:44"),
("72430","54551","0","2250","1","1","1","500","500","","","0","0","2016-07-25 10:15:50","2016-07-25 10:15:50"),
("72431","54552","0","2241","1","1","1","3000","3000","","","0","0","2016-07-25 10:16:35","2016-07-25 10:16:35"),
("72432","54553","0","2228","10","1","1","500","5000","","","0","0","2016-07-25 10:17:37","2016-07-25 10:17:37"),
("72433","54553","0","2166","20","1","1","700","14000","","","0","0","2016-07-25 10:17:37","2016-07-25 10:17:37"),
("72434","54554","0","2228","2","1","1","500","1000","","","0","0","2016-07-25 10:17:51","2016-07-25 10:17:51"),
("72435","54555","0","2126","1","1","1","2000","2000","","","0","0","2016-07-25 10:18:21","2016-07-25 10:18:21"),
("72436","54556","0","2107","1","1","1","6000","6000","","","0","0","2016-07-25 10:18:59","2016-07-25 10:18:59"),
("72437","54557","0","2231","2","1","1","1500","3000","","","0","0","2016-07-25 10:19:36","2016-07-25 10:19:36"),
("72438","54557","0","2121","1","1","1","13000","13000","","","0","0","2016-07-25 10:19:36","2016-07-25 10:19:36"),
("72439","54558","0","2228","2","1","1","500","1000","","","0","0","2016-07-25 10:24:11","2016-07-25 10:24:11"),
("72440","54558","0","2231","3","1","1","1500","4500","","","0","0","2016-07-25 10:24:11","2016-07-25 10:24:11"),
("72441","54559","0","2231","3","1","1","1500","4500","","","0","0","2016-07-25 10:24:34","2016-07-25 10:24:34"),
("72442","54560","0","2065","5","1","1","1000","5000","","","0","0","2016-07-25 10:27:06","2016-07-25 10:27:06"),
("72443","54561","0","2232","3","1","1","1000","3000","","","0","0","2016-07-25 10:27:46","2016-07-25 10:27:46"),
("72444","54562","0","2084","1","1","1","2500","2500","","","0","0","2016-07-25 10:28:01","2016-07-25 10:28:01"),
("72445","54562","0","2231","1","1","1","1500","1500","","","0","0","2016-07-25 10:28:01","2016-07-25 10:28:01"),
("72446","54563","0","2250","1","1","1","500","500","","","0","0","2016-07-25 10:29:52","2016-07-25 10:29:52"),
("72447","54563","0","2126","1","1","1","2000","2000","","","0","0","2016-07-25 10:29:52","2016-07-25 10:29:52"),
("72448","54564","0","2241","1","1","1","3000","3000","","","0","0","2016-07-25 10:30:05","2016-07-25 10:30:05"),
("72449","54564","0","2093","1","1","1","3000","3000","","","0","0","2016-07-25 10:30:05","2016-07-25 10:30:05"),
("72450","54565","0","2095","1","1","1","4000","4000","","","0","0","2016-07-25 10:30:30","2016-07-25 10:30:30"),
("72451","54565","0","2231","3","1","1","1500","4500","","","0","0","2016-07-25 10:30:30","2016-07-25 10:30:30"),
("72452","54566","0","2065","1","1","1","1000","1000","","","0","0","2016-07-25 10:30:34","2016-07-25 10:30:34"),
("72453","54566","0","2228","2","1","1","500","1000","","","0","0","2016-07-25 10:30:34","2016-07-25 10:30:34"),
("72454","54567","0","2125","1","1","1","1000","1000","","","0","0","2016-07-25 10:30:38","2016-07-25 10:30:38"),
("72455","54568","0","2228","2","1","1","500","1000","","","0","0","2016-07-25 10:30:41","2016-07-25 10:30:41"),
("72456","54569","0","2231","5","1","1","1500","7500","","","0","0","2016-07-25 10:31:10","2016-07-25 10:31:10"),
("72457","54570","0","2228","4","1","1","500","2000","","","0","0","2016-07-25 10:31:24","2016-07-25 10:31:24"),
("72458","54571","0","2228","2","1","1","500","1000","","","0","0","2016-07-25 10:31:48","2016-07-25 10:31:48"),
("72459","54572","0","2226","1","1","1","3000","3000","","","0","0","2016-07-25 10:32:07","2016-07-25 10:32:07"),
("72460","54572","0","2079","1","1","1","1500","1500","","","0","0","2016-07-25 10:32:07","2016-07-25 10:32:07"),
("72461","54573","0","2065","2","1","1","1000","2000","","","0","0","2016-07-25 10:34:06","2016-07-25 10:34:06"),
("72462","54573","0","2075","1","1","1","1500","1500","","","0","0","2016-07-25 10:34:06","2016-07-25 10:34:06"),
("72463","54574","0","2075","10","1","1","1500","15000","","","0","0","2016-07-25 10:34:13","2016-07-25 10:34:13"),
("72464","54574","0","2231","10","1","1","1500","15000","","","0","0","2016-07-25 10:34:13","2016-07-25 10:34:13"),
("72465","54575","0","2228","16","1","1","500","8000","","","0","0","2016-07-25 10:34:29","2016-07-25 10:34:29"),
("72466","54576","0","2228","3","1","1","500","1500","","","0","0","2016-07-25 10:34:35","2016-07-25 10:34:35"),
("72467","54577","0","2146","1","1","1","3500","3500","","","0","0","2016-07-25 10:34:43","2016-07-25 10:34:43"),
("72468","54577","0","2095","2","1","1","4000","8000","","","0","0","2016-07-25 10:34:43","2016-07-25 10:34:43"),
("72469","54578","0","2253","2","1","1","2500","5000","","","0","0","2016-07-25 10:35:52","2016-07-25 10:35:52"),
("72470","54579","0","2228","10","1","1","500","5000","","","0","0","2016-07-25 10:36:04","2016-07-25 10:36:04"),
("72471","54580","0","2146","1","1","1","3500","3500","","","0","0","2016-07-25 10:36:42","2016-07-25 10:36:42"),
("72472","54580","0","2228","20","1","1","500","10000","","","0","0","2016-07-25 10:36:42","2016-07-25 10:36:42"),
("72473","54581","0","2231","2","1","1","1500","3000","","","0","0","2016-07-25 10:37:09","2016-07-25 10:37:09"),
("72474","54581","0","2228","4","1","1","500","2000","","","0","0","2016-07-25 10:37:09","2016-07-25 10:37:09"),
("72475","54582","0","2172","1","1","1","2500","2500","","","0","0","2016-07-25 10:37:25","2016-07-25 10:37:25"),
("72476","54582","0","2231","1","1","1","1500","1500","","","0","0","2016-07-25 10:37:25","2016-07-25 10:37:25"),
("72477","54583","0","2064","1","1","1","2000","2000","","","0","0","2016-07-25 10:37:48","2016-07-25 10:37:48"),
("72478","54584","0","2125","1","1","1","1000","1000","","","0","0","2016-07-25 10:37:58","2016-07-25 10:37:58"),
("72479","54585","0","2197","1","1","1","2500","2500","","","0","0","2016-07-25 10:38:20","2016-07-25 10:38:20"),
("72480","54586","0","2164","1","1","1","3000","3000","","","0","0","2016-07-25 10:39:00","2016-07-25 10:39:00"),
("72481","54586","0","2231","5","1","1","1500","7500","","","0","0","2016-07-25 10:39:00","2016-07-25 10:39:00"),
("72482","54587","0","2228","5","1","1","500","2500","","","0","0","2016-07-25 10:41:24","2016-07-25 10:41:24"),
("72483","54588","0","2228","5","1","1","500","2500","","","0","0","2016-07-25 10:41:55","2016-07-25 10:41:55"),
("72484","54589","0","2231","4","1","1","1500","6000","","","0","0","2016-07-25 10:43:56","2016-07-25 10:43:56"),
("72485","54590","0","2250","1","1","1","500","500","","","0","0","2016-07-25 10:44:33","2016-07-25 10:44:33"),
("72486","54591","0","2236","3","1","1","2000","6000","","","0","0","2016-07-25 10:44:43","2016-07-25 10:44:43"),
("72487","54592","0","2232","1","1","1","1000","1000","","","0","0","2016-07-25 10:47:54","2016-07-25 10:47:54"),
("72488","54593","0","2166","5","1","1","700","3500","","","0","0","2016-07-25 10:48:55","2016-07-25 10:48:55"),
("72489","54593","0","2228","5","1","1","500","2500","","","0","0","2016-07-25 10:48:55","2016-07-25 10:48:55"),
("72490","54594","0","2095","1","1","1","4000","4000","","","0","0","2016-07-25 10:49:27","2016-07-25 10:49:27"),
("72491","54595","0","2228","8","1","1","500","4000","","","0","0","2016-07-25 10:49:57","2016-07-25 10:49:57"),
("72492","54596","0","2121","1","1","1","13000","13000","","","0","0","2016-07-25 10:50:50","2016-07-25 10:50:50"),
("72493","54597","0","2166","3","1","1","700","2100","","","0","0","2016-07-25 10:52:32","2016-07-25 10:52:32"),
("72494","54598","0","2228","5","1","1","500","2500","","","0","0","2016-07-25 10:53:46","2016-07-25 10:53:46"),
("72495","54599","0","2228","10","1","1","500","5000","","","0","0","2016-07-25 10:53:51","2016-07-25 10:53:51"),
("72496","54600","0","2229","5","1","1","700","3500","","","0","0","2016-07-25 10:54:37","2016-07-25 10:54:37"),
("72497","54601","0","2065","1","1","1","1000","1000","","","0","0","2016-07-25 10:55:03","2016-07-25 10:55:03"),
("72498","54602","0","2166","2","1","1","700","1400","","","0","0","2016-07-25 10:55:25","2016-07-25 10:55:25"),
("72499","54602","0","2104","1","1","1","5500","5500","","","0","0","2016-07-25 10:55:25","2016-07-25 10:55:25"),
("72500","54603","0","2241","1","1","1","3000","3000","","","0","0","2016-07-25 10:55:28","2016-07-25 10:55:28"),
("72501","54604","0","2064","1","1","1","2000","2000","","","0","0","2016-07-25 10:57:25","2016-07-25 10:57:25"),
("72502","54605","0","2250","1","1","1","500","500","","","0","0","2016-07-25 10:58:16","2016-07-25 10:58:16"),
("72503","54605","0","2064","1","1","1","2000","2000","","","0","0","2016-07-25 10:58:16","2016-07-25 10:58:16"),
("72504","54606","0","2118","1","1","1","6500","6500","","","0","0","2016-07-25 10:58:59","2016-07-25 10:58:59"),
("72505","54607","0","2228","20","1","1","500","10000","","","0","0","2016-07-25 10:59:31","2016-07-25 10:59:31"),
("72506","54607","0","2219","1","1","1","2500","2500","","","0","0","2016-07-25 10:59:31","2016-07-25 10:59:31"),
("72507","54607","0","2146","1","1","1","3500","3500","","","0","0","2016-07-25 10:59:31","2016-07-25 10:59:31"),
("72508","54607","0","2260","1","1","1","3500","3500","","","0","0","2016-07-25 10:59:31","2016-07-25 10:59:31"),
("72509","54607","0","2173","1","1","1","5500","5500","","","0","0","2016-07-25 10:59:31","2016-07-25 10:59:31"),
("72510","54608","0","2107","2","1","1","6000","12000","","","0","0","2016-07-25 11:00:07","2016-07-25 11:00:07"),
("72511","54609","0","2166","3","1","1","700","2100","","","0","0","2016-07-25 11:01:40","2016-07-25 11:01:40"),
("72512","54610","0","2237","1","1","1","2500","2500","","","0","0","2016-07-25 11:02:16","2016-07-25 11:02:16"),
("72513","54610","0","2070","3","1","1","1000","3000","","","0","0","2016-07-25 11:02:16","2016-07-25 11:02:16"),
("72514","54610","0","2065","5","1","1","1000","5000","","","0","0","2016-07-25 11:02:16","2016-07-25 11:02:16"),
("72515","54611","0","2228","6","1","1","500","3000","","","0","0","2016-07-25 11:02:40","2016-07-25 11:02:40"),
("72516","54612","0","2250","1","1","1","500","500","","","0","0","2016-07-25 11:03:33","2016-07-25 11:03:33"),
("72517","54613","0","2250","2","1","1","500","1000","","","0","0","2016-07-25 11:03:44","2016-07-25 11:03:44"),
("72518","54614","0","2064","1","1","1","2000","2000","","","0","0","2016-07-25 11:03:47","2016-07-25 11:03:47"),
("72519","54615","0","2083","1","1","1","2500","2500","","","0","0","2016-07-25 11:05:50","2016-07-25 11:05:50"),
("72520","54615","0","2228","4","1","1","500","2000","","","0","0","2016-07-25 11:05:50","2016-07-25 11:05:50"),
("72521","54616","0","2228","3","1","1","500","1500","","","0","0","2016-07-25 11:10:08","2016-07-25 11:10:08"),
("72522","54616","0","2231","3","1","1","1500","4500","","","0","0","2016-07-25 11:10:08","2016-07-25 11:10:08"),
("72523","54617","0","2172","3","1","1","2500","7500","","","0","0","2016-07-25 11:11:53","2016-07-25 11:11:53"),
("72524","54617","0","2235","3","1","1","2500","7500","","","0","0","2016-07-25 11:11:53","2016-07-25 11:11:53"),
("72525","54618","0","2231","5","1","1","1500","7500","","","0","0","2016-07-25 11:12:13","2016-07-25 11:12:13"),
("72526","54619","0","2118","2","1","1","6500","13000","","","0","0","2016-07-25 11:15:55","2016-07-25 11:15:55"),
("72527","54619","0","2229","7","1","1","700","4900","","","0","0","2016-07-25 11:15:55","2016-07-25 11:15:55"),
("72528","54619","0","2231","5","1","1","1500","7500","","","0","0","2016-07-25 11:15:55","2016-07-25 11:15:55"),
("72529","54620","0","2083","1","1","1","2500","2500","","","0","0","2016-07-25 11:16:54","2016-07-25 11:16:54"),
("72530","54620","0","2093","2","1","1","3000","6000","","","0","0","2016-07-25 11:16:54","2016-07-25 11:16:54"),
("72531","54621","0","2093","1","1","1","3000","3000","","","0","0","2016-07-25 11:19:06","2016-07-25 11:19:06"),
("72532","54621","0","2228","20","1","1","500","10000","","","0","0","2016-07-25 11:19:06","2016-07-25 11:19:06"),
("72533","54622","0","2104","1","1","1","5500","5500","","","0","0","2016-07-25 11:19:25","2016-07-25 11:19:25"),
("72534","54623","0","2231","2","1","1","1500","3000","","","0","0","2016-07-25 11:19:48","2016-07-25 11:19:48"),
("72535","54624","0","2228","5","1","1","500","2500","","","0","0","2016-07-25 11:19:56","2016-07-25 11:19:56"),
("72536","54625","0","2231","2","1","1","1500","3000","","","0","0","2016-07-25 11:20:01","2016-07-25 11:20:01"),
("72537","54626","0","2231","5","1","1","1500","7500","","","0","0","2016-07-25 11:20:20","2016-07-25 11:20:20"),
("72538","54626","0","2228","10","1","1","500","5000","","","0","0","2016-07-25 11:20:20","2016-07-25 11:20:20"),
("72539","54626","0","2093","2","1","1","3000","6000","","","0","0","2016-07-25 11:20:20","2016-07-25 11:20:20"),
("72540","54627","0","2229","20","1","1","700","14000","","","0","0","2016-07-25 11:20:20","2016-07-25 11:20:20"),
("72541","54628","0","2228","10","1","1","500","5000","","","0","0","2016-07-25 11:20:37","2016-07-25 11:20:37"),
("72542","54629","0","2228","4","1","1","500","2000","","","0","0","2016-07-25 11:21:16","2016-07-25 11:21:16"),
("72543","54630","0","2146","1","1","1","3500","3500","","","0","0","2016-07-25 11:22:11","2016-07-25 11:22:11"),
("72544","54631","0","2250","1","1","1","500","500","","","0","0","2016-07-25 11:22:24","2016-07-25 11:22:24"),
("72545","54631","0","2253","1","1","1","2500","2500","","","0","0","2016-07-25 11:22:24","2016-07-25 11:22:24"),
("72546","54632","0","2250","2","1","1","500","1000","","","0","0","2016-07-25 11:22:31","2016-07-25 11:22:31"),
("72547","54633","0","2250","1","1","1","500","500","","","0","0","2016-07-25 11:23:04","2016-07-25 11:23:04"),
("72548","54634","0","2240","1","1","1","5000","5000","","","0","0","2016-07-25 11:23:17","2016-07-25 11:23:17"),
("72549","54635","0","2095","1","1","1","4000","4000","","","0","0","2016-07-25 11:23:49","2016-07-25 11:23:49"),
("72550","54636","0","2228","10","1","1","500","5000","","","0","0","2016-07-25 11:23:49","2016-07-25 11:23:49"),
("72551","54635","0","2105","1","1","1","5500","5500","","","0","0","2016-07-25 11:23:49","2016-07-25 11:23:49"),
("72552","54637","0","2253","1","1","1","2500","2500","","","0","0","2016-07-25 11:24:12","2016-07-25 11:24:12"),
("72553","54638","0","2118","1","1","1","6500","6500","","","0","0","2016-07-25 11:24:19","2016-07-25 11:24:19"),
("72554","54639","0","2231","2","1","1","1500","3000","","","0","0","2016-07-25 11:26:19","2016-07-25 11:26:19"),
("72555","54640","0","2231","2","1","1","1500","3000","","","0","0","2016-07-25 11:27:34","2016-07-25 11:27:34"),
("72556","54641","0","2204","1","1","1","10000","10000","","","0","0","2016-07-25 11:28:56","2016-07-25 11:28:56"),
("72557","54641","0","2182","4","1","1","1500","6000","","","0","0","2016-07-25 11:28:56","2016-07-25 11:28:56"),
("72558","54641","0","2136","3","1","1","3000","9000","","","0","0","2016-07-25 11:28:56","2016-07-25 11:28:56"),
("72559","54641","0","2138","2","1","1","5000","10000","","","0","0","2016-07-25 11:28:56","2016-07-25 11:28:56"),
("72560","54641","0","2134","10","1","1","1000","10000","","","0","0","2016-07-25 11:28:56","2016-07-25 11:28:56"),
("72561","54641","0","2140","1","1","1","40000","40000","","","0","0","2016-07-25 11:28:56","2016-07-25 11:28:56"),
("72562","54642","0","2073","4","1","1","1000","4000","","","0","0","2016-07-25 11:29:06","2016-07-25 11:29:06"),
("72563","54643","0","2228","2","1","1","500","1000","","","0","0","2016-07-25 11:29:41","2016-07-25 11:29:41"),
("72564","54644","0","2228","4","1","1","500","2000","","","0","0","2016-07-25 11:30:48","2016-07-25 11:30:48"),
("72565","54645","0","2229","10","1","1","700","7000","","","0","0","2016-07-25 11:33:36","2016-07-25 11:33:36"),
("72566","54646","0","2250","1","1","1","500","500","","","0","0","2016-07-25 11:34:04","2016-07-25 11:34:04"),
("72567","54646","0","2253","1","1","1","2500","2500","","","0","0","2016-07-25 11:34:04","2016-07-25 11:34:04"),
("72568","54647","0","2258","1","1","1","3000","3000","","","0","0","2016-07-25 11:34:29","2016-07-25 11:34:29"),
("72569","54647","0","2074","1","1","1","1500","1500","","","0","0","2016-07-25 11:34:29","2016-07-25 11:34:29"),
("72570","54648","0","2250","1","1","1","500","500","","","0","0","2016-07-25 11:35:05","2016-07-25 11:35:05"),
("72571","54649","0","2083","1","1","1","2500","2500","","","0","0","2016-07-25 11:35:43","2016-07-25 11:35:43"),
("72572","54649","0","2126","1","1","1","2000","2000","","","0","0","2016-07-25 11:35:43","2016-07-25 11:35:43"),
("72573","54650","0","2231","2","1","1","1500","3000","","","0","0","2016-07-25 11:36:36","2016-07-25 11:36:36"),
("72574","54651","0","2229","3","1","1","700","2100","","","0","0","2016-07-25 11:36:57","2016-07-25 11:36:57"),
("72575","54652","0","2197","1","1","1","2500","2500","","","0","0","2016-07-25 11:37:37","2016-07-25 11:37:37"),
("72576","54652","0","2250","2","1","1","500","1000","","","0","0","2016-07-25 11:37:37","2016-07-25 11:37:37"),
("72577","54653","0","2250","2","1","1","500","1000","","","0","0","2016-07-25 11:37:39","2016-07-25 11:37:39"),
("72578","54654","0","2250","1","1","1","500","500","","","0","0","2016-07-25 11:37:59","2016-07-25 11:37:59"),
("72579","54655","0","2231","2","1","1","1500","3000","","","0","0","2016-07-25 11:38:07","2016-07-25 11:38:07"),
("72580","54656","0","2070","1","1","1","1000","1000","","","0","0","2016-07-25 11:38:20","2016-07-25 11:38:20"),
("72581","54656","0","2065","1","1","1","1000","1000","","","0","0","2016-07-25 11:38:20","2016-07-25 11:38:20"),
("72582","54656","0","2075","1","1","1","1500","1500","","","0","0","2016-07-25 11:38:20","2016-07-25 11:38:20"),
("72583","54657","0","2218","1","1","1","1000","1000","","","0","0","2016-07-25 11:38:46","2016-07-25 11:38:46"),
("72584","54658","0","2231","2","1","1","1500","3000","","","0","0","2016-07-25 11:39:10","2016-07-25 11:39:10"),
("72585","54659","0","2217","2","1","1","500","1000","","","0","0","2016-07-25 11:39:14","2016-07-25 11:39:14"),
("72586","54660","0","2231","1","1","1","1500","1500","","","0","0","2016-07-25 11:39:33","2016-07-25 11:39:33"),
("72587","54661","0","2228","3","1","1","500","1500","","","0","0","2016-07-25 11:39:35","2016-07-25 11:39:35"),
("72588","54662","0","2228","5","1","1","500","2500","","","0","0","2016-07-25 11:40:47","2016-07-25 11:40:47"),
("72589","54663","0","2228","3","1","1","500","1500","","","0","0","2016-07-25 11:41:22","2016-07-25 11:41:22"),
("72590","54664","0","2118","1","1","1","6500","6500","","","0","0","2016-07-25 11:42:23","2016-07-25 11:42:23"),
("72591","54665","0","2079","2","1","1","1500","3000","","","0","0","2016-07-25 11:43:56","2016-07-25 11:43:56"),
("72592","54666","0","2228","5","1","1","500","2500","","","0","0","2016-07-25 11:44:14","2016-07-25 11:44:14"),
("72593","54667","0","2231","2","1","1","1500","3000","","","0","0","2016-07-25 11:45:21","2016-07-25 11:45:21"),
("72594","54668","0","2125","1","1","1","1000","1000","","","0","0","2016-07-25 11:45:28","2016-07-25 11:45:28"),
("72595","54669","0","2228","5","1","1","500","2500","","","0","0","2016-07-25 11:45:36","2016-07-25 11:45:36"),
("72596","54669","0","2172","1","1","1","2500","2500","","","0","0","2016-07-25 11:45:36","2016-07-25 11:45:36"),
("72597","54669","0","2240","1","1","1","5000","5000","","","0","0","2016-07-25 11:45:36","2016-07-25 11:45:36"),
("72598","54670","0","2103","2","1","1","5000","10000","","","0","0","2016-07-25 11:46:08","2016-07-25 11:46:08"),
("72599","54671","0","2228","5","1","1","500","2500","","","0","0","2016-07-25 11:48:21","2016-07-25 11:48:21"),
("72600","54671","0","2231","3","1","1","1500","4500","","","0","0","2016-07-25 11:48:21","2016-07-25 11:48:21"),
("72601","54672","0","2240","3","1","1","5000","15000","","","0","0","2016-07-25 11:49:04","2016-07-25 11:49:04"),
("72602","54672","0","2110","2","1","1","2500","5000","","","0","0","2016-07-25 11:49:04","2016-07-25 11:49:04"),
("72603","54672","0","2103","1","1","1","5000","5000","","","0","0","2016-07-25 11:49:04","2016-07-25 11:49:04"),
("72604","54673","0","2231","10","1","1","1500","15000","","","0","0","2016-07-25 11:49:50","2016-07-25 11:49:50"),
("72605","54673","0","2104","1","1","1","5500","5500","","","0","0","2016-07-25 11:49:50","2016-07-25 11:49:50"),
("72606","54674","0","2233","3","1","1","1500","4500","","","0","0","2016-07-25 11:51:31","2016-07-25 11:51:31"),
("72607","54674","0","2065","30","1","1","700","21000","","","0","0","2016-07-25 11:51:31","2016-07-25 11:51:31"),
("72608","54674","0","2229","80","1","1","500","40000","","","0","0","2016-07-25 11:51:31","2016-07-25 11:51:31"),
("72609","54675","0","2113","1","1","1","5500","5500","","","0","0","2016-07-25 11:52:57","2016-07-25 11:52:57"),
("72610","54676","0","2233","1","1","1","2000","2000","","","0","0","2016-07-25 11:53:21","2016-07-25 11:53:21"),
("72611","54677","0","2064","1","1","1","2000","2000","","","0","0","2016-07-25 11:54:41","2016-07-25 11:54:41"),
("72612","54678","0","2228","8","1","1","500","4000","","","0","0","2016-07-25 11:55:07","2016-07-25 11:55:07"),
("72613","54679","0","2229","3","1","1","700","2100","","","0","0","2016-07-25 11:55:52","2016-07-25 11:55:52"),
("72614","54680","0","2065","1","1","1","1000","1000","","","0","0","2016-07-25 11:57:19","2016-07-25 11:57:19"),
("72615","54680","0","2229","3","1","1","700","2100","","","0","0","2016-07-25 11:57:19","2016-07-25 11:57:19"),
("72616","54681","0","2228","1","1","1","500","500","","","0","0","2016-07-25 11:57:23","2016-07-25 11:57:23"),
("72617","54682","0","2067","1","1","1","1000","1000","","","0","0","2016-07-25 11:58:27","2016-07-25 11:58:27"),
("72618","54682","0","2164","1","1","1","3000","3000","","","0","0","2016-07-25 11:58:27","2016-07-25 11:58:27"),
("72619","54683","0","2104","1","1","1","5500","5500","","","0","0","2016-07-25 11:59:40","2016-07-25 11:59:40"),
("72620","54683","0","2229","5","1","1","700","3500","","","0","0","2016-07-25 11:59:40","2016-07-25 11:59:40"),
("72621","54683","0","2166","5","1","1","700","3500","","","0","0","2016-07-25 11:59:40","2016-07-25 11:59:40");

INSERT INTO sales_order_receipts VALUES("54594","54474","7","16RE054592","0","3000","3000","0","2016-07-25","2016-07-25","2016-07-25 09:00:22","28","2016-07-25 09:00:22","28","1"),
("54595","54475","7","16RE054593","0","2000","2000","0","2016-07-25","2016-07-25","2016-07-25 09:02:09","32","2016-07-25 09:02:09","32","1"),
("54596","54476","7","16RE054594","0","5000","5000","0","2016-07-25","2016-07-25","2016-07-25 09:03:58","28","2016-07-25 09:03:58","28","1"),
("54597","54477","7","16RE054595","0","20000","20000","0","2016-07-25","2016-07-25","2016-07-25 09:05:22","28","2016-07-25 09:05:22","28","1"),
("54598","54478","7","16RE054596","0","5000","5000","0","2016-07-25","2016-07-25","2016-07-25 09:06:03","32","2016-07-25 09:06:03","32","1"),
("54599","54479","7","16RE054597","0","2000","2000","0","2016-07-25","2016-07-25","2016-07-25 09:06:21","32","2016-07-25 09:06:21","32","1"),
("54600","54480","7","16RE054598","0","3500","3500","0","2016-07-25","2016-07-25","2016-07-25 09:06:40","28","2016-07-25 09:06:40","28","1"),
("54601","54481","7","16RE054599","0","500","500","0","2016-07-25","2016-07-25","2016-07-25 09:08:45","28","2016-07-25 09:08:45","28","1"),
("54602","54482","7","16RE054600","0","1500","1500","0","2016-07-25","2016-07-25","2016-07-25 09:09:35","28","2016-07-25 09:09:35","28","1"),
("54603","54483","7","16RE054601","0","1000","1000","0","2016-07-25","2016-07-25","2016-07-25 09:13:26","32","2016-07-25 09:13:26","32","1"),
("54604","54484","7","16RE054602","0","1500","1500","0","2016-07-25","2016-07-25","2016-07-25 09:15:32","28","2016-07-25 09:15:32","28","1"),
("54605","54485","7","16RE054603","0","2000","2000","0","2016-07-25","2016-07-25","2016-07-25 09:15:55","28","2016-07-25 09:15:55","28","1"),
("54606","54486","7","16RE054604","0","20000","20000","0","2016-07-25","2016-07-25","2016-07-25 09:17:21","28","2016-07-25 09:17:21","28","1"),
("54607","54487","7","16RE054605","0","5000","5000","0","2016-07-25","2016-07-25","2016-07-25 09:17:42","32","2016-07-25 09:17:42","32","1"),
("54608","54488","7","16RE054606","0","2000","2000","0","2016-07-25","2016-07-25","2016-07-25 09:18:12","32","2016-07-25 09:18:12","32","1"),
("54609","54489","7","16RE054607","0","5500","5500","0","2016-07-25","2016-07-25","2016-07-25 09:18:43","32","2016-07-25 09:18:43","32","1"),
("54610","54490","7","16RE054608","0","2500","2500","0","2016-07-25","2016-07-25","2016-07-25 09:19:10","32","2016-07-25 09:19:10","32","1"),
("54611","54491","7","16RE054609","0","7500","7500","0","2016-07-25","2016-07-25","2016-07-25 09:19:32","32","2016-07-25 09:19:32","32","1"),
("54612","54492","7","16RE054610","0","3000","3000","0","2016-07-25","2016-07-25","2016-07-25 09:19:36","28","2016-07-25 09:19:36","28","1"),
("54613","54493","7","16RE054611","0","10000","10000","0","2016-07-25","2016-07-25","2016-07-25 09:19:39","32","2016-07-25 09:19:39","32","1"),
("54614","54494","7","16RE054612","0","2000","2000","0","2016-07-25","2016-07-25","2016-07-25 09:20:01","32","2016-07-25 09:20:01","32","1"),
("54615","54495","7","16RE054613","0","500","500","0","2016-07-25","2016-07-25","2016-07-25 09:22:21","28","2016-07-25 09:22:21","28","1"),
("54616","54496","7","16RE054614","0","700","700","0","2016-07-25","2016-07-25","2016-07-25 09:22:24","32","2016-07-25 09:22:24","32","1"),
("54617","54497","7","16RE054615","0","2000","2000","0","2016-07-25","2016-07-25","2016-07-25 09:22:48","32","2016-07-25 09:22:48","32","1"),
("54618","54498","7","16RE054616","0","5000","5000","0","2016-07-25","2016-07-25","2016-07-25 09:23:27","32","2016-07-25 09:23:27","32","1"),
("54619","54499","7","16RE054617","0","15000","15000","0","2016-07-25","2016-07-25","2016-07-25 09:23:51","32","2016-07-25 09:23:51","32","1"),
("54620","54500","7","16RE054618","0","500","500","0","2016-07-25","2016-07-25","2016-07-25 09:24:47","32","2016-07-25 09:24:47","32","1"),
("54621","54501","7","16RE054619","0","4500","4500","0","2016-07-25","2016-07-25","2016-07-25 09:25:07","28","2016-07-25 09:25:07","28","1"),
("54622","54502","7","16RE054620","0","1000","1000","0","2016-07-25","2016-07-25","2016-07-25 09:25:27","28","2016-07-25 09:25:27","28","1"),
("54623","54503","7","16RE054621","0","500","500","0","2016-07-25","2016-07-25","2016-07-25 09:28:47","32","2016-07-25 09:28:47","32","1"),
("54624","54504","7","16RE054622","0","3000","3000","0","2016-07-25","2016-07-25","2016-07-25 09:31:38","32","2016-07-25 09:31:38","32","1"),
("54625","54505","7","16RE054623","0","4000","4000","0","2016-07-25","2016-07-25","2016-07-25 09:33:53","28","2016-07-25 09:33:53","28","1"),
("54626","54506","7","16RE054624","0","6000","6000","0","2016-07-25","2016-07-25","2016-07-25 09:34:00","32","2016-07-25 09:34:00","32","1"),
("54627","54507","7","16RE054625","0","500","500","0","2016-07-25","2016-07-25","2016-07-25 09:34:25","28","2016-07-25 09:34:25","28","1"),
("54628","54508","7","16RE054626","0","5000","5000","0","2016-07-25","2016-07-25","2016-07-25 09:34:35","32","2016-07-25 09:34:35","32","1"),
("54629","54509","7","16RE054627","0","7000","7000","0","2016-07-25","2016-07-25","2016-07-25 09:34:50","32","2016-07-25 09:34:50","32","1"),
("54630","54510","7","16RE054628","0","5000","5000","0","2016-07-25","2016-07-25","2016-07-25 09:35:06","32","2016-07-25 09:35:06","32","1"),
("54631","54511","7","16RE054629","0","500","500","0","2016-07-25","2016-07-25","2016-07-25 09:35:54","32","2016-07-25 09:35:54","32","1"),
("54632","54512","7","16RE054630","0","2000","2000","0","2016-07-25","2016-07-25","2016-07-25 09:36:45","32","2016-07-25 09:36:45","32","1"),
("54633","54513","7","16RE054631","0","1000","1000","0","2016-07-25","2016-07-25","2016-07-25 09:38:27","32","2016-07-25 09:38:27","32","1"),
("54634","54514","7","16RE054632","0","2500","2500","0","2016-07-25","2016-07-25","2016-07-25 09:41:26","32","2016-07-25 09:41:26","32","1"),
("54635","54515","7","16RE054633","0","1500","1500","0","2016-07-25","2016-07-25","2016-07-25 09:45:53","32","2016-07-25 09:45:53","32","1"),
("54636","54516","7","16RE054634","0","32500","32500","0","2016-07-25","2016-07-25","2016-07-25 09:47:09","32","2016-07-25 09:47:09","32","1"),
("54637","54517","7","16RE054635","0","1000","1000","0","2016-07-25","2016-07-25","2016-07-25 09:47:37","32","2016-07-25 09:47:37","32","1"),
("54638","54518","7","16RE054636","0","2500","2500","0","2016-07-25","2016-07-25","2016-07-25 09:47:45","28","2016-07-25 09:47:45","28","1"),
("54639","54519","7","16RE054637","0","1000","1000","0","2016-07-25","2016-07-25","2016-07-25 09:47:52","32","2016-07-25 09:47:52","32","1"),
("54640","54520","7","16RE054638","0","500","500","0","2016-07-25","2016-07-25","2016-07-25 09:49:12","32","2016-07-25 09:49:12","32","1"),
("54641","54521","7","16RE054639","0","3000","3000","0","2016-07-25","2016-07-25","2016-07-25 09:49:29","32","2016-07-25 09:49:29","32","1"),
("54642","54522","7","16RE054640","0","5000","5000","0","2016-07-25","2016-07-25","2016-07-25 09:49:36","32","2016-07-25 09:49:36","32","1"),
("54643","54523","7","16RE054641","0","2500","2500","0","2016-07-25","2016-07-25","2016-07-25 09:49:43","28","2016-07-25 09:49:43","28","1"),
("54644","54524","7","16RE054642","0","8000","8000","0","2016-07-25","2016-07-25","2016-07-25 09:49:57","28","2016-07-25 09:49:57","28","1"),
("54645","54525","7","16RE054643","0","1500","1500","0","2016-07-25","2016-07-25","2016-07-25 09:50:47","32","2016-07-25 09:50:47","32","1"),
("54646","54526","7","16RE054644","0","10000","10000","0","2016-07-25","2016-07-25","2016-07-25 09:52:37","32","2016-07-25 09:52:37","32","1"),
("54647","54527","7","16RE054645","0","2500","2500","0","2016-07-25","2016-07-25","2016-07-25 09:53:56","32","2016-07-25 09:53:56","32","1"),
("54648","54528","7","16RE054646","0","5000","5000","0","2016-07-25","2016-07-25","2016-07-25 09:54:06","32","2016-07-25 09:54:06","32","1"),
("54649","54529","7","16RE054647","0","6000","6000","0","2016-07-25","2016-07-25","2016-07-25 09:54:41","32","2016-07-25 09:54:41","32","1"),
("54650","54530","7","16RE054648","0","5000","5000","0","2016-07-25","2016-07-25","2016-07-25 09:55:43","32","2016-07-25 09:55:43","32","1"),
("54651","54531","7","16RE054649","0","2500","2500","0","2016-07-25","2016-07-25","2016-07-25 09:57:34","32","2016-07-25 09:57:34","32","1"),
("54652","54532","7","16RE054650","0","2000","2000","0","2016-07-25","2016-07-25","2016-07-25 10:00:08","32","2016-07-25 10:00:08","32","1"),
("54653","54533","7","16RE054651","0","2000","2000","0","2016-07-25","2016-07-25","2016-07-25 10:02:13","28","2016-07-25 10:02:13","28","1"),
("54654","54534","7","16RE054652","0","2500","2500","0","2016-07-25","2016-07-25","2016-07-25 10:03:41","32","2016-07-25 10:03:41","32","1"),
("54655","54535","7","16RE054653","0","3000","3000","0","2016-07-25","2016-07-25","2016-07-25 10:03:50","28","2016-07-25 10:03:50","28","1"),
("54656","54536","7","16RE054654","0","5500","5500","0","2016-07-25","2016-07-25","2016-07-25 10:04:21","28","2016-07-25 10:04:21","28","1"),
("54657","54537","7","16RE054655","0","2500","2500","0","2016-07-25","2016-07-25","2016-07-25 10:05:13","32","2016-07-25 10:05:13","32","1"),
("54658","54538","7","16RE054656","0","7500","7500","0","2016-07-25","2016-07-25","2016-07-25 10:05:25","28","2016-07-25 10:05:25","28","1"),
("54659","54539","7","16RE054657","0","4000","4000","0","2016-07-25","2016-07-25","2016-07-25 10:05:59","32","2016-07-25 10:05:59","32","1"),
("54660","54540","7","16RE054658","0","4000","4000","0","2016-07-25","2016-07-25","2016-07-25 10:06:30","32","2016-07-25 10:06:30","32","1"),
("54661","54541","7","16RE054659","0","3000","3000","0","2016-07-25","2016-07-25","2016-07-25 10:07:59","28","2016-07-25 10:07:59","28","1"),
("54662","54542","7","16RE054660","0","9000","9000","0","2016-07-25","2016-07-25","2016-07-25 10:09:49","28","2016-07-25 10:09:49","28","1"),
("54663","54543","7","16RE054661","0","500","500","0","2016-07-25","2016-07-25","2016-07-25 10:10:48","28","2016-07-25 10:10:48","28","1"),
("54664","54544","7","16RE054662","0","17500","17500","0","2016-07-25","2016-07-25","2016-07-25 10:11:18","28","2016-07-25 10:11:18","28","1"),
("54665","54545","7","16RE054663","0","2500","2500","0","2016-07-25","2016-07-25","2016-07-25 10:11:58","28","2016-07-25 10:11:58","28","1"),
("54666","54546","7","16RE054664","0","14000","14000","0","2016-07-25","2016-07-25","2016-07-25 10:12:21","32","2016-07-25 10:12:21","32","1"),
("54667","54547","7","16RE054665","0","6000","6000","0","2016-07-25","2016-07-25","2016-07-25 10:12:56","32","2016-07-25 10:12:56","32","1"),
("54668","54548","7","16RE054666","0","500","500","0","2016-07-25","2016-07-25","2016-07-25 10:14:01","28","2016-07-25 10:14:01","28","1"),
("54669","54549","7","16RE054667","0","10000","10000","0","2016-07-25","2016-07-25","2016-07-25 10:15:09","28","2016-07-25 10:15:09","28","1"),
("54670","54550","7","16RE054668","0","7000","7000","0","2016-07-25","2016-07-25","2016-07-25 10:15:44","32","2016-07-25 10:15:44","32","1"),
("54671","54551","7","16RE054669","0","500","500","0","2016-07-25","2016-07-25","2016-07-25 10:15:50","28","2016-07-25 10:15:50","28","1"),
("54672","54552","7","16RE054670","0","3000","3000","0","2016-07-25","2016-07-25","2016-07-25 10:16:35","32","2016-07-25 10:16:35","32","1"),
("54673","54553","7","16RE054671","0","19000","19000","0","2016-07-25","2016-07-25","2016-07-25 10:17:37","32","2016-07-25 10:17:37","32","1"),
("54674","54554","7","16RE054672","0","1000","1000","0","2016-07-25","2016-07-25","2016-07-25 10:17:51","32","2016-07-25 10:17:51","32","1"),
("54675","54555","7","16RE054673","0","2000","2000","0","2016-07-25","2016-07-25","2016-07-25 10:18:21","28","2016-07-25 10:18:21","28","1"),
("54676","54556","7","16RE054674","0","6000","6000","0","2016-07-25","2016-07-25","2016-07-25 10:18:59","28","2016-07-25 10:18:59","28","1"),
("54677","54557","7","16RE054675","0","16000","16000","0","2016-07-25","2016-07-25","2016-07-25 10:19:36","28","2016-07-25 10:19:36","28","1"),
("54678","54558","7","16RE054676","0","5500","5500","0","2016-07-25","2016-07-25","2016-07-25 10:24:11","32","2016-07-25 10:24:11","32","1"),
("54679","54559","7","16RE054677","0","4500","4500","0","2016-07-25","2016-07-25","2016-07-25 10:24:33","32","2016-07-25 10:24:33","32","1"),
("54680","54560","7","16RE054678","0","5000","5000","0","2016-07-25","2016-07-25","2016-07-25 10:27:06","28","2016-07-25 10:27:06","28","1"),
("54681","54561","7","16RE054679","0","3000","3000","0","2016-07-25","2016-07-25","2016-07-25 10:27:46","32","2016-07-25 10:27:46","32","1"),
("54682","54562","7","16RE054680","0","4000","4000","0","2016-07-25","2016-07-25","2016-07-25 10:28:01","28","2016-07-25 10:28:01","28","1"),
("54683","54563","7","16RE054681","0","2500","2500","0","2016-07-25","2016-07-25","2016-07-25 10:29:52","32","2016-07-25 10:29:52","32","1"),
("54684","54564","7","16RE054682","0","6000","6000","0","2016-07-25","2016-07-25","2016-07-25 10:30:05","32","2016-07-25 10:30:05","32","1"),
("54685","54565","7","16RE054683","0","8500","8500","0","2016-07-25","2016-07-25","2016-07-25 10:30:30","28","2016-07-25 10:30:30","28","1"),
("54686","54566","7","16RE054684","0","2000","2000","0","2016-07-25","2016-07-25","2016-07-25 10:30:34","32","2016-07-25 10:30:34","32","1"),
("54687","54567","7","16RE054685","0","1000","1000","0","2016-07-25","2016-07-25","2016-07-25 10:30:38","28","2016-07-25 10:30:38","28","1"),
("54688","54568","7","16RE054686","0","1000","1000","0","2016-07-25","2016-07-25","2016-07-25 10:30:41","32","2016-07-25 10:30:41","32","1"),
("54689","54569","7","16RE054687","0","7500","7500","0","2016-07-25","2016-07-25","2016-07-25 10:31:10","28","2016-07-25 10:31:10","28","1"),
("54690","54570","7","16RE054688","0","2000","2000","0","2016-07-25","2016-07-25","2016-07-25 10:31:24","32","2016-07-25 10:31:24","32","1"),
("54691","54571","7","16RE054689","0","1000","1000","0","2016-07-25","2016-07-25","2016-07-25 10:31:48","32","2016-07-25 10:31:48","32","1"),
("54692","54572","7","16RE054690","0","4500","4500","0","2016-07-25","2016-07-25","2016-07-25 10:32:07","28","2016-07-25 10:32:07","28","1"),
("54693","54573","7","16RE054691","0","3500","3500","0","2016-07-25","2016-07-25","2016-07-25 10:34:06","28","2016-07-25 10:34:06","28","1"),
("54694","54574","7","16RE054692","0","30000","30000","0","2016-07-25","2016-07-25","2016-07-25 10:34:13","32","2016-07-25 10:34:13","32","1"),
("54695","54575","7","16RE054693","0","8000","8000","0","2016-07-25","2016-07-25","2016-07-25 10:34:29","32","2016-07-25 10:34:29","32","1"),
("54696","54576","7","16RE054694","0","1500","1500","0","2016-07-25","2016-07-25","2016-07-25 10:34:35","32","2016-07-25 10:34:35","32","1"),
("54697","54577","7","16RE054695","0","11500","11500","0","2016-07-25","2016-07-25","2016-07-25 10:34:43","28","2016-07-25 10:34:43","28","1"),
("54698","54578","7","16RE054696","0","5000","5000","0","2016-07-25","2016-07-25","2016-07-25 10:35:52","32","2016-07-25 10:35:52","32","1"),
("54699","54579","7","16RE054697","0","5000","5000","0","2016-07-25","2016-07-25","2016-07-25 10:36:04","32","2016-07-25 10:36:04","32","1"),
("54700","54580","7","16RE054698","0","13500","13500","0","2016-07-25","2016-07-25","2016-07-25 10:36:42","32","2016-07-25 10:36:42","32","1"),
("54701","54581","7","16RE054699","0","5000","5000","0","2016-07-25","2016-07-25","2016-07-25 10:37:09","32","2016-07-25 10:37:09","32","1"),
("54702","54582","7","16RE054700","0","4000","4000","0","2016-07-25","2016-07-25","2016-07-25 10:37:25","28","2016-07-25 10:37:25","28","1"),
("54703","54583","7","16RE054701","0","2000","2000","0","2016-07-25","2016-07-25","2016-07-25 10:37:48","32","2016-07-25 10:37:48","32","1"),
("54704","54584","7","16RE054702","0","1000","1000","0","2016-07-25","2016-07-25","2016-07-25 10:37:58","32","2016-07-25 10:37:58","32","1"),
("54705","54585","7","16RE054703","0","2500","2500","0","2016-07-25","2016-07-25","2016-07-25 10:38:20","28","2016-07-25 10:38:20","28","1"),
("54706","54586","7","16RE054704","0","10500","10500","0","2016-07-25","2016-07-25","2016-07-25 10:39:00","28","2016-07-25 10:39:00","28","1"),
("54707","54587","7","16RE054705","0","2500","2500","0","2016-07-25","2016-07-25","2016-07-25 10:41:24","32","2016-07-25 10:41:24","32","1"),
("54708","54588","7","16RE054706","0","2500","2500","0","2016-07-25","2016-07-25","2016-07-25 10:41:55","28","2016-07-25 10:41:55","28","1"),
("54709","54589","7","16RE054707","0","6000","6000","0","2016-07-25","2016-07-25","2016-07-25 10:43:56","28","2016-07-25 10:43:56","28","1"),
("54710","54590","7","16RE054708","0","500","500","0","2016-07-25","2016-07-25","2016-07-25 10:44:33","28","2016-07-25 10:44:33","28","1"),
("54711","54591","7","16RE054709","0","6000","6000","0","2016-07-25","2016-07-25","2016-07-25 10:44:43","28","2016-07-25 10:44:43","28","1"),
("54712","54592","7","16RE054710","0","1000","1000","0","2016-07-25","2016-07-25","2016-07-25 10:47:54","28","2016-07-25 10:47:54","28","1"),
("54713","54593","7","16RE054711","0","6000","6000","0","2016-07-25","2016-07-25","2016-07-25 10:48:55","32","2016-07-25 10:48:55","32","1"),
("54714","54594","7","16RE054712","0","4000","4000","0","2016-07-25","2016-07-25","2016-07-25 10:49:27","32","2016-07-25 10:49:27","32","1"),
("54715","54595","7","16RE054713","0","4000","4000","0","2016-07-25","2016-07-25","2016-07-25 10:49:57","32","2016-07-25 10:49:57","32","1"),
("54716","54596","7","16RE054714","0","13000","13000","0","2016-07-25","2016-07-25","2016-07-25 10:50:50","32","2016-07-25 10:50:50","32","1"),
("54717","54597","7","16RE054715","0","2100","2100","0","2016-07-25","2016-07-25","2016-07-25 10:52:32","32","2016-07-25 10:52:32","32","1"),
("54718","54598","7","16RE054716","0","2500","2500","0","2016-07-25","2016-07-25","2016-07-25 10:53:46","32","2016-07-25 10:53:46","32","1"),
("54719","54599","7","16RE054717","0","5000","5000","0","2016-07-25","2016-07-25","2016-07-25 10:53:51","32","2016-07-25 10:53:51","32","1"),
("54720","54600","7","16RE054718","0","3500","3500","0","2016-07-25","2016-07-25","2016-07-25 10:54:37","32","2016-07-25 10:54:37","32","1"),
("54721","54601","7","16RE054719","0","1000","1000","0","2016-07-25","2016-07-25","2016-07-25 10:55:03","32","2016-07-25 10:55:03","32","1"),
("54722","54602","7","16RE054720","0","6900","6900","0","2016-07-25","2016-07-25","2016-07-25 10:55:25","32","2016-07-25 10:55:25","32","1"),
("54723","54603","7","16RE054721","0","3000","3000","0","2016-07-25","2016-07-25","2016-07-25 10:55:28","28","2016-07-25 10:55:28","28","1"),
("54724","54604","7","16RE054722","0","2000","2000","0","2016-07-25","2016-07-25","2016-07-25 10:57:25","32","2016-07-25 10:57:25","32","1"),
("54725","54605","7","16RE054723","0","2500","2500","0","2016-07-25","2016-07-25","2016-07-25 10:58:16","32","2016-07-25 10:58:16","32","1"),
("54726","54606","7","16RE054724","0","6500","6500","0","2016-07-25","2016-07-25","2016-07-25 10:58:59","32","2016-07-25 10:58:59","32","1"),
("54727","54607","7","16RE054725","0","25000","25000","0","2016-07-25","2016-07-25","2016-07-25 10:59:31","28","2016-07-25 10:59:31","28","1"),
("54728","54608","7","16RE054726","0","12000","12000","0","2016-07-25","2016-07-25","2016-07-25 11:00:07","28","2016-07-25 11:00:07","28","1"),
("54729","54609","7","16RE054727","0","2100","2100","0","2016-07-25","2016-07-25","2016-07-25 11:01:40","28","2016-07-25 11:01:40","28","1"),
("54730","54610","7","16RE054728","0","10500","10500","0","2016-07-25","2016-07-25","2016-07-25 11:02:16","28","2016-07-25 11:02:16","28","1"),
("54731","54611","7","16RE054729","0","3000","3000","0","2016-07-25","2016-07-25","2016-07-25 11:02:40","32","2016-07-25 11:02:40","32","1"),
("54732","54612","7","16RE054730","0","500","500","0","2016-07-25","2016-07-25","2016-07-25 11:03:33","28","2016-07-25 11:03:33","28","1"),
("54733","54613","7","16RE054731","0","1000","1000","0","2016-07-25","2016-07-25","2016-07-25 11:03:44","32","2016-07-25 11:03:44","32","1"),
("54734","54614","7","16RE054732","0","2000","2000","0","2016-07-25","2016-07-25","2016-07-25 11:03:47","28","2016-07-25 11:03:47","28","1"),
("54735","54615","7","16RE054733","0","4500","4500","0","2016-07-25","2016-07-25","2016-07-25 11:05:50","32","2016-07-25 11:05:50","32","1"),
("54736","54616","7","16RE054734","0","6000","6000","0","2016-07-25","2016-07-25","2016-07-25 11:10:08","28","2016-07-25 11:10:08","28","1"),
("54737","54617","7","16RE054735","0","15000","15000","0","2016-07-25","2016-07-25","2016-07-25 11:11:53","28","2016-07-25 11:11:53","28","1"),
("54738","54618","7","16RE054736","0","7500","7500","0","2016-07-25","2016-07-25","2016-07-25 11:12:13","28","2016-07-25 11:12:13","28","1"),
("54739","54619","7","16RE054737","0","25400","25400","0","2016-07-25","2016-07-25","2016-07-25 11:15:55","32","2016-07-25 11:15:55","32","1"),
("54740","54620","7","16RE054738","0","8500","8500","0","2016-07-25","2016-07-25","2016-07-25 11:16:54","28","2016-07-25 11:16:54","28","1"),
("54741","54621","7","16RE054739","0","13000","13000","0","2016-07-25","2016-07-25","2016-07-25 11:19:06","32","2016-07-25 11:19:06","32","1"),
("54742","54622","7","16RE054740","0","5500","5500","0","2016-07-25","2016-07-25","2016-07-25 11:19:25","28","2016-07-25 11:19:25","28","1"),
("54743","54623","7","16RE054741","0","3000","3000","0","2016-07-25","2016-07-25","2016-07-25 11:19:48","28","2016-07-25 11:19:48","28","1"),
("54744","54624","7","16RE054742","0","2500","2500","0","2016-07-25","2016-07-25","2016-07-25 11:19:56","28","2016-07-25 11:19:56","28","1"),
("54745","54625","7","16RE054743","0","3000","3000","0","2016-07-25","2016-07-25","2016-07-25 11:20:01","32","2016-07-25 11:20:01","32","1"),
("54746","54626","7","16RE054744","0","18500","18500","0","2016-07-25","2016-07-25","2016-07-25 11:20:20","32","2016-07-25 11:20:20","32","1"),
("54747","54627","7","16RE054745","0","14000","14000","0","2016-07-25","2016-07-25","2016-07-25 11:20:20","28","2016-07-25 11:20:20","28","1"),
("54748","54628","7","16RE054746","0","5000","5000","0","2016-07-25","2016-07-25","2016-07-25 11:20:37","32","2016-07-25 11:20:37","32","1"),
("54749","54629","7","16RE054747","0","2000","2000","0","2016-07-25","2016-07-25","2016-07-25 11:21:16","32","2016-07-25 11:21:16","32","1"),
("54750","54630","7","16RE054748","0","3500","3500","0","2016-07-25","2016-07-25","2016-07-25 11:22:11","28","2016-07-25 11:22:11","28","1"),
("54751","54631","7","16RE054749","0","3000","3000","0","2016-07-25","2016-07-25","2016-07-25 11:22:24","32","2016-07-25 11:22:24","32","1"),
("54752","54632","7","16RE054750","0","1000","1000","0","2016-07-25","2016-07-25","2016-07-25 11:22:31","28","2016-07-25 11:22:31","28","1"),
("54753","54633","7","16RE054751","0","500","500","0","2016-07-25","2016-07-25","2016-07-25 11:23:04","32","2016-07-25 11:23:04","32","1"),
("54754","54634","7","16RE054752","0","5000","5000","0","2016-07-25","2016-07-25","2016-07-25 11:23:17","28","2016-07-25 11:23:17","28","1"),
("54755","54635","7","16RE054753","0","9500","9500","0","2016-07-25","2016-07-25","2016-07-25 11:23:49","28","2016-07-25 11:23:49","28","1"),
("54756","54636","7","16RE054754","0","5000","5000","0","2016-07-25","2016-07-25","2016-07-25 11:23:49","32","2016-07-25 11:23:49","32","1"),
("54757","54637","7","16RE054755","0","2500","2500","0","2016-07-25","2016-07-25","2016-07-25 11:24:12","32","2016-07-25 11:24:12","32","1"),
("54758","54638","7","16RE054756","0","6500","6500","0","2016-07-25","2016-07-25","2016-07-25 11:24:19","32","2016-07-25 11:24:19","32","1"),
("54759","54639","7","16RE054757","0","3000","3000","0","2016-07-25","2016-07-25","2016-07-25 11:26:19","32","2016-07-25 11:26:19","32","1"),
("54760","54640","7","16RE054758","0","3000","3000","0","2016-07-25","2016-07-25","2016-07-25 11:27:34","32","2016-07-25 11:27:34","32","1"),
("54761","54641","7","16RE054759","0","85000","85000","0","2016-07-25","2016-07-25","2016-07-25 11:28:56","28","2016-07-25 11:28:56","28","1"),
("54762","54642","7","16RE054760","0","4000","4000","0","2016-07-25","2016-07-25","2016-07-25 11:29:06","32","2016-07-25 11:29:06","32","1"),
("54763","54643","7","16RE054761","0","1000","1000","0","2016-07-25","2016-07-25","2016-07-25 11:29:41","28","2016-07-25 11:29:41","28","1"),
("54764","54644","7","16RE054762","0","2000","2000","0","2016-07-25","2016-07-25","2016-07-25 11:30:48","28","2016-07-25 11:30:48","28","1"),
("54765","54645","7","16RE054763","0","7000","7000","0","2016-07-25","2016-07-25","2016-07-25 11:33:36","28","2016-07-25 11:33:36","28","1"),
("54766","54646","7","16RE054764","0","3000","3000","0","2016-07-25","2016-07-25","2016-07-25 11:34:04","28","2016-07-25 11:34:04","28","1"),
("54767","54647","7","16RE054765","0","4500","4500","0","2016-07-25","2016-07-25","2016-07-25 11:34:29","28","2016-07-25 11:34:29","28","1"),
("54768","54648","7","16RE054766","0","500","500","0","2016-07-25","2016-07-25","2016-07-25 11:35:05","28","2016-07-25 11:35:05","28","1"),
("54769","54649","7","16RE054767","0","4500","4500","0","2016-07-25","2016-07-25","2016-07-25 11:35:43","32","2016-07-25 11:35:43","32","1"),
("54770","54650","7","16RE054768","0","3000","3000","0","2016-07-25","2016-07-25","2016-07-25 11:36:35","32","2016-07-25 11:36:35","32","1"),
("54771","54651","7","16RE054769","0","2100","2100","0","2016-07-25","2016-07-25","2016-07-25 11:36:57","32","2016-07-25 11:36:57","32","1"),
("54772","54652","7","16RE054770","0","3500","3500","0","2016-07-25","2016-07-25","2016-07-25 11:37:37","32","2016-07-25 11:37:37","32","1"),
("54773","54653","7","16RE054771","0","1000","1000","0","2016-07-25","2016-07-25","2016-07-25 11:37:39","28","2016-07-25 11:37:39","28","1"),
("54774","54654","7","16RE054772","0","500","500","0","2016-07-25","2016-07-25","2016-07-25 11:37:59","32","2016-07-25 11:37:59","32","1"),
("54775","54655","7","16RE054773","0","3000","3000","0","2016-07-25","2016-07-25","2016-07-25 11:38:07","28","2016-07-25 11:38:07","28","1"),
("54776","54656","7","16RE054774","0","3500","3500","0","2016-07-25","2016-07-25","2016-07-25 11:38:20","28","2016-07-25 11:38:20","28","1"),
("54777","54657","7","16RE054775","0","1000","1000","0","2016-07-25","2016-07-25","2016-07-25 11:38:46","32","2016-07-25 11:38:46","32","1"),
("54778","54658","7","16RE054776","0","3000","3000","0","2016-07-25","2016-07-25","2016-07-25 11:39:10","28","2016-07-25 11:39:10","28","1"),
("54779","54659","7","16RE054777","0","1000","1000","0","2016-07-25","2016-07-25","2016-07-25 11:39:14","32","2016-07-25 11:39:14","32","1"),
("54780","54660","7","16RE054778","0","1500","1500","0","2016-07-25","2016-07-25","2016-07-25 11:39:33","28","2016-07-25 11:39:33","28","1"),
("54781","54661","7","16RE054779","0","1500","1500","0","2016-07-25","2016-07-25","2016-07-25 11:39:35","32","2016-07-25 11:39:35","32","1"),
("54782","54662","7","16RE054780","0","2500","2500","0","2016-07-25","2016-07-25","2016-07-25 11:40:47","32","2016-07-25 11:40:47","32","1"),
("54783","54663","7","16RE054781","0","1500","1500","0","2016-07-25","2016-07-25","2016-07-25 11:41:22","32","2016-07-25 11:41:22","32","1"),
("54784","54664","7","16RE054782","0","6500","6500","0","2016-07-25","2016-07-25","2016-07-25 11:42:23","32","2016-07-25 11:42:23","32","1"),
("54785","54665","7","16RE054783","0","3000","3000","0","2016-07-25","2016-07-25","2016-07-25 11:43:56","28","2016-07-25 11:43:56","28","1"),
("54786","54666","7","16RE054784","0","2500","2500","0","2016-07-25","2016-07-25","2016-07-25 11:44:14","32","2016-07-25 11:44:14","32","1"),
("54787","54667","7","16RE054785","0","3000","3000","0","2016-07-25","2016-07-25","2016-07-25 11:45:21","28","2016-07-25 11:45:21","28","1"),
("54788","54668","7","16RE054786","0","1000","1000","0","2016-07-25","2016-07-25","2016-07-25 11:45:28","28","2016-07-25 11:45:28","28","1"),
("54789","54669","7","16RE054787","0","10000","10000","0","2016-07-25","2016-07-25","2016-07-25 11:45:36","32","2016-07-25 11:45:36","32","1"),
("54790","54670","7","16RE054788","0","10000","10000","0","2016-07-25","2016-07-25","2016-07-25 11:46:08","28","2016-07-25 11:46:08","28","1"),
("54791","54671","7","16RE054789","0","7000","7000","0","2016-07-25","2016-07-25","2016-07-25 11:48:21","28","2016-07-25 11:48:21","28","1"),
("54792","54672","7","16RE054790","0","25000","25000","0","2016-07-25","2016-07-25","2016-07-25 11:49:04","32","2016-07-25 11:49:04","32","1"),
("54793","54673","7","16RE054791","0","20500","20500","0","2016-07-25","2016-07-25","2016-07-25 11:49:50","28","2016-07-25 11:49:50","28","1"),
("54794","54674","7","16RE054792","0","65500","65500","0","2016-07-25","2016-07-25","2016-07-25 11:51:31","28","2016-07-25 11:51:31","28","1"),
("54795","54675","7","16RE054793","0","5500","5500","0","2016-07-25","2016-07-25","2016-07-25 11:52:57","32","2016-07-25 11:52:57","32","1"),
("54796","54676","7","16RE054794","0","2000","2000","0","2016-07-25","2016-07-25","2016-07-25 11:53:21","32","2016-07-25 11:53:21","32","1"),
("54797","54677","7","16RE054795","0","2000","2000","0","2016-07-25","2016-07-25","2016-07-25 11:54:41","32","2016-07-25 11:54:41","32","1"),
("54798","54678","7","16RE054796","0","4000","4000","0","2016-07-25","2016-07-25","2016-07-25 11:55:07","32","2016-07-25 11:55:07","32","1"),
("54799","54679","7","16RE054797","0","2100","2100","0","2016-07-25","2016-07-25","2016-07-25 11:55:52","32","2016-07-25 11:55:52","32","1"),
("54800","54680","7","16RE054798","0","3100","3100","0","2016-07-25","2016-07-25","2016-07-25 11:57:19","32","2016-07-25 11:57:19","32","1"),
("54801","54681","7","16RE054799","0","500","500","0","2016-07-25","2016-07-25","2016-07-25 11:57:23","32","2016-07-25 11:57:23","32","1"),
("54802","54682","7","16RE054800","0","4000","4000","0","2016-07-25","2016-07-25","2016-07-25 11:58:27","32","2016-07-25 11:58:27","32","1"),
("54803","54683","7","16RE054801","0","12500","12500","0","2016-07-25","2016-07-25","2016-07-25 11:59:40","32","2016-07-25 11:59:40","32","1");

