INSERT INTO inventories VALUES("71125","","","","53534","","","2228","2","1","0","500","2016-07-24","0000-00-00","","2016-07-24 09:00:42","32","2016-07-24 09:00:42","32","1"),
("71126","","","","53535","","","2166","2","10","0","700","2016-07-24","0000-00-00","","2016-07-24 09:04:10","28","2016-07-24 09:04:10","28","1"),
("71127","","","","53535","","","2107","2","1","0","6000","2016-07-24","0000-00-00","","2016-07-24 09:04:10","28","2016-07-24 09:04:10","28","1"),
("71128","","","","53536","","","2228","2","4","0","500","2016-07-24","0000-00-00","","2016-07-24 09:04:25","28","2016-07-24 09:04:25","28","1"),
("71129","","","","53537","","","2228","2","2","0","500","2016-07-24","0000-00-00","","2016-07-24 09:07:06","32","2016-07-24 09:07:06","32","1"),
("71130","","","","53538","","","2229","2","2","0","700","2016-07-24","0000-00-00","","2016-07-24 09:07:18","28","2016-07-24 09:07:18","28","1"),
("71131","","","","53539","","","2228","2","10","0","500","2016-07-24","0000-00-00","","2016-07-24 09:07:55","32","2016-07-24 09:07:55","32","1"),
("71132","","","","53540","","","2065","2","1","0","1000","2016-07-24","0000-00-00","","2016-07-24 09:08:48","28","2016-07-24 09:08:48","28","1"),
("71133","","","","53541","","","2241","2","1","0","3000","2016-07-24","0000-00-00","","2016-07-24 09:10:07","32","2016-07-24 09:10:07","32","1"),
("71134","","","","53541","","","2095","2","1","0","4000","2016-07-24","0000-00-00","","2016-07-24 09:10:07","32","2016-07-24 09:10:07","32","1"),
("71135","","","","53541","","","2113","2","2","0","5500","2016-07-24","0000-00-00","","2016-07-24 09:10:07","32","2016-07-24 09:10:07","32","1"),
("71136","","","","53542","","","2228","2","4","0","500","2016-07-24","0000-00-00","","2016-07-24 09:10:20","32","2016-07-24 09:10:20","32","1"),
("71137","","","","53543","","","2228","2","3","0","500","2016-07-24","0000-00-00","","2016-07-24 09:10:33","32","2016-07-24 09:10:33","32","1"),
("71138","","","","53544","","","2073","2","4","0","1000","2016-07-24","0000-00-00","","2016-07-24 09:11:05","28","2016-07-24 09:11:05","28","1"),
("71139","","","","53545","","","2231","2","1","0","1500","2016-07-24","0000-00-00","","2016-07-24 09:13:29","32","2016-07-24 09:13:29","32","1"),
("71140","","","","53546","","","2065","2","3","0","1000","2016-07-24","0000-00-00","","2016-07-24 09:13:40","28","2016-07-24 09:13:40","28","1"),
("71141","","","","53547","","","2229","2","4","0","700","2016-07-24","0000-00-00","","2016-07-24 09:13:52","32","2016-07-24 09:13:52","32","1"),
("71142","","","","53547","","","2231","2","2","0","1500","2016-07-24","0000-00-00","","2016-07-24 09:13:52","32","2016-07-24 09:13:52","32","1"),
("71143","","","","53548","","","2166","2","10","0","700","2016-07-24","0000-00-00","","2016-07-24 09:14:22","32","2016-07-24 09:14:22","32","1"),
("71144","","","","53549","","","2235","2","1","0","2500","2016-07-24","0000-00-00","","2016-07-24 09:15:07","32","2016-07-24 09:15:07","32","1"),
("71145","","","","53550","","","2231","2","1","0","1500","2016-07-24","0000-00-00","","2016-07-24 09:15:23","32","2016-07-24 09:15:23","32","1"),
("71146","","","","53550","","","2229","2","5","0","700","2016-07-24","0000-00-00","","2016-07-24 09:15:23","32","2016-07-24 09:15:23","32","1"),
("71147","","","","53551","","","2166","2","6","0","700","2016-07-24","0000-00-00","","2016-07-24 09:15:49","32","2016-07-24 09:15:49","32","1"),
("71148","","","","53552","","","2228","2","8","0","500","2016-07-24","0000-00-00","","2016-07-24 09:18:08","28","2016-07-24 09:18:08","28","1"),
("71149","","","","53552","","","2146","2","1","0","3500","2016-07-24","0000-00-00","","2016-07-24 09:18:08","28","2016-07-24 09:18:08","28","1"),
("71150","","","","53553","","","2228","2","5","0","500","2016-07-24","0000-00-00","","2016-07-24 09:21:41","32","2016-07-24 09:21:41","32","1"),
("71151","","","","53554","","","2228","2","10","0","500","2016-07-24","0000-00-00","","2016-07-24 09:21:50","32","2016-07-24 09:21:50","32","1"),
("71152","","","","53555","","","2065","2","1","0","1000","2016-07-24","0000-00-00","","2016-07-24 09:22:05","32","2016-07-24 09:22:05","32","1"),
("71153","","","","53556","","","2228","2","1","0","500","2016-07-24","0000-00-00","","2016-07-24 09:22:24","32","2016-07-24 09:22:24","32","1"),
("71154","","","","53557","","","2071","2","1","0","1000","2016-07-24","0000-00-00","","2016-07-24 09:23:22","32","2016-07-24 09:23:22","32","1"),
("71155","","","","53557","","","2084","2","1","0","2500","2016-07-24","0000-00-00","","2016-07-24 09:23:23","32","2016-07-24 09:23:23","32","1"),
("71156","","","","53558","","","2228","2","6","0","500","2016-07-24","0000-00-00","","2016-07-24 09:24:07","28","2016-07-24 09:24:07","28","1"),
("71157","","","","53559","","","2228","2","1","0","500","2016-07-24","0000-00-00","","2016-07-24 09:24:22","32","2016-07-24 09:24:22","32","1"),
("71158","","","","53560","","","2072","2","1","0","1000","2016-07-24","0000-00-00","","2016-07-24 09:25:10","32","2016-07-24 09:25:10","32","1"),
("71159","","","","53560","","","2240","2","1","0","5000","2016-07-24","0000-00-00","","2016-07-24 09:25:10","32","2016-07-24 09:25:10","32","1"),
("71160","","","","53561","","","2146","2","1","0","3500","2016-07-24","0000-00-00","","2016-07-24 09:25:38","32","2016-07-24 09:25:38","32","1"),
("71161","","","","53561","","","2228","2","10","0","500","2016-07-24","0000-00-00","","2016-07-24 09:25:38","32","2016-07-24 09:25:38","32","1"),
("71162","","","","53562","","","2231","2","3","0","1500","2016-07-24","0000-00-00","","2016-07-24 09:26:28","32","2016-07-24 09:26:28","32","1"),
("71163","","","53563","","","","2141","2","1","0","60000","2016-07-24","0000-00-00","","2016-07-24 09:28:23","28","2016-07-24 09:28:23","28","1"),
("71164","","","","53564","","","2228","2","3","0","500","2016-07-24","0000-00-00","","2016-07-24 09:30:33","32","2016-07-24 09:30:33","32","1"),
("71165","","","","53565","","","2228","2","4","0","500","2016-07-24","0000-00-00","","2016-07-24 09:32:24","32","2016-07-24 09:32:24","32","1"),
("71166","","","","53566","","","2065","2","1","0","1000","2016-07-24","0000-00-00","","2016-07-24 09:32:38","32","2016-07-24 09:32:38","32","1"),
("71167","","","","53567","","","2232","2","4","0","1000","2016-07-24","0000-00-00","","2016-07-24 09:33:17","32","2016-07-24 09:33:17","32","1"),
("71168","","","","53568","","","2228","2","10","0","500","2016-07-24","0000-00-00","","2016-07-24 09:37:18","32","2016-07-24 09:37:18","32","1"),
("71169","","","","53569","","","2164","2","2","0","3000","2016-07-24","0000-00-00","","2016-07-24 09:38:35","28","2016-07-24 09:38:35","28","1"),
("71170","","","","53570","","","2228","2","10","0","500","2016-07-24","0000-00-00","","2016-07-24 09:39:36","32","2016-07-24 09:39:36","32","1"),
("71171","","","","53571","","","2228","2","5","0","500","2016-07-24","0000-00-00","","2016-07-24 09:45:32","32","2016-07-24 09:45:32","32","1"),
("71172","","","","53572","","","2231","2","5","0","1500","2016-07-24","0000-00-00","","2016-07-24 09:46:33","28","2016-07-24 09:46:33","28","1"),
("71173","","","","53573","","","2228","2","5","0","500","2016-07-24","0000-00-00","","2016-07-24 09:48:23","32","2016-07-24 09:48:23","32","1"),
("71174","","","","53574","","","2229","2","3","0","700","2016-07-24","0000-00-00","","2016-07-24 09:48:47","32","2016-07-24 09:48:47","32","1"),
("71175","","","","53575","","","2235","2","1","0","2500","2016-07-24","0000-00-00","","2016-07-24 09:49:19","28","2016-07-24 09:49:19","28","1"),
("71176","","","","53575","","","2257","2","2","0","2500","2016-07-24","0000-00-00","","2016-07-24 09:49:19","28","2016-07-24 09:49:19","28","1"),
("71177","","","","53575","","","2164","2","2","0","3000","2016-07-24","0000-00-00","","2016-07-24 09:49:19","28","2016-07-24 09:49:19","28","1"),
("71178","","","","53575","","","2107","2","1","0","6000","2016-07-24","0000-00-00","","2016-07-24 09:49:20","28","2016-07-24 09:49:20","28","1"),
("71179","","","","53576","","","2102","2","1","0","5000","2016-07-24","0000-00-00","","2016-07-24 09:50:45","28","2016-07-24 09:50:45","28","1"),
("71180","","","","53577","","","2250","2","1","0","500","2016-07-24","0000-00-00","","2016-07-24 09:51:41","32","2016-07-24 09:51:41","32","1"),
("71181","","","","53578","","","2218","2","1","0","1000","2016-07-24","0000-00-00","","2016-07-24 09:53:10","28","2016-07-24 09:53:10","28","1"),
("71182","","","","53578","","","2083","2","2","0","2500","2016-07-24","0000-00-00","","2016-07-24 09:53:10","28","2016-07-24 09:53:10","28","1"),
("71183","","","","53578","","","2164","2","3","0","3000","2016-07-24","0000-00-00","","2016-07-24 09:53:10","28","2016-07-24 09:53:10","28","1"),
("71184","","","","53578","","","2240","2","1","0","5000","2016-07-24","0000-00-00","","2016-07-24 09:53:10","28","2016-07-24 09:53:10","28","1"),
("71185","","","","53579","","","2229","2","1","0","700","2016-07-24","0000-00-00","","2016-07-24 09:54:18","32","2016-07-24 09:54:18","32","1"),
("71186","","","","53579","","","2232","2","1","0","1000","2016-07-24","0000-00-00","","2016-07-24 09:54:18","32","2016-07-24 09:54:18","32","1"),
("71187","","","","53580","","","2228","2","5","0","500","2016-07-24","0000-00-00","","2016-07-24 09:55:11","32","2016-07-24 09:55:11","32","1"),
("71188","","","","53581","","","2075","2","1","0","1500","2016-07-24","0000-00-00","","2016-07-24 09:56:38","28","2016-07-24 09:56:38","28","1"),
("71189","","","","53581","","","2226","2","1","0","3000","2016-07-24","0000-00-00","","2016-07-24 09:56:38","28","2016-07-24 09:56:38","28","1"),
("71190","","","","53581","","","2070","2","1","0","1000","2016-07-24","0000-00-00","","2016-07-24 09:56:38","28","2016-07-24 09:56:38","28","1"),
("71191","","","","53582","","","2229","2","6","0","700","2016-07-24","0000-00-00","","2016-07-24 09:56:47","32","2016-07-24 09:56:47","32","1"),
("71192","","","","53583","","","2164","2","1","0","3000","2016-07-24","0000-00-00","","2016-07-24 09:56:54","28","2016-07-24 09:56:54","28","1"),
("71193","","","","53584","","","2228","2","6","0","500","2016-07-24","0000-00-00","","2016-07-24 09:57:07","32","2016-07-24 09:57:07","32","1"),
("71194","","","","53585","","","2228","2","5","0","500","2016-07-24","0000-00-00","","2016-07-24 09:57:38","28","2016-07-24 09:57:38","28","1"),
("71195","","","","53586","","","2197","2","1","0","2500","2016-07-24","0000-00-00","","2016-07-24 09:58:26","28","2016-07-24 09:58:26","28","1"),
("71196","","","","53587","","","2070","2","1","0","1000","2016-07-24","0000-00-00","","2016-07-24 10:01:17","32","2016-07-24 10:01:17","32","1"),
("71197","","","","53588","","","2164","2","2","0","3000","2016-07-24","0000-00-00","","2016-07-24 10:01:31","28","2016-07-24 10:01:31","28","1"),
("71198","","","","53589","","","2095","2","2","0","4000","2016-07-24","0000-00-00","","2016-07-24 10:03:43","28","2016-07-24 10:03:43","28","1"),
("71199","","","","53589","","","2231","2","2","0","1500","2016-07-24","0000-00-00","","2016-07-24 10:03:43","28","2016-07-24 10:03:43","28","1"),
("71200","","","","53590","","","2228","2","3","0","500","2016-07-24","0000-00-00","","2016-07-24 10:05:09","28","2016-07-24 10:05:09","28","1"),
("71201","","","","53591","","","2228","2","2","0","500","2016-07-24","0000-00-00","","2016-07-24 10:06:39","32","2016-07-24 10:06:39","32","1"),
("71202","","","","53592","","","2104","2","1","0","5500","2016-07-24","0000-00-00","","2016-07-24 10:11:26","28","2016-07-24 10:11:26","28","1"),
("71203","","","","53592","","","2240","2","1","0","5000","2016-07-24","0000-00-00","","2016-07-24 10:11:26","28","2016-07-24 10:11:26","28","1"),
("71204","","","","53592","","","2163","2","1","0","2500","2016-07-24","0000-00-00","","2016-07-24 10:11:26","28","2016-07-24 10:11:26","28","1"),
("71205","","","","53593","","","2228","2","5","0","500","2016-07-24","0000-00-00","","2016-07-24 10:11:51","32","2016-07-24 10:11:51","32","1"),
("71206","","","","53594","","","2105","2","1","0","5500","2016-07-24","0000-00-00","","2016-07-24 10:11:59","28","2016-07-24 10:11:59","28","1"),
("71207","","","","53595","","","2229","2","5","0","700","2016-07-24","0000-00-00","","2016-07-24 10:12:00","32","2016-07-24 10:12:00","32","1"),
("71208","","","","53596","","","2240","2","1","0","5000","2016-07-24","0000-00-00","","2016-07-24 10:14:55","32","2016-07-24 10:14:55","32","1"),
("71209","","","","53597","","","2228","2","6","0","500","2016-07-24","0000-00-00","","2016-07-24 10:15:06","32","2016-07-24 10:15:06","32","1"),
("71210","","","","53598","","","2095","2","1","0","4000","2016-07-24","0000-00-00","","2016-07-24 10:19:19","32","2016-07-24 10:19:19","32","1"),
("71211","","","","53599","","","2228","2","4","0","500","2016-07-24","0000-00-00","","2016-07-24 10:21:18","32","2016-07-24 10:21:18","32","1"),
("71212","","","","53600","","","2228","2","5","0","500","2016-07-24","0000-00-00","","2016-07-24 10:21:37","32","2016-07-24 10:21:37","32","1"),
("71213","","","","53601","","","2071","2","2","0","1000","2016-07-24","0000-00-00","","2016-07-24 10:24:05","28","2016-07-24 10:24:05","28","1"),
("71214","","","","53602","","","2229","2","5","0","700","2016-07-24","0000-00-00","","2016-07-24 10:27:10","32","2016-07-24 10:27:10","32","1"),
("71215","","","","53603","","","2228","2","5","0","500","2016-07-24","0000-00-00","","2016-07-24 10:27:56","32","2016-07-24 10:27:56","32","1"),
("71216","","","","53604","","","2071","2","5","0","1000","2016-07-24","0000-00-00","","2016-07-24 10:29:45","32","2016-07-24 10:29:45","32","1"),
("71217","","","","53604","","","2090","2","2","0","2500","2016-07-24","0000-00-00","","2016-07-24 10:29:46","32","2016-07-24 10:29:46","32","1"),
("71218","","","","53604","","","2231","2","5","0","1500","2016-07-24","0000-00-00","","2016-07-24 10:29:46","32","2016-07-24 10:29:46","32","1"),
("71219","","","","53605","","","2065","2","5","0","1000","2016-07-24","0000-00-00","","2016-07-24 10:32:01","28","2016-07-24 10:32:01","28","1"),
("71220","","","","53606","","","2083","2","2","0","2500","2016-07-24","0000-00-00","","2016-07-24 10:34:41","28","2016-07-24 10:34:41","28","1"),
("71221","","","","53607","","","2095","2","10","0","3500","2016-07-24","0000-00-00","","2016-07-24 10:35:05","28","2016-07-24 10:35:05","28","1"),
("71222","","","","53608","","","2163","2","2","0","2500","2016-07-24","0000-00-00","","2016-07-24 10:35:32","28","2016-07-24 10:35:32","28","1"),
("71223","","","","53609","","","2228","2","30","0","500","2016-07-24","0000-00-00","","2016-07-24 10:37:04","28","2016-07-24 10:37:04","28","1"),
("71224","","","","53610","","","2228","2","4","0","500","2016-07-24","0000-00-00","","2016-07-24 10:37:36","28","2016-07-24 10:37:36","28","1"),
("71225","","","","53611","","","2110","2","3","0","2500","2016-07-24","0000-00-00","","2016-07-24 10:39:08","28","2016-07-24 10:39:08","28","1"),
("71226","","","","53611","","","2065","2","3","0","1000","2016-07-24","0000-00-00","","2016-07-24 10:39:08","28","2016-07-24 10:39:08","28","1"),
("71227","","","","53611","","","2238","2","1","0","2500","2016-07-24","0000-00-00","","2016-07-24 10:39:08","28","2016-07-24 10:39:08","28","1"),
("71228","","","","53611","","","2164","2","2","0","3000","2016-07-24","0000-00-00","","2016-07-24 10:39:08","28","2016-07-24 10:39:08","28","1"),
("71229","","","","53611","","","2083","2","6","0","2500","2016-07-24","0000-00-00","","2016-07-24 10:39:08","28","2016-07-24 10:39:08","28","1"),
("71230","","","","53612","","","2240","2","1","0","5000","2016-07-24","0000-00-00","","2016-07-24 10:39:13","28","2016-07-24 10:39:13","28","1"),
("71231","","","","53613","","","2164","2","1","0","3000","2016-07-24","0000-00-00","","2016-07-24 10:40:05","28","2016-07-24 10:40:05","28","1"),
("71232","","","","53613","","","2073","2","1","0","1000","2016-07-24","0000-00-00","","2016-07-24 10:40:05","28","2016-07-24 10:40:05","28","1"),
("71233","","","","53613","","","2240","2","2","0","5000","2016-07-24","0000-00-00","","2016-07-24 10:40:05","28","2016-07-24 10:40:05","28","1"),
("71234","","","","53613","","","2113","2","1","0","5500","2016-07-24","0000-00-00","","2016-07-24 10:40:05","28","2016-07-24 10:40:05","28","1"),
("71235","","","","53614","","","2232","2","2","0","1000","2016-07-24","0000-00-00","","2016-07-24 10:40:19","28","2016-07-24 10:40:19","28","1"),
("71236","","","","53615","","","2228","2","5","0","500","2016-07-24","0000-00-00","","2016-07-24 10:41:03","28","2016-07-24 10:41:03","28","1"),
("71237","","","","53616","","","2166","2","5","0","700","2016-07-24","0000-00-00","","2016-07-24 10:42:31","28","2016-07-24 10:42:31","28","1"),
("71238","","","","53617","","","2125","2","1","0","1000","2016-07-24","0000-00-00","","2016-07-24 10:42:55","28","2016-07-24 10:42:55","28","1"),
("71239","","","","53617","","","2126","2","1","0","2000","2016-07-24","0000-00-00","","2016-07-24 10:42:55","28","2016-07-24 10:42:55","28","1"),
("71240","","","","53617","","","2231","2","2","0","1500","2016-07-24","0000-00-00","","2016-07-24 10:42:55","28","2016-07-24 10:42:55","28","1"),
("71241","","","","53617","","","2240","2","1","0","5000","2016-07-24","0000-00-00","","2016-07-24 10:42:55","28","2016-07-24 10:42:55","28","1"),
("71242","","","","53618","","","2236","2","3","0","2000","2016-07-24","0000-00-00","","2016-07-24 10:43:34","28","2016-07-24 10:43:34","28","1"),
("71243","","","","53619","","","2231","2","4","0","1500","2016-07-24","0000-00-00","","2016-07-24 10:43:45","28","2016-07-24 10:43:45","28","1"),
("71244","","","","53620","","","2231","2","4","0","1500","2016-07-24","0000-00-00","","2016-07-24 10:45:20","28","2016-07-24 10:45:20","28","1"),
("71245","","","","53621","","","2228","2","10","0","500","2016-07-24","0000-00-00","","2016-07-24 10:47:42","28","2016-07-24 10:47:42","28","1"),
("71246","","","","53622","","","2231","2","2","0","1500","2016-07-24","0000-00-00","","2016-07-24 10:50:54","28","2016-07-24 10:50:54","28","1"),
("71247","","","","53622","","","2228","2","3","0","500","2016-07-24","0000-00-00","","2016-07-24 10:50:54","28","2016-07-24 10:50:54","28","1"),
("71248","","","","53623","","","2228","2","10","0","500","2016-07-24","0000-00-00","","2016-07-24 10:52:20","28","2016-07-24 10:52:20","28","1"),
("71249","","","","53624","","","2228","2","5","0","500","2016-07-24","0000-00-00","","2016-07-24 10:57:31","28","2016-07-24 10:57:31","28","1"),
("71250","","","","53625","","","2231","2","1","0","1500","2016-07-24","0000-00-00","","2016-07-24 10:59:17","32","2016-07-24 10:59:17","32","1"),
("71251","","","","53626","","","2233","2","2","0","2000","2016-07-24","0000-00-00","","2016-07-24 11:03:40","32","2016-07-24 11:03:40","32","1"),
("71252","","","","53627","","","2095","2","1","0","4000","2016-07-24","0000-00-00","","2016-07-24 11:08:22","28","2016-07-24 11:08:22","28","1"),
("71253","","","","53628","","","2125","2","1","0","1000","2016-07-24","0000-00-00","","2016-07-24 11:10:49","32","2016-07-24 11:10:49","32","1"),
("71254","","","","53628","","","2165","2","1","0","1000","2016-07-24","0000-00-00","","2016-07-24 11:10:49","32","2016-07-24 11:10:49","32","1"),
("71255","","","","53629","","","2229","2","20","0","700","2016-07-24","0000-00-00","","2016-07-24 11:10:57","32","2016-07-24 11:10:57","32","1"),
("71256","","","","53630","","","2232","2","5","0","1000","2016-07-24","0000-00-00","","2016-07-24 11:12:06","32","2016-07-24 11:12:06","32","1"),
("71257","","","","53630","","","2229","2","10","0","700","2016-07-24","0000-00-00","","2016-07-24 11:12:06","32","2016-07-24 11:12:06","32","1"),
("71258","","","","53631","","","2229","2","1","0","700","2016-07-24","0000-00-00","","2016-07-24 11:12:42","32","2016-07-24 11:12:42","32","1"),
("71259","","","","53631","","","2228","2","2","0","500","2016-07-24","0000-00-00","","2016-07-24 11:12:42","32","2016-07-24 11:12:42","32","1"),
("71260","","","","53632","","","2102","2","2","0","5000","2016-07-24","0000-00-00","","2016-07-24 11:14:10","32","2016-07-24 11:14:10","32","1"),
("71261","","","","53632","","","2164","2","8","0","3000","2016-07-24","0000-00-00","","2016-07-24 11:14:10","32","2016-07-24 11:14:10","32","1"),
("71262","","","","53633","","","2077","2","2","0","1500","2016-07-24","0000-00-00","","2016-07-24 11:14:54","32","2016-07-24 11:14:54","32","1"),
("71263","","","","53633","","","2076","2","2","0","2000","2016-07-24","0000-00-00","","2016-07-24 11:14:55","32","2016-07-24 11:14:55","32","1"),
("71264","","","","53633","","","2078","2","2","0","1500","2016-07-24","0000-00-00","","2016-07-24 11:14:55","32","2016-07-24 11:14:55","32","1"),
("71265","","","","53634","","","2164","2","2","0","3000","2016-07-24","0000-00-00","","2016-07-24 11:16:07","28","2016-07-24 11:16:07","28","1"),
("71266","","","","53635","","","2125","2","1","0","1000","2016-07-24","0000-00-00","","2016-07-24 11:17:47","28","2016-07-24 11:17:47","28","1"),
("71267","","","","53636","","","2104","2","1","0","5500","2016-07-24","0000-00-00","","2016-07-24 11:18:52","32","2016-07-24 11:18:52","32","1"),
("71268","","","","53637","","","2228","2","6","0","500","2016-07-24","0000-00-00","","2016-07-24 11:21:46","32","2016-07-24 11:21:46","32","1"),
("71269","","","","53638","","","2233","2","1","0","2000","2016-07-24","0000-00-00","","2016-07-24 11:23:03","28","2016-07-24 11:23:03","28","1"),
("71270","","","","53639","","","2084","2","1","0","2500","2016-07-24","0000-00-00","","2016-07-24 11:23:14","28","2016-07-24 11:23:14","28","1"),
("71271","","","","53639","","","2075","2","1","0","1500","2016-07-24","0000-00-00","","2016-07-24 11:23:14","28","2016-07-24 11:23:14","28","1"),
("71272","","","","53640","","","2232","2","5","0","1000","2016-07-24","0000-00-00","","2016-07-24 11:24:35","32","2016-07-24 11:24:35","32","1"),
("71273","","","","53641","","","2228","2","200","0","500","2016-07-24","0000-00-00","","2016-07-24 11:26:51","28","2016-07-24 11:26:51","28","1"),
("71274","","","","53642","","","2228","2","6","0","500","2016-07-24","0000-00-00","","2016-07-24 11:30:18","28","2016-07-24 11:30:18","28","1"),
("71275","","","","53643","","","2228","2","2","0","500","2016-07-24","0000-00-00","","2016-07-24 11:30:55","28","2016-07-24 11:30:55","28","1"),
("71276","","","","53644","","","2070","2","2","0","1000","2016-07-24","0000-00-00","","2016-07-24 11:32:04","28","2016-07-24 11:32:04","28","1"),
("71277","","","","53644","","","2232","2","1","0","1000","2016-07-24","0000-00-00","","2016-07-24 11:32:04","28","2016-07-24 11:32:04","28","1"),
("71278","","","","53644","","","2229","2","3","0","700","2016-07-24","0000-00-00","","2016-07-24 11:32:04","28","2016-07-24 11:32:04","28","1"),
("71279","","","","53645","","","2250","2","2","0","500","2016-07-24","0000-00-00","","2016-07-24 11:32:31","28","2016-07-24 11:32:31","28","1"),
("71280","","","","53646","","","2228","2","6","0","500","2016-07-24","0000-00-00","","2016-07-24 11:32:50","28","2016-07-24 11:32:50","28","1"),
("71281","","","","53647","","","2231","2","1","0","1500","2016-07-24","0000-00-00","","2016-07-24 11:33:14","28","2016-07-24 11:33:14","28","1"),
("71282","","","","53647","","","2166","2","3","0","700","2016-07-24","0000-00-00","","2016-07-24 11:33:14","28","2016-07-24 11:33:14","28","1"),
("71283","","","","53648","","","2228","2","5","0","500","2016-07-24","0000-00-00","","2016-07-24 11:33:25","28","2016-07-24 11:33:25","28","1"),
("71284","","","","53649","","","2228","2","12","0","500","2016-07-24","0000-00-00","","2016-07-24 11:34:41","32","2016-07-24 11:34:41","32","1"),
("71285","","","","53650","","","2228","2","20","0","500","2016-07-24","0000-00-00","","2016-07-24 11:36:03","32","2016-07-24 11:36:03","32","1"),
("71286","","","","53651","","","2228","2","10","0","500","2016-07-24","0000-00-00","","2016-07-24 11:37:54","32","2016-07-24 11:37:54","32","1"),
("71287","","","","53652","","","2146","2","1","0","3500","2016-07-24","0000-00-00","","2016-07-24 11:38:04","32","2016-07-24 11:38:04","32","1"),
("71288","","","","53653","","","2166","2","1","0","700","2016-07-24","0000-00-00","","2016-07-24 11:40:30","32","2016-07-24 11:40:30","32","1"),
("71289","","","","53653","","","2228","2","2","0","500","2016-07-24","0000-00-00","","2016-07-24 11:40:30","32","2016-07-24 11:40:30","32","1"),
("71290","","","","53654","","","2073","2","2","0","1000","2016-07-24","0000-00-00","","2016-07-24 11:42:29","28","2016-07-24 11:42:29","28","1"),
("71291","","","","53655","","","2229","2","1","0","700","2016-07-24","0000-00-00","","2016-07-24 11:47:51","28","2016-07-24 11:47:51","28","1"),
("71292","","","","53656","","","2229","2","3","0","700","2016-07-24","0000-00-00","","2016-07-24 11:49:26","28","2016-07-24 11:49:26","28","1"),
("71293","","","","53657","","","2125","2","1","0","1000","2016-07-24","0000-00-00","","2016-07-24 11:49:36","28","2016-07-24 11:49:36","28","1"),
("71294","","","","53658","","","2228","2","10","0","500","2016-07-24","0000-00-00","","2016-07-24 11:51:40","28","2016-07-24 11:51:40","28","1"),
("71295","","","","53659","","","2233","2","5","0","1500","2016-07-24","0000-00-00","","2016-07-24 11:54:10","28","2016-07-24 11:54:10","28","1"),
("71296","","","","53659","","","2229","2","60","0","500","2016-07-24","0000-00-00","","2016-07-24 11:54:10","28","2016-07-24 11:54:10","28","1"),
("71297","","","","53659","","","2065","2","40","0","700","2016-07-24","0000-00-00","","2016-07-24 11:54:10","28","2016-07-24 11:54:10","28","1"),
("71298","","","","53660","","","2231","2","2","0","1500","2016-07-24","0000-00-00","","2016-07-24 11:56:30","28","2016-07-24 11:56:30","28","1"),
("71299","","","","53661","","","2233","2","4","0","2000","2016-07-24","0000-00-00","","2016-07-24 11:57:40","28","2016-07-24 11:57:40","28","1"),
("71300","","","","53662","","","2095","2","1","0","4000","2016-07-24","0000-00-00","","2016-07-24 11:57:54","28","2016-07-24 11:57:54","28","1"),
("71301","","","","53663","","","2228","2","6","0","500","2016-07-24","0000-00-00","","2016-07-24 11:58:35","28","2016-07-24 11:58:35","28","1"),
("71302","","","","53663","","","2095","2","1","0","4000","2016-07-24","0000-00-00","","2016-07-24 11:58:35","28","2016-07-24 11:58:35","28","1"),
("71303","","","","53664","","","2075","2","1","0","1500","2016-07-24","0000-00-00","","2016-07-24 11:58:51","28","2016-07-24 11:58:51","28","1"),
("71304","","","","53665","","","2099","2","1","0","2000","2016-07-24","0000-00-00","","2016-07-24 11:59:19","28","2016-07-24 11:59:19","28","1");

DROP TABLE inventory_totals;

CREATE TABLE `inventory_totals` (
  `product_id` bigint(20) NOT NULL,
  `location_id` bigint(20) NOT NULL,
  `total_qty` double DEFAULT '0',
  `created_at` datetime NOT NULL,
  `created_by` bigint(11) NOT NULL,
  `updated_at` datetime NOT NULL,
  `updated_by` bigint(11) NOT NULL,
  PRIMARY KEY (`product_id`,`location_id`),
  KEY `product_id` (`product_id`),
  KEY `location_id` (`location_id`)
) ENGINE=InnoDB DEFAULT CHARSET=utf8 COLLATE=utf8_unicode_ci;

INSERT INTO inventory_totals VALUES("2064","2","-938","2016-05-30 20:44:40","28","2016-07-24 08:30:15","28");
INSERT INTO inventory_totals VALUES("2065","2","-10005","2016-05-30 17:12:37","28","2016-07-24 11:54:10","28");
INSERT INTO inventory_totals VALUES("2067","2","-877","2016-05-30 20:12:19","28","2016-07-24 08:58:30","28");
INSERT INTO inventory_totals VALUES("2070","2","-1379","2016-05-30 19:12:04","28","2016-07-24 11:32:04","28");
INSERT INTO inventory_totals VALUES("2071","2","-2704","2016-05-30 20:20:55","32","2016-07-24 10:29:45","32");
INSERT INTO inventory_totals VALUES("2072","2","-535","2016-06-01 10:24:38","32","2016-07-24 09:25:10","32");
INSERT INTO inventory_totals VALUES("2073","2","-1501","2016-05-30 17:09:35","28","2016-07-24 11:42:29","28");
INSERT INTO inventory_totals VALUES("2074","2","-719","2016-05-30 17:09:50","28","2016-07-24 08:53:47","28");
INSERT INTO inventory_totals VALUES("2075","2","-1375","2016-05-30 19:40:28","28","2016-07-24 11:58:51","28");
INSERT INTO inventory_totals VALUES("2076","2","-610","2016-05-30 17:15:10","32","2016-07-24 11:14:55","32");
INSERT INTO inventory_totals VALUES("2077","2","-183","2016-06-02 16:11:58","32","2016-07-24 11:14:54","32");
INSERT INTO inventory_totals VALUES("2078","2","-485","2016-05-31 07:51:51","32","2016-07-24 11:14:55","32");
INSERT INTO inventory_totals VALUES("2079","2","-343","2016-05-30 17:34:03","28","2016-07-23 20:18:56","28");
INSERT INTO inventory_totals VALUES("2082","2","-267","2016-05-30 20:35:30","28","2016-07-23 19:40:50","28");
INSERT INTO inventory_totals VALUES("2083","2","-3543","2016-05-30 17:13:02","28","2016-07-24 10:39:08","28");
INSERT INTO inventory_totals VALUES("2084","2","-471","2016-05-30 17:13:26","28","2016-07-24 11:23:14","28");
INSERT INTO inventory_totals VALUES("2085","2","-461","2016-05-30 18:17:34","28","2016-07-24 08:15:55","28");
INSERT INTO inventory_totals VALUES("2088","2","-204","2016-05-31 08:25:04","32","2016-07-23 18:23:33","32");
INSERT INTO inventory_totals VALUES("2089","2","-156","2016-06-06 07:55:52","32","2016-07-22 08:57:24","32");
INSERT INTO inventory_totals VALUES("2090","2","-342","2016-06-03 07:53:09","32","2016-07-24 10:29:46","32");
INSERT INTO inventory_totals VALUES("2092","2","-22","2016-06-05 13:07:45","32","2016-06-26 17:13:30","32");
INSERT INTO inventory_totals VALUES("2093","2","-1275","2016-05-31 08:55:09","28","2016-07-24 07:04:16","28");
INSERT INTO inventory_totals VALUES("2095","2","-3349","2016-05-30 16:57:46","28","2016-07-24 11:58:35","28");
INSERT INTO inventory_totals VALUES("2097","2","-152","2016-05-31 11:50:36","28","2016-07-23 07:56:38","28");
INSERT INTO inventory_totals VALUES("2098","2","-140","2016-05-31 11:48:59","28","2016-07-24 08:17:00","28");
INSERT INTO inventory_totals VALUES("2099","2","-795","2016-05-30 19:54:32","28","2016-07-24 11:59:19","28");
INSERT INTO inventory_totals VALUES("2100","2","-126","2016-06-01 11:05:58","28","2016-07-24 08:59:56","28");
INSERT INTO inventory_totals VALUES("2101","2","-4","2016-06-04 16:36:48","28","2016-06-15 08:23:32","28");
INSERT INTO inventory_totals VALUES("2102","2","-236","2016-05-30 18:50:51","32","2016-07-24 11:14:10","32");
INSERT INTO inventory_totals VALUES("2103","2","-155","2016-05-30 18:21:22","32","2016-07-23 17:34:10","32");
INSERT INTO inventory_totals VALUES("2104","2","-2051","2016-05-30 18:45:00","32","2016-07-24 11:18:52","32");
INSERT INTO inventory_totals VALUES("2105","2","-94","2016-05-31 04:27:09","28","2016-07-24 10:11:59","28");
INSERT INTO inventory_totals VALUES("2107","2","-1197","2016-05-30 17:13:44","28","2016-07-24 09:49:20","28");
INSERT INTO inventory_totals VALUES("2108","2","-2","2016-06-22 07:31:24","26","2016-07-16 06:34:13","26");
INSERT INTO inventory_totals VALUES("2109","2","-4","2016-06-02 11:24:48","26","2016-07-14 13:26:17","26");
INSERT INTO inventory_totals VALUES("2110","2","-518","2016-05-31 09:56:02","28","2016-07-24 10:39:08","28");
INSERT INTO inventory_totals VALUES("2111","2","-97","2016-05-31 06:44:27","28","2016-07-24 07:31:03","28");
INSERT INTO inventory_totals VALUES("2112","2","-220","2016-05-31 17:42:17","28","2016-07-24 07:31:30","28");
INSERT INTO inventory_totals VALUES("2113","2","-394","2016-05-31 06:07:51","28","2016-07-24 10:40:05","28");
INSERT INTO inventory_totals VALUES("2114","2","-48","2016-05-31 17:05:12","28","2016-07-21 18:27:09","28");
INSERT INTO inventory_totals VALUES("2116","2","-104","2016-05-30 19:09:50","26","2016-07-24 07:24:22","26");
INSERT INTO inventory_totals VALUES("2117","2","-119","2016-05-31 15:15:55","28","2016-07-23 18:19:37","28");
INSERT INTO inventory_totals VALUES("2118","2","-1180","2016-05-30 17:25:00","28","2016-07-24 08:25:22","28");
INSERT INTO inventory_totals VALUES("2119","2","-107","2016-05-31 04:10:53","28","2016-07-23 20:37:00","28");
INSERT INTO inventory_totals VALUES("2120","2","-23","2016-06-01 15:07:34","28","2016-06-24 08:28:25","28");
INSERT INTO inventory_totals VALUES("2121","2","-410","2016-05-30 16:56:09","26","2016-07-24 05:40:23","26");
INSERT INTO inventory_totals VALUES("2125","2","-2353","2016-05-30 17:14:38","28","2016-07-24 11:49:36","28");
INSERT INTO inventory_totals VALUES("2126","2","-1084","2016-05-30 17:17:44","28","2016-07-24 10:42:55","28");
INSERT INTO inventory_totals VALUES("2127","2","-1","2016-06-01 09:16:57","28","2016-06-01 09:16:57","28");
INSERT INTO inventory_totals VALUES("2128","2","-3","2016-05-30 17:17:34","27","2016-05-31 08:21:59","27");
INSERT INTO inventory_totals VALUES("2129","2","-81","2016-05-31 08:02:05","32","2016-07-22 11:46:44","32");
INSERT INTO inventory_totals VALUES("2130","2","-2","2016-05-31 11:51:20","28","2016-05-31 12:08:32","28");
INSERT INTO inventory_totals VALUES("2131","2","-5","2016-06-02 09:48:54","28","2016-06-11 08:04:29","28");
INSERT INTO inventory_totals VALUES("2133","2","-237","2016-05-30 20:04:42","28","2016-07-24 06:33:16","28");
INSERT INTO inventory_totals VALUES("2134","2","-1120","2016-05-30 17:16:20","32","2016-07-23 18:51:51","32");
INSERT INTO inventory_totals VALUES("2135","2","-155","2016-05-31 18:50:40","32","2016-07-23 19:07:57","32");
INSERT INTO inventory_totals VALUES("2136","2","-429","2016-05-30 17:16:20","32","2016-07-23 18:51:51","32");
INSERT INTO inventory_totals VALUES("2137","2","-170","2016-05-30 17:00:35","28","2016-07-24 08:45:28","28");
INSERT INTO inventory_totals VALUES("2138","2","-64","2016-06-01 18:10:15","28","2016-07-22 19:11:50","28");
INSERT INTO inventory_totals VALUES("2139","2","-98","2016-05-30 19:37:44","32","2016-07-21 12:02:18","32");
INSERT INTO inventory_totals VALUES("2140","2","-244","2016-05-30 17:16:20","28","2016-07-23 18:41:42","28");
INSERT INTO inventory_totals VALUES("2141","2","-91","2016-05-31 16:15:13","28","2016-07-24 09:28:23","28");
INSERT INTO inventory_totals VALUES("2142","2","-12","2016-06-04 12:04:34","28","2016-07-16 14:20:54","28");
INSERT INTO inventory_totals VALUES("2143","2","-16","2016-06-01 14:37:00","28","2016-07-22 10:31:42","28");
INSERT INTO inventory_totals VALUES("2144","2","-6","2016-06-02 16:28:24","28","2016-07-22 18:41:13","28");
INSERT INTO inventory_totals VALUES("2146","2","-748","2016-05-31 04:25:13","32","2016-07-24 11:38:04","32");
INSERT INTO inventory_totals VALUES("2163","2","-822","2016-05-30 19:12:04","28","2016-07-24 10:35:32","28");
INSERT INTO inventory_totals VALUES("2164","2","-3414","2016-05-30 16:53:06","28","2016-07-24 11:16:07","28");
INSERT INTO inventory_totals VALUES("2165","2","-684","2016-05-30 17:13:26","32","2016-07-24 11:10:49","32");
INSERT INTO inventory_totals VALUES("2166","2","-11729","2016-05-30 15:16:51","32","2016-07-24 11:40:30","32");
INSERT INTO inventory_totals VALUES("2172","2","-1025","2016-05-30 17:07:00","32","2016-07-24 08:34:52","32");
INSERT INTO inventory_totals VALUES("2173","2","-161","2016-05-31 10:33:36","28","2016-07-24 08:36:45","28");
INSERT INTO inventory_totals VALUES("2174","2","-62","2016-05-31 09:21:36","28","2016-07-23 11:36:07","28");
INSERT INTO inventory_totals VALUES("2178","2","-29","2016-06-02 05:19:47","26","2016-07-23 15:37:22","26");
INSERT INTO inventory_totals VALUES("2179","2","-2","2016-06-19 13:01:57","26","2016-06-22 13:15:45","26");
INSERT INTO inventory_totals VALUES("2182","2","-268","2016-05-30 18:50:52","28","2016-07-22 19:12:35","28");
INSERT INTO inventory_totals VALUES("2183","2","-5","2016-06-17 08:39:20","28","2016-07-10 20:20:53","28");
INSERT INTO inventory_totals VALUES("2188","2","-34","2016-06-02 05:19:47","26","2016-07-23 15:37:22","26");
INSERT INTO inventory_totals VALUES("2197","2","-1070","2016-05-31 05:33:48","28","2016-07-24 09:58:26","28");
INSERT INTO inventory_totals VALUES("2198","2","-51","2016-05-31 06:32:11","26","2016-07-23 14:07:35","26");
INSERT INTO inventory_totals VALUES("2199","2","-80","2016-05-30 20:45:32","32","2016-07-15 11:38:49","32");
INSERT INTO inventory_totals VALUES("2201","2","-1","2016-07-22 07:59:15","28","2016-07-22 07:59:15","28");
INSERT INTO inventory_totals VALUES("2202","2","-12","2016-06-05 05:43:31","26","2016-07-14 06:04:21","26");
INSERT INTO inventory_totals VALUES("2203","2","-27","2016-06-01 18:10:15","28","2016-07-14 12:28:33","28");
INSERT INTO inventory_totals VALUES("2204","2","-13","2016-06-05 15:46:14","26","2016-07-18 13:32:22","26");
INSERT INTO inventory_totals VALUES("2206","2","-6","2016-06-11 18:11:55","32","2016-07-19 18:21:51","32");
INSERT INTO inventory_totals VALUES("2207","2","-67","2016-06-05 20:28:13","28","2016-07-24 08:45:28","28");
INSERT INTO inventory_totals VALUES("2208","2","-9","2016-06-03 12:29:19","28","2016-07-22 16:13:30","28");
INSERT INTO inventory_totals VALUES("2209","2","-3","2016-06-01 15:42:51","28","2016-07-13 20:12:25","28");
INSERT INTO inventory_totals VALUES("2213","2","-45","2016-06-08 08:14:22","28","2016-07-22 19:09:38","28");
INSERT INTO inventory_totals VALUES("2217","2","-20","2016-06-03 19:05:30","28","2016-07-23 11:35:54","28");
INSERT INTO inventory_totals VALUES("2218","2","-102","2016-05-31 10:46:14","28","2016-07-24 09:53:10","28");
INSERT INTO inventory_totals VALUES("2219","2","-298","2016-06-02 07:11:01","28","2016-07-24 08:12:42","28");
INSERT INTO inventory_totals VALUES("2220","2","-1150","2016-06-06 12:05:02","28","2016-07-12 17:18:00","28");
INSERT INTO inventory_totals VALUES("2226","2","-731","2016-05-30 20:29:24","28","2016-07-24 09:56:38","28");
INSERT INTO inventory_totals VALUES("2228","2","-147048","2016-05-30 16:53:06","28","2016-07-24 11:58:35","28");
INSERT INTO inventory_totals VALUES("2229","2","-78832","2016-05-30 18:02:49","28","2016-07-24 11:54:10","28");
INSERT INTO inventory_totals VALUES("2231","2","-28842","2016-05-30 16:58:22","28","2016-07-24 11:56:30","28");
INSERT INTO inventory_totals VALUES("2232","2","-2933","2016-05-30 18:38:35","28","2016-07-24 11:32:04","28");
INSERT INTO inventory_totals VALUES("2233","2","-6318","2016-05-30 19:34:27","28","2016-07-24 11:57:40","28");
INSERT INTO inventory_totals VALUES("2235","2","-1321","2016-05-30 19:37:44","28","2016-07-24 09:49:19","28");
INSERT INTO inventory_totals VALUES("2236","2","-785","2016-05-30 20:25:09","28","2016-07-24 10:43:34","28");
INSERT INTO inventory_totals VALUES("2237","2","-52","2016-06-06 07:55:52","28","2016-07-23 20:25:33","28");
INSERT INTO inventory_totals VALUES("2238","2","-182","2016-05-31 06:54:44","28","2016-07-24 10:39:08","28");
INSERT INTO inventory_totals VALUES("2239","2","-458","2016-05-31 11:09:13","32","2016-07-19 08:38:36","32");
INSERT INTO inventory_totals VALUES("2240","2","-1699","2016-05-30 16:58:52","28","2016-07-24 10:42:55","28");
INSERT INTO inventory_totals VALUES("2241","2","-131","2016-05-31 13:05:46","32","2016-07-24 09:10:07","32");
INSERT INTO inventory_totals VALUES("2243","2","-126","2016-05-30 17:15:34","28","2016-07-20 08:54:05","28");
INSERT INTO inventory_totals VALUES("2250","2","-4914","2016-05-30 17:14:11","28","2016-07-24 11:32:31","28");
INSERT INTO inventory_totals VALUES("2251","2","-1","2016-07-09 18:58:52","28","2016-07-09 18:58:52","28");
INSERT INTO inventory_totals VALUES("2252","2","-87","2016-06-04 16:15:52","28","2016-07-24 08:59:56","28");
INSERT INTO inventory_totals VALUES("2253","2","-114","2016-05-31 13:24:22","26","2016-07-24 05:33:07","26");
INSERT INTO inventory_totals VALUES("2254","2","-893","2016-05-31 18:14:09","28","2016-07-23 19:47:10","28");
INSERT INTO inventory_totals VALUES("2255","2","-392","2016-06-02 18:24:09","28","2016-07-23 19:47:10","28");
INSERT INTO inventory_totals VALUES("2256","2","-28","2016-06-02 17:07:21","28","2016-07-07 23:27:23","28");
INSERT INTO inventory_totals VALUES("2257","2","-239","2016-06-02 18:53:00","28","2016-07-24 09:49:19","28");
INSERT INTO inventory_totals VALUES("2258","2","-51","2016-06-06 11:06:36","26","2016-07-18 15:45:43","26");
INSERT INTO inventory_totals VALUES("2259","2","-70","2016-06-22 14:12:02","26","2016-07-23 05:40:34","26");
INSERT INTO inventory_totals VALUES("2260","2","-18","2016-07-11 05:45:45","26","2016-07-24 06:18:33","26");
INSERT INTO inventory_totals VALUES("2262","2","-1","2016-07-21 07:37:38","26","2016-07-21 07:37:38","26");



DROP TABLE inventory_total_details;

CREATE TABLE `inventory_total_details` (
  `product_id` bigint(20) NOT NULL,
  `location_id` bigint(20) NOT NULL,
  `total_cycle` double DEFAULT '0',
  `total_so` double DEFAULT '0',
  `total_pos` double DEFAULT '0',
  `total_cm` double DEFAULT '0',
  `total_to_in` double DEFAULT '0',
  `total_to_out` double DEFAULT '0',
  `date` date NOT NULL,
  `created_at` datetime NOT NULL,
  `created_by` bigint(11) NOT NULL,
  `updated_at` datetime NOT NULL,
  `updated_by` bigint(11) NOT NULL,
  PRIMARY KEY (`product_id`,`location_id`,`date`),
  KEY `product_id` (`product_id`),
  KEY `location_id` (`location_id`),
  KEY `date` (`date`)
) ENGINE=InnoDB DEFAULT CHARSET=utf8 COLLATE=utf8_unicode_ci;

INSERT INTO inventory_total_details VALUES("2064","2","0","0","-1","0","0","0","2016-05-30","2016-05-30 20:44:40","24","2016-05-30 20:44:40","24");
INSERT INTO inventory_total_details VALUES("2065","2","0","0","-2","0","0","0","2016-05-30","2016-05-30 17:12:37","24","2016-05-30 21:01:14","24");
INSERT INTO inventory_total_details VALUES("2067","2","0","0","-2","0","0","0","2016-05-30","2016-05-30 20:12:19","24","2016-05-30 20:37:06","24");
INSERT INTO inventory_total_details VALUES("2070","2","0","0","-3","0","0","0","2016-05-30","2016-05-30 19:12:04","27","2016-05-30 19:12:04","27");
INSERT INTO inventory_total_details VALUES("2071","2","0","0","-1","0","0","0","2016-05-30","2016-05-30 20:20:55","24","2016-05-30 20:20:55","24");
INSERT INTO inventory_total_details VALUES("2072","2","0","0","-5","0","0","0","2016-06-01","2016-06-01 10:24:38","27","2016-06-01 17:19:29","27");
INSERT INTO inventory_total_details VALUES("2073","2","0","0","-2","0","0","0","2016-05-30","2016-05-30 17:09:35","24","2016-05-30 20:20:55","24");
INSERT INTO inventory_total_details VALUES("2074","2","0","0","-1","0","0","0","2016-05-30","2016-05-30 17:09:51","1","2016-05-30 17:09:51","1");
INSERT INTO inventory_total_details VALUES("2075","2","0","0","-2","0","0","0","2016-05-30","2016-05-30 19:40:28","27","2016-05-30 19:40:28","27");
INSERT INTO inventory_total_details VALUES("2076","2","0","0","-1","0","0","0","2016-05-30","2016-05-30 17:15:10","27","2016-05-30 19:40:28","27");
INSERT INTO inventory_total_details VALUES("2077","2","0","0","-2","0","0","0","2016-06-02","2016-06-02 16:11:58","27","2016-06-02 16:11:58","27");
INSERT INTO inventory_total_details VALUES("2078","2","0","0","-1","0","0","0","2016-05-31","2016-05-31 07:51:51","1","2016-05-31 13:22:44","1");
INSERT INTO inventory_total_details VALUES("2079","2","0","0","-1","0","0","0","2016-05-30","2016-05-30 17:34:03","1","2016-05-30 17:34:03","1");
INSERT INTO inventory_total_details VALUES("2082","2","0","0","-1","0","0","0","2016-05-30","2016-05-30 20:35:30","24","2016-05-30 20:35:30","24");
INSERT INTO inventory_total_details VALUES("2083","2","0","0","-2","0","0","0","2016-05-30","2016-05-30 17:13:02","24","2016-05-30 20:44:10","24");
INSERT INTO inventory_total_details VALUES("2084","2","0","0","-1","0","0","0","2016-05-30","2016-05-30 17:13:26","24","2016-05-30 20:36:29","24");
INSERT INTO inventory_total_details VALUES("2085","2","0","0","-1","0","0","0","2016-05-30","2016-05-30 18:17:35","24","2016-05-30 18:17:35","24");
INSERT INTO inventory_total_details VALUES("2088","2","0","0","-1","0","0","0","2016-05-31","2016-05-31 08:25:04","1","2016-05-31 15:55:07","1");
INSERT INTO inventory_total_details VALUES("2089","2","0","0","-1","0","0","0","2016-06-06","2016-06-06 07:55:52","28","2016-06-06 20:21:02","28");
INSERT INTO inventory_total_details VALUES("2090","2","0","0","-3","0","0","0","2016-06-03","2016-06-03 07:53:09","28","2016-06-03 17:42:59","28");
INSERT INTO inventory_total_details VALUES("2092","2","0","0","-2","0","0","0","2016-06-05","2016-06-05 13:07:45","26","2016-06-05 13:07:45","26");
INSERT INTO inventory_total_details VALUES("2093","2","0","0","-2","0","0","0","2016-05-31","2016-05-31 08:55:09","24","2016-05-31 18:27:26","24");
INSERT INTO inventory_total_details VALUES("2095","2","0","0","-1","0","0","0","2016-05-30","2016-05-30 16:57:46","24","2016-05-30 21:01:14","24");
INSERT INTO inventory_total_details VALUES("2097","2","0","0","-2","0","0","0","2016-05-31","2016-05-31 11:50:36","1","2016-05-31 11:57:30","1");
INSERT INTO inventory_total_details VALUES("2098","2","0","0","-1","0","0","0","2016-05-31","2016-05-31 11:48:59","1","2016-05-31 16:06:30","1");
INSERT INTO inventory_total_details VALUES("2099","2","0","0","-1","0","0","0","2016-05-30","2016-05-30 19:54:32","24","2016-05-30 20:46:56","24");
INSERT INTO inventory_total_details VALUES("2100","2","0","0","-6","0","0","0","2016-06-01","2016-06-01 11:05:58","28","2016-06-01 11:05:58","28");
INSERT INTO inventory_total_details VALUES("2101","2","0","0","-1","0","0","0","2016-06-04","2016-06-04 16:36:48","27","2016-06-04 16:36:48","27");
INSERT INTO inventory_total_details VALUES("2102","2","0","0","-1","0","0","0","2016-05-30","2016-05-30 18:50:51","27","2016-05-30 19:01:27","27");
INSERT INTO inventory_total_details VALUES("2103","2","0","0","-1","0","0","0","2016-05-30","2016-05-30 18:21:22","24","2016-05-30 18:21:22","24");
INSERT INTO inventory_total_details VALUES("2104","2","0","0","-1","0","0","0","2016-05-30","2016-05-30 18:45:00","24","2016-05-30 20:35:30","24");
INSERT INTO inventory_total_details VALUES("2105","2","0","0","-2","0","0","0","2016-05-31","2016-05-31 04:27:09","28","2016-05-31 11:08:37","28");
INSERT INTO inventory_total_details VALUES("2107","2","0","0","-2","0","0","0","2016-05-30","2016-05-30 17:13:44","1","2016-05-30 17:13:44","1");
INSERT INTO inventory_total_details VALUES("2108","2","0","0","-1","0","0","0","2016-06-22","2016-06-22 07:31:24","26","2016-06-22 07:31:24","26");
INSERT INTO inventory_total_details VALUES("2109","2","0","0","-1","0","0","0","2016-06-02","2016-06-02 11:24:48","28","2016-06-02 11:24:48","28");
INSERT INTO inventory_total_details VALUES("2110","2","0","0","-2","0","0","0","2016-05-31","2016-05-31 09:56:02","1","2016-05-31 16:59:11","1");
INSERT INTO inventory_total_details VALUES("2111","2","0","0","-1","0","0","0","2016-05-31","2016-05-31 06:44:27","1","2016-05-31 15:24:34","1");
INSERT INTO inventory_total_details VALUES("2112","2","0","0","-1","0","0","0","2016-05-31","2016-05-31 17:42:17","28","2016-05-31 17:42:17","28");
INSERT INTO inventory_total_details VALUES("2113","2","0","0","-1","0","0","0","2016-05-31","2016-05-31 06:07:51","28","2016-05-31 10:55:17","28");
INSERT INTO inventory_total_details VALUES("2114","2","0","0","-1","0","0","0","2016-05-31","2016-05-31 17:05:12","1","2016-05-31 17:05:12","1");
INSERT INTO inventory_total_details VALUES("2116","2","0","0","-1","0","0","0","2016-05-30","2016-05-30 19:09:50","27","2016-05-30 19:09:50","27");
INSERT INTO inventory_total_details VALUES("2117","2","0","0","-1","0","0","0","2016-05-31","2016-05-31 15:15:55","28","2016-05-31 15:15:55","28");
INSERT INTO inventory_total_details VALUES("2118","2","0","0","-2","0","0","0","2016-05-30","2016-05-30 17:25:00","24","2016-05-30 20:35:09","24");
INSERT INTO inventory_total_details VALUES("2119","2","0","0","-1","0","0","0","2016-05-31","2016-05-31 04:10:53","28","2016-05-31 19:23:07","28");
INSERT INTO inventory_total_details VALUES("2120","2","0","0","-4","0","0","0","2016-06-01","2016-06-01 15:07:34","28","2016-06-01 15:07:34","28");
INSERT INTO inventory_total_details VALUES("2121","2","0","0","-1","0","0","0","2016-05-30","2016-05-30 16:56:09","24","2016-05-30 17:57:00","24");
INSERT INTO inventory_total_details VALUES("2125","2","0","0","-1","0","0","0","2016-05-30","2016-05-30 17:14:38","24","2016-05-30 20:45:32","24");
INSERT INTO inventory_total_details VALUES("2126","2","0","0","-1","0","0","0","2016-05-30","2016-05-30 17:17:44","24","2016-05-30 20:46:56","24");
INSERT INTO inventory_total_details VALUES("2127","2","0","0","-1","0","0","0","2016-06-01","2016-06-01 09:16:57","28","2016-06-01 09:16:57","28");
INSERT INTO inventory_total_details VALUES("2128","2","0","0","-1","0","0","0","2016-05-30","2016-05-30 17:17:34","27","2016-05-30 18:49:32","27");
INSERT INTO inventory_total_details VALUES("2129","2","0","0","-1","0","0","0","2016-05-31","2016-05-31 08:02:05","28","2016-05-31 12:43:49","28");
INSERT INTO inventory_total_details VALUES("2130","2","0","0","-1","0","0","0","2016-05-31","2016-05-31 11:51:20","28","2016-05-31 12:08:32","28");
INSERT INTO inventory_total_details VALUES("2131","2","0","0","-1","0","0","0","2016-06-02","2016-06-02 09:48:54","28","2016-06-02 09:48:54","28");
INSERT INTO inventory_total_details VALUES("2133","2","0","0","-1","0","0","0","2016-05-30","2016-05-30 20:04:42","24","2016-05-30 20:04:42","24");
INSERT INTO inventory_total_details VALUES("2134","2","0","0","-2","0","0","0","2016-05-30","2016-05-30 17:16:20","27","2016-05-30 18:50:52","27");
INSERT INTO inventory_total_details VALUES("2135","2","0","0","-2","0","0","0","2016-05-31","2016-05-31 18:50:40","24","2016-05-31 18:50:40","24");
INSERT INTO inventory_total_details VALUES("2136","2","0","0","-2","0","0","0","2016-05-30","2016-05-30 17:16:20","27","2016-05-30 18:50:52","27");
INSERT INTO inventory_total_details VALUES("2137","2","0","0","-1","0","0","0","2016-05-30","2016-05-30 17:00:35","1","2016-05-30 17:00:35","1");
INSERT INTO inventory_total_details VALUES("2138","2","0","0","-1","0","0","0","2016-06-01","2016-06-01 18:10:15","27","2016-06-01 18:10:15","27");
INSERT INTO inventory_total_details VALUES("2139","2","0","0","-1","0","0","0","2016-05-30","2016-05-30 19:37:44","27","2016-05-30 19:37:44","27");
INSERT INTO inventory_total_details VALUES("2140","2","0","0","-1","0","0","0","2016-05-30","2016-05-30 17:16:20","27","2016-05-30 18:50:52","27");
INSERT INTO inventory_total_details VALUES("2141","2","0","0","-1","0","0","0","2016-05-31","2016-05-31 16:15:13","1","2016-05-31 16:15:13","1");
INSERT INTO inventory_total_details VALUES("2142","2","0","0","-1","0","0","0","2016-06-04","2016-06-04 12:04:34","27","2016-06-04 16:08:30","27");
INSERT INTO inventory_total_details VALUES("2143","2","0","0","-1","0","0","0","2016-06-01","2016-06-01 14:37:00","24","2016-06-01 14:37:00","24");
INSERT INTO inventory_total_details VALUES("2144","2","0","0","-1","0","0","0","2016-06-02","2016-06-02 16:28:24","27","2016-06-02 16:28:24","27");
INSERT INTO inventory_total_details VALUES("2146","2","0","0","-1","0","0","0","2016-05-31","2016-05-31 04:25:13","28","2016-05-31 19:18:40","28");
INSERT INTO inventory_total_details VALUES("2163","2","0","0","-1","0","0","0","2016-05-30","2016-05-30 19:12:04","24","2016-05-30 20:36:29","24");
INSERT INTO inventory_total_details VALUES("2164","2","0","0","-1","0","0","0","2016-05-30","2016-05-30 16:53:06","27","2016-05-30 19:14:29","27");
INSERT INTO inventory_total_details VALUES("2165","2","0","0","-1","0","0","0","2016-05-30","2016-05-30 17:13:26","1","2016-05-30 17:13:26","1");
INSERT INTO inventory_total_details VALUES("2166","2","0","0","-8","0","0","0","2016-05-30","2016-05-30 15:16:51","1","2016-05-30 16:55:10","1");
INSERT INTO inventory_total_details VALUES("2172","2","0","0","-1","0","0","0","2016-05-30","2016-05-30 17:07:00","24","2016-05-30 20:45:07","24");
INSERT INTO inventory_total_details VALUES("2173","2","0","0","-1","0","0","0","2016-05-31","2016-05-31 10:33:37","28","2016-05-31 11:09:13","28");
INSERT INTO inventory_total_details VALUES("2174","2","0","0","-1","0","0","0","2016-05-31","2016-05-31 09:21:37","24","2016-05-31 09:21:37","24");
INSERT INTO inventory_total_details VALUES("2178","2","0","0","-1","0","0","0","2016-06-02","2016-06-02 05:19:47","24","2016-06-02 05:19:47","24");
INSERT INTO inventory_total_details VALUES("2179","2","0","0","-1","0","0","0","2016-06-19","2016-06-19 13:01:57","26","2016-06-19 13:01:57","26");
INSERT INTO inventory_total_details VALUES("2182","2","0","0","-1","0","0","0","2016-05-30","2016-05-30 18:50:52","27","2016-05-30 18:50:52","27");
INSERT INTO inventory_total_details VALUES("2183","2","0","0","-1","0","0","0","2016-06-17","2016-06-17 08:39:20","26","2016-06-17 08:39:20","26");
INSERT INTO inventory_total_details VALUES("2188","2","0","0","-1","0","0","0","2016-06-02","2016-06-02 05:19:47","27","2016-06-02 19:29:45","27");
INSERT INTO inventory_total_details VALUES("2197","2","0","0","-2","0","0","0","2016-05-31","2016-05-31 05:33:48","24","2016-05-31 18:01:04","24");
INSERT INTO inventory_total_details VALUES("2198","2","0","0","-1","0","0","0","2016-05-31","2016-05-31 06:32:11","28","2016-05-31 15:18:23","28");
INSERT INTO inventory_total_details VALUES("2199","2","0","0","-1","0","0","0","2016-05-30","2016-05-30 20:45:32","24","2016-05-30 20:45:32","24");
INSERT INTO inventory_total_details VALUES("2201","2","0","0","-1","0","0","0","2016-07-22","2016-07-22 07:59:15","28","2016-07-22 07:59:15","28");
INSERT INTO inventory_total_details VALUES("2202","2","0","0","-1","0","0","0","2016-06-05","2016-06-05 05:43:31","24","2016-06-05 05:43:31","24");
INSERT INTO inventory_total_details VALUES("2203","2","0","0","-2","0","0","0","2016-06-01","2016-06-01 18:10:15","27","2016-06-01 18:10:15","27");
INSERT INTO inventory_total_details VALUES("2204","2","0","0","-1","0","0","0","2016-06-05","2016-06-05 15:46:14","24","2016-06-05 15:46:14","24");
INSERT INTO inventory_total_details VALUES("2206","2","0","0","-2","0","0","0","2016-06-11","2016-06-11 18:11:55","26","2016-06-11 18:11:55","26");
INSERT INTO inventory_total_details VALUES("2207","2","0","0","-1","0","0","0","2016-06-05","2016-06-05 20:28:13","28","2016-06-05 20:28:13","28");
INSERT INTO inventory_total_details VALUES("2208","2","0","0","-1","0","0","0","2016-06-03","2016-06-03 12:29:19","24","2016-06-03 12:29:19","24");
INSERT INTO inventory_total_details VALUES("2209","2","0","0","-1","0","0","0","2016-06-01","2016-06-01 15:42:51","24","2016-06-01 15:42:51","24");
INSERT INTO inventory_total_details VALUES("2213","2","0","0","-1","0","0","0","2016-06-08","2016-06-08 08:14:22","28","2016-06-08 08:14:22","28");
INSERT INTO inventory_total_details VALUES("2217","2","0","0","-2","0","0","0","2016-06-03","2016-06-03 19:05:30","28","2016-06-03 19:05:30","28");
INSERT INTO inventory_total_details VALUES("2218","2","0","0","-1","0","0","0","2016-05-31","2016-05-31 10:46:14","28","2016-05-31 18:18:24","28");
INSERT INTO inventory_total_details VALUES("2219","2","0","0","-1","0","0","0","2016-06-02","2016-06-02 07:11:01","27","2016-06-02 20:39:25","27");
INSERT INTO inventory_total_details VALUES("2220","2","0","0","-120","0","0","0","2016-06-06","2016-06-06 12:05:02","28","2016-06-06 12:05:02","28");
INSERT INTO inventory_total_details VALUES("2226","2","0","0","-1","0","0","0","2016-05-30","2016-05-30 20:29:24","24","2016-05-30 20:29:24","24");
INSERT INTO inventory_total_details VALUES("2228","2","0","0","-1","0","0","0","2016-05-30","2016-05-30 16:53:07","24","2016-05-30 20:52:03","24");
INSERT INTO inventory_total_details VALUES("2229","2","0","0","-10","0","0","0","2016-05-30","2016-05-30 18:02:49","24","2016-05-30 20:49:46","24");
INSERT INTO inventory_total_details VALUES("2231","2","0","0","-3","0","0","0","2016-05-30","2016-05-30 16:58:22","24","2016-05-30 21:01:14","24");
INSERT INTO inventory_total_details VALUES("2232","2","0","0","-2","0","0","0","2016-05-30","2016-05-30 18:38:35","27","2016-05-30 18:38:35","27");
INSERT INTO inventory_total_details VALUES("2233","2","0","0","-3","0","0","0","2016-05-30","2016-05-30 19:34:27","27","2016-05-30 19:51:04","27");
INSERT INTO inventory_total_details VALUES("2235","2","0","0","-1","0","0","0","2016-05-30","2016-05-30 19:37:45","27","2016-05-30 19:55:59","27");
INSERT INTO inventory_total_details VALUES("2236","2","0","0","-1","0","0","0","2016-05-30","2016-05-30 20:25:09","24","2016-05-30 20:25:09","24");
INSERT INTO inventory_total_details VALUES("2237","2","0","0","-2","0","0","0","2016-06-06","2016-06-06 07:55:52","26","2016-06-06 07:55:52","26");
INSERT INTO inventory_total_details VALUES("2238","2","0","0","-2","0","0","0","2016-05-31","2016-05-31 06:54:44","28","2016-05-31 18:18:35","28");
INSERT INTO inventory_total_details VALUES("2239","2","0","0","-1","0","0","0","2016-05-31","2016-05-31 11:09:13","28","2016-05-31 19:15:47","28");
INSERT INTO inventory_total_details VALUES("2240","2","0","0","-1","0","0","0","2016-05-30","2016-05-30 16:58:52","27","2016-05-30 19:23:13","27");
INSERT INTO inventory_total_details VALUES("2241","2","0","0","-1","0","0","0","2016-05-31","2016-05-31 13:05:46","28","2016-05-31 18:12:43","28");
INSERT INTO inventory_total_details VALUES("2243","2","0","0","-2","0","0","0","2016-05-30","2016-05-30 17:15:34","1","2016-05-30 17:15:34","1");
INSERT INTO inventory_total_details VALUES("2250","2","0","0","-1","0","0","0","2016-05-30","2016-05-30 17:14:12","24","2016-05-30 20:46:56","24");
INSERT INTO inventory_total_details VALUES("2251","2","0","0","-1","0","0","0","2016-07-09","2016-07-09 18:58:52","28","2016-07-09 18:58:52","28");
INSERT INTO inventory_total_details VALUES("2252","2","0","0","-3","0","0","0","2016-06-04","2016-06-04 16:15:52","28","2016-06-04 20:22:10","28");
INSERT INTO inventory_total_details VALUES("2253","2","0","0","-1","0","0","0","2016-05-31","2016-05-31 13:24:22","28","2016-05-31 13:24:22","28");
INSERT INTO inventory_total_details VALUES("2254","2","0","0","-5","0","0","0","2016-05-31","2016-05-31 18:14:09","28","2016-05-31 20:17:14","28");
INSERT INTO inventory_total_details VALUES("2255","2","0","0","-5","0","0","0","2016-06-02","2016-06-02 18:24:09","24","2016-06-02 18:24:09","24");
INSERT INTO inventory_total_details VALUES("2256","2","0","0","-1","0","0","0","2016-06-02","2016-06-02 17:07:21","28","2016-06-02 18:40:44","28");
INSERT INTO inventory_total_details VALUES("2257","2","0","0","-1","0","0","0","2016-06-02","2016-06-02 18:53:00","28","2016-06-02 18:53:00","28");
INSERT INTO inventory_total_details VALUES("2258","2","0","0","-1","0","0","0","2016-06-06","2016-06-06 11:06:36","26","2016-06-06 11:06:36","26");
INSERT INTO inventory_total_details VALUES("2259","2","0","0","-2","0","0","0","2016-06-22","2016-06-22 14:12:02","28","2016-06-22 19:30:07","28");
INSERT INTO inventory_total_details VALUES("2260","2","0","0","-1","0","0","0","2016-07-11","2016-07-11 05:45:45","26","2016-07-11 05:45:45","26");
INSERT INTO inventory_total_details VALUES("2262","2","0","0","-1","0","0","0","2016-07-21","2016-07-21 07:37:38","26","2016-07-21 07:37:38","26");



INSERT INTO bookers VALUES("170","","010252560","2016-07-24 09:28:22","28","2016-07-24 09:28:22","","1");

INSERT INTO sales_orders VALUES("53534","2","1","","16SO053514","500","0.125","0","0","0","2016-07-24","2016-07-24","","2016-07-24 09:00:42","32","2016-07-24 09:00:42","32","1","1","0"),
("53535","2","1","","16SO053515","13000","3.25","0","0","0","2016-07-24","2016-07-24","","2016-07-24 09:04:10","28","2016-07-24 09:04:10","28","1","1","0"),
("53536","2","1","","16SO053516","2000","0.5","0","0","0","2016-07-24","2016-07-24","","2016-07-24 09:04:24","28","2016-07-24 09:04:24","28","1","1","0"),
("53537","2","1","","16SO053517","1000","0.25","0","0","0","2016-07-24","2016-07-24","","2016-07-24 09:07:06","32","2016-07-24 09:07:06","32","1","1","0"),
("53538","2","1","","16SO053518","1400","0.35","0","0","0","2016-07-24","2016-07-24","","2016-07-24 09:07:18","28","2016-07-24 09:07:18","28","1","1","0"),
("53539","2","1","","16SO053519","5000","1.25","0","0","0","2016-07-24","2016-07-24","","2016-07-24 09:07:54","32","2016-07-24 09:07:54","32","1","1","0"),
("53540","2","1","","16SO053520","1000","0.25","0","0","0","2016-07-24","2016-07-24","","2016-07-24 09:08:48","28","2016-07-24 09:08:48","28","1","1","0"),
("53541","2","1","","16SO053521","18000","4.5","0","0","0","2016-07-24","2016-07-24","","2016-07-24 09:10:07","32","2016-07-24 09:10:07","32","1","1","0"),
("53542","2","1","","16SO053522","2000","0.5","0","0","0","2016-07-24","2016-07-24","","2016-07-24 09:10:20","32","2016-07-24 09:10:20","32","1","1","0"),
("53543","2","1","","16SO053523","1500","0.375","0","0","0","2016-07-24","2016-07-24","","2016-07-24 09:10:33","32","2016-07-24 09:10:33","32","1","1","0"),
("53544","2","1","","16SO053524","4000","1","0","0","0","2016-07-24","2016-07-24","","2016-07-24 09:11:05","28","2016-07-24 09:11:05","28","1","1","0"),
("53545","2","1","","16SO053525","1500","0.375","0","0","0","2016-07-24","2016-07-24","","2016-07-24 09:13:29","32","2016-07-24 09:13:29","32","1","1","0"),
("53546","2","1","","16SO053526","3000","0.75","0","0","0","2016-07-24","2016-07-24","","2016-07-24 09:13:40","28","2016-07-24 09:13:40","28","1","1","0"),
("53547","2","1","","16SO053527","5800","1.45","0","0","0","2016-07-24","2016-07-24","","2016-07-24 09:13:52","32","2016-07-24 09:13:52","32","1","1","0"),
("53548","2","1","","16SO053528","7000","1.75","0","0","0","2016-07-24","2016-07-24","","2016-07-24 09:14:22","32","2016-07-24 09:14:22","32","1","1","0"),
("53549","2","1","","16SO053529","2500","0.625","0","0","0","2016-07-24","2016-07-24","","2016-07-24 09:15:07","32","2016-07-24 09:15:07","32","1","1","0"),
("53550","2","1","","16SO053530","5000","1.25","0","0","0","2016-07-24","2016-07-24","","2016-07-24 09:15:22","32","2016-07-24 09:15:22","32","1","1","0"),
("53551","2","1","","16SO053531","4200","1.05","0","0","0","2016-07-24","2016-07-24","","2016-07-24 09:15:49","32","2016-07-24 09:15:49","32","1","1","0"),
("53552","2","1","","16SO053532","7500","1.875","0","0","0","2016-07-24","2016-07-24","","2016-07-24 09:18:08","28","2016-07-24 09:18:08","28","1","1","0"),
("53553","2","1","","16SO053533","2500","0.625","0","0","0","2016-07-24","2016-07-24","","2016-07-24 09:21:41","32","2016-07-24 09:21:41","32","1","1","0"),
("53554","2","1","","16SO053534","5000","1.25","0","0","0","2016-07-24","2016-07-24","","2016-07-24 09:21:49","32","2016-07-24 09:21:49","32","1","1","0"),
("53555","2","1","","16SO053535","1000","0.25","0","0","0","2016-07-24","2016-07-24","","2016-07-24 09:22:05","32","2016-07-24 09:22:05","32","1","1","0"),
("53556","2","1","","16SO053536","500","0.125","0","0","0","2016-07-24","2016-07-24","","2016-07-24 09:22:24","32","2016-07-24 09:22:24","32","1","1","0"),
("53557","2","1","","16SO053537","3500","0.875","0","0","0","2016-07-24","2016-07-24","","2016-07-24 09:23:22","32","2016-07-24 09:23:22","32","1","1","0"),
("53558","2","1","","16SO053538","3000","0.75","0","0","0","2016-07-24","2016-07-24","","2016-07-24 09:24:07","28","2016-07-24 09:24:07","28","1","1","0"),
("53559","2","1","","16SO053539","500","0.125","0","0","0","2016-07-24","2016-07-24","","2016-07-24 09:24:22","32","2016-07-24 09:24:22","32","1","1","0"),
("53560","2","1","","16SO053540","6000","1.5","0","0","0","2016-07-24","2016-07-24","","2016-07-24 09:25:09","32","2016-07-24 09:25:09","32","1","1","0"),
("53561","2","1","","16SO053541","8500","2.125","0","0","0","2016-07-24","2016-07-24","","2016-07-24 09:25:38","32","2016-07-24 09:25:38","32","1","1","0"),
("53562","2","1","","16SO053542","4500","1.125","0","0","0","2016-07-24","2016-07-24","","2016-07-24 09:26:28","32","2016-07-24 09:26:28","32","1","1","0"),
("53563","2","","170","16SO053543","60000","15","40000","0","0","2016-07-24","2016-07-25","","2016-07-24 09:28:23","28","2016-07-24 09:28:23","28","1","0","1"),
("53564","2","1","","16SO053544","1500","0.375","0","0","0","2016-07-24","2016-07-24","","2016-07-24 09:30:32","32","2016-07-24 09:30:32","32","1","1","0"),
("53565","2","1","","16SO053545","2000","0.5","0","0","0","2016-07-24","2016-07-24","","2016-07-24 09:32:24","32","2016-07-24 09:32:24","32","1","1","0"),
("53566","2","1","","16SO053546","1000","0.25","0","0","0","2016-07-24","2016-07-24","","2016-07-24 09:32:38","32","2016-07-24 09:32:38","32","1","1","0"),
("53567","2","1","","16SO053547","4000","1","0","0","0","2016-07-24","2016-07-24","","2016-07-24 09:33:17","32","2016-07-24 09:33:17","32","1","1","0"),
("53568","2","1","","16SO053548","5000","1.25","0","0","0","2016-07-24","2016-07-24","","2016-07-24 09:37:17","32","2016-07-24 09:37:17","32","1","1","0"),
("53569","2","1","","16SO053549","6000","1.5","0","0","0","2016-07-24","2016-07-24","","2016-07-24 09:38:35","28","2016-07-24 09:38:35","28","1","1","0"),
("53570","2","1","","16SO053550","5000","1.25","0","0","0","2016-07-24","2016-07-24","","2016-07-24 09:39:36","32","2016-07-24 09:39:36","32","1","1","0"),
("53571","2","1","","16SO053551","2500","0.625","0","0","0","2016-07-24","2016-07-24","","2016-07-24 09:45:32","32","2016-07-24 09:45:32","32","1","1","0"),
("53572","2","1","","16SO053552","7500","1.875","0","0","0","2016-07-24","2016-07-24","","2016-07-24 09:46:32","28","2016-07-24 09:46:32","28","1","1","0"),
("53573","2","1","","16SO053553","2500","0.625","0","0","0","2016-07-24","2016-07-24","","2016-07-24 09:48:23","32","2016-07-24 09:48:23","32","1","1","0"),
("53574","2","1","","16SO053554","2100","0.525","0","0","0","2016-07-24","2016-07-24","","2016-07-24 09:48:46","32","2016-07-24 09:48:46","32","1","1","0"),
("53575","2","1","","16SO053555","19500","4.875","0","0","0","2016-07-24","2016-07-24","","2016-07-24 09:49:19","28","2016-07-24 09:49:19","28","1","1","0"),
("53576","2","1","","16SO053556","5000","1.25","0","0","0","2016-07-24","2016-07-24","","2016-07-24 09:50:44","28","2016-07-24 09:50:44","28","1","1","0"),
("53577","2","1","","16SO053557","500","0.125","0","0","0","2016-07-24","2016-07-24","","2016-07-24 09:51:41","32","2016-07-24 09:51:41","32","1","1","0"),
("53578","2","1","","16SO053558","20000","5","0","0","0","2016-07-24","2016-07-24","","2016-07-24 09:53:10","28","2016-07-24 09:53:10","28","1","1","0"),
("53579","2","1","","16SO053559","1700","0.425","0","0","0","2016-07-24","2016-07-24","","2016-07-24 09:54:18","32","2016-07-24 09:54:18","32","1","1","0"),
("53580","2","1","","16SO053560","2500","0.625","0","0","0","2016-07-24","2016-07-24","","2016-07-24 09:55:11","32","2016-07-24 09:55:11","32","1","1","0"),
("53581","2","1","","16SO053561","5500","1.375","0","0","0","2016-07-24","2016-07-24","","2016-07-24 09:56:38","28","2016-07-24 09:56:38","28","1","1","0"),
("53582","2","1","","16SO053562","4200","1.05","0","0","0","2016-07-24","2016-07-24","","2016-07-24 09:56:47","32","2016-07-24 09:56:47","32","1","1","0"),
("53583","2","1","","16SO053563","3000","0.75","0","0","0","2016-07-24","2016-07-24","","2016-07-24 09:56:53","28","2016-07-24 09:56:53","28","1","1","0"),
("53584","2","1","","16SO053564","3000","0.75","0","0","0","2016-07-24","2016-07-24","","2016-07-24 09:57:07","32","2016-07-24 09:57:07","32","1","1","0"),
("53585","2","1","","16SO053565","2500","0.625","0","0","0","2016-07-24","2016-07-24","","2016-07-24 09:57:38","28","2016-07-24 09:57:38","28","1","1","0"),
("53586","2","1","","16SO053566","2500","0.625","0","0","0","2016-07-24","2016-07-24","","2016-07-24 09:58:26","28","2016-07-24 09:58:26","28","1","1","0"),
("53587","2","1","","16SO053567","1000","0.25","0","0","0","2016-07-24","2016-07-24","","2016-07-24 10:01:16","32","2016-07-24 10:01:16","32","1","1","0"),
("53588","2","1","","16SO053568","6000","1.5","0","0","0","2016-07-24","2016-07-24","","2016-07-24 10:01:30","28","2016-07-24 10:01:30","28","1","1","0"),
("53589","2","1","","16SO053569","11000","2.75","0","0","0","2016-07-24","2016-07-24","","2016-07-24 10:03:43","28","2016-07-24 10:03:43","28","1","1","0"),
("53590","2","1","","16SO053570","1500","0.375","0","0","0","2016-07-24","2016-07-24","","2016-07-24 10:05:09","28","2016-07-24 10:05:09","28","1","1","0"),
("53591","2","1","","16SO053571","1000","0.25","0","0","0","2016-07-24","2016-07-24","","2016-07-24 10:06:39","32","2016-07-24 10:06:39","32","1","1","0"),
("53592","2","1","","16SO053572","13000","3.25","0","0","0","2016-07-24","2016-07-24","","2016-07-24 10:11:26","28","2016-07-24 10:11:26","28","1","1","0"),
("53593","2","1","","16SO053573","2500","0.625","0","0","0","2016-07-24","2016-07-24","","2016-07-24 10:11:51","32","2016-07-24 10:11:51","32","1","1","0"),
("53594","2","1","","16SO053574","5500","1.375","0","0","0","2016-07-24","2016-07-24","","2016-07-24 10:11:59","28","2016-07-24 10:11:59","28","1","1","0"),
("53595","2","1","","16SO053575","3500","0.875","0","0","0","2016-07-24","2016-07-24","","2016-07-24 10:12:00","32","2016-07-24 10:12:00","32","1","1","0"),
("53596","2","1","","16SO053576","5000","1.25","0","0","0","2016-07-24","2016-07-24","","2016-07-24 10:14:55","32","2016-07-24 10:14:55","32","1","1","0"),
("53597","2","1","","16SO053577","3000","0.75","0","0","0","2016-07-24","2016-07-24","","2016-07-24 10:15:06","32","2016-07-24 10:15:06","32","1","1","0"),
("53598","2","1","","16SO053578","4000","1","0","0","0","2016-07-24","2016-07-24","","2016-07-24 10:19:19","32","2016-07-24 10:19:19","32","1","1","0"),
("53599","2","1","","16SO053579","2000","0.5","0","0","0","2016-07-24","2016-07-24","","2016-07-24 10:21:18","32","2016-07-24 10:21:18","32","1","1","0"),
("53600","2","1","","16SO053580","2500","0.625","0","0","0","2016-07-24","2016-07-24","","2016-07-24 10:21:37","32","2016-07-24 10:21:37","32","1","1","0"),
("53601","2","1","","16SO053581","2000","0.5","0","0","0","2016-07-24","2016-07-24","","2016-07-24 10:24:05","28","2016-07-24 10:24:05","28","1","1","0"),
("53602","2","1","","16SO053582","3500","0.875","0","0","0","2016-07-24","2016-07-24","","2016-07-24 10:27:10","32","2016-07-24 10:27:10","32","1","1","0"),
("53603","2","1","","16SO053583","2500","0.625","0","0","0","2016-07-24","2016-07-24","","2016-07-24 10:27:56","32","2016-07-24 10:27:56","32","1","1","0"),
("53604","2","1","","16SO053584","17500","4.375","0","0","0","2016-07-24","2016-07-24","","2016-07-24 10:29:45","32","2016-07-24 10:29:45","32","1","1","0"),
("53605","2","1","","16SO053585","5000","1.25","0","0","0","2016-07-24","2016-07-24","","2016-07-24 10:32:01","28","2016-07-24 10:32:01","28","1","1","0"),
("53606","2","1","","16SO053586","5000","1.25","0","0","0","2016-07-24","2016-07-24","","2016-07-24 10:34:41","28","2016-07-24 10:34:41","28","1","1","0"),
("53607","2","1","","16SO053587","35000","8.75","0","0","0","2016-07-24","2016-07-24","","2016-07-24 10:35:05","28","2016-07-24 10:35:05","28","1","1","0"),
("53608","2","1","","16SO053588","5000","1.25","0","0","0","2016-07-24","2016-07-24","","2016-07-24 10:35:32","28","2016-07-24 10:35:32","28","1","1","0"),
("53609","2","1","","16SO053589","15000","3.75","0","0","0","2016-07-24","2016-07-24","","2016-07-24 10:37:04","28","2016-07-24 10:37:04","28","1","1","0"),
("53610","2","1","","16SO053590","2000","0.5","0","0","0","2016-07-24","2016-07-24","","2016-07-24 10:37:36","28","2016-07-24 10:37:36","28","1","1","0"),
("53611","2","1","","16SO053591","34000","8.5","0","0","0","2016-07-24","2016-07-24","","2016-07-24 10:39:08","28","2016-07-24 10:39:08","28","1","1","0"),
("53612","2","1","","16SO053592","5000","1.25","0","0","0","2016-07-24","2016-07-24","","2016-07-24 10:39:13","28","2016-07-24 10:39:13","28","1","1","0"),
("53613","2","1","","16SO053593","19500","4.875","0","0","0","2016-07-24","2016-07-24","","2016-07-24 10:40:05","28","2016-07-24 10:40:05","28","1","1","0"),
("53614","2","1","","16SO053594","2000","0.5","0","0","0","2016-07-24","2016-07-24","","2016-07-24 10:40:19","28","2016-07-24 10:40:19","28","1","1","0"),
("53615","2","1","","16SO053595","2500","0.625","0","0","0","2016-07-24","2016-07-24","","2016-07-24 10:41:03","28","2016-07-24 10:41:03","28","1","1","0"),
("53616","2","1","","16SO053596","3500","0.875","0","0","0","2016-07-24","2016-07-24","","2016-07-24 10:42:31","28","2016-07-24 10:42:31","28","1","1","0"),
("53617","2","1","","16SO053597","11000","2.75","0","0","0","2016-07-24","2016-07-24","","2016-07-24 10:42:54","28","2016-07-24 10:42:54","28","1","1","0"),
("53618","2","1","","16SO053598","6000","1.5","0","0","0","2016-07-24","2016-07-24","","2016-07-24 10:43:34","28","2016-07-24 10:43:34","28","1","1","0"),
("53619","2","1","","16SO053599","6000","1.5","0","0","0","2016-07-24","2016-07-24","","2016-07-24 10:43:45","28","2016-07-24 10:43:45","28","1","1","0"),
("53620","2","1","","16SO053600","6000","1.5","0","0","0","2016-07-24","2016-07-24","","2016-07-24 10:45:20","28","2016-07-24 10:45:20","28","1","1","0"),
("53621","2","1","","16SO053601","5000","1.25","0","0","0","2016-07-24","2016-07-24","","2016-07-24 10:47:41","28","2016-07-24 10:47:41","28","1","1","0"),
("53622","2","1","","16SO053602","4500","1.125","0","0","0","2016-07-24","2016-07-24","","2016-07-24 10:50:54","28","2016-07-24 10:50:54","28","1","1","0"),
("53623","2","1","","16SO053603","5000","1.25","0","0","0","2016-07-24","2016-07-24","","2016-07-24 10:52:20","28","2016-07-24 10:52:20","28","1","1","0"),
("53624","2","1","","16SO053604","2500","0.625","0","0","0","2016-07-24","2016-07-24","","2016-07-24 10:57:31","28","2016-07-24 10:57:31","28","1","1","0"),
("53625","2","1","","16SO053605","1500","0.375","0","0","0","2016-07-24","2016-07-24","","2016-07-24 10:59:17","32","2016-07-24 10:59:17","32","1","1","0"),
("53626","2","1","","16SO053606","4000","1","0","0","0","2016-07-24","2016-07-24","","2016-07-24 11:03:40","32","2016-07-24 11:03:40","32","1","1","0"),
("53627","2","1","","16SO053607","4000","1","0","0","0","2016-07-24","2016-07-24","","2016-07-24 11:08:22","28","2016-07-24 11:08:22","28","1","1","0"),
("53628","2","1","","16SO053608","2000","0.5","0","0","0","2016-07-24","2016-07-24","","2016-07-24 11:10:49","32","2016-07-24 11:10:49","32","1","1","0"),
("53629","2","1","","16SO053609","14000","3.5","0","0","0","2016-07-24","2016-07-24","","2016-07-24 11:10:57","32","2016-07-24 11:10:57","32","1","1","0"),
("53630","2","1","","16SO053610","12000","3","0","0","0","2016-07-24","2016-07-24","","2016-07-24 11:12:06","32","2016-07-24 11:12:06","32","1","1","0"),
("53631","2","1","","16SO053611","1700","0.425","0","0","0","2016-07-24","2016-07-24","","2016-07-24 11:12:42","32","2016-07-24 11:12:42","32","1","1","0"),
("53632","2","1","","16SO053612","34000","8.5","0","0","0","2016-07-24","2016-07-24","","2016-07-24 11:14:10","32","2016-07-24 11:14:10","32","1","1","0"),
("53633","2","1","","16SO053613","10000","2.5","0","0","0","2016-07-24","2016-07-24","","2016-07-24 11:14:54","32","2016-07-24 11:14:54","32","1","1","0"),
("53634","2","1","","16SO053614","6000","1.5","0","0","0","2016-07-24","2016-07-24","","2016-07-24 11:16:07","28","2016-07-24 11:16:07","28","1","1","0"),
("53635","2","1","","16SO053615","1000","0.25","0","0","0","2016-07-24","2016-07-24","","2016-07-24 11:17:47","28","2016-07-24 11:17:47","28","1","1","0"),
("53636","2","1","","16SO053616","5500","1.375","0","0","0","2016-07-24","2016-07-24","","2016-07-24 11:18:52","32","2016-07-24 11:18:52","32","1","1","0"),
("53637","2","1","","16SO053617","3000","0.75","0","0","0","2016-07-24","2016-07-24","","2016-07-24 11:21:46","32","2016-07-24 11:21:46","32","1","1","0"),
("53638","2","1","","16SO053618","2000","0.5","0","0","0","2016-07-24","2016-07-24","","2016-07-24 11:23:03","28","2016-07-24 11:23:03","28","1","1","0"),
("53639","2","1","","16SO053619","4000","1","0","0","0","2016-07-24","2016-07-24","","2016-07-24 11:23:13","28","2016-07-24 11:23:13","28","1","1","0"),
("53640","2","1","","16SO053620","5000","1.25","0","0","0","2016-07-24","2016-07-24","","2016-07-24 11:24:35","32","2016-07-24 11:24:35","32","1","1","0"),
("53641","2","1","","16SO053621","100000","25","0","0","0","2016-07-24","2016-07-24","","2016-07-24 11:26:51","28","2016-07-24 11:26:51","28","1","1","0"),
("53642","2","1","","16SO053622","3000","0.75","0","0","0","2016-07-24","2016-07-24","","2016-07-24 11:30:18","28","2016-07-24 11:30:18","28","1","1","0"),
("53643","2","1","","16SO053623","1000","0.25","0","0","0","2016-07-24","2016-07-24","","2016-07-24 11:30:55","28","2016-07-24 11:30:55","28","1","1","0"),
("53644","2","1","","16SO053624","5100","1.275","0","0","0","2016-07-24","2016-07-24","","2016-07-24 11:32:04","28","2016-07-24 11:32:04","28","1","1","0"),
("53645","2","1","","16SO053625","1000","0.25","0","0","0","2016-07-24","2016-07-24","","2016-07-24 11:32:30","28","2016-07-24 11:32:30","28","1","1","0"),
("53646","2","1","","16SO053626","3000","0.75","0","0","0","2016-07-24","2016-07-24","","2016-07-24 11:32:50","28","2016-07-24 11:32:50","28","1","1","0"),
("53647","2","1","","16SO053627","3600","0.9","0","0","0","2016-07-24","2016-07-24","","2016-07-24 11:33:14","28","2016-07-24 11:33:14","28","1","1","0"),
("53648","2","1","","16SO053628","2500","0.625","0","0","0","2016-07-24","2016-07-24","","2016-07-24 11:33:25","28","2016-07-24 11:33:25","28","1","1","0"),
("53649","2","1","","16SO053629","6000","1.5","0","0","0","2016-07-24","2016-07-24","","2016-07-24 11:34:41","32","2016-07-24 11:34:41","32","1","1","0"),
("53650","2","1","","16SO053630","10000","2.5","0","0","0","2016-07-24","2016-07-24","","2016-07-24 11:36:03","32","2016-07-24 11:36:03","32","1","1","0"),
("53651","2","1","","16SO053631","5000","1.25","0","0","0","2016-07-24","2016-07-24","","2016-07-24 11:37:54","32","2016-07-24 11:37:54","32","1","1","0"),
("53652","2","1","","16SO053632","3500","0.875","0","0","0","2016-07-24","2016-07-24","","2016-07-24 11:38:04","32","2016-07-24 11:38:04","32","1","1","0"),
("53653","2","1","","16SO053633","1700","0.425","0","0","0","2016-07-24","2016-07-24","","2016-07-24 11:40:29","32","2016-07-24 11:40:29","32","1","1","0"),
("53654","2","1","","16SO053634","2000","0.5","0","0","0","2016-07-24","2016-07-24","","2016-07-24 11:42:29","28","2016-07-24 11:42:29","28","1","1","0"),
("53655","2","1","","16SO053635","700","0.175","0","0","0","2016-07-24","2016-07-24","","2016-07-24 11:47:51","28","2016-07-24 11:47:51","28","1","1","0"),
("53656","2","1","","16SO053636","2100","0.525","0","0","0","2016-07-24","2016-07-24","","2016-07-24 11:49:26","28","2016-07-24 11:49:26","28","1","1","0"),
("53657","2","1","","16SO053637","1000","0.25","0","0","0","2016-07-24","2016-07-24","","2016-07-24 11:49:35","28","2016-07-24 11:49:35","28","1","1","0"),
("53658","2","1","","16SO053638","5000","1.25","0","0","0","2016-07-24","2016-07-24","","2016-07-24 11:51:40","28","2016-07-24 11:51:40","28","1","1","0"),
("53659","2","1","","16SO053639","65500","16.375","0","0","0","2016-07-24","2016-07-24","","2016-07-24 11:54:10","28","2016-07-24 11:54:10","28","1","1","0"),
("53660","2","1","","16SO053640","3000","0.75","0","0","0","2016-07-24","2016-07-24","","2016-07-24 11:56:30","28","2016-07-24 11:56:30","28","1","1","0"),
("53661","2","1","","16SO053641","8000","2","0","0","0","2016-07-24","2016-07-24","","2016-07-24 11:57:40","28","2016-07-24 11:57:40","28","1","1","0"),
("53662","2","1","","16SO053642","4000","1","0","0","0","2016-07-24","2016-07-24","","2016-07-24 11:57:54","28","2016-07-24 11:57:54","28","1","1","0"),
("53663","2","1","","16SO053643","7000","1.75","0","0","0","2016-07-24","2016-07-24","","2016-07-24 11:58:35","28","2016-07-24 11:58:35","28","1","1","0"),
("53664","2","1","","16SO053644","1500","0.375","0","0","0","2016-07-24","2016-07-24","","2016-07-24 11:58:51","28","2016-07-24 11:58:51","28","1","1","0"),
("53665","2","1","","16SO053645","2000","0.5","0","0","0","2016-07-24","2016-07-24","","2016-07-24 11:59:19","28","2016-07-24 11:59:19","28","1","1","0");

INSERT INTO sales_order_details VALUES("71125","53534","0","2228","1","1","1","500","500","","","0","0","2016-07-24 09:00:42","2016-07-24 09:00:42"),
("71126","53535","0","2166","10","1","1","700","7000","","","0","0","2016-07-24 09:04:10","2016-07-24 09:04:10"),
("71127","53535","0","2107","1","1","1","6000","6000","","","0","0","2016-07-24 09:04:10","2016-07-24 09:04:10"),
("71128","53536","0","2228","4","1","1","500","2000","","","0","0","2016-07-24 09:04:25","2016-07-24 09:04:25"),
("71129","53537","0","2228","2","1","1","500","1000","","","0","0","2016-07-24 09:07:06","2016-07-24 09:07:06"),
("71130","53538","0","2229","2","1","1","700","1400","","","0","0","2016-07-24 09:07:18","2016-07-24 09:07:18"),
("71131","53539","0","2228","10","1","1","500","5000","","","0","0","2016-07-24 09:07:55","2016-07-24 09:07:55"),
("71132","53540","0","2065","1","1","1","1000","1000","","","0","0","2016-07-24 09:08:48","2016-07-24 09:08:48"),
("71133","53541","0","2241","1","1","1","3000","3000","","","0","0","2016-07-24 09:10:07","2016-07-24 09:10:07"),
("71134","53541","0","2095","1","1","1","4000","4000","","","0","0","2016-07-24 09:10:07","2016-07-24 09:10:07"),
("71135","53541","0","2113","2","1","1","5500","11000","","","0","0","2016-07-24 09:10:07","2016-07-24 09:10:07"),
("71136","53542","0","2228","4","1","1","500","2000","","","0","0","2016-07-24 09:10:20","2016-07-24 09:10:20"),
("71137","53543","0","2228","3","1","1","500","1500","","","0","0","2016-07-24 09:10:33","2016-07-24 09:10:33"),
("71138","53544","0","2073","4","1","1","1000","4000","","","0","0","2016-07-24 09:11:05","2016-07-24 09:11:05"),
("71139","53545","0","2231","1","1","1","1500","1500","","","0","0","2016-07-24 09:13:29","2016-07-24 09:13:29"),
("71140","53546","0","2065","3","1","1","1000","3000","","","0","0","2016-07-24 09:13:40","2016-07-24 09:13:40"),
("71141","53547","0","2229","4","1","1","700","2800","","","0","0","2016-07-24 09:13:52","2016-07-24 09:13:52"),
("71142","53547","0","2231","2","1","1","1500","3000","","","0","0","2016-07-24 09:13:52","2016-07-24 09:13:52"),
("71143","53548","0","2166","10","1","1","700","7000","","","0","0","2016-07-24 09:14:22","2016-07-24 09:14:22"),
("71144","53549","0","2235","1","1","1","2500","2500","","","0","0","2016-07-24 09:15:07","2016-07-24 09:15:07"),
("71145","53550","0","2231","1","1","1","1500","1500","","","0","0","2016-07-24 09:15:23","2016-07-24 09:15:23"),
("71146","53550","0","2229","5","1","1","700","3500","","","0","0","2016-07-24 09:15:23","2016-07-24 09:15:23"),
("71147","53551","0","2166","6","1","1","700","4200","","","0","0","2016-07-24 09:15:49","2016-07-24 09:15:49"),
("71148","53552","0","2228","8","1","1","500","4000","","","0","0","2016-07-24 09:18:08","2016-07-24 09:18:08"),
("71149","53552","0","2146","1","1","1","3500","3500","","","0","0","2016-07-24 09:18:08","2016-07-24 09:18:08"),
("71150","53553","0","2228","5","1","1","500","2500","","","0","0","2016-07-24 09:21:41","2016-07-24 09:21:41"),
("71151","53554","0","2228","10","1","1","500","5000","","","0","0","2016-07-24 09:21:50","2016-07-24 09:21:50"),
("71152","53555","0","2065","1","1","1","1000","1000","","","0","0","2016-07-24 09:22:05","2016-07-24 09:22:05"),
("71153","53556","0","2228","1","1","1","500","500","","","0","0","2016-07-24 09:22:24","2016-07-24 09:22:24"),
("71154","53557","0","2071","1","1","1","1000","1000","","","0","0","2016-07-24 09:23:22","2016-07-24 09:23:22"),
("71155","53557","0","2084","1","1","1","2500","2500","","","0","0","2016-07-24 09:23:22","2016-07-24 09:23:22"),
("71156","53558","0","2228","6","1","1","500","3000","","","0","0","2016-07-24 09:24:07","2016-07-24 09:24:07"),
("71157","53559","0","2228","1","1","1","500","500","","","0","0","2016-07-24 09:24:22","2016-07-24 09:24:22"),
("71158","53560","0","2072","1","1","1","1000","1000","","","0","0","2016-07-24 09:25:10","2016-07-24 09:25:10"),
("71159","53560","0","2240","1","1","1","5000","5000","","","0","0","2016-07-24 09:25:10","2016-07-24 09:25:10"),
("71160","53561","0","2146","1","1","1","3500","3500","","","0","0","2016-07-24 09:25:38","2016-07-24 09:25:38"),
("71161","53561","0","2228","10","1","1","500","5000","","","0","0","2016-07-24 09:25:38","2016-07-24 09:25:38"),
("71162","53562","0","2231","3","1","1","1500","4500","","","0","0","2016-07-24 09:26:28","2016-07-24 09:26:28"),
("71163","53563","0","2141","1","1","1","60000","60000","","","0","0","2016-07-24 09:28:23","2016-07-24 09:28:23"),
("71164","53564","0","2228","3","1","1","500","1500","","","0","0","2016-07-24 09:30:32","2016-07-24 09:30:32"),
("71165","53565","0","2228","4","1","1","500","2000","","","0","0","2016-07-24 09:32:24","2016-07-24 09:32:24"),
("71166","53566","0","2065","1","1","1","1000","1000","","","0","0","2016-07-24 09:32:38","2016-07-24 09:32:38"),
("71167","53567","0","2232","4","1","1","1000","4000","","","0","0","2016-07-24 09:33:17","2016-07-24 09:33:17"),
("71168","53568","0","2228","10","1","1","500","5000","","","0","0","2016-07-24 09:37:18","2016-07-24 09:37:18"),
("71169","53569","0","2164","2","1","1","3000","6000","","","0","0","2016-07-24 09:38:35","2016-07-24 09:38:35"),
("71170","53570","0","2228","10","1","1","500","5000","","","0","0","2016-07-24 09:39:36","2016-07-24 09:39:36"),
("71171","53571","0","2228","5","1","1","500","2500","","","0","0","2016-07-24 09:45:32","2016-07-24 09:45:32"),
("71172","53572","0","2231","5","1","1","1500","7500","","","0","0","2016-07-24 09:46:32","2016-07-24 09:46:32"),
("71173","53573","0","2228","5","1","1","500","2500","","","0","0","2016-07-24 09:48:23","2016-07-24 09:48:23"),
("71174","53574","0","2229","3","1","1","700","2100","","","0","0","2016-07-24 09:48:47","2016-07-24 09:48:47"),
("71175","53575","0","2235","1","1","1","2500","2500","","","0","0","2016-07-24 09:49:19","2016-07-24 09:49:19"),
("71176","53575","0","2257","2","1","1","2500","5000","","","0","0","2016-07-24 09:49:19","2016-07-24 09:49:19"),
("71177","53575","0","2164","2","1","1","3000","6000","","","0","0","2016-07-24 09:49:19","2016-07-24 09:49:19"),
("71178","53575","0","2107","1","1","1","6000","6000","","","0","0","2016-07-24 09:49:19","2016-07-24 09:49:19"),
("71179","53576","0","2102","1","1","1","5000","5000","","","0","0","2016-07-24 09:50:44","2016-07-24 09:50:44"),
("71180","53577","0","2250","1","1","1","500","500","","","0","0","2016-07-24 09:51:41","2016-07-24 09:51:41"),
("71181","53578","0","2218","1","1","1","1000","1000","","","0","0","2016-07-24 09:53:10","2016-07-24 09:53:10"),
("71182","53578","0","2083","2","1","1","2500","5000","","","0","0","2016-07-24 09:53:10","2016-07-24 09:53:10"),
("71183","53578","0","2164","3","1","1","3000","9000","","","0","0","2016-07-24 09:53:10","2016-07-24 09:53:10"),
("71184","53578","0","2240","1","1","1","5000","5000","","","0","0","2016-07-24 09:53:10","2016-07-24 09:53:10"),
("71185","53579","0","2229","1","1","1","700","700","","","0","0","2016-07-24 09:54:18","2016-07-24 09:54:18"),
("71186","53579","0","2232","1","1","1","1000","1000","","","0","0","2016-07-24 09:54:18","2016-07-24 09:54:18"),
("71187","53580","0","2228","5","1","1","500","2500","","","0","0","2016-07-24 09:55:11","2016-07-24 09:55:11"),
("71188","53581","0","2075","1","1","1","1500","1500","","","0","0","2016-07-24 09:56:38","2016-07-24 09:56:38"),
("71189","53581","0","2226","1","1","1","3000","3000","","","0","0","2016-07-24 09:56:38","2016-07-24 09:56:38"),
("71190","53581","0","2070","1","1","1","1000","1000","","","0","0","2016-07-24 09:56:38","2016-07-24 09:56:38"),
("71191","53582","0","2229","6","1","1","700","4200","","","0","0","2016-07-24 09:56:47","2016-07-24 09:56:47"),
("71192","53583","0","2164","1","1","1","3000","3000","","","0","0","2016-07-24 09:56:54","2016-07-24 09:56:54"),
("71193","53584","0","2228","6","1","1","500","3000","","","0","0","2016-07-24 09:57:07","2016-07-24 09:57:07"),
("71194","53585","0","2228","5","1","1","500","2500","","","0","0","2016-07-24 09:57:38","2016-07-24 09:57:38"),
("71195","53586","0","2197","1","1","1","2500","2500","","","0","0","2016-07-24 09:58:26","2016-07-24 09:58:26"),
("71196","53587","0","2070","1","1","1","1000","1000","","","0","0","2016-07-24 10:01:17","2016-07-24 10:01:17"),
("71197","53588","0","2164","2","1","1","3000","6000","","","0","0","2016-07-24 10:01:31","2016-07-24 10:01:31"),
("71198","53589","0","2095","2","1","1","4000","8000","","","0","0","2016-07-24 10:03:43","2016-07-24 10:03:43"),
("71199","53589","0","2231","2","1","1","1500","3000","","","0","0","2016-07-24 10:03:43","2016-07-24 10:03:43"),
("71200","53590","0","2228","3","1","1","500","1500","","","0","0","2016-07-24 10:05:09","2016-07-24 10:05:09"),
("71201","53591","0","2228","2","1","1","500","1000","","","0","0","2016-07-24 10:06:39","2016-07-24 10:06:39"),
("71202","53592","0","2104","1","1","1","5500","5500","","","0","0","2016-07-24 10:11:26","2016-07-24 10:11:26"),
("71203","53592","0","2240","1","1","1","5000","5000","","","0","0","2016-07-24 10:11:26","2016-07-24 10:11:26"),
("71204","53592","0","2163","1","1","1","2500","2500","","","0","0","2016-07-24 10:11:26","2016-07-24 10:11:26"),
("71205","53593","0","2228","5","1","1","500","2500","","","0","0","2016-07-24 10:11:51","2016-07-24 10:11:51"),
("71206","53594","0","2105","1","1","1","5500","5500","","","0","0","2016-07-24 10:11:59","2016-07-24 10:11:59"),
("71207","53595","0","2229","5","1","1","700","3500","","","0","0","2016-07-24 10:12:00","2016-07-24 10:12:00"),
("71208","53596","0","2240","1","1","1","5000","5000","","","0","0","2016-07-24 10:14:55","2016-07-24 10:14:55"),
("71209","53597","0","2228","6","1","1","500","3000","","","0","0","2016-07-24 10:15:06","2016-07-24 10:15:06"),
("71210","53598","0","2095","1","1","1","4000","4000","","","0","0","2016-07-24 10:19:19","2016-07-24 10:19:19"),
("71211","53599","0","2228","4","1","1","500","2000","","","0","0","2016-07-24 10:21:18","2016-07-24 10:21:18"),
("71212","53600","0","2228","5","1","1","500","2500","","","0","0","2016-07-24 10:21:37","2016-07-24 10:21:37"),
("71213","53601","0","2071","2","1","1","1000","2000","","","0","0","2016-07-24 10:24:05","2016-07-24 10:24:05"),
("71214","53602","0","2229","5","1","1","700","3500","","","0","0","2016-07-24 10:27:10","2016-07-24 10:27:10"),
("71215","53603","0","2228","5","1","1","500","2500","","","0","0","2016-07-24 10:27:56","2016-07-24 10:27:56"),
("71216","53604","0","2071","5","1","1","1000","5000","","","0","0","2016-07-24 10:29:45","2016-07-24 10:29:45"),
("71217","53604","0","2090","2","1","1","2500","5000","","","0","0","2016-07-24 10:29:45","2016-07-24 10:29:45"),
("71218","53604","0","2231","5","1","1","1500","7500","","","0","0","2016-07-24 10:29:45","2016-07-24 10:29:45"),
("71219","53605","0","2065","5","1","1","1000","5000","","","0","0","2016-07-24 10:32:01","2016-07-24 10:32:01"),
("71220","53606","0","2083","2","1","1","2500","5000","","","0","0","2016-07-24 10:34:41","2016-07-24 10:34:41"),
("71221","53607","0","2095","10","1","1","3500","35000","","","0","0","2016-07-24 10:35:05","2016-07-24 10:35:05"),
("71222","53608","0","2163","2","1","1","2500","5000","","","0","0","2016-07-24 10:35:32","2016-07-24 10:35:32"),
("71223","53609","0","2228","30","1","1","500","15000","","","0","0","2016-07-24 10:37:04","2016-07-24 10:37:04"),
("71224","53610","0","2228","4","1","1","500","2000","","","0","0","2016-07-24 10:37:36","2016-07-24 10:37:36"),
("71225","53611","0","2110","3","1","1","2500","7500","","","0","0","2016-07-24 10:39:08","2016-07-24 10:39:08"),
("71226","53611","0","2065","3","1","1","1000","3000","","","0","0","2016-07-24 10:39:08","2016-07-24 10:39:08"),
("71227","53611","0","2238","1","1","1","2500","2500","","","0","0","2016-07-24 10:39:08","2016-07-24 10:39:08"),
("71228","53611","0","2164","2","1","1","3000","6000","","","0","0","2016-07-24 10:39:08","2016-07-24 10:39:08"),
("71229","53611","0","2083","6","1","1","2500","15000","","","0","0","2016-07-24 10:39:08","2016-07-24 10:39:08"),
("71230","53612","0","2240","1","1","1","5000","5000","","","0","0","2016-07-24 10:39:13","2016-07-24 10:39:13"),
("71231","53613","0","2164","1","1","1","3000","3000","","","0","0","2016-07-24 10:40:05","2016-07-24 10:40:05"),
("71232","53613","0","2073","1","1","1","1000","1000","","","0","0","2016-07-24 10:40:05","2016-07-24 10:40:05"),
("71233","53613","0","2240","2","1","1","5000","10000","","","0","0","2016-07-24 10:40:05","2016-07-24 10:40:05"),
("71234","53613","0","2113","1","1","1","5500","5500","","","0","0","2016-07-24 10:40:05","2016-07-24 10:40:05"),
("71235","53614","0","2232","2","1","1","1000","2000","","","0","0","2016-07-24 10:40:19","2016-07-24 10:40:19"),
("71236","53615","0","2228","5","1","1","500","2500","","","0","0","2016-07-24 10:41:03","2016-07-24 10:41:03"),
("71237","53616","0","2166","5","1","1","700","3500","","","0","0","2016-07-24 10:42:31","2016-07-24 10:42:31"),
("71238","53617","0","2125","1","1","1","1000","1000","","","0","0","2016-07-24 10:42:55","2016-07-24 10:42:55"),
("71239","53617","0","2126","1","1","1","2000","2000","","","0","0","2016-07-24 10:42:55","2016-07-24 10:42:55"),
("71240","53617","0","2231","2","1","1","1500","3000","","","0","0","2016-07-24 10:42:55","2016-07-24 10:42:55"),
("71241","53617","0","2240","1","1","1","5000","5000","","","0","0","2016-07-24 10:42:55","2016-07-24 10:42:55"),
("71242","53618","0","2236","3","1","1","2000","6000","","","0","0","2016-07-24 10:43:34","2016-07-24 10:43:34"),
("71243","53619","0","2231","4","1","1","1500","6000","","","0","0","2016-07-24 10:43:45","2016-07-24 10:43:45"),
("71244","53620","0","2231","4","1","1","1500","6000","","","0","0","2016-07-24 10:45:20","2016-07-24 10:45:20"),
("71245","53621","0","2228","10","1","1","500","5000","","","0","0","2016-07-24 10:47:42","2016-07-24 10:47:42"),
("71246","53622","0","2231","2","1","1","1500","3000","","","0","0","2016-07-24 10:50:54","2016-07-24 10:50:54"),
("71247","53622","0","2228","3","1","1","500","1500","","","0","0","2016-07-24 10:50:54","2016-07-24 10:50:54"),
("71248","53623","0","2228","10","1","1","500","5000","","","0","0","2016-07-24 10:52:20","2016-07-24 10:52:20"),
("71249","53624","0","2228","5","1","1","500","2500","","","0","0","2016-07-24 10:57:31","2016-07-24 10:57:31"),
("71250","53625","0","2231","1","1","1","1500","1500","","","0","0","2016-07-24 10:59:17","2016-07-24 10:59:17"),
("71251","53626","0","2233","2","1","1","2000","4000","","","0","0","2016-07-24 11:03:40","2016-07-24 11:03:40"),
("71252","53627","0","2095","1","1","1","4000","4000","","","0","0","2016-07-24 11:08:22","2016-07-24 11:08:22"),
("71253","53628","0","2125","1","1","1","1000","1000","","","0","0","2016-07-24 11:10:49","2016-07-24 11:10:49"),
("71254","53628","0","2165","1","1","1","1000","1000","","","0","0","2016-07-24 11:10:49","2016-07-24 11:10:49"),
("71255","53629","0","2229","20","1","1","700","14000","","","0","0","2016-07-24 11:10:57","2016-07-24 11:10:57"),
("71256","53630","0","2232","5","1","1","1000","5000","","","0","0","2016-07-24 11:12:06","2016-07-24 11:12:06"),
("71257","53630","0","2229","10","1","1","700","7000","","","0","0","2016-07-24 11:12:06","2016-07-24 11:12:06"),
("71258","53631","0","2229","1","1","1","700","700","","","0","0","2016-07-24 11:12:42","2016-07-24 11:12:42"),
("71259","53631","0","2228","2","1","1","500","1000","","","0","0","2016-07-24 11:12:42","2016-07-24 11:12:42"),
("71260","53632","0","2102","2","1","1","5000","10000","","","0","0","2016-07-24 11:14:10","2016-07-24 11:14:10"),
("71261","53632","0","2164","8","1","1","3000","24000","","","0","0","2016-07-24 11:14:10","2016-07-24 11:14:10"),
("71262","53633","0","2077","2","1","1","1500","3000","","","0","0","2016-07-24 11:14:54","2016-07-24 11:14:54"),
("71263","53633","0","2076","2","1","1","2000","4000","","","0","0","2016-07-24 11:14:54","2016-07-24 11:14:54"),
("71264","53633","0","2078","2","1","1","1500","3000","","","0","0","2016-07-24 11:14:54","2016-07-24 11:14:54"),
("71265","53634","0","2164","2","1","1","3000","6000","","","0","0","2016-07-24 11:16:07","2016-07-24 11:16:07"),
("71266","53635","0","2125","1","1","1","1000","1000","","","0","0","2016-07-24 11:17:47","2016-07-24 11:17:47"),
("71267","53636","0","2104","1","1","1","5500","5500","","","0","0","2016-07-24 11:18:52","2016-07-24 11:18:52"),
("71268","53637","0","2228","6","1","1","500","3000","","","0","0","2016-07-24 11:21:46","2016-07-24 11:21:46"),
("71269","53638","0","2233","1","1","1","2000","2000","","","0","0","2016-07-24 11:23:03","2016-07-24 11:23:03"),
("71270","53639","0","2084","1","1","1","2500","2500","","","0","0","2016-07-24 11:23:14","2016-07-24 11:23:14"),
("71271","53639","0","2075","1","1","1","1500","1500","","","0","0","2016-07-24 11:23:14","2016-07-24 11:23:14"),
("71272","53640","0","2232","5","1","1","1000","5000","","","0","0","2016-07-24 11:24:35","2016-07-24 11:24:35"),
("71273","53641","0","2228","200","1","1","500","100000","","","0","0","2016-07-24 11:26:51","2016-07-24 11:26:51"),
("71274","53642","0","2228","6","1","1","500","3000","","","0","0","2016-07-24 11:30:18","2016-07-24 11:30:18"),
("71275","53643","0","2228","2","1","1","500","1000","","","0","0","2016-07-24 11:30:55","2016-07-24 11:30:55"),
("71276","53644","0","2070","2","1","1","1000","2000","","","0","0","2016-07-24 11:32:04","2016-07-24 11:32:04"),
("71277","53644","0","2232","1","1","1","1000","1000","","","0","0","2016-07-24 11:32:04","2016-07-24 11:32:04"),
("71278","53644","0","2229","3","1","1","700","2100","","","0","0","2016-07-24 11:32:04","2016-07-24 11:32:04"),
("71279","53645","0","2250","2","1","1","500","1000","","","0","0","2016-07-24 11:32:30","2016-07-24 11:32:30"),
("71280","53646","0","2228","6","1","1","500","3000","","","0","0","2016-07-24 11:32:50","2016-07-24 11:32:50"),
("71281","53647","0","2231","1","1","1","1500","1500","","","0","0","2016-07-24 11:33:14","2016-07-24 11:33:14"),
("71282","53647","0","2166","3","1","1","700","2100","","","0","0","2016-07-24 11:33:14","2016-07-24 11:33:14"),
("71283","53648","0","2228","5","1","1","500","2500","","","0","0","2016-07-24 11:33:25","2016-07-24 11:33:25"),
("71284","53649","0","2228","12","1","1","500","6000","","","0","0","2016-07-24 11:34:41","2016-07-24 11:34:41"),
("71285","53650","0","2228","20","1","1","500","10000","","","0","0","2016-07-24 11:36:03","2016-07-24 11:36:03"),
("71286","53651","0","2228","10","1","1","500","5000","","","0","0","2016-07-24 11:37:54","2016-07-24 11:37:54"),
("71287","53652","0","2146","1","1","1","3500","3500","","","0","0","2016-07-24 11:38:04","2016-07-24 11:38:04"),
("71288","53653","0","2166","1","1","1","700","700","","","0","0","2016-07-24 11:40:30","2016-07-24 11:40:30"),
("71289","53653","0","2228","2","1","1","500","1000","","","0","0","2016-07-24 11:40:30","2016-07-24 11:40:30"),
("71290","53654","0","2073","2","1","1","1000","2000","","","0","0","2016-07-24 11:42:29","2016-07-24 11:42:29"),
("71291","53655","0","2229","1","1","1","700","700","","","0","0","2016-07-24 11:47:51","2016-07-24 11:47:51"),
("71292","53656","0","2229","3","1","1","700","2100","","","0","0","2016-07-24 11:49:26","2016-07-24 11:49:26"),
("71293","53657","0","2125","1","1","1","1000","1000","","","0","0","2016-07-24 11:49:36","2016-07-24 11:49:36"),
("71294","53658","0","2228","10","1","1","500","5000","","","0","0","2016-07-24 11:51:40","2016-07-24 11:51:40"),
("71295","53659","0","2233","5","1","1","1500","7500","","","0","0","2016-07-24 11:54:10","2016-07-24 11:54:10"),
("71296","53659","0","2229","60","1","1","500","30000","","","0","0","2016-07-24 11:54:10","2016-07-24 11:54:10"),
("71297","53659","0","2065","40","1","1","700","28000","","","0","0","2016-07-24 11:54:10","2016-07-24 11:54:10"),
("71298","53660","0","2231","2","1","1","1500","3000","","","0","0","2016-07-24 11:56:30","2016-07-24 11:56:30"),
("71299","53661","0","2233","4","1","1","2000","8000","","","0","0","2016-07-24 11:57:40","2016-07-24 11:57:40"),
("71300","53662","0","2095","1","1","1","4000","4000","","","0","0","2016-07-24 11:57:54","2016-07-24 11:57:54"),
("71301","53663","0","2228","6","1","1","500","3000","","","0","0","2016-07-24 11:58:35","2016-07-24 11:58:35"),
("71302","53663","0","2095","1","1","1","4000","4000","","","0","0","2016-07-24 11:58:35","2016-07-24 11:58:35"),
("71303","53664","0","2075","1","1","1","1500","1500","","","0","0","2016-07-24 11:58:51","2016-07-24 11:58:51"),
("71304","53665","0","2099","1","1","1","2000","2000","","","0","0","2016-07-24 11:59:19","2016-07-24 11:59:19");

INSERT INTO sales_order_receipts VALUES("53654","53534","7","16RE053652","0","500","500","0","2016-07-24","2016-07-24","2016-07-24 09:00:42","32","2016-07-24 09:00:42","32","1"),
("53655","53535","7","16RE053653","0","13000","13000","0","2016-07-24","2016-07-24","2016-07-24 09:04:10","28","2016-07-24 09:04:10","28","1"),
("53656","53536","7","16RE053654","0","2000","2000","0","2016-07-24","2016-07-24","2016-07-24 09:04:24","28","2016-07-24 09:04:24","28","1"),
("53657","53537","7","16RE053655","0","1000","1000","0","2016-07-24","2016-07-24","2016-07-24 09:07:06","32","2016-07-24 09:07:06","32","1"),
("53658","53538","7","16RE053656","0","1400","1400","0","2016-07-24","2016-07-24","2016-07-24 09:07:18","28","2016-07-24 09:07:18","28","1"),
("53659","53539","7","16RE053657","0","5000","5000","0","2016-07-24","2016-07-24","2016-07-24 09:07:55","32","2016-07-24 09:07:55","32","1"),
("53660","53540","7","16RE053658","0","1000","1000","0","2016-07-24","2016-07-24","2016-07-24 09:08:48","28","2016-07-24 09:08:48","28","1"),
("53661","53541","7","16RE053659","0","18000","18000","0","2016-07-24","2016-07-24","2016-07-24 09:10:07","32","2016-07-24 09:10:07","32","1"),
("53662","53542","7","16RE053660","0","2000","2000","0","2016-07-24","2016-07-24","2016-07-24 09:10:20","32","2016-07-24 09:10:20","32","1"),
("53663","53543","7","16RE053661","0","1500","1500","0","2016-07-24","2016-07-24","2016-07-24 09:10:33","32","2016-07-24 09:10:33","32","1"),
("53664","53544","7","16RE053662","0","4000","4000","0","2016-07-24","2016-07-24","2016-07-24 09:11:05","28","2016-07-24 09:11:05","28","1"),
("53665","53545","7","16RE053663","0","1500","1500","0","2016-07-24","2016-07-24","2016-07-24 09:13:29","32","2016-07-24 09:13:29","32","1"),
("53666","53546","7","16RE053664","0","3000","3000","0","2016-07-24","2016-07-24","2016-07-24 09:13:40","28","2016-07-24 09:13:40","28","1"),
("53667","53547","7","16RE053665","0","5800","5800","0","2016-07-24","2016-07-24","2016-07-24 09:13:52","32","2016-07-24 09:13:52","32","1"),
("53668","53548","7","16RE053666","0","7000","7000","0","2016-07-24","2016-07-24","2016-07-24 09:14:22","32","2016-07-24 09:14:22","32","1"),
("53669","53549","7","16RE053667","0","2500","2500","0","2016-07-24","2016-07-24","2016-07-24 09:15:07","32","2016-07-24 09:15:07","32","1"),
("53670","53550","7","16RE053668","0","5000","5000","0","2016-07-24","2016-07-24","2016-07-24 09:15:23","32","2016-07-24 09:15:23","32","1"),
("53671","53551","7","16RE053669","0","4200","4200","0","2016-07-24","2016-07-24","2016-07-24 09:15:49","32","2016-07-24 09:15:49","32","1"),
("53672","53552","7","16RE053670","0","7500","7500","0","2016-07-24","2016-07-24","2016-07-24 09:18:08","28","2016-07-24 09:18:08","28","1"),
("53673","53553","7","16RE053671","0","2500","2500","0","2016-07-24","2016-07-24","2016-07-24 09:21:41","32","2016-07-24 09:21:41","32","1"),
("53674","53554","7","16RE053672","0","5000","5000","0","2016-07-24","2016-07-24","2016-07-24 09:21:49","32","2016-07-24 09:21:49","32","1"),
("53675","53555","7","16RE053673","0","1000","1000","0","2016-07-24","2016-07-24","2016-07-24 09:22:05","32","2016-07-24 09:22:05","32","1"),
("53676","53556","7","16RE053674","0","500","500","0","2016-07-24","2016-07-24","2016-07-24 09:22:24","32","2016-07-24 09:22:24","32","1"),
("53677","53557","7","16RE053675","0","3500","3500","0","2016-07-24","2016-07-24","2016-07-24 09:23:22","32","2016-07-24 09:23:22","32","1"),
("53678","53558","7","16RE053676","0","3000","3000","0","2016-07-24","2016-07-24","2016-07-24 09:24:07","28","2016-07-24 09:24:07","28","1"),
("53679","53559","7","16RE053677","0","500","500","0","2016-07-24","2016-07-24","2016-07-24 09:24:22","32","2016-07-24 09:24:22","32","1"),
("53680","53560","7","16RE053678","0","6000","6000","0","2016-07-24","2016-07-24","2016-07-24 09:25:09","32","2016-07-24 09:25:09","32","1"),
("53681","53561","7","16RE053679","0","8500","8500","0","2016-07-24","2016-07-24","2016-07-24 09:25:38","32","2016-07-24 09:25:38","32","1"),
("53682","53562","7","16RE053680","0","4500","4500","0","2016-07-24","2016-07-24","2016-07-24 09:26:28","32","2016-07-24 09:26:28","32","1"),
("53683","53563","7","16RE053681","0","20000","60000","40000","2016-07-24","2016-07-24","2016-07-24 09:28:23","28","2016-07-24 09:28:23","28","1"),
("53684","53564","7","16RE053682","0","1500","1500","0","2016-07-24","2016-07-24","2016-07-24 09:30:32","32","2016-07-24 09:30:32","32","1"),
("53685","53565","7","16RE053683","0","2000","2000","0","2016-07-24","2016-07-24","2016-07-24 09:32:24","32","2016-07-24 09:32:24","32","1"),
("53686","53566","7","16RE053684","0","1000","1000","0","2016-07-24","2016-07-24","2016-07-24 09:32:38","32","2016-07-24 09:32:38","32","1"),
("53687","53567","7","16RE053685","0","4000","4000","0","2016-07-24","2016-07-24","2016-07-24 09:33:17","32","2016-07-24 09:33:17","32","1"),
("53688","53568","7","16RE053686","0","5000","5000","0","2016-07-24","2016-07-24","2016-07-24 09:37:17","32","2016-07-24 09:37:17","32","1"),
("53689","53569","7","16RE053687","0","6000","6000","0","2016-07-24","2016-07-24","2016-07-24 09:38:35","28","2016-07-24 09:38:35","28","1"),
("53690","53570","7","16RE053688","0","5000","5000","0","2016-07-24","2016-07-24","2016-07-24 09:39:36","32","2016-07-24 09:39:36","32","1"),
("53691","53571","7","16RE053689","0","2500","2500","0","2016-07-24","2016-07-24","2016-07-24 09:45:32","32","2016-07-24 09:45:32","32","1"),
("53692","53572","7","16RE053690","0","7500","7500","0","2016-07-24","2016-07-24","2016-07-24 09:46:32","28","2016-07-24 09:46:32","28","1"),
("53693","53573","7","16RE053691","0","2500","2500","0","2016-07-24","2016-07-24","2016-07-24 09:48:23","32","2016-07-24 09:48:23","32","1"),
("53694","53574","7","16RE053692","0","2100","2100","0","2016-07-24","2016-07-24","2016-07-24 09:48:47","32","2016-07-24 09:48:47","32","1"),
("53695","53575","7","16RE053693","0","19500","19500","0","2016-07-24","2016-07-24","2016-07-24 09:49:19","28","2016-07-24 09:49:19","28","1"),
("53696","53576","7","16RE053694","0","5000","5000","0","2016-07-24","2016-07-24","2016-07-24 09:50:44","28","2016-07-24 09:50:44","28","1"),
("53697","53577","7","16RE053695","0","500","500","0","2016-07-24","2016-07-24","2016-07-24 09:51:41","32","2016-07-24 09:51:41","32","1"),
("53698","53578","7","16RE053696","0","20000","20000","0","2016-07-24","2016-07-24","2016-07-24 09:53:10","28","2016-07-24 09:53:10","28","1"),
("53699","53579","7","16RE053697","0","1700","1700","0","2016-07-24","2016-07-24","2016-07-24 09:54:18","32","2016-07-24 09:54:18","32","1"),
("53700","53580","7","16RE053698","0","2500","2500","0","2016-07-24","2016-07-24","2016-07-24 09:55:11","32","2016-07-24 09:55:11","32","1"),
("53701","53581","7","16RE053699","0","5500","5500","0","2016-07-24","2016-07-24","2016-07-24 09:56:38","28","2016-07-24 09:56:38","28","1"),
("53702","53582","7","16RE053700","0","4200","4200","0","2016-07-24","2016-07-24","2016-07-24 09:56:47","32","2016-07-24 09:56:47","32","1"),
("53703","53583","7","16RE053701","0","3000","3000","0","2016-07-24","2016-07-24","2016-07-24 09:56:54","28","2016-07-24 09:56:54","28","1"),
("53704","53584","7","16RE053702","0","3000","3000","0","2016-07-24","2016-07-24","2016-07-24 09:57:07","32","2016-07-24 09:57:07","32","1"),
("53705","53585","7","16RE053703","0","2500","2500","0","2016-07-24","2016-07-24","2016-07-24 09:57:38","28","2016-07-24 09:57:38","28","1"),
("53706","53586","7","16RE053704","0","2500","2500","0","2016-07-24","2016-07-24","2016-07-24 09:58:26","28","2016-07-24 09:58:26","28","1"),
("53707","53587","7","16RE053705","0","1000","1000","0","2016-07-24","2016-07-24","2016-07-24 10:01:17","32","2016-07-24 10:01:17","32","1"),
("53708","53588","7","16RE053706","0","6000","6000","0","2016-07-24","2016-07-24","2016-07-24 10:01:31","28","2016-07-24 10:01:31","28","1"),
("53709","53589","7","16RE053707","0","11000","11000","0","2016-07-24","2016-07-24","2016-07-24 10:03:43","28","2016-07-24 10:03:43","28","1"),
("53710","53590","7","16RE053708","0","1500","1500","0","2016-07-24","2016-07-24","2016-07-24 10:05:09","28","2016-07-24 10:05:09","28","1"),
("53711","53591","7","16RE053709","0","1000","1000","0","2016-07-24","2016-07-24","2016-07-24 10:06:39","32","2016-07-24 10:06:39","32","1"),
("53712","53592","7","16RE053710","0","13000","13000","0","2016-07-24","2016-07-24","2016-07-24 10:11:26","28","2016-07-24 10:11:26","28","1"),
("53713","53593","7","16RE053711","0","2500","2500","0","2016-07-24","2016-07-24","2016-07-24 10:11:51","32","2016-07-24 10:11:51","32","1"),
("53714","53594","7","16RE053712","0","5500","5500","0","2016-07-24","2016-07-24","2016-07-24 10:11:59","28","2016-07-24 10:11:59","28","1"),
("53715","53595","7","16RE053713","0","3500","3500","0","2016-07-24","2016-07-24","2016-07-24 10:12:00","32","2016-07-24 10:12:00","32","1"),
("53716","53596","7","16RE053714","0","5000","5000","0","2016-07-24","2016-07-24","2016-07-24 10:14:55","32","2016-07-24 10:14:55","32","1"),
("53717","53597","7","16RE053715","0","3000","3000","0","2016-07-24","2016-07-24","2016-07-24 10:15:06","32","2016-07-24 10:15:06","32","1"),
("53718","53598","7","16RE053716","0","4000","4000","0","2016-07-24","2016-07-24","2016-07-24 10:19:19","32","2016-07-24 10:19:19","32","1"),
("53719","53599","7","16RE053717","0","2000","2000","0","2016-07-24","2016-07-24","2016-07-24 10:21:18","32","2016-07-24 10:21:18","32","1"),
("53720","53600","7","16RE053718","0","2500","2500","0","2016-07-24","2016-07-24","2016-07-24 10:21:37","32","2016-07-24 10:21:37","32","1"),
("53721","53601","7","16RE053719","0","2000","2000","0","2016-07-24","2016-07-24","2016-07-24 10:24:05","28","2016-07-24 10:24:05","28","1"),
("53722","53602","7","16RE053720","0","3500","3500","0","2016-07-24","2016-07-24","2016-07-24 10:27:10","32","2016-07-24 10:27:10","32","1"),
("53723","53603","7","16RE053721","0","2500","2500","0","2016-07-24","2016-07-24","2016-07-24 10:27:56","32","2016-07-24 10:27:56","32","1"),
("53724","53604","7","16RE053722","0","17500","17500","0","2016-07-24","2016-07-24","2016-07-24 10:29:45","32","2016-07-24 10:29:45","32","1"),
("53725","53605","7","16RE053723","0","5000","5000","0","2016-07-24","2016-07-24","2016-07-24 10:32:01","28","2016-07-24 10:32:01","28","1"),
("53726","53606","7","16RE053724","0","5000","5000","0","2016-07-24","2016-07-24","2016-07-24 10:34:41","28","2016-07-24 10:34:41","28","1"),
("53727","53607","7","16RE053725","0","35000","35000","0","2016-07-24","2016-07-24","2016-07-24 10:35:05","28","2016-07-24 10:35:05","28","1"),
("53728","53608","7","16RE053726","0","5000","5000","0","2016-07-24","2016-07-24","2016-07-24 10:35:32","28","2016-07-24 10:35:32","28","1"),
("53729","53609","7","16RE053727","0","15000","15000","0","2016-07-24","2016-07-24","2016-07-24 10:37:04","28","2016-07-24 10:37:04","28","1"),
("53730","53610","7","16RE053728","0","2000","2000","0","2016-07-24","2016-07-24","2016-07-24 10:37:36","28","2016-07-24 10:37:36","28","1"),
("53731","53611","7","16RE053729","0","34000","34000","0","2016-07-24","2016-07-24","2016-07-24 10:39:08","28","2016-07-24 10:39:08","28","1"),
("53732","53612","7","16RE053730","0","5000","5000","0","2016-07-24","2016-07-24","2016-07-24 10:39:13","28","2016-07-24 10:39:13","28","1"),
("53733","53613","7","16RE053731","0","19500","19500","0","2016-07-24","2016-07-24","2016-07-24 10:40:05","28","2016-07-24 10:40:05","28","1"),
("53734","53614","7","16RE053732","0","2000","2000","0","2016-07-24","2016-07-24","2016-07-24 10:40:19","28","2016-07-24 10:40:19","28","1"),
("53735","53615","7","16RE053733","0","2500","2500","0","2016-07-24","2016-07-24","2016-07-24 10:41:03","28","2016-07-24 10:41:03","28","1"),
("53736","53616","7","16RE053734","0","3500","3500","0","2016-07-24","2016-07-24","2016-07-24 10:42:31","28","2016-07-24 10:42:31","28","1"),
("53737","53617","7","16RE053735","0","11000","11000","0","2016-07-24","2016-07-24","2016-07-24 10:42:54","28","2016-07-24 10:42:54","28","1"),
("53738","53618","7","16RE053736","0","6000","6000","0","2016-07-24","2016-07-24","2016-07-24 10:43:34","28","2016-07-24 10:43:34","28","1"),
("53739","53619","7","16RE053737","0","6000","6000","0","2016-07-24","2016-07-24","2016-07-24 10:43:45","28","2016-07-24 10:43:45","28","1"),
("53740","53620","7","16RE053738","0","6000","6000","0","2016-07-24","2016-07-24","2016-07-24 10:45:20","28","2016-07-24 10:45:20","28","1"),
("53741","53621","7","16RE053739","0","5000","5000","0","2016-07-24","2016-07-24","2016-07-24 10:47:41","28","2016-07-24 10:47:41","28","1"),
("53742","53622","7","16RE053740","0","4500","4500","0","2016-07-24","2016-07-24","2016-07-24 10:50:54","28","2016-07-24 10:50:54","28","1"),
("53743","53623","7","16RE053741","0","5000","5000","0","2016-07-24","2016-07-24","2016-07-24 10:52:20","28","2016-07-24 10:52:20","28","1"),
("53744","53624","7","16RE053742","0","2500","2500","0","2016-07-24","2016-07-24","2016-07-24 10:57:31","28","2016-07-24 10:57:31","28","1"),
("53745","53625","7","16RE053743","0","1500","1500","0","2016-07-24","2016-07-24","2016-07-24 10:59:17","32","2016-07-24 10:59:17","32","1"),
("53746","53626","7","16RE053744","0","4000","4000","0","2016-07-24","2016-07-24","2016-07-24 11:03:40","32","2016-07-24 11:03:40","32","1"),
("53747","53627","7","16RE053745","0","4000","4000","0","2016-07-24","2016-07-24","2016-07-24 11:08:22","28","2016-07-24 11:08:22","28","1"),
("53748","53628","7","16RE053746","0","2000","2000","0","2016-07-24","2016-07-24","2016-07-24 11:10:49","32","2016-07-24 11:10:49","32","1"),
("53749","53629","7","16RE053747","0","14000","14000","0","2016-07-24","2016-07-24","2016-07-24 11:10:57","32","2016-07-24 11:10:57","32","1"),
("53750","53630","7","16RE053748","0","12000","12000","0","2016-07-24","2016-07-24","2016-07-24 11:12:06","32","2016-07-24 11:12:06","32","1"),
("53751","53631","7","16RE053749","0","1700","1700","0","2016-07-24","2016-07-24","2016-07-24 11:12:42","32","2016-07-24 11:12:42","32","1"),
("53752","53632","7","16RE053750","0","34000","34000","0","2016-07-24","2016-07-24","2016-07-24 11:14:10","32","2016-07-24 11:14:10","32","1"),
("53753","53633","7","16RE053751","0","10000","10000","0","2016-07-24","2016-07-24","2016-07-24 11:14:54","32","2016-07-24 11:14:54","32","1"),
("53754","53634","7","16RE053752","0","6000","6000","0","2016-07-24","2016-07-24","2016-07-24 11:16:07","28","2016-07-24 11:16:07","28","1"),
("53755","53635","7","16RE053753","0","1000","1000","0","2016-07-24","2016-07-24","2016-07-24 11:17:47","28","2016-07-24 11:17:47","28","1"),
("53756","53636","7","16RE053754","0","5500","5500","0","2016-07-24","2016-07-24","2016-07-24 11:18:52","32","2016-07-24 11:18:52","32","1"),
("53757","53637","7","16RE053755","0","3000","3000","0","2016-07-24","2016-07-24","2016-07-24 11:21:46","32","2016-07-24 11:21:46","32","1"),
("53758","53638","7","16RE053756","0","2000","2000","0","2016-07-24","2016-07-24","2016-07-24 11:23:03","28","2016-07-24 11:23:03","28","1"),
("53759","53639","7","16RE053757","0","4000","4000","0","2016-07-24","2016-07-24","2016-07-24 11:23:13","28","2016-07-24 11:23:13","28","1"),
("53760","53640","7","16RE053758","0","5000","5000","0","2016-07-24","2016-07-24","2016-07-24 11:24:35","32","2016-07-24 11:24:35","32","1"),
("53761","53641","7","16RE053759","0","100000","100000","0","2016-07-24","2016-07-24","2016-07-24 11:26:51","28","2016-07-24 11:26:51","28","1"),
("53762","53642","7","16RE053760","0","3000","3000","0","2016-07-24","2016-07-24","2016-07-24 11:30:18","28","2016-07-24 11:30:18","28","1"),
("53763","53643","7","16RE053761","0","1000","1000","0","2016-07-24","2016-07-24","2016-07-24 11:30:55","28","2016-07-24 11:30:55","28","1"),
("53764","53644","7","16RE053762","0","5100","5100","0","2016-07-24","2016-07-24","2016-07-24 11:32:04","28","2016-07-24 11:32:04","28","1"),
("53765","53645","7","16RE053763","0","1000","1000","0","2016-07-24","2016-07-24","2016-07-24 11:32:30","28","2016-07-24 11:32:30","28","1"),
("53766","53646","7","16RE053764","0","3000","3000","0","2016-07-24","2016-07-24","2016-07-24 11:32:50","28","2016-07-24 11:32:50","28","1"),
("53767","53647","7","16RE053765","0","3600","3600","0","2016-07-24","2016-07-24","2016-07-24 11:33:14","28","2016-07-24 11:33:14","28","1"),
("53768","53648","7","16RE053766","0","2500","2500","0","2016-07-24","2016-07-24","2016-07-24 11:33:25","28","2016-07-24 11:33:25","28","1"),
("53769","53649","7","16RE053767","0","6000","6000","0","2016-07-24","2016-07-24","2016-07-24 11:34:41","32","2016-07-24 11:34:41","32","1"),
("53770","53650","7","16RE053768","0","10000","10000","0","2016-07-24","2016-07-24","2016-07-24 11:36:03","32","2016-07-24 11:36:03","32","1"),
("53771","53651","7","16RE053769","0","5000","5000","0","2016-07-24","2016-07-24","2016-07-24 11:37:54","32","2016-07-24 11:37:54","32","1"),
("53772","53652","7","16RE053770","0","3500","3500","0","2016-07-24","2016-07-24","2016-07-24 11:38:04","32","2016-07-24 11:38:04","32","1"),
("53773","53653","7","16RE053771","0","1700","1700","0","2016-07-24","2016-07-24","2016-07-24 11:40:30","32","2016-07-24 11:40:30","32","1"),
("53774","53654","7","16RE053772","0","2000","2000","0","2016-07-24","2016-07-24","2016-07-24 11:42:29","28","2016-07-24 11:42:29","28","1"),
("53775","53655","7","16RE053773","0","700","700","0","2016-07-24","2016-07-24","2016-07-24 11:47:51","28","2016-07-24 11:47:51","28","1"),
("53776","53656","7","16RE053774","0","2100","2100","0","2016-07-24","2016-07-24","2016-07-24 11:49:26","28","2016-07-24 11:49:26","28","1"),
("53777","53657","7","16RE053775","0","1000","1000","0","2016-07-24","2016-07-24","2016-07-24 11:49:36","28","2016-07-24 11:49:36","28","1"),
("53778","53658","7","16RE053776","0","5000","5000","0","2016-07-24","2016-07-24","2016-07-24 11:51:40","28","2016-07-24 11:51:40","28","1"),
("53779","53659","7","16RE053777","0","65500","65500","0","2016-07-24","2016-07-24","2016-07-24 11:54:10","28","2016-07-24 11:54:10","28","1"),
("53780","53660","7","16RE053778","0","3000","3000","0","2016-07-24","2016-07-24","2016-07-24 11:56:30","28","2016-07-24 11:56:30","28","1"),
("53781","53661","7","16RE053779","0","8000","8000","0","2016-07-24","2016-07-24","2016-07-24 11:57:40","28","2016-07-24 11:57:40","28","1"),
("53782","53662","7","16RE053780","0","4000","4000","0","2016-07-24","2016-07-24","2016-07-24 11:57:54","28","2016-07-24 11:57:54","28","1"),
("53783","53663","7","16RE053781","0","7000","7000","0","2016-07-24","2016-07-24","2016-07-24 11:58:35","28","2016-07-24 11:58:35","28","1"),
("53784","53664","7","16RE053782","0","1500","1500","0","2016-07-24","2016-07-24","2016-07-24 11:58:51","28","2016-07-24 11:58:51","28","1"),
("53785","53665","7","16RE053783","0","2000","2000","0","2016-07-24","2016-07-24","2016-07-24 11:59:19","28","2016-07-24 11:59:19","28","1");

