INSERT INTO inventories VALUES("74501","","","","56101","","","2228","2","2","0","500","2016-07-26","0000-00-00","","2016-07-26 18:02:29","28","2016-07-26 18:02:29","28","1"),
("74502","","","","56101","","","2233","2","1","0","2000","2016-07-26","0000-00-00","","2016-07-26 18:02:29","28","2016-07-26 18:02:29","28","1"),
("74503","","","","56102","","","2228","2","4","0","500","2016-07-26","0000-00-00","","2016-07-26 18:02:54","28","2016-07-26 18:02:54","28","1"),
("74504","","","","56103","","","2233","2","1","0","2000","2016-07-26","0000-00-00","","2016-07-26 18:03:41","28","2016-07-26 18:03:41","28","1"),
("74505","","","","56103","","","2232","2","1","0","1000","2016-07-26","0000-00-00","","2016-07-26 18:03:41","28","2016-07-26 18:03:41","28","1"),
("74506","","","","56103","","","2231","2","6","0","1500","2016-07-26","0000-00-00","","2016-07-26 18:03:41","28","2016-07-26 18:03:41","28","1"),
("74507","","","","56104","","","2233","2","1","0","2000","2016-07-26","0000-00-00","","2016-07-26 18:03:48","28","2016-07-26 18:03:48","28","1"),
("74508","","","","56105","","","2113","2","1","0","5500","2016-07-26","0000-00-00","","2016-07-26 18:04:37","28","2016-07-26 18:04:37","28","1"),
("74509","","","","56106","","","2095","2","2","0","4000","2016-07-26","0000-00-00","","2016-07-26 18:04:47","28","2016-07-26 18:04:47","28","1"),
("74510","","","","56107","","","2228","2","3","0","500","2016-07-26","0000-00-00","","2016-07-26 18:05:54","28","2016-07-26 18:05:54","28","1"),
("74511","","","","56108","","","2095","2","1","0","4000","2016-07-26","0000-00-00","","2016-07-26 18:08:35","28","2016-07-26 18:08:35","28","1"),
("74512","","","","56109","","","2119","2","1","0","8000","2016-07-26","0000-00-00","","2016-07-26 18:09:01","28","2016-07-26 18:09:01","28","1"),
("74513","","","","56110","","","2232","2","1","0","1000","2016-07-26","0000-00-00","","2016-07-26 18:10:15","28","2016-07-26 18:10:15","28","1"),
("74514","","","","56110","","","2228","2","5","0","500","2016-07-26","0000-00-00","","2016-07-26 18:10:15","28","2016-07-26 18:10:15","28","1"),
("74515","","","","56111","","","2228","2","2","0","500","2016-07-26","0000-00-00","","2016-07-26 18:12:52","28","2016-07-26 18:12:52","28","1"),
("74516","","","","56112","","","2228","2","6","0","500","2016-07-26","0000-00-00","","2016-07-26 18:13:49","28","2016-07-26 18:13:49","28","1"),
("74517","","","","56113","","","2166","2","10","0","700","2016-07-26","0000-00-00","","2016-07-26 18:14:16","28","2016-07-26 18:14:16","28","1"),
("74518","","","","56114","","","2229","2","3","0","700","2016-07-26","0000-00-00","","2016-07-26 18:15:03","28","2016-07-26 18:15:03","28","1"),
("74519","","","","56115","","","2231","2","1","0","1500","2016-07-26","0000-00-00","","2016-07-26 18:15:30","28","2016-07-26 18:15:30","28","1"),
("74520","","","","56116","","","2228","2","2","0","500","2016-07-26","0000-00-00","","2016-07-26 18:16:57","28","2016-07-26 18:16:57","28","1"),
("74521","","","","56117","","","2228","2","10","0","500","2016-07-26","0000-00-00","","2016-07-26 18:17:12","28","2016-07-26 18:17:12","28","1"),
("74522","","","","56118","","","2110","2","1","0","2500","2016-07-26","0000-00-00","","2016-07-26 18:20:33","28","2016-07-26 18:20:33","28","1"),
("74523","","","","56119","","","2228","2","6","0","500","2016-07-26","0000-00-00","","2016-07-26 18:21:33","28","2016-07-26 18:21:33","28","1"),
("74524","","","","56120","","","2240","2","2","0","5000","2016-07-26","0000-00-00","","2016-07-26 18:21:39","32","2016-07-26 18:21:39","32","1"),
("74525","","","","56120","","","2228","2","3","0","500","2016-07-26","0000-00-00","","2016-07-26 18:21:39","32","2016-07-26 18:21:39","32","1"),
("74526","","","","56120","","","2107","2","1","0","6000","2016-07-26","0000-00-00","","2016-07-26 18:21:39","32","2016-07-26 18:21:39","32","1"),
("74527","","","","56120","","","2083","2","10","0","2500","2016-07-26","0000-00-00","","2016-07-26 18:21:39","32","2016-07-26 18:21:39","32","1"),
("74528","","","","56121","","","2228","2","2","0","500","2016-07-26","0000-00-00","","2016-07-26 18:22:12","28","2016-07-26 18:22:12","28","1"),
("74529","","","","56122","","","2240","2","1","0","5000","2016-07-26","0000-00-00","","2016-07-26 18:22:13","32","2016-07-26 18:22:13","32","1"),
("74530","","","","56123","","","2228","2","6","0","500","2016-07-26","0000-00-00","","2016-07-26 18:27:00","28","2016-07-26 18:27:00","28","1"),
("74531","","","","56124","","","2228","2","4","0","500","2016-07-26","0000-00-00","","2016-07-26 18:27:27","28","2016-07-26 18:27:27","28","1"),
("74532","","","","56125","","","2228","2","4","0","500","2016-07-26","0000-00-00","","2016-07-26 18:27:48","28","2016-07-26 18:27:48","28","1"),
("74533","","","","56126","","","2228","2","4","0","500","2016-07-26","0000-00-00","","2016-07-26 18:28:02","28","2016-07-26 18:28:02","28","1"),
("74534","","","","56127","","","2231","2","2","0","1500","2016-07-26","0000-00-00","","2016-07-26 18:28:26","32","2016-07-26 18:28:26","32","1"),
("74535","","","","56128","","","2228","2","1","0","500","2016-07-26","0000-00-00","","2016-07-26 18:28:53","32","2016-07-26 18:28:53","32","1"),
("74536","","","","56129","","","2228","2","3","0","500","2016-07-26","0000-00-00","","2016-07-26 18:29:42","32","2016-07-26 18:29:42","32","1"),
("74537","","","","56130","","","2134","2","2","0","1000","2016-07-26","0000-00-00","","2016-07-26 18:30:04","32","2016-07-26 18:30:04","32","1"),
("74538","","","","56130","","","2137","2","1","0","20000","2016-07-26","0000-00-00","","2016-07-26 18:30:05","32","2016-07-26 18:30:05","32","1"),
("74539","","","","56131","","","2110","2","1","0","2500","2016-07-26","0000-00-00","","2016-07-26 18:31:51","32","2016-07-26 18:31:51","32","1"),
("74540","","","","56131","","","2164","2","1","0","3000","2016-07-26","0000-00-00","","2016-07-26 18:31:51","32","2016-07-26 18:31:51","32","1"),
("74541","","","","56132","","","2228","2","5","0","500","2016-07-26","0000-00-00","","2016-07-26 18:32:11","28","2016-07-26 18:32:11","28","1"),
("74542","","","","56133","","","2182","2","1","0","1500","2016-07-26","0000-00-00","","2016-07-26 18:33:21","28","2016-07-26 18:33:21","28","1"),
("74543","","","","56134","","","2228","2","4","0","500","2016-07-26","0000-00-00","","2016-07-26 18:36:10","28","2016-07-26 18:36:10","28","1"),
("74544","","","","56135","","","2228","2","3","0","500","2016-07-26","0000-00-00","","2016-07-26 18:38:27","28","2016-07-26 18:38:27","28","1"),
("74545","","","","56136","","","2228","2","6","0","500","2016-07-26","0000-00-00","","2016-07-26 18:41:25","28","2016-07-26 18:41:25","28","1"),
("74546","","","","56137","","","2254","2","25","0","400","2016-07-26","0000-00-00","","2016-07-26 18:42:15","28","2016-07-26 18:42:15","28","1"),
("74547","","","","56138","","","2125","2","1","0","1000","2016-07-26","0000-00-00","","2016-07-26 18:42:20","28","2016-07-26 18:42:20","28","1"),
("74548","","","","56139","","","2140","2","1","0","40000","2016-07-26","0000-00-00","","2016-07-26 18:45:52","28","2016-07-26 18:45:52","28","1"),
("74549","","","","56140","","","2228","2","2","0","500","2016-07-26","0000-00-00","","2016-07-26 18:46:17","32","2016-07-26 18:46:17","32","1"),
("74550","","","","56141","","","2219","2","2","0","2500","2016-07-26","0000-00-00","","2016-07-26 18:46:45","32","2016-07-26 18:46:45","32","1"),
("74551","","","","56142","","","2228","2","5","0","500","2016-07-26","0000-00-00","","2016-07-26 18:48:44","28","2016-07-26 18:48:44","28","1"),
("74552","","","","56143","","","2228","2","6","0","500","2016-07-26","0000-00-00","","2016-07-26 18:52:50","32","2016-07-26 18:52:50","32","1"),
("74553","","","","56144","","","2228","2","5","0","500","2016-07-26","0000-00-00","","2016-07-26 18:54:00","28","2016-07-26 18:54:00","28","1"),
("74554","","","","56145","","","2065","2","2","0","1000","2016-07-26","0000-00-00","","2016-07-26 18:54:36","28","2016-07-26 18:54:36","28","1"),
("74555","","","","56146","","","2079","2","2","0","1500","2016-07-26","0000-00-00","","2016-07-26 18:54:47","32","2016-07-26 18:54:47","32","1"),
("74556","","","","56146","","","2095","2","1","0","4000","2016-07-26","0000-00-00","","2016-07-26 18:54:47","32","2016-07-26 18:54:47","32","1"),
("74557","","","","56147","","","2228","2","6","0","500","2016-07-26","0000-00-00","","2016-07-26 18:55:43","28","2016-07-26 18:55:43","28","1"),
("74558","","","","56148","","","2228","2","2","0","500","2016-07-26","0000-00-00","","2016-07-26 18:56:10","28","2016-07-26 18:56:10","28","1"),
("74559","","","","56148","","","2233","2","1","0","2000","2016-07-26","0000-00-00","","2016-07-26 18:56:10","28","2016-07-26 18:56:10","28","1"),
("74560","","","","56149","","","2076","2","2","0","2000","2016-07-26","0000-00-00","","2016-07-26 18:56:33","32","2016-07-26 18:56:33","32","1"),
("74561","","","","56150","","","2079","2","1","0","1500","2016-07-26","0000-00-00","","2016-07-26 18:56:44","28","2016-07-26 18:56:44","28","1"),
("74562","","","","56151","","","2098","2","1","0","2500","2016-07-26","0000-00-00","","2016-07-26 18:57:09","32","2016-07-26 18:57:09","32","1"),
("74563","","","","56152","","","2228","2","6","0","500","2016-07-26","0000-00-00","","2016-07-26 18:57:20","28","2016-07-26 18:57:20","28","1"),
("74564","","","","56153","","","2164","2","1","0","3000","2016-07-26","0000-00-00","","2016-07-26 18:57:28","32","2016-07-26 18:57:28","32","1"),
("74565","","","","56154","","","2228","2","10","0","500","2016-07-26","0000-00-00","","2016-07-26 18:57:38","28","2016-07-26 18:57:38","28","1"),
("74566","","","","56155","","","2231","2","10","0","1500","2016-07-26","0000-00-00","","2016-07-26 18:58:16","32","2016-07-26 18:58:16","32","1"),
("74567","","","","56156","","","2250","2","1","0","500","2016-07-26","0000-00-00","","2016-07-26 18:58:57","28","2016-07-26 18:58:57","28","1"),
("74568","","","","56156","","","2231","2","1","0","1500","2016-07-26","0000-00-00","","2016-07-26 18:58:57","28","2016-07-26 18:58:57","28","1"),
("74569","","","","56157","","","2064","2","1","0","2000","2016-07-26","0000-00-00","","2016-07-26 18:59:15","28","2016-07-26 18:59:15","28","1"),
("74570","","","","56158","","","2164","2","2","0","3000","2016-07-26","0000-00-00","","2016-07-26 18:59:29","32","2016-07-26 18:59:29","32","1"),
("74571","","","","56158","","","2095","2","2","0","4000","2016-07-26","0000-00-00","","2016-07-26 18:59:30","32","2016-07-26 18:59:30","32","1"),
("74572","","","","56159","","","2228","2","3","0","500","2016-07-26","0000-00-00","","2016-07-26 18:59:58","28","2016-07-26 18:59:58","28","1"),
("74573","","","","56160","","","2228","2","5","0","500","2016-07-26","0000-00-00","","2016-07-26 19:00:25","28","2016-07-26 19:00:25","28","1"),
("74574","","","","56161","","","2228","2","1","0","500","2016-07-26","0000-00-00","","2016-07-26 19:00:43","28","2016-07-26 19:00:43","28","1"),
("74575","","","","56162","","","2095","2","1","0","2500","2016-07-26","0000-00-00","","2016-07-26 19:01:51","28","2016-07-26 19:01:51","28","1"),
("74576","","","","56163","","","2228","2","5","0","500","2016-07-26","0000-00-00","","2016-07-26 19:02:19","32","2016-07-26 19:02:19","32","1"),
("74577","","","","56164","","","2071","2","2","0","1000","2016-07-26","0000-00-00","","2016-07-26 19:04:49","32","2016-07-26 19:04:49","32","1"),
("74578","","","","56164","","","2231","2","2","0","1500","2016-07-26","0000-00-00","","2016-07-26 19:04:49","32","2016-07-26 19:04:49","32","1"),
("74579","","","","56165","","","2228","2","5","0","500","2016-07-26","0000-00-00","","2016-07-26 19:07:22","32","2016-07-26 19:07:22","32","1"),
("74580","","","","56166","","","2228","2","1","0","500","2016-07-26","0000-00-00","","2016-07-26 19:08:35","28","2016-07-26 19:08:35","28","1"),
("74581","","","","56167","","","2231","2","3","0","1500","2016-07-26","0000-00-00","","2016-07-26 19:09:20","28","2016-07-26 19:09:20","28","1"),
("74582","","","","56168","","","2071","2","1","0","1000","2016-07-26","0000-00-00","","2016-07-26 19:11:22","32","2016-07-26 19:11:22","32","1"),
("74583","","","","56168","","","2231","2","2","0","1500","2016-07-26","0000-00-00","","2016-07-26 19:11:22","32","2016-07-26 19:11:22","32","1"),
("74584","","","","56169","","","2228","2","4","0","500","2016-07-26","0000-00-00","","2016-07-26 19:12:28","28","2016-07-26 19:12:28","28","1"),
("74585","","","","56170","","","2232","2","1","0","1000","2016-07-26","0000-00-00","","2016-07-26 19:13:50","28","2016-07-26 19:13:50","28","1"),
("74586","","","","56170","","","2233","2","1","0","2000","2016-07-26","0000-00-00","","2016-07-26 19:13:50","28","2016-07-26 19:13:50","28","1"),
("74587","","","","56171","","","2166","2","1","0","700","2016-07-26","0000-00-00","","2016-07-26 19:14:50","28","2016-07-26 19:14:50","28","1"),
("74588","","","","56171","","","2228","2","2","0","500","2016-07-26","0000-00-00","","2016-07-26 19:14:51","28","2016-07-26 19:14:51","28","1"),
("74589","","","","56172","","","2232","2","1","0","1000","2016-07-26","0000-00-00","","2016-07-26 19:15:16","28","2016-07-26 19:15:16","28","1"),
("74590","","","","56173","","","2228","2","10","0","500","2016-07-26","0000-00-00","","2016-07-26 19:17:36","28","2016-07-26 19:17:36","28","1"),
("74591","","","","56174","","","2228","2","4","0","500","2016-07-26","0000-00-00","","2016-07-26 19:18:08","28","2016-07-26 19:18:08","28","1"),
("74592","","","","56175","","","2228","2","6","0","500","2016-07-26","0000-00-00","","2016-07-26 19:18:32","28","2016-07-26 19:18:32","28","1"),
("74593","","","","56176","","","2166","2","2","0","700","2016-07-26","0000-00-00","","2016-07-26 19:18:45","28","2016-07-26 19:18:45","28","1"),
("74594","","","","56177","","","2125","2","2","0","1000","2016-07-26","0000-00-00","","2016-07-26 19:19:15","32","2016-07-26 19:19:15","32","1"),
("74595","","","","56177","","","2126","2","1","0","2000","2016-07-26","0000-00-00","","2016-07-26 19:19:15","32","2016-07-26 19:19:15","32","1"),
("74596","","","","56177","","","2163","2","1","0","2500","2016-07-26","0000-00-00","","2016-07-26 19:19:15","32","2016-07-26 19:19:15","32","1"),
("74597","","","","56177","","","2237","2","1","0","2500","2016-07-26","0000-00-00","","2016-07-26 19:19:15","32","2016-07-26 19:19:15","32","1"),
("74598","","","","56178","","","2228","2","1","0","500","2016-07-26","0000-00-00","","2016-07-26 19:19:18","28","2016-07-26 19:19:18","28","1"),
("74599","","","","56179","","","2228","2","4","0","500","2016-07-26","0000-00-00","","2016-07-26 19:19:30","28","2016-07-26 19:19:30","28","1"),
("74600","","","","56180","","","2231","2","3","0","1500","2016-07-26","0000-00-00","","2016-07-26 19:19:54","32","2016-07-26 19:19:54","32","1"),
("74601","","","","56181","","","2259","2","1","0","6000","2016-07-26","0000-00-00","","2016-07-26 19:21:13","32","2016-07-26 19:21:13","32","1"),
("74602","","","","56182","","","2228","2","6","0","500","2016-07-26","0000-00-00","","2016-07-26 19:21:33","28","2016-07-26 19:21:33","28","1"),
("74603","","","","56183","","","2083","2","2","0","2500","2016-07-26","0000-00-00","","2016-07-26 19:26:26","28","2016-07-26 19:26:26","28","1"),
("74604","","","","56184","","","2228","2","5","0","500","2016-07-26","0000-00-00","","2016-07-26 19:27:05","28","2016-07-26 19:27:05","28","1"),
("74605","","","","56185","","","2071","2","1","0","1000","2016-07-26","0000-00-00","","2016-07-26 19:27:40","28","2016-07-26 19:27:40","28","1"),
("74606","","","","56186","","","2231","2","2","0","1500","2016-07-26","0000-00-00","","2016-07-26 19:29:00","28","2016-07-26 19:29:00","28","1"),
("74607","","","","56186","","","2228","2","5","0","500","2016-07-26","0000-00-00","","2016-07-26 19:29:00","28","2016-07-26 19:29:00","28","1"),
("74608","","","","56187","","","2095","2","1","0","4000","2016-07-26","0000-00-00","","2016-07-26 19:31:15","28","2016-07-26 19:31:15","28","1"),
("74609","","","","56188","","","2090","2","1","0","2500","2016-07-26","0000-00-00","","2016-07-26 19:33:47","28","2016-07-26 19:33:47","28","1"),
("74610","","","","56188","","","2163","2","1","0","2500","2016-07-26","0000-00-00","","2016-07-26 19:33:47","28","2016-07-26 19:33:47","28","1"),
("74611","","","","56189","","","2146","2","1","0","3500","2016-07-26","0000-00-00","","2016-07-26 19:34:12","28","2016-07-26 19:34:12","28","1"),
("74612","","","","56189","","","2229","2","2","0","700","2016-07-26","0000-00-00","","2016-07-26 19:34:13","28","2016-07-26 19:34:13","28","1"),
("74613","","","","56190","","","2118","2","1","0","6500","2016-07-26","0000-00-00","","2016-07-26 19:34:59","28","2016-07-26 19:34:59","28","1"),
("74614","","","","56191","","","2074","2","1","0","1500","2016-07-26","0000-00-00","","2016-07-26 19:39:55","28","2016-07-26 19:39:55","28","1"),
("74615","","","","56192","","","2079","2","1","0","1500","2016-07-26","0000-00-00","","2016-07-26 19:40:03","28","2016-07-26 19:40:03","28","1"),
("74616","","","","56193","","","2228","2","4","0","500","2016-07-26","0000-00-00","","2016-07-26 19:42:52","28","2016-07-26 19:42:52","28","1"),
("74617","","","","56194","","","2228","2","3","0","500","2016-07-26","0000-00-00","","2016-07-26 19:46:00","28","2016-07-26 19:46:00","28","1"),
("74618","","","","56195","","","2228","2","1","0","500","2016-07-26","0000-00-00","","2016-07-26 19:46:21","28","2016-07-26 19:46:21","28","1"),
("74619","","","","56196","","","2140","2","1","0","40000","2016-07-26","0000-00-00","","2016-07-26 19:46:34","28","2016-07-26 19:46:34","28","1"),
("74620","","","","56196","","","2255","2","7","0","500","2016-07-26","0000-00-00","","2016-07-26 19:46:34","28","2016-07-26 19:46:34","28","1"),
("74621","","","","56197","","","2095","2","1","0","4000","2016-07-26","0000-00-00","","2016-07-26 19:47:11","28","2016-07-26 19:47:11","28","1"),
("74622","","","","56198","","","2104","2","1","0","5500","2016-07-26","0000-00-00","","2016-07-26 19:47:46","28","2016-07-26 19:47:46","28","1"),
("74623","","","","56199","","","2076","2","3","0","2000","2016-07-26","0000-00-00","","2016-07-26 19:49:31","28","2016-07-26 19:49:31","28","1"),
("74624","","","","56200","","","2065","2","3","0","1000","2016-07-26","0000-00-00","","2016-07-26 19:51:24","28","2016-07-26 19:51:24","28","1"),
("74625","","","","56200","","","2067","2","5","0","1000","2016-07-26","0000-00-00","","2016-07-26 19:51:24","28","2016-07-26 19:51:24","28","1"),
("74626","","","","56200","","","2095","2","10","0","3500","2016-07-26","0000-00-00","","2016-07-26 19:51:24","28","2016-07-26 19:51:24","28","1"),
("74627","","","","56201","","","2095","2","1","0","4000","2016-07-26","0000-00-00","","2016-07-26 19:53:53","28","2016-07-26 19:53:53","28","1"),
("74628","","","","56202","","","2228","2","3","0","500","2016-07-26","0000-00-00","","2016-07-26 19:55:51","28","2016-07-26 19:55:51","28","1"),
("74629","","","","56203","","","2070","2","2","0","1000","2016-07-26","0000-00-00","","2016-07-26 19:56:01","28","2016-07-26 19:56:01","28","1"),
("74630","","","","56204","","","2228","2","1","0","500","2016-07-26","0000-00-00","","2016-07-26 19:56:23","28","2016-07-26 19:56:23","28","1"),
("74631","","","","56205","","","2240","2","1","0","5000","2016-07-26","0000-00-00","","2016-07-26 19:57:14","28","2016-07-26 19:57:14","28","1"),
("74632","","","","56205","","","2098","2","1","0","2500","2016-07-26","0000-00-00","","2016-07-26 19:57:14","28","2016-07-26 19:57:14","28","1"),
("74633","","","","56206","","","2231","2","1","0","1500","2016-07-26","0000-00-00","","2016-07-26 19:58:26","28","2016-07-26 19:58:26","28","1"),
("74634","","","","56207","","","2126","2","1","0","2000","2016-07-26","0000-00-00","","2016-07-26 19:59:50","28","2016-07-26 19:59:50","28","1"),
("74635","","","","56207","","","2250","2","1","0","500","2016-07-26","0000-00-00","","2016-07-26 19:59:51","28","2016-07-26 19:59:51","28","1"),
("74636","","","","56208","","","2250","2","1","0","500","2016-07-26","0000-00-00","","2016-07-26 20:00:01","28","2016-07-26 20:00:01","28","1"),
("74637","","","","56208","","","2197","2","1","0","2500","2016-07-26","0000-00-00","","2016-07-26 20:00:01","28","2016-07-26 20:00:01","28","1"),
("74638","","","","56209","","","2250","2","2","0","500","2016-07-26","0000-00-00","","2016-07-26 20:00:26","28","2016-07-26 20:00:26","28","1"),
("74639","","","","56209","","","2126","2","1","0","2000","2016-07-26","0000-00-00","","2016-07-26 20:00:26","28","2016-07-26 20:00:26","28","1"),
("74640","","","","56210","","","2075","2","2","0","1500","2016-07-26","0000-00-00","","2016-07-26 20:01:09","28","2016-07-26 20:01:09","28","1"),
("74641","","","","56210","","","2067","2","2","0","1000","2016-07-26","0000-00-00","","2016-07-26 20:01:09","28","2016-07-26 20:01:09","28","1"),
("74642","","","","56210","","","2065","2","2","0","1000","2016-07-26","0000-00-00","","2016-07-26 20:01:09","28","2016-07-26 20:01:09","28","1"),
("74643","","","","56210","","","2172","2","1","0","2500","2016-07-26","0000-00-00","","2016-07-26 20:01:09","28","2016-07-26 20:01:09","28","1"),
("74644","","","","56211","","","2118","2","1","0","6500","2016-07-26","0000-00-00","","2016-07-26 20:02:19","28","2016-07-26 20:02:19","28","1"),
("74645","","","","56212","","","2229","2","4","0","700","2016-07-26","0000-00-00","","2016-07-26 20:04:30","28","2016-07-26 20:04:30","28","1"),
("74646","","","","56212","","","2232","2","1","0","1000","2016-07-26","0000-00-00","","2016-07-26 20:04:30","28","2016-07-26 20:04:30","28","1"),
("74647","","","","56212","","","2166","2","1","0","700","2016-07-26","0000-00-00","","2016-07-26 20:04:30","28","2016-07-26 20:04:30","28","1"),
("74648","","","","56213","","","2240","2","1","0","5000","2016-07-26","0000-00-00","","2016-07-26 20:05:13","28","2016-07-26 20:05:13","28","1"),
("74649","","","","56214","","","2099","2","1","0","2000","2016-07-26","0000-00-00","","2016-07-26 20:09:06","28","2016-07-26 20:09:06","28","1"),
("74650","","","","56215","","","2231","2","1","0","1500","2016-07-26","0000-00-00","","2016-07-26 20:09:26","28","2016-07-26 20:09:26","28","1"),
("74651","","","","56216","","","2231","2","1","0","1500","2016-07-26","0000-00-00","","2016-07-26 20:11:26","28","2016-07-26 20:11:26","28","1"),
("74652","","","","56216","","","2250","2","1","0","500","2016-07-26","0000-00-00","","2016-07-26 20:11:26","28","2016-07-26 20:11:26","28","1"),
("74653","","","","56217","","","2125","2","1","0","1000","2016-07-26","0000-00-00","","2016-07-26 20:14:19","28","2016-07-26 20:14:19","28","1"),
("74654","","","","56217","","","2076","2","2","0","2000","2016-07-26","0000-00-00","","2016-07-26 20:14:19","28","2016-07-26 20:14:19","28","1"),
("74655","","","","56218","","","2095","2","1","0","4000","2016-07-26","0000-00-00","","2016-07-26 20:16:42","28","2016-07-26 20:16:42","28","1"),
("74656","","","","56219","","","2228","2","10","0","500","2016-07-26","0000-00-00","","2016-07-26 20:21:14","28","2016-07-26 20:21:14","28","1"),
("74657","","","","56220","","","2146","2","1","0","3500","2016-07-26","0000-00-00","","2016-07-26 20:21:41","28","2016-07-26 20:21:41","28","1"),
("74658","","","","56221","","","2166","2","2","0","700","2016-07-26","0000-00-00","","2016-07-26 20:21:54","28","2016-07-26 20:21:54","28","1"),
("74659","","","","56222","","","2231","2","2","0","1500","2016-07-26","0000-00-00","","2016-07-26 20:23:28","28","2016-07-26 20:23:28","28","1"),
("74660","","","","56223","","","2125","2","2","0","1000","2016-07-26","0000-00-00","","2016-07-26 20:26:54","28","2016-07-26 20:26:54","28","1"),
("74661","","","","56224","","","2125","2","3","0","1000","2016-07-26","0000-00-00","","2016-07-26 20:27:03","28","2016-07-26 20:27:03","28","1"),
("74662","","","","56225","","","2125","2","1","0","1000","2016-07-26","0000-00-00","","2016-07-26 20:27:48","28","2016-07-26 20:27:48","28","1"),
("74663","","","","56226","","","2232","2","1","0","1000","2016-07-26","0000-00-00","","2016-07-26 20:30:49","28","2016-07-26 20:30:49","28","1"),
("74664","","","","56226","","","2073","2","1","0","1000","2016-07-26","0000-00-00","","2016-07-26 20:30:49","28","2016-07-26 20:30:49","28","1"),
("74665","","","","56226","","","2075","2","1","0","1500","2016-07-26","0000-00-00","","2016-07-26 20:30:49","28","2016-07-26 20:30:49","28","1"),
("74666","","","","56226","","","2226","2","1","0","3000","2016-07-26","0000-00-00","","2016-07-26 20:30:49","28","2016-07-26 20:30:49","28","1"),
("74667","","","","56227","","","2228","2","3","0","500","2016-07-26","0000-00-00","","2016-07-26 20:31:14","28","2016-07-26 20:31:14","28","1"),
("74668","","","","56228","","","2240","2","1","0","5000","2016-07-26","0000-00-00","","2016-07-26 20:32:58","28","2016-07-26 20:32:58","28","1"),
("74669","","","","56228","","","2164","2","2","0","3000","2016-07-26","0000-00-00","","2016-07-26 20:32:58","28","2016-07-26 20:32:58","28","1"),
("74670","","","","56229","","","2104","2","1","0","5500","2016-07-26","0000-00-00","","2016-07-26 20:40:08","28","2016-07-26 20:40:08","28","1"),
("74671","","","","56230","","","2172","2","2","0","2500","2016-07-26","0000-00-00","","2016-07-26 20:40:37","28","2016-07-26 20:40:37","28","1"),
("74672","","","","56231","","","2231","2","4","0","1500","2016-07-26","0000-00-00","","2016-07-26 20:41:47","28","2016-07-26 20:41:47","28","1"),
("74673","","","","56232","","","2071","2","2","0","1000","2016-07-26","0000-00-00","","2016-07-26 20:43:31","28","2016-07-26 20:43:31","28","1"),
("74674","","","","56232","","","2065","2","2","0","1000","2016-07-26","0000-00-00","","2016-07-26 20:43:31","28","2016-07-26 20:43:31","28","1"),
("74675","","","","56232","","","2076","2","1","0","2000","2016-07-26","0000-00-00","","2016-07-26 20:43:31","28","2016-07-26 20:43:31","28","1"),
("74676","","","","56233","","","2095","2","1","0","4000","2016-07-26","0000-00-00","","2016-07-26 20:45:28","28","2016-07-26 20:45:28","28","1"),
("74677","","","","56234","","","2172","2","1","0","2500","2016-07-26","0000-00-00","","2016-07-26 20:47:31","28","2016-07-26 20:47:31","28","1"),
("74678","","","","56235","","","2228","2","2","0","500","2016-07-26","0000-00-00","","2016-07-26 20:47:48","28","2016-07-26 20:47:48","28","1"),
("74679","","","","56236","","","2228","2","4","0","500","2016-07-26","0000-00-00","","2016-07-26 20:48:36","28","2016-07-26 20:48:36","28","1"),
("74680","","","","56237","","","2231","2","2","0","1500","2016-07-26","0000-00-00","","2016-07-26 20:49:41","28","2016-07-26 20:49:41","28","1"),
("74681","","","","56238","","","2164","2","1","0","3000","2016-07-26","0000-00-00","","2016-07-26 20:50:02","28","2016-07-26 20:50:02","28","1"),
("74682","","","","56238","","","2240","2","1","0","5000","2016-07-26","0000-00-00","","2016-07-26 20:50:03","28","2016-07-26 20:50:03","28","1"),
("74683","","","","56239","","","2070","2","1","0","1000","2016-07-26","0000-00-00","","2016-07-26 20:50:09","28","2016-07-26 20:50:09","28","1"),
("74684","","","","56239","","","2071","2","1","0","1000","2016-07-26","0000-00-00","","2016-07-26 20:50:09","28","2016-07-26 20:50:09","28","1"),
("74685","","","","56240","","","2125","2","1","0","1000","2016-07-26","0000-00-00","","2016-07-26 20:50:14","28","2016-07-26 20:50:14","28","1"),
("74686","","","","56241","","","2232","2","2","0","1000","2016-07-26","0000-00-00","","2016-07-26 20:51:25","28","2016-07-26 20:51:25","28","1"),
("74687","","","","56241","","","2083","2","1","0","2500","2016-07-26","0000-00-00","","2016-07-26 20:51:25","28","2016-07-26 20:51:25","28","1"),
("74688","","","","56242","","","2231","2","2","0","1500","2016-07-26","0000-00-00","","2016-07-26 20:51:31","28","2016-07-26 20:51:31","28","1"),
("74689","","","","56243","","","2083","2","1","0","2500","2016-07-26","0000-00-00","","2016-07-26 20:52:13","28","2016-07-26 20:52:13","28","1"),
("74690","","","","56244","","","2117","2","1","0","7500","2016-07-26","0000-00-00","","2016-07-26 20:52:27","28","2016-07-26 20:52:27","28","1"),
("74691","","","","56245","","","2163","2","2","0","2500","2016-07-26","0000-00-00","","2016-07-26 20:53:07","28","2016-07-26 20:53:07","28","1"),
("74692","","","","56245","","","2238","2","1","0","2500","2016-07-26","0000-00-00","","2016-07-26 20:53:07","28","2016-07-26 20:53:07","28","1"),
("74693","","","","56245","","","2074","2","3","0","1500","2016-07-26","0000-00-00","","2016-07-26 20:53:07","28","2016-07-26 20:53:07","28","1"),
("74694","","","","56245","","","2095","2","1","0","4000","2016-07-26","0000-00-00","","2016-07-26 20:53:07","28","2016-07-26 20:53:07","28","1"),
("74695","","","","56246","","","2172","2","1","0","2500","2016-07-26","0000-00-00","","2016-07-26 20:58:02","28","2016-07-26 20:58:02","28","1"),
("74696","","","","56246","","","2231","2","2","0","1500","2016-07-26","0000-00-00","","2016-07-26 20:58:03","28","2016-07-26 20:58:03","28","1"),
("74697","","","","56246","","","2228","2","2","0","500","2016-07-26","0000-00-00","","2016-07-26 20:58:03","28","2016-07-26 20:58:03","28","1"),
("74698","","","","56247","","","2231","2","1","0","1500","2016-07-26","0000-00-00","","2016-07-26 20:58:25","28","2016-07-26 20:58:25","28","1"),
("74699","","","","56247","","","2228","2","5","0","500","2016-07-26","0000-00-00","","2016-07-26 20:58:25","28","2016-07-26 20:58:25","28","1"),
("74700","","","","56248","","","2228","2","5","0","500","2016-07-26","0000-00-00","","2016-07-26 20:59:00","28","2016-07-26 20:59:00","28","1"),
("74701","","","","56249","","","2232","2","1","0","1000","2016-07-26","0000-00-00","","2016-07-26 20:59:39","28","2016-07-26 20:59:39","28","1");

DROP TABLE inventory_totals;

CREATE TABLE `inventory_totals` (
  `product_id` bigint(20) NOT NULL,
  `location_id` bigint(20) NOT NULL,
  `total_qty` double DEFAULT '0',
  `created_at` datetime NOT NULL,
  `created_by` bigint(11) NOT NULL,
  `updated_at` datetime NOT NULL,
  `updated_by` bigint(11) NOT NULL,
  PRIMARY KEY (`product_id`,`location_id`),
  KEY `product_id` (`product_id`),
  KEY `location_id` (`location_id`)
) ENGINE=InnoDB DEFAULT CHARSET=utf8 COLLATE=utf8_unicode_ci;

INSERT INTO inventory_totals VALUES("2064","2","-988","2016-05-30 20:44:40","28","2016-07-26 18:59:15","28");
INSERT INTO inventory_totals VALUES("2065","2","-10363","2016-05-30 17:12:37","28","2016-07-26 20:43:31","28");
INSERT INTO inventory_totals VALUES("2067","2","-941","2016-05-30 20:12:19","28","2016-07-26 20:01:09","28");
INSERT INTO inventory_totals VALUES("2070","2","-1464","2016-05-30 19:12:04","28","2016-07-26 20:50:09","28");
INSERT INTO inventory_totals VALUES("2071","2","-2832","2016-05-30 20:20:55","28","2016-07-26 20:50:09","28");
INSERT INTO inventory_totals VALUES("2072","2","-561","2016-06-01 10:24:38","28","2016-07-26 17:55:46","28");
INSERT INTO inventory_totals VALUES("2073","2","-1607","2016-05-30 17:09:35","28","2016-07-26 20:30:49","28");
INSERT INTO inventory_totals VALUES("2074","2","-745","2016-05-30 17:09:50","28","2016-07-26 20:53:07","28");
INSERT INTO inventory_totals VALUES("2075","2","-1457","2016-05-30 19:40:28","28","2016-07-26 20:30:49","28");
INSERT INTO inventory_totals VALUES("2076","2","-651","2016-05-30 17:15:10","28","2016-07-26 20:43:31","28");
INSERT INTO inventory_totals VALUES("2077","2","-187","2016-06-02 16:11:58","28","2016-07-26 07:35:24","28");
INSERT INTO inventory_totals VALUES("2078","2","-511","2016-05-31 07:51:51","32","2016-07-26 15:57:56","32");
INSERT INTO inventory_totals VALUES("2079","2","-362","2016-05-30 17:34:03","28","2016-07-26 19:40:03","28");
INSERT INTO inventory_totals VALUES("2082","2","-277","2016-05-30 20:35:30","28","2016-07-26 17:45:56","28");
INSERT INTO inventory_totals VALUES("2083","2","-3695","2016-05-30 17:13:02","28","2016-07-26 20:52:13","28");
INSERT INTO inventory_totals VALUES("2084","2","-483","2016-05-30 17:13:26","28","2016-07-26 17:52:08","28");
INSERT INTO inventory_totals VALUES("2085","2","-473","2016-05-30 18:17:34","28","2016-07-26 09:10:52","28");
INSERT INTO inventory_totals VALUES("2088","2","-217","2016-05-31 08:25:04","28","2016-07-26 15:33:27","28");
INSERT INTO inventory_totals VALUES("2089","2","-170","2016-06-06 07:55:52","28","2016-07-26 17:42:29","28");
INSERT INTO inventory_totals VALUES("2090","2","-359","2016-06-03 07:53:09","28","2016-07-26 19:33:47","28");
INSERT INTO inventory_totals VALUES("2092","2","-22","2016-06-05 13:07:45","32","2016-06-26 17:13:30","32");
INSERT INTO inventory_totals VALUES("2093","2","-1335","2016-05-31 08:55:09","28","2016-07-26 15:17:03","28");
INSERT INTO inventory_totals VALUES("2095","2","-3499","2016-05-30 16:57:46","28","2016-07-26 20:53:07","28");
INSERT INTO inventory_totals VALUES("2097","2","-154","2016-05-31 11:50:36","32","2016-07-26 09:51:21","32");
INSERT INTO inventory_totals VALUES("2098","2","-147","2016-05-31 11:48:59","28","2016-07-26 19:57:14","28");
INSERT INTO inventory_totals VALUES("2099","2","-822","2016-05-30 19:54:32","28","2016-07-26 20:09:06","28");
INSERT INTO inventory_totals VALUES("2100","2","-127","2016-06-01 11:05:58","26","2016-07-24 14:33:10","26");
INSERT INTO inventory_totals VALUES("2101","2","-4","2016-06-04 16:36:48","28","2016-06-15 08:23:32","28");
INSERT INTO inventory_totals VALUES("2102","2","-250","2016-05-30 18:50:51","32","2016-07-26 16:49:28","32");
INSERT INTO inventory_totals VALUES("2103","2","-166","2016-05-30 18:21:22","28","2016-07-25 19:25:58","28");
INSERT INTO inventory_totals VALUES("2104","2","-2129","2016-05-30 18:45:00","28","2016-07-26 20:40:09","28");
INSERT INTO inventory_totals VALUES("2105","2","-99","2016-05-31 04:27:09","26","2016-07-25 15:24:40","26");
INSERT INTO inventory_totals VALUES("2107","2","-1249","2016-05-30 17:13:44","32","2016-07-26 18:21:39","32");
INSERT INTO inventory_totals VALUES("2108","2","-2","2016-06-22 07:31:24","26","2016-07-16 06:34:13","26");
INSERT INTO inventory_totals VALUES("2109","2","-4","2016-06-02 11:24:48","26","2016-07-14 13:26:17","26");
INSERT INTO inventory_totals VALUES("2110","2","-553","2016-05-31 09:56:02","32","2016-07-26 18:31:51","32");
INSERT INTO inventory_totals VALUES("2111","2","-101","2016-05-31 06:44:27","28","2016-07-25 20:03:16","28");
INSERT INTO inventory_totals VALUES("2112","2","-222","2016-05-31 17:42:17","28","2016-07-25 16:52:33","28");
INSERT INTO inventory_totals VALUES("2113","2","-402","2016-05-31 06:07:51","28","2016-07-26 18:04:37","28");
INSERT INTO inventory_totals VALUES("2114","2","-49","2016-05-31 17:05:12","32","2016-07-25 10:05:59","32");
INSERT INTO inventory_totals VALUES("2116","2","-110","2016-05-30 19:09:50","28","2016-07-26 11:39:26","28");
INSERT INTO inventory_totals VALUES("2117","2","-126","2016-05-31 15:15:55","28","2016-07-26 20:52:27","28");
INSERT INTO inventory_totals VALUES("2118","2","-1226","2016-05-30 17:25:00","28","2016-07-26 20:02:19","28");
INSERT INTO inventory_totals VALUES("2119","2","-117","2016-05-31 04:10:53","28","2016-07-26 18:09:01","28");
INSERT INTO inventory_totals VALUES("2120","2","-23","2016-06-01 15:07:34","28","2016-06-24 08:28:25","28");
INSERT INTO inventory_totals VALUES("2121","2","-440","2016-05-30 16:56:09","32","2016-07-26 16:09:27","32");
INSERT INTO inventory_totals VALUES("2125","2","-2461","2016-05-30 17:14:38","28","2016-07-26 20:50:14","28");
INSERT INTO inventory_totals VALUES("2126","2","-1159","2016-05-30 17:17:44","28","2016-07-26 20:00:26","28");
INSERT INTO inventory_totals VALUES("2127","2","-1","2016-06-01 09:16:57","28","2016-06-01 09:16:57","28");
INSERT INTO inventory_totals VALUES("2128","2","-3","2016-05-30 17:17:34","27","2016-05-31 08:21:59","27");
INSERT INTO inventory_totals VALUES("2129","2","-85","2016-05-31 08:02:05","28","2016-07-26 07:24:59","28");
INSERT INTO inventory_totals VALUES("2130","2","-2","2016-05-31 11:51:20","28","2016-05-31 12:08:32","28");
INSERT INTO inventory_totals VALUES("2131","2","-5","2016-06-02 09:48:54","28","2016-06-11 08:04:29","28");
INSERT INTO inventory_totals VALUES("2133","2","-245","2016-05-30 20:04:42","32","2016-07-25 12:56:04","32");
INSERT INTO inventory_totals VALUES("2134","2","-1149","2016-05-30 17:16:20","32","2016-07-26 18:30:05","32");
INSERT INTO inventory_totals VALUES("2135","2","-160","2016-05-31 18:50:40","32","2016-07-25 16:44:51","32");
INSERT INTO inventory_totals VALUES("2136","2","-440","2016-05-30 17:16:20","32","2016-07-25 18:20:02","32");
INSERT INTO inventory_totals VALUES("2137","2","-177","2016-05-30 17:00:35","32","2016-07-26 18:30:05","32");
INSERT INTO inventory_totals VALUES("2138","2","-66","2016-06-01 18:10:15","28","2016-07-25 11:28:57","28");
INSERT INTO inventory_totals VALUES("2139","2","-102","2016-05-30 19:37:44","28","2016-07-26 15:44:18","28");
INSERT INTO inventory_totals VALUES("2140","2","-253","2016-05-30 17:16:20","28","2016-07-26 19:46:34","28");
INSERT INTO inventory_totals VALUES("2141","2","-93","2016-05-31 16:15:13","26","2016-07-25 14:50:46","26");
INSERT INTO inventory_totals VALUES("2142","2","-12","2016-06-04 12:04:34","28","2016-07-16 14:20:54","28");
INSERT INTO inventory_totals VALUES("2143","2","-16","2016-06-01 14:37:00","28","2016-07-22 10:31:42","28");
INSERT INTO inventory_totals VALUES("2144","2","-6","2016-06-02 16:28:24","28","2016-07-22 18:41:13","28");
INSERT INTO inventory_totals VALUES("2146","2","-789","2016-05-31 04:25:13","28","2016-07-26 20:21:41","28");
INSERT INTO inventory_totals VALUES("2163","2","-843","2016-05-30 19:12:04","28","2016-07-26 20:53:07","28");
INSERT INTO inventory_totals VALUES("2164","2","-3544","2016-05-30 16:53:06","28","2016-07-26 20:50:03","28");
INSERT INTO inventory_totals VALUES("2165","2","-738","2016-05-30 17:13:26","28","2016-07-26 17:39:08","28");
INSERT INTO inventory_totals VALUES("2166","2","-12301","2016-05-30 15:16:51","28","2016-07-26 20:21:54","28");
INSERT INTO inventory_totals VALUES("2172","2","-1083","2016-05-30 17:07:00","28","2016-07-26 20:58:02","28");
INSERT INTO inventory_totals VALUES("2173","2","-165","2016-05-31 10:33:36","26","2016-07-25 13:59:43","26");
INSERT INTO inventory_totals VALUES("2174","2","-65","2016-05-31 09:21:36","28","2016-07-26 12:32:51","28");
INSERT INTO inventory_totals VALUES("2178","2","-29","2016-06-02 05:19:47","26","2016-07-23 15:37:22","26");
INSERT INTO inventory_totals VALUES("2179","2","-2","2016-06-19 13:01:57","26","2016-06-22 13:15:45","26");
INSERT INTO inventory_totals VALUES("2182","2","-278","2016-05-30 18:50:52","28","2016-07-26 18:33:21","28");
INSERT INTO inventory_totals VALUES("2183","2","-5","2016-06-17 08:39:20","28","2016-07-10 20:20:53","28");
INSERT INTO inventory_totals VALUES("2188","2","-34","2016-06-02 05:19:47","26","2016-07-23 15:37:22","26");
INSERT INTO inventory_totals VALUES("2197","2","-1123","2016-05-31 05:33:48","28","2016-07-26 20:00:01","28");
INSERT INTO inventory_totals VALUES("2198","2","-51","2016-05-31 06:32:11","26","2016-07-23 14:07:35","26");
INSERT INTO inventory_totals VALUES("2199","2","-80","2016-05-30 20:45:32","32","2016-07-15 11:38:49","32");
INSERT INTO inventory_totals VALUES("2201","2","-1","2016-07-22 07:59:15","28","2016-07-22 07:59:15","28");
INSERT INTO inventory_totals VALUES("2202","2","-12","2016-06-05 05:43:31","26","2016-07-14 06:04:21","26");
INSERT INTO inventory_totals VALUES("2203","2","-27","2016-06-01 18:10:15","28","2016-07-14 12:28:33","28");
INSERT INTO inventory_totals VALUES("2204","2","-14","2016-06-05 15:46:14","28","2016-07-25 11:28:56","28");
INSERT INTO inventory_totals VALUES("2206","2","-6","2016-06-11 18:11:55","32","2016-07-19 18:21:51","32");
INSERT INTO inventory_totals VALUES("2207","2","-67","2016-06-05 20:28:13","28","2016-07-24 08:45:28","28");
INSERT INTO inventory_totals VALUES("2208","2","-9","2016-06-03 12:29:19","28","2016-07-22 16:13:30","28");
INSERT INTO inventory_totals VALUES("2209","2","-3","2016-06-01 15:42:51","28","2016-07-13 20:12:25","28");
INSERT INTO inventory_totals VALUES("2213","2","-45","2016-06-08 08:14:22","28","2016-07-22 19:09:38","28");
INSERT INTO inventory_totals VALUES("2217","2","-24","2016-06-03 19:05:30","28","2016-07-25 16:08:27","28");
INSERT INTO inventory_totals VALUES("2218","2","-105","2016-05-31 10:46:14","28","2016-07-26 12:30:39","28");
INSERT INTO inventory_totals VALUES("2219","2","-305","2016-06-02 07:11:01","32","2016-07-26 18:46:45","32");
INSERT INTO inventory_totals VALUES("2220","2","-1150","2016-06-06 12:05:02","28","2016-07-12 17:18:00","28");
INSERT INTO inventory_totals VALUES("2226","2","-755","2016-05-30 20:29:24","28","2016-07-26 20:30:49","28");
INSERT INTO inventory_totals VALUES("2228","2","-153718","2016-05-30 16:53:06","28","2016-07-26 20:59:00","28");
INSERT INTO inventory_totals VALUES("2229","2","-81172","2016-05-30 18:02:49","28","2016-07-26 20:04:30","28");
INSERT INTO inventory_totals VALUES("2231","2","-29925","2016-05-30 16:58:22","28","2016-07-26 20:58:25","28");
INSERT INTO inventory_totals VALUES("2232","2","-3036","2016-05-30 18:38:35","28","2016-07-26 20:59:39","28");
INSERT INTO inventory_totals VALUES("2233","2","-6542","2016-05-30 19:34:27","28","2016-07-26 19:13:50","28");
INSERT INTO inventory_totals VALUES("2235","2","-1397","2016-05-30 19:37:44","32","2016-07-26 16:57:12","32");
INSERT INTO inventory_totals VALUES("2236","2","-821","2016-05-30 20:25:09","26","2016-07-26 13:48:54","26");
INSERT INTO inventory_totals VALUES("2237","2","-58","2016-06-06 07:55:52","32","2016-07-26 19:19:15","32");
INSERT INTO inventory_totals VALUES("2238","2","-190","2016-05-31 06:54:44","28","2016-07-26 20:53:07","28");
INSERT INTO inventory_totals VALUES("2239","2","-458","2016-05-31 11:09:13","32","2016-07-19 08:38:36","32");
INSERT INTO inventory_totals VALUES("2240","2","-1785","2016-05-30 16:58:52","28","2016-07-26 20:50:03","28");
INSERT INTO inventory_totals VALUES("2241","2","-145","2016-05-31 13:05:46","32","2016-07-26 16:37:42","32");
INSERT INTO inventory_totals VALUES("2243","2","-133","2016-05-30 17:15:34","28","2016-07-26 17:37:22","28");
INSERT INTO inventory_totals VALUES("2250","2","-5103","2016-05-30 17:14:11","28","2016-07-26 20:11:26","28");
INSERT INTO inventory_totals VALUES("2251","2","-1","2016-07-09 18:58:52","28","2016-07-09 18:58:52","28");
INSERT INTO inventory_totals VALUES("2252","2","-90","2016-06-04 16:15:52","28","2016-07-24 15:12:07","28");
INSERT INTO inventory_totals VALUES("2253","2","-127","2016-05-31 13:24:22","26","2016-07-26 07:55:32","26");
INSERT INTO inventory_totals VALUES("2254","2","-924","2016-05-31 18:14:09","28","2016-07-26 18:42:15","28");
INSERT INTO inventory_totals VALUES("2255","2","-405","2016-06-02 18:24:09","28","2016-07-26 19:46:34","28");
INSERT INTO inventory_totals VALUES("2256","2","-28","2016-06-02 17:07:21","28","2016-07-07 23:27:23","28");
INSERT INTO inventory_totals VALUES("2257","2","-246","2016-06-02 18:53:00","28","2016-07-26 16:50:18","28");
INSERT INTO inventory_totals VALUES("2258","2","-52","2016-06-06 11:06:36","28","2016-07-25 11:34:29","28");
INSERT INTO inventory_totals VALUES("2259","2","-75","2016-06-22 14:12:02","32","2016-07-26 19:21:13","32");
INSERT INTO inventory_totals VALUES("2260","2","-22","2016-07-11 05:45:45","28","2016-07-25 17:09:36","28");
INSERT INTO inventory_totals VALUES("2262","2","-1","2016-07-21 07:37:38","26","2016-07-21 07:37:38","26");



DROP TABLE inventory_total_details;

CREATE TABLE `inventory_total_details` (
  `product_id` bigint(20) NOT NULL,
  `location_id` bigint(20) NOT NULL,
  `total_cycle` double DEFAULT '0',
  `total_so` double DEFAULT '0',
  `total_pos` double DEFAULT '0',
  `total_cm` double DEFAULT '0',
  `total_to_in` double DEFAULT '0',
  `total_to_out` double DEFAULT '0',
  `date` date NOT NULL,
  `created_at` datetime NOT NULL,
  `created_by` bigint(11) NOT NULL,
  `updated_at` datetime NOT NULL,
  `updated_by` bigint(11) NOT NULL,
  PRIMARY KEY (`product_id`,`location_id`,`date`),
  KEY `product_id` (`product_id`),
  KEY `location_id` (`location_id`),
  KEY `date` (`date`)
) ENGINE=InnoDB DEFAULT CHARSET=utf8 COLLATE=utf8_unicode_ci;

INSERT INTO inventory_total_details VALUES("2064","2","0","0","-1","0","0","0","2016-05-30","2016-05-30 20:44:40","24","2016-05-30 20:44:40","24");
INSERT INTO inventory_total_details VALUES("2065","2","0","0","-2","0","0","0","2016-05-30","2016-05-30 17:12:37","24","2016-05-30 21:01:14","24");
INSERT INTO inventory_total_details VALUES("2067","2","0","0","-2","0","0","0","2016-05-30","2016-05-30 20:12:19","24","2016-05-30 20:37:06","24");
INSERT INTO inventory_total_details VALUES("2070","2","0","0","-3","0","0","0","2016-05-30","2016-05-30 19:12:04","27","2016-05-30 19:12:04","27");
INSERT INTO inventory_total_details VALUES("2071","2","0","0","-1","0","0","0","2016-05-30","2016-05-30 20:20:55","24","2016-05-30 20:20:55","24");
INSERT INTO inventory_total_details VALUES("2072","2","0","0","-5","0","0","0","2016-06-01","2016-06-01 10:24:38","27","2016-06-01 17:19:29","27");
INSERT INTO inventory_total_details VALUES("2073","2","0","0","-2","0","0","0","2016-05-30","2016-05-30 17:09:35","24","2016-05-30 20:20:55","24");
INSERT INTO inventory_total_details VALUES("2074","2","0","0","-1","0","0","0","2016-05-30","2016-05-30 17:09:51","1","2016-05-30 17:09:51","1");
INSERT INTO inventory_total_details VALUES("2075","2","0","0","-2","0","0","0","2016-05-30","2016-05-30 19:40:28","27","2016-05-30 19:40:28","27");
INSERT INTO inventory_total_details VALUES("2076","2","0","0","-1","0","0","0","2016-05-30","2016-05-30 17:15:10","27","2016-05-30 19:40:28","27");
INSERT INTO inventory_total_details VALUES("2077","2","0","0","-2","0","0","0","2016-06-02","2016-06-02 16:11:58","27","2016-06-02 16:11:58","27");
INSERT INTO inventory_total_details VALUES("2078","2","0","0","-1","0","0","0","2016-05-31","2016-05-31 07:51:51","1","2016-05-31 13:22:44","1");
INSERT INTO inventory_total_details VALUES("2079","2","0","0","-1","0","0","0","2016-05-30","2016-05-30 17:34:03","1","2016-05-30 17:34:03","1");
INSERT INTO inventory_total_details VALUES("2082","2","0","0","-1","0","0","0","2016-05-30","2016-05-30 20:35:30","24","2016-05-30 20:35:30","24");
INSERT INTO inventory_total_details VALUES("2083","2","0","0","-2","0","0","0","2016-05-30","2016-05-30 17:13:02","24","2016-05-30 20:44:10","24");
INSERT INTO inventory_total_details VALUES("2084","2","0","0","-1","0","0","0","2016-05-30","2016-05-30 17:13:26","24","2016-05-30 20:36:29","24");
INSERT INTO inventory_total_details VALUES("2085","2","0","0","-1","0","0","0","2016-05-30","2016-05-30 18:17:35","24","2016-05-30 18:17:35","24");
INSERT INTO inventory_total_details VALUES("2088","2","0","0","-1","0","0","0","2016-05-31","2016-05-31 08:25:04","1","2016-05-31 15:55:07","1");
INSERT INTO inventory_total_details VALUES("2089","2","0","0","-1","0","0","0","2016-06-06","2016-06-06 07:55:52","28","2016-06-06 20:21:02","28");
INSERT INTO inventory_total_details VALUES("2090","2","0","0","-3","0","0","0","2016-06-03","2016-06-03 07:53:09","28","2016-06-03 17:42:59","28");
INSERT INTO inventory_total_details VALUES("2092","2","0","0","-2","0","0","0","2016-06-05","2016-06-05 13:07:45","26","2016-06-05 13:07:45","26");
INSERT INTO inventory_total_details VALUES("2093","2","0","0","-2","0","0","0","2016-05-31","2016-05-31 08:55:09","24","2016-05-31 18:27:26","24");
INSERT INTO inventory_total_details VALUES("2095","2","0","0","-1","0","0","0","2016-05-30","2016-05-30 16:57:46","24","2016-05-30 21:01:14","24");
INSERT INTO inventory_total_details VALUES("2097","2","0","0","-2","0","0","0","2016-05-31","2016-05-31 11:50:36","1","2016-05-31 11:57:30","1");
INSERT INTO inventory_total_details VALUES("2098","2","0","0","-1","0","0","0","2016-05-31","2016-05-31 11:48:59","1","2016-05-31 16:06:30","1");
INSERT INTO inventory_total_details VALUES("2099","2","0","0","-1","0","0","0","2016-05-30","2016-05-30 19:54:32","24","2016-05-30 20:46:56","24");
INSERT INTO inventory_total_details VALUES("2100","2","0","0","-6","0","0","0","2016-06-01","2016-06-01 11:05:58","28","2016-06-01 11:05:58","28");
INSERT INTO inventory_total_details VALUES("2101","2","0","0","-1","0","0","0","2016-06-04","2016-06-04 16:36:48","27","2016-06-04 16:36:48","27");
INSERT INTO inventory_total_details VALUES("2102","2","0","0","-1","0","0","0","2016-05-30","2016-05-30 18:50:51","27","2016-05-30 19:01:27","27");
INSERT INTO inventory_total_details VALUES("2103","2","0","0","-1","0","0","0","2016-05-30","2016-05-30 18:21:22","24","2016-05-30 18:21:22","24");
INSERT INTO inventory_total_details VALUES("2104","2","0","0","-1","0","0","0","2016-05-30","2016-05-30 18:45:00","24","2016-05-30 20:35:30","24");
INSERT INTO inventory_total_details VALUES("2105","2","0","0","-2","0","0","0","2016-05-31","2016-05-31 04:27:09","28","2016-05-31 11:08:37","28");
INSERT INTO inventory_total_details VALUES("2107","2","0","0","-2","0","0","0","2016-05-30","2016-05-30 17:13:44","1","2016-05-30 17:13:44","1");
INSERT INTO inventory_total_details VALUES("2108","2","0","0","-1","0","0","0","2016-06-22","2016-06-22 07:31:24","26","2016-06-22 07:31:24","26");
INSERT INTO inventory_total_details VALUES("2109","2","0","0","-1","0","0","0","2016-06-02","2016-06-02 11:24:48","28","2016-06-02 11:24:48","28");
INSERT INTO inventory_total_details VALUES("2110","2","0","0","-2","0","0","0","2016-05-31","2016-05-31 09:56:02","1","2016-05-31 16:59:11","1");
INSERT INTO inventory_total_details VALUES("2111","2","0","0","-1","0","0","0","2016-05-31","2016-05-31 06:44:27","1","2016-05-31 15:24:34","1");
INSERT INTO inventory_total_details VALUES("2112","2","0","0","-1","0","0","0","2016-05-31","2016-05-31 17:42:17","28","2016-05-31 17:42:17","28");
INSERT INTO inventory_total_details VALUES("2113","2","0","0","-1","0","0","0","2016-05-31","2016-05-31 06:07:51","28","2016-05-31 10:55:17","28");
INSERT INTO inventory_total_details VALUES("2114","2","0","0","-1","0","0","0","2016-05-31","2016-05-31 17:05:12","1","2016-05-31 17:05:12","1");
INSERT INTO inventory_total_details VALUES("2116","2","0","0","-1","0","0","0","2016-05-30","2016-05-30 19:09:50","27","2016-05-30 19:09:50","27");
INSERT INTO inventory_total_details VALUES("2117","2","0","0","-1","0","0","0","2016-05-31","2016-05-31 15:15:55","28","2016-05-31 15:15:55","28");
INSERT INTO inventory_total_details VALUES("2118","2","0","0","-2","0","0","0","2016-05-30","2016-05-30 17:25:00","24","2016-05-30 20:35:09","24");
INSERT INTO inventory_total_details VALUES("2119","2","0","0","-1","0","0","0","2016-05-31","2016-05-31 04:10:53","28","2016-05-31 19:23:07","28");
INSERT INTO inventory_total_details VALUES("2120","2","0","0","-4","0","0","0","2016-06-01","2016-06-01 15:07:34","28","2016-06-01 15:07:34","28");
INSERT INTO inventory_total_details VALUES("2121","2","0","0","-1","0","0","0","2016-05-30","2016-05-30 16:56:09","24","2016-05-30 17:57:00","24");
INSERT INTO inventory_total_details VALUES("2125","2","0","0","-1","0","0","0","2016-05-30","2016-05-30 17:14:38","24","2016-05-30 20:45:32","24");
INSERT INTO inventory_total_details VALUES("2126","2","0","0","-1","0","0","0","2016-05-30","2016-05-30 17:17:44","24","2016-05-30 20:46:56","24");
INSERT INTO inventory_total_details VALUES("2127","2","0","0","-1","0","0","0","2016-06-01","2016-06-01 09:16:57","28","2016-06-01 09:16:57","28");
INSERT INTO inventory_total_details VALUES("2128","2","0","0","-1","0","0","0","2016-05-30","2016-05-30 17:17:34","27","2016-05-30 18:49:32","27");
INSERT INTO inventory_total_details VALUES("2129","2","0","0","-1","0","0","0","2016-05-31","2016-05-31 08:02:05","28","2016-05-31 12:43:49","28");
INSERT INTO inventory_total_details VALUES("2130","2","0","0","-1","0","0","0","2016-05-31","2016-05-31 11:51:20","28","2016-05-31 12:08:32","28");
INSERT INTO inventory_total_details VALUES("2131","2","0","0","-1","0","0","0","2016-06-02","2016-06-02 09:48:54","28","2016-06-02 09:48:54","28");
INSERT INTO inventory_total_details VALUES("2133","2","0","0","-1","0","0","0","2016-05-30","2016-05-30 20:04:42","24","2016-05-30 20:04:42","24");
INSERT INTO inventory_total_details VALUES("2134","2","0","0","-2","0","0","0","2016-05-30","2016-05-30 17:16:20","27","2016-05-30 18:50:52","27");
INSERT INTO inventory_total_details VALUES("2135","2","0","0","-2","0","0","0","2016-05-31","2016-05-31 18:50:40","24","2016-05-31 18:50:40","24");
INSERT INTO inventory_total_details VALUES("2136","2","0","0","-2","0","0","0","2016-05-30","2016-05-30 17:16:20","27","2016-05-30 18:50:52","27");
INSERT INTO inventory_total_details VALUES("2137","2","0","0","-1","0","0","0","2016-05-30","2016-05-30 17:00:35","1","2016-05-30 17:00:35","1");
INSERT INTO inventory_total_details VALUES("2138","2","0","0","-1","0","0","0","2016-06-01","2016-06-01 18:10:15","27","2016-06-01 18:10:15","27");
INSERT INTO inventory_total_details VALUES("2139","2","0","0","-1","0","0","0","2016-05-30","2016-05-30 19:37:44","27","2016-05-30 19:37:44","27");
INSERT INTO inventory_total_details VALUES("2140","2","0","0","-1","0","0","0","2016-05-30","2016-05-30 17:16:20","27","2016-05-30 18:50:52","27");
INSERT INTO inventory_total_details VALUES("2141","2","0","0","-1","0","0","0","2016-05-31","2016-05-31 16:15:13","1","2016-05-31 16:15:13","1");
INSERT INTO inventory_total_details VALUES("2142","2","0","0","-1","0","0","0","2016-06-04","2016-06-04 12:04:34","27","2016-06-04 16:08:30","27");
INSERT INTO inventory_total_details VALUES("2143","2","0","0","-1","0","0","0","2016-06-01","2016-06-01 14:37:00","24","2016-06-01 14:37:00","24");
INSERT INTO inventory_total_details VALUES("2144","2","0","0","-1","0","0","0","2016-06-02","2016-06-02 16:28:24","27","2016-06-02 16:28:24","27");
INSERT INTO inventory_total_details VALUES("2146","2","0","0","-1","0","0","0","2016-05-31","2016-05-31 04:25:13","28","2016-05-31 19:18:40","28");
INSERT INTO inventory_total_details VALUES("2163","2","0","0","-1","0","0","0","2016-05-30","2016-05-30 19:12:04","24","2016-05-30 20:36:29","24");
INSERT INTO inventory_total_details VALUES("2164","2","0","0","-1","0","0","0","2016-05-30","2016-05-30 16:53:06","27","2016-05-30 19:14:29","27");
INSERT INTO inventory_total_details VALUES("2165","2","0","0","-1","0","0","0","2016-05-30","2016-05-30 17:13:26","1","2016-05-30 17:13:26","1");
INSERT INTO inventory_total_details VALUES("2166","2","0","0","-8","0","0","0","2016-05-30","2016-05-30 15:16:51","1","2016-05-30 16:55:10","1");
INSERT INTO inventory_total_details VALUES("2172","2","0","0","-1","0","0","0","2016-05-30","2016-05-30 17:07:00","24","2016-05-30 20:45:07","24");
INSERT INTO inventory_total_details VALUES("2173","2","0","0","-1","0","0","0","2016-05-31","2016-05-31 10:33:37","28","2016-05-31 11:09:13","28");
INSERT INTO inventory_total_details VALUES("2174","2","0","0","-1","0","0","0","2016-05-31","2016-05-31 09:21:37","24","2016-05-31 09:21:37","24");
INSERT INTO inventory_total_details VALUES("2178","2","0","0","-1","0","0","0","2016-06-02","2016-06-02 05:19:47","24","2016-06-02 05:19:47","24");
INSERT INTO inventory_total_details VALUES("2179","2","0","0","-1","0","0","0","2016-06-19","2016-06-19 13:01:57","26","2016-06-19 13:01:57","26");
INSERT INTO inventory_total_details VALUES("2182","2","0","0","-1","0","0","0","2016-05-30","2016-05-30 18:50:52","27","2016-05-30 18:50:52","27");
INSERT INTO inventory_total_details VALUES("2183","2","0","0","-1","0","0","0","2016-06-17","2016-06-17 08:39:20","26","2016-06-17 08:39:20","26");
INSERT INTO inventory_total_details VALUES("2188","2","0","0","-1","0","0","0","2016-06-02","2016-06-02 05:19:47","27","2016-06-02 19:29:45","27");
INSERT INTO inventory_total_details VALUES("2197","2","0","0","-2","0","0","0","2016-05-31","2016-05-31 05:33:48","24","2016-05-31 18:01:04","24");
INSERT INTO inventory_total_details VALUES("2198","2","0","0","-1","0","0","0","2016-05-31","2016-05-31 06:32:11","28","2016-05-31 15:18:23","28");
INSERT INTO inventory_total_details VALUES("2199","2","0","0","-1","0","0","0","2016-05-30","2016-05-30 20:45:32","24","2016-05-30 20:45:32","24");
INSERT INTO inventory_total_details VALUES("2201","2","0","0","-1","0","0","0","2016-07-22","2016-07-22 07:59:15","28","2016-07-22 07:59:15","28");
INSERT INTO inventory_total_details VALUES("2202","2","0","0","-1","0","0","0","2016-06-05","2016-06-05 05:43:31","24","2016-06-05 05:43:31","24");
INSERT INTO inventory_total_details VALUES("2203","2","0","0","-2","0","0","0","2016-06-01","2016-06-01 18:10:15","27","2016-06-01 18:10:15","27");
INSERT INTO inventory_total_details VALUES("2204","2","0","0","-1","0","0","0","2016-06-05","2016-06-05 15:46:14","24","2016-06-05 15:46:14","24");
INSERT INTO inventory_total_details VALUES("2206","2","0","0","-2","0","0","0","2016-06-11","2016-06-11 18:11:55","26","2016-06-11 18:11:55","26");
INSERT INTO inventory_total_details VALUES("2207","2","0","0","-1","0","0","0","2016-06-05","2016-06-05 20:28:13","28","2016-06-05 20:28:13","28");
INSERT INTO inventory_total_details VALUES("2208","2","0","0","-1","0","0","0","2016-06-03","2016-06-03 12:29:19","24","2016-06-03 12:29:19","24");
INSERT INTO inventory_total_details VALUES("2209","2","0","0","-1","0","0","0","2016-06-01","2016-06-01 15:42:51","24","2016-06-01 15:42:51","24");
INSERT INTO inventory_total_details VALUES("2213","2","0","0","-1","0","0","0","2016-06-08","2016-06-08 08:14:22","28","2016-06-08 08:14:22","28");
INSERT INTO inventory_total_details VALUES("2217","2","0","0","-2","0","0","0","2016-06-03","2016-06-03 19:05:30","28","2016-06-03 19:05:30","28");
INSERT INTO inventory_total_details VALUES("2218","2","0","0","-1","0","0","0","2016-05-31","2016-05-31 10:46:14","28","2016-05-31 18:18:24","28");
INSERT INTO inventory_total_details VALUES("2219","2","0","0","-1","0","0","0","2016-06-02","2016-06-02 07:11:01","27","2016-06-02 20:39:25","27");
INSERT INTO inventory_total_details VALUES("2220","2","0","0","-120","0","0","0","2016-06-06","2016-06-06 12:05:02","28","2016-06-06 12:05:02","28");
INSERT INTO inventory_total_details VALUES("2226","2","0","0","-1","0","0","0","2016-05-30","2016-05-30 20:29:24","24","2016-05-30 20:29:24","24");
INSERT INTO inventory_total_details VALUES("2228","2","0","0","-1","0","0","0","2016-05-30","2016-05-30 16:53:07","24","2016-05-30 20:52:03","24");
INSERT INTO inventory_total_details VALUES("2229","2","0","0","-10","0","0","0","2016-05-30","2016-05-30 18:02:49","24","2016-05-30 20:49:46","24");
INSERT INTO inventory_total_details VALUES("2231","2","0","0","-3","0","0","0","2016-05-30","2016-05-30 16:58:22","24","2016-05-30 21:01:14","24");
INSERT INTO inventory_total_details VALUES("2232","2","0","0","-2","0","0","0","2016-05-30","2016-05-30 18:38:35","27","2016-05-30 18:38:35","27");
INSERT INTO inventory_total_details VALUES("2233","2","0","0","-3","0","0","0","2016-05-30","2016-05-30 19:34:27","27","2016-05-30 19:51:04","27");
INSERT INTO inventory_total_details VALUES("2235","2","0","0","-1","0","0","0","2016-05-30","2016-05-30 19:37:45","27","2016-05-30 19:55:59","27");
INSERT INTO inventory_total_details VALUES("2236","2","0","0","-1","0","0","0","2016-05-30","2016-05-30 20:25:09","24","2016-05-30 20:25:09","24");
INSERT INTO inventory_total_details VALUES("2237","2","0","0","-2","0","0","0","2016-06-06","2016-06-06 07:55:52","26","2016-06-06 07:55:52","26");
INSERT INTO inventory_total_details VALUES("2238","2","0","0","-2","0","0","0","2016-05-31","2016-05-31 06:54:44","28","2016-05-31 18:18:35","28");
INSERT INTO inventory_total_details VALUES("2239","2","0","0","-1","0","0","0","2016-05-31","2016-05-31 11:09:13","28","2016-05-31 19:15:47","28");
INSERT INTO inventory_total_details VALUES("2240","2","0","0","-1","0","0","0","2016-05-30","2016-05-30 16:58:52","27","2016-05-30 19:23:13","27");
INSERT INTO inventory_total_details VALUES("2241","2","0","0","-1","0","0","0","2016-05-31","2016-05-31 13:05:46","28","2016-05-31 18:12:43","28");
INSERT INTO inventory_total_details VALUES("2243","2","0","0","-2","0","0","0","2016-05-30","2016-05-30 17:15:34","1","2016-05-30 17:15:34","1");
INSERT INTO inventory_total_details VALUES("2250","2","0","0","-1","0","0","0","2016-05-30","2016-05-30 17:14:12","24","2016-05-30 20:46:56","24");
INSERT INTO inventory_total_details VALUES("2251","2","0","0","-1","0","0","0","2016-07-09","2016-07-09 18:58:52","28","2016-07-09 18:58:52","28");
INSERT INTO inventory_total_details VALUES("2252","2","0","0","-3","0","0","0","2016-06-04","2016-06-04 16:15:52","28","2016-06-04 20:22:10","28");
INSERT INTO inventory_total_details VALUES("2253","2","0","0","-1","0","0","0","2016-05-31","2016-05-31 13:24:22","28","2016-05-31 13:24:22","28");
INSERT INTO inventory_total_details VALUES("2254","2","0","0","-5","0","0","0","2016-05-31","2016-05-31 18:14:09","28","2016-05-31 20:17:14","28");
INSERT INTO inventory_total_details VALUES("2255","2","0","0","-5","0","0","0","2016-06-02","2016-06-02 18:24:09","24","2016-06-02 18:24:09","24");
INSERT INTO inventory_total_details VALUES("2256","2","0","0","-1","0","0","0","2016-06-02","2016-06-02 17:07:21","28","2016-06-02 18:40:44","28");
INSERT INTO inventory_total_details VALUES("2257","2","0","0","-1","0","0","0","2016-06-02","2016-06-02 18:53:00","28","2016-06-02 18:53:00","28");
INSERT INTO inventory_total_details VALUES("2258","2","0","0","-1","0","0","0","2016-06-06","2016-06-06 11:06:36","26","2016-06-06 11:06:36","26");
INSERT INTO inventory_total_details VALUES("2259","2","0","0","-2","0","0","0","2016-06-22","2016-06-22 14:12:02","28","2016-06-22 19:30:07","28");
INSERT INTO inventory_total_details VALUES("2260","2","0","0","-1","0","0","0","2016-07-11","2016-07-11 05:45:45","26","2016-07-11 05:45:45","26");
INSERT INTO inventory_total_details VALUES("2262","2","0","0","-1","0","0","0","2016-07-21","2016-07-21 07:37:38","26","2016-07-21 07:37:38","26");



INSERT INTO sales_orders VALUES("56101","2","1","","16SO056079","3000","0.75","0","0","0","2016-07-26","2016-07-26","","2016-07-26 18:02:29","28","2016-07-26 18:02:29","28","1","1","0"),
("56102","2","1","","16SO056080","2000","0.5","0","0","0","2016-07-26","2016-07-26","","2016-07-26 18:02:53","28","2016-07-26 18:02:53","28","1","1","0"),
("56103","2","1","","16SO056081","12000","3","0","0","0","2016-07-26","2016-07-26","","2016-07-26 18:03:41","28","2016-07-26 18:03:41","28","1","1","0"),
("56104","2","1","","16SO056082","2000","0.5","0","0","0","2016-07-26","2016-07-26","","2016-07-26 18:03:48","28","2016-07-26 18:03:48","28","1","1","0"),
("56105","2","1","","16SO056083","5500","1.375","0","0","0","2016-07-26","2016-07-26","","2016-07-26 18:04:37","28","2016-07-26 18:04:37","28","1","1","0"),
("56106","2","1","","16SO056084","8000","2","0","0","0","2016-07-26","2016-07-26","","2016-07-26 18:04:47","28","2016-07-26 18:04:47","28","1","1","0"),
("56107","2","1","","16SO056085","1500","0.375","0","0","0","2016-07-26","2016-07-26","","2016-07-26 18:05:54","28","2016-07-26 18:05:54","28","1","1","0"),
("56108","2","1","","16SO056086","4000","1","0","0","0","2016-07-26","2016-07-26","","2016-07-26 18:08:35","28","2016-07-26 18:08:35","28","1","1","0"),
("56109","2","1","","16SO056087","8000","2","0","0","0","2016-07-26","2016-07-26","","2016-07-26 18:09:01","28","2016-07-26 18:09:01","28","1","1","0"),
("56110","2","1","","16SO056088","3500","0.875","0","0","0","2016-07-26","2016-07-26","","2016-07-26 18:10:15","28","2016-07-26 18:10:15","28","1","1","0"),
("56111","2","1","","16SO056089","1000","0.25","0","0","0","2016-07-26","2016-07-26","","2016-07-26 18:12:52","28","2016-07-26 18:12:52","28","1","1","0"),
("56112","2","1","","16SO056090","3000","0.75","0","0","0","2016-07-26","2016-07-26","","2016-07-26 18:13:49","28","2016-07-26 18:13:49","28","1","1","0"),
("56113","2","1","","16SO056091","7000","1.75","0","0","0","2016-07-26","2016-07-26","","2016-07-26 18:14:16","28","2016-07-26 18:14:16","28","1","1","0"),
("56114","2","1","","16SO056092","2100","0.525","0","0","0","2016-07-26","2016-07-26","","2016-07-26 18:15:03","28","2016-07-26 18:15:03","28","1","1","0"),
("56115","2","1","","16SO056093","1500","0.375","0","0","0","2016-07-26","2016-07-26","","2016-07-26 18:15:30","28","2016-07-26 18:15:30","28","1","1","0"),
("56116","2","1","","16SO056094","1000","0.25","0","0","0","2016-07-26","2016-07-26","","2016-07-26 18:16:57","28","2016-07-26 18:16:57","28","1","1","0"),
("56117","2","1","","16SO056095","5000","1.25","0","0","0","2016-07-26","2016-07-26","","2016-07-26 18:17:12","28","2016-07-26 18:17:12","28","1","1","0"),
("56118","2","1","","16SO056096","2500","0.625","0","0","0","2016-07-26","2016-07-26","","2016-07-26 18:20:33","28","2016-07-26 18:20:33","28","1","1","0"),
("56119","2","1","","16SO056097","3000","0.75","0","0","0","2016-07-26","2016-07-26","","2016-07-26 18:21:33","28","2016-07-26 18:21:33","28","1","1","0"),
("56120","2","1","","16SO056098","42500","10.625","0","0","0","2016-07-26","2016-07-26","","2016-07-26 18:21:39","32","2016-07-26 18:21:39","32","1","1","0"),
("56121","2","1","","16SO056099","1000","0.25","0","0","0","2016-07-26","2016-07-26","","2016-07-26 18:22:12","28","2016-07-26 18:22:12","28","1","1","0"),
("56122","2","1","","16SO056100","5000","1.25","0","0","0","2016-07-26","2016-07-26","","2016-07-26 18:22:12","32","2016-07-26 18:22:12","32","1","1","0"),
("56123","2","1","","16SO056101","3000","0.75","0","0","0","2016-07-26","2016-07-26","","2016-07-26 18:27:00","28","2016-07-26 18:27:00","28","1","1","0"),
("56124","2","1","","16SO056102","2000","0.5","0","0","0","2016-07-26","2016-07-26","","2016-07-26 18:27:27","28","2016-07-26 18:27:27","28","1","1","0"),
("56125","2","1","","16SO056103","2000","0.5","0","0","0","2016-07-26","2016-07-26","","2016-07-26 18:27:48","28","2016-07-26 18:27:48","28","1","1","0"),
("56126","2","1","","16SO056104","2000","0.5","0","0","0","2016-07-26","2016-07-26","","2016-07-26 18:28:02","28","2016-07-26 18:28:02","28","1","1","0"),
("56127","2","1","","16SO056105","3000","0.75","0","0","0","2016-07-26","2016-07-26","","2016-07-26 18:28:26","32","2016-07-26 18:28:26","32","1","1","0"),
("56128","2","1","","16SO056106","500","0.125","0","0","0","2016-07-26","2016-07-26","","2016-07-26 18:28:53","32","2016-07-26 18:28:53","32","1","1","0"),
("56129","2","1","","16SO056107","1500","0.375","0","0","0","2016-07-26","2016-07-26","","2016-07-26 18:29:42","32","2016-07-26 18:29:42","32","1","1","0"),
("56130","2","1","","16SO056108","22000","5.5","0","0","0","2016-07-26","2016-07-26","","2016-07-26 18:30:04","32","2016-07-26 18:30:04","32","1","1","0"),
("56131","2","1","","16SO056109","5500","1.375","0","0","0","2016-07-26","2016-07-26","","2016-07-26 18:31:51","32","2016-07-26 18:31:51","32","1","1","0"),
("56132","2","1","","16SO056110","2500","0.625","0","0","0","2016-07-26","2016-07-26","","2016-07-26 18:32:11","28","2016-07-26 18:32:11","28","1","1","0"),
("56133","2","1","","16SO056111","1500","0.375","0","0","0","2016-07-26","2016-07-26","","2016-07-26 18:33:21","28","2016-07-26 18:33:21","28","1","1","0"),
("56134","2","1","","16SO056112","2000","0.5","0","0","0","2016-07-26","2016-07-26","","2016-07-26 18:36:10","28","2016-07-26 18:36:10","28","1","1","0"),
("56135","2","1","","16SO056113","1500","0.375","0","0","0","2016-07-26","2016-07-26","","2016-07-26 18:38:27","28","2016-07-26 18:38:27","28","1","1","0"),
("56136","2","1","","16SO056114","3000","0.75","0","0","0","2016-07-26","2016-07-26","","2016-07-26 18:41:25","28","2016-07-26 18:41:25","28","1","1","0"),
("56137","2","1","","16SO056115","10000","2.5","0","0","0","2016-07-26","2016-07-26","","2016-07-26 18:42:15","28","2016-07-26 18:42:15","28","1","1","0"),
("56138","2","1","","16SO056116","1000","0.25","0","0","0","2016-07-26","2016-07-26","","2016-07-26 18:42:20","28","2016-07-26 18:42:20","28","1","1","0"),
("56139","2","1","","16SO056117","40000","10","0","0","0","2016-07-26","2016-07-26","","2016-07-26 18:45:52","28","2016-07-26 18:45:52","28","1","1","0"),
("56140","2","1","","16SO056118","1000","0.25","0","0","0","2016-07-26","2016-07-26","","2016-07-26 18:46:17","32","2016-07-26 18:46:17","32","1","1","0"),
("56141","2","1","","16SO056119","5000","1.25","0","0","0","2016-07-26","2016-07-26","","2016-07-26 18:46:45","32","2016-07-26 18:46:45","32","1","1","0"),
("56142","2","1","","16SO056120","2500","0.625","0","0","0","2016-07-26","2016-07-26","","2016-07-26 18:48:44","28","2016-07-26 18:48:44","28","1","1","0"),
("56143","2","1","","16SO056121","3000","0.75","0","0","0","2016-07-26","2016-07-26","","2016-07-26 18:52:50","32","2016-07-26 18:52:50","32","1","1","0"),
("56144","2","1","","16SO056122","2500","0.625","0","0","0","2016-07-26","2016-07-26","","2016-07-26 18:54:00","28","2016-07-26 18:54:00","28","1","1","0"),
("56145","2","1","","16SO056123","2000","0.5","0","0","0","2016-07-26","2016-07-26","","2016-07-26 18:54:36","28","2016-07-26 18:54:36","28","1","1","0"),
("56146","2","1","","16SO056124","7000","1.75","0","0","0","2016-07-26","2016-07-26","","2016-07-26 18:54:47","32","2016-07-26 18:54:47","32","1","1","0"),
("56147","2","1","","16SO056125","3000","0.75","0","0","0","2016-07-26","2016-07-26","","2016-07-26 18:55:43","28","2016-07-26 18:55:43","28","1","1","0"),
("56148","2","1","","16SO056126","3000","0.75","0","0","0","2016-07-26","2016-07-26","","2016-07-26 18:56:09","28","2016-07-26 18:56:09","28","1","1","0"),
("56149","2","1","","16SO056127","4000","1","0","0","0","2016-07-26","2016-07-26","","2016-07-26 18:56:33","32","2016-07-26 18:56:33","32","1","1","0"),
("56150","2","1","","16SO056128","1500","0.375","0","0","0","2016-07-26","2016-07-26","","2016-07-26 18:56:44","28","2016-07-26 18:56:44","28","1","1","0"),
("56151","2","1","","16SO056129","2500","0.625","0","0","0","2016-07-26","2016-07-26","","2016-07-26 18:57:09","32","2016-07-26 18:57:09","32","1","1","0"),
("56152","2","1","","16SO056130","3000","0.75","0","0","0","2016-07-26","2016-07-26","","2016-07-26 18:57:20","28","2016-07-26 18:57:20","28","1","1","0"),
("56153","2","1","","16SO056131","3000","0.75","0","0","0","2016-07-26","2016-07-26","","2016-07-26 18:57:28","32","2016-07-26 18:57:28","32","1","1","0"),
("56154","2","1","","16SO056132","5000","1.25","0","0","0","2016-07-26","2016-07-26","","2016-07-26 18:57:38","28","2016-07-26 18:57:38","28","1","1","0"),
("56155","2","1","","16SO056133","15000","3.75","0","0","0","2016-07-26","2016-07-26","","2016-07-26 18:58:16","32","2016-07-26 18:58:16","32","1","1","0"),
("56156","2","1","","16SO056134","2000","0.5","0","0","0","2016-07-26","2016-07-26","","2016-07-26 18:58:57","28","2016-07-26 18:58:57","28","1","1","0"),
("56157","2","1","","16SO056135","2000","0.5","0","0","0","2016-07-26","2016-07-26","","2016-07-26 18:59:15","28","2016-07-26 18:59:15","28","1","1","0"),
("56158","2","1","","16SO056136","14000","3.5","0","0","0","2016-07-26","2016-07-26","","2016-07-26 18:59:29","32","2016-07-26 18:59:29","32","1","1","0"),
("56159","2","1","","16SO056137","1500","0.375","0","0","0","2016-07-26","2016-07-26","","2016-07-26 18:59:58","28","2016-07-26 18:59:58","28","1","1","0"),
("56160","2","1","","16SO056138","2500","0.625","0","0","0","2016-07-26","2016-07-26","","2016-07-26 19:00:25","28","2016-07-26 19:00:25","28","1","1","0"),
("56161","2","1","","16SO056139","500","0.125","0","0","0","2016-07-26","2016-07-26","","2016-07-26 19:00:43","28","2016-07-26 19:00:43","28","1","1","0"),
("56162","2","1","","16SO056140","2500","0.625","0","0","0","2016-07-26","2016-07-26","","2016-07-26 19:01:51","28","2016-07-26 19:01:51","28","1","1","0"),
("56163","2","1","","16SO056141","2500","0.625","0","0","0","2016-07-26","2016-07-26","","2016-07-26 19:02:19","32","2016-07-26 19:02:19","32","1","1","0"),
("56164","2","1","","16SO056142","5000","1.25","0","0","0","2016-07-26","2016-07-26","","2016-07-26 19:04:49","32","2016-07-26 19:04:49","32","1","1","0"),
("56165","2","1","","16SO056143","2500","0.625","0","0","0","2016-07-26","2016-07-26","","2016-07-26 19:07:22","32","2016-07-26 19:07:22","32","1","1","0"),
("56166","2","1","","16SO056144","500","0.125","0","0","0","2016-07-26","2016-07-26","","2016-07-26 19:08:35","28","2016-07-26 19:08:35","28","1","1","0"),
("56167","2","1","","16SO056145","4500","1.125","0","0","0","2016-07-26","2016-07-26","","2016-07-26 19:09:20","28","2016-07-26 19:09:20","28","1","1","0"),
("56168","2","1","","16SO056146","4000","1","0","0","0","2016-07-26","2016-07-26","","2016-07-26 19:11:22","32","2016-07-26 19:11:22","32","1","1","0"),
("56169","2","1","","16SO056147","2000","0.5","0","0","0","2016-07-26","2016-07-26","","2016-07-26 19:12:28","28","2016-07-26 19:12:28","28","1","1","0"),
("56170","2","1","","16SO056148","3000","0.75","0","0","0","2016-07-26","2016-07-26","","2016-07-26 19:13:49","28","2016-07-26 19:13:49","28","1","1","0"),
("56171","2","1","","16SO056149","1700","0.425","0","0","0","2016-07-26","2016-07-26","","2016-07-26 19:14:50","28","2016-07-26 19:14:50","28","1","1","0"),
("56172","2","1","","16SO056150","1000","0.25","0","0","0","2016-07-26","2016-07-26","","2016-07-26 19:15:16","28","2016-07-26 19:15:16","28","1","1","0"),
("56173","2","1","","16SO056151","5000","1.25","0","0","0","2016-07-26","2016-07-26","","2016-07-26 19:17:36","28","2016-07-26 19:17:36","28","1","1","0"),
("56174","2","1","","16SO056152","2000","0.5","0","0","0","2016-07-26","2016-07-26","","2016-07-26 19:18:08","28","2016-07-26 19:18:08","28","1","1","0"),
("56175","2","1","","16SO056153","3000","0.75","0","0","0","2016-07-26","2016-07-26","","2016-07-26 19:18:32","28","2016-07-26 19:18:32","28","1","1","0"),
("56176","2","1","","16SO056154","1400","0.35","0","0","0","2016-07-26","2016-07-26","","2016-07-26 19:18:45","28","2016-07-26 19:18:45","28","1","1","0"),
("56177","2","1","","16SO056155","9000","2.25","0","0","0","2016-07-26","2016-07-26","","2016-07-26 19:19:15","32","2016-07-26 19:19:15","32","1","1","0"),
("56178","2","1","","16SO056156","500","0.125","0","0","0","2016-07-26","2016-07-26","","2016-07-26 19:19:18","28","2016-07-26 19:19:18","28","1","1","0"),
("56179","2","1","","16SO056157","2000","0.5","0","0","0","2016-07-26","2016-07-26","","2016-07-26 19:19:30","28","2016-07-26 19:19:30","28","1","1","0"),
("56180","2","1","","16SO056158","4500","1.125","0","0","0","2016-07-26","2016-07-26","","2016-07-26 19:19:54","32","2016-07-26 19:19:54","32","1","1","0"),
("56181","2","1","","16SO056159","6000","1.5","0","0","0","2016-07-26","2016-07-26","","2016-07-26 19:21:13","32","2016-07-26 19:21:13","32","1","1","0"),
("56182","2","1","","16SO056160","3000","0.75","0","0","0","2016-07-26","2016-07-26","","2016-07-26 19:21:33","28","2016-07-26 19:21:33","28","1","1","0"),
("56183","2","1","","16SO056161","5000","1.25","0","0","0","2016-07-26","2016-07-26","","2016-07-26 19:26:26","28","2016-07-26 19:26:26","28","1","1","0"),
("56184","2","1","","16SO056162","2500","0.625","0","0","0","2016-07-26","2016-07-26","","2016-07-26 19:27:05","28","2016-07-26 19:27:05","28","1","1","0"),
("56185","2","1","","16SO056163","1000","0.25","0","0","0","2016-07-26","2016-07-26","","2016-07-26 19:27:40","28","2016-07-26 19:27:40","28","1","1","0"),
("56186","2","1","","16SO056164","5500","1.375","0","0","0","2016-07-26","2016-07-26","","2016-07-26 19:29:00","28","2016-07-26 19:29:00","28","1","1","0"),
("56187","2","1","","16SO056165","4000","1","0","0","0","2016-07-26","2016-07-26","","2016-07-26 19:31:14","28","2016-07-26 19:31:14","28","1","1","0"),
("56188","2","1","","16SO056166","5000","1.25","0","0","0","2016-07-26","2016-07-26","","2016-07-26 19:33:47","28","2016-07-26 19:33:47","28","1","1","0"),
("56189","2","1","","16SO056167","4900","1.225","0","0","0","2016-07-26","2016-07-26","","2016-07-26 19:34:12","28","2016-07-26 19:34:12","28","1","1","0"),
("56190","2","1","","16SO056168","6500","1.625","0","0","0","2016-07-26","2016-07-26","","2016-07-26 19:34:59","28","2016-07-26 19:34:59","28","1","1","0"),
("56191","2","1","","16SO056169","1500","0.375","0","0","0","2016-07-26","2016-07-26","","2016-07-26 19:39:55","28","2016-07-26 19:39:55","28","1","1","0"),
("56192","2","1","","16SO056170","1500","0.375","0","0","0","2016-07-26","2016-07-26","","2016-07-26 19:40:03","28","2016-07-26 19:40:03","28","1","1","0"),
("56193","2","1","","16SO056171","2000","0.5","0","0","0","2016-07-26","2016-07-26","","2016-07-26 19:42:52","28","2016-07-26 19:42:52","28","1","1","0"),
("56194","2","1","","16SO056172","1500","0.375","0","0","0","2016-07-26","2016-07-26","","2016-07-26 19:46:00","28","2016-07-26 19:46:00","28","1","1","0"),
("56195","2","1","","16SO056173","500","0.125","0","0","0","2016-07-26","2016-07-26","","2016-07-26 19:46:21","28","2016-07-26 19:46:21","28","1","1","0"),
("56196","2","1","","16SO056174","43500","10.875","0","0","0","2016-07-26","2016-07-26","","2016-07-26 19:46:34","28","2016-07-26 19:46:34","28","1","1","0"),
("56197","2","1","","16SO056175","4000","1","0","0","0","2016-07-26","2016-07-26","","2016-07-26 19:47:11","28","2016-07-26 19:47:11","28","1","1","0"),
("56198","2","1","","16SO056176","5500","1.375","0","0","0","2016-07-26","2016-07-26","","2016-07-26 19:47:46","28","2016-07-26 19:47:46","28","1","1","0"),
("56199","2","1","","16SO056177","6000","1.5","0","0","0","2016-07-26","2016-07-26","","2016-07-26 19:49:31","28","2016-07-26 19:49:31","28","1","1","0"),
("56200","2","1","","16SO056178","43000","10.75","0","0","0","2016-07-26","2016-07-26","","2016-07-26 19:51:24","28","2016-07-26 19:51:24","28","1","1","0"),
("56201","2","1","","16SO056179","4000","1","0","0","0","2016-07-26","2016-07-26","","2016-07-26 19:53:53","28","2016-07-26 19:53:53","28","1","1","0"),
("56202","2","1","","16SO056180","1500","0.375","0","0","0","2016-07-26","2016-07-26","","2016-07-26 19:55:51","28","2016-07-26 19:55:51","28","1","1","0"),
("56203","2","1","","16SO056181","2000","0.5","0","0","0","2016-07-26","2016-07-26","","2016-07-26 19:56:01","28","2016-07-26 19:56:01","28","1","1","0"),
("56204","2","1","","16SO056182","500","0.125","0","0","0","2016-07-26","2016-07-26","","2016-07-26 19:56:23","28","2016-07-26 19:56:23","28","1","1","0"),
("56205","2","1","","16SO056183","7500","1.875","0","0","0","2016-07-26","2016-07-26","","2016-07-26 19:57:14","28","2016-07-26 19:57:14","28","1","1","0"),
("56206","2","1","","16SO056184","1500","0.375","0","0","0","2016-07-26","2016-07-26","","2016-07-26 19:58:26","28","2016-07-26 19:58:26","28","1","1","0"),
("56207","2","1","","16SO056185","2500","0.625","0","0","0","2016-07-26","2016-07-26","","2016-07-26 19:59:50","28","2016-07-26 19:59:50","28","1","1","0"),
("56208","2","1","","16SO056186","3000","0.75","0","0","0","2016-07-26","2016-07-26","","2016-07-26 20:00:01","28","2016-07-26 20:00:01","28","1","1","0"),
("56209","2","1","","16SO056187","3000","0.75","0","0","0","2016-07-26","2016-07-26","","2016-07-26 20:00:26","28","2016-07-26 20:00:26","28","1","1","0"),
("56210","2","1","","16SO056188","9500","2.375","0","0","0","2016-07-26","2016-07-26","","2016-07-26 20:01:09","28","2016-07-26 20:01:09","28","1","1","0"),
("56211","2","1","","16SO056189","6500","1.625","0","0","0","2016-07-26","2016-07-26","","2016-07-26 20:02:19","28","2016-07-26 20:02:19","28","1","1","0"),
("56212","2","1","","16SO056190","4500","1.125","0","0","0","2016-07-26","2016-07-26","","2016-07-26 20:04:30","28","2016-07-26 20:04:30","28","1","1","0"),
("56213","2","1","","16SO056191","5000","1.25","0","0","0","2016-07-26","2016-07-26","","2016-07-26 20:05:13","28","2016-07-26 20:05:13","28","1","1","0"),
("56214","2","1","","16SO056192","2000","0.5","0","0","0","2016-07-26","2016-07-26","","2016-07-26 20:09:06","28","2016-07-26 20:09:06","28","1","1","0"),
("56215","2","1","","16SO056193","1500","0.375","0","0","0","2016-07-26","2016-07-26","","2016-07-26 20:09:26","28","2016-07-26 20:09:26","28","1","1","0"),
("56216","2","1","","16SO056194","2000","0.5","0","0","0","2016-07-26","2016-07-26","","2016-07-26 20:11:25","28","2016-07-26 20:11:25","28","1","1","0"),
("56217","2","1","","16SO056195","5000","1.25","0","0","0","2016-07-26","2016-07-26","","2016-07-26 20:14:19","28","2016-07-26 20:14:19","28","1","1","0"),
("56218","2","1","","16SO056196","4000","1","0","0","0","2016-07-26","2016-07-26","","2016-07-26 20:16:42","28","2016-07-26 20:16:42","28","1","1","0"),
("56219","2","1","","16SO056197","5000","1.25","0","0","0","2016-07-26","2016-07-26","","2016-07-26 20:21:14","28","2016-07-26 20:21:14","28","1","1","0"),
("56220","2","1","","16SO056198","3500","0.875","0","0","0","2016-07-26","2016-07-26","","2016-07-26 20:21:40","28","2016-07-26 20:21:40","28","1","1","0"),
("56221","2","1","","16SO056199","1400","0.35","0","0","0","2016-07-26","2016-07-26","","2016-07-26 20:21:54","28","2016-07-26 20:21:54","28","1","1","0"),
("56222","2","1","","16SO056200","3000","0.75","0","0","0","2016-07-26","2016-07-26","","2016-07-26 20:23:28","28","2016-07-26 20:23:28","28","1","1","0"),
("56223","2","1","","16SO056201","2000","0.5","0","0","0","2016-07-26","2016-07-26","","2016-07-26 20:26:54","28","2016-07-26 20:26:54","28","1","1","0"),
("56224","2","1","","16SO056202","3000","0.75","0","0","0","2016-07-26","2016-07-26","","2016-07-26 20:27:03","28","2016-07-26 20:27:03","28","1","1","0"),
("56225","2","1","","16SO056203","1000","0.25","0","0","0","2016-07-26","2016-07-26","","2016-07-26 20:27:48","28","2016-07-26 20:27:48","28","1","1","0"),
("56226","2","1","","16SO056204","6500","1.625","0","0","0","2016-07-26","2016-07-26","","2016-07-26 20:30:49","28","2016-07-26 20:30:49","28","1","1","0"),
("56227","2","1","","16SO056205","1500","0.375","0","0","0","2016-07-26","2016-07-26","","2016-07-26 20:31:14","28","2016-07-26 20:31:14","28","1","1","0"),
("56228","2","1","","16SO056206","11000","2.75","0","0","0","2016-07-26","2016-07-26","","2016-07-26 20:32:58","28","2016-07-26 20:32:58","28","1","1","0"),
("56229","2","1","","16SO056207","5500","1.375","0","0","0","2016-07-26","2016-07-26","","2016-07-26 20:40:08","28","2016-07-26 20:40:08","28","1","1","0"),
("56230","2","1","","16SO056208","5000","1.25","0","0","0","2016-07-26","2016-07-26","","2016-07-26 20:40:36","28","2016-07-26 20:40:36","28","1","1","0"),
("56231","2","1","","16SO056209","6000","1.5","0","0","0","2016-07-26","2016-07-26","","2016-07-26 20:41:47","28","2016-07-26 20:41:47","28","1","1","0"),
("56232","2","1","","16SO056210","6000","1.5","0","0","0","2016-07-26","2016-07-26","","2016-07-26 20:43:31","28","2016-07-26 20:43:31","28","1","1","0"),
("56233","2","1","","16SO056211","4000","1","0","0","0","2016-07-26","2016-07-26","","2016-07-26 20:45:28","28","2016-07-26 20:45:28","28","1","1","0"),
("56234","2","1","","16SO056212","2500","0.625","0","0","0","2016-07-26","2016-07-26","","2016-07-26 20:47:31","28","2016-07-26 20:47:31","28","1","1","0"),
("56235","2","1","","16SO056213","1000","0.25","0","0","0","2016-07-26","2016-07-26","","2016-07-26 20:47:48","28","2016-07-26 20:47:48","28","1","1","0"),
("56236","2","1","","16SO056214","2000","0.5","0","0","0","2016-07-26","2016-07-26","","2016-07-26 20:48:35","28","2016-07-26 20:48:35","28","1","1","0"),
("56237","2","1","","16SO056215","3000","0.75","0","0","0","2016-07-26","2016-07-26","","2016-07-26 20:49:41","28","2016-07-26 20:49:41","28","1","1","0"),
("56238","2","1","","16SO056216","8000","2","0","0","0","2016-07-26","2016-07-26","","2016-07-26 20:50:02","28","2016-07-26 20:50:02","28","1","1","0"),
("56239","2","1","","16SO056217","2000","0.5","0","0","0","2016-07-26","2016-07-26","","2016-07-26 20:50:09","28","2016-07-26 20:50:09","28","1","1","0"),
("56240","2","1","","16SO056218","1000","0.25","0","0","0","2016-07-26","2016-07-26","","2016-07-26 20:50:14","28","2016-07-26 20:50:14","28","1","1","0"),
("56241","2","1","","16SO056219","4500","1.125","0","0","0","2016-07-26","2016-07-26","","2016-07-26 20:51:24","28","2016-07-26 20:51:24","28","1","1","0"),
("56242","2","1","","16SO056220","3000","0.75","0","0","0","2016-07-26","2016-07-26","","2016-07-26 20:51:31","28","2016-07-26 20:51:31","28","1","1","0"),
("56243","2","1","","16SO056221","2500","0.625","0","0","0","2016-07-26","2016-07-26","","2016-07-26 20:52:13","28","2016-07-26 20:52:13","28","1","1","0"),
("56244","2","1","","16SO056222","7500","1.875","0","0","0","2016-07-26","2016-07-26","","2016-07-26 20:52:27","28","2016-07-26 20:52:27","28","1","1","0"),
("56245","2","1","","16SO056223","16000","4","0","0","0","2016-07-26","2016-07-26","","2016-07-26 20:53:07","28","2016-07-26 20:53:07","28","1","1","0"),
("56246","2","1","","16SO056224","6500","1.625","0","0","0","2016-07-26","2016-07-26","","2016-07-26 20:58:02","28","2016-07-26 20:58:02","28","1","1","0"),
("56247","2","1","","16SO056225","4000","1","0","0","0","2016-07-26","2016-07-26","","2016-07-26 20:58:25","28","2016-07-26 20:58:25","28","1","1","0"),
("56248","2","1","","16SO056226","2500","0.625","0","0","0","2016-07-26","2016-07-26","","2016-07-26 20:58:59","28","2016-07-26 20:58:59","28","1","1","0"),
("56249","2","1","","16SO056227","1000","0.25","0","0","0","2016-07-26","2016-07-26","","2016-07-26 20:59:39","28","2016-07-26 20:59:39","28","1","1","0");

INSERT INTO sales_order_details VALUES("74501","56101","0","2228","2","1","1","500","1000","","","0","0","2016-07-26 18:02:29","2016-07-26 18:02:29"),
("74502","56101","0","2233","1","1","1","2000","2000","","","0","0","2016-07-26 18:02:29","2016-07-26 18:02:29"),
("74503","56102","0","2228","4","1","1","500","2000","","","0","0","2016-07-26 18:02:54","2016-07-26 18:02:54"),
("74504","56103","0","2233","1","1","1","2000","2000","","","0","0","2016-07-26 18:03:41","2016-07-26 18:03:41"),
("74505","56103","0","2232","1","1","1","1000","1000","","","0","0","2016-07-26 18:03:41","2016-07-26 18:03:41"),
("74506","56103","0","2231","6","1","1","1500","9000","","","0","0","2016-07-26 18:03:41","2016-07-26 18:03:41"),
("74507","56104","0","2233","1","1","1","2000","2000","","","0","0","2016-07-26 18:03:48","2016-07-26 18:03:48"),
("74508","56105","0","2113","1","1","1","5500","5500","","","0","0","2016-07-26 18:04:37","2016-07-26 18:04:37"),
("74509","56106","0","2095","2","1","1","4000","8000","","","0","0","2016-07-26 18:04:47","2016-07-26 18:04:47"),
("74510","56107","0","2228","3","1","1","500","1500","","","0","0","2016-07-26 18:05:54","2016-07-26 18:05:54"),
("74511","56108","0","2095","1","1","1","4000","4000","","","0","0","2016-07-26 18:08:35","2016-07-26 18:08:35"),
("74512","56109","0","2119","1","1","1","8000","8000","","","0","0","2016-07-26 18:09:01","2016-07-26 18:09:01"),
("74513","56110","0","2232","1","1","1","1000","1000","","","0","0","2016-07-26 18:10:15","2016-07-26 18:10:15"),
("74514","56110","0","2228","5","1","1","500","2500","","","0","0","2016-07-26 18:10:15","2016-07-26 18:10:15"),
("74515","56111","0","2228","2","1","1","500","1000","","","0","0","2016-07-26 18:12:52","2016-07-26 18:12:52"),
("74516","56112","0","2228","6","1","1","500","3000","","","0","0","2016-07-26 18:13:49","2016-07-26 18:13:49"),
("74517","56113","0","2166","10","1","1","700","7000","","","0","0","2016-07-26 18:14:16","2016-07-26 18:14:16"),
("74518","56114","0","2229","3","1","1","700","2100","","","0","0","2016-07-26 18:15:03","2016-07-26 18:15:03"),
("74519","56115","0","2231","1","1","1","1500","1500","","","0","0","2016-07-26 18:15:30","2016-07-26 18:15:30"),
("74520","56116","0","2228","2","1","1","500","1000","","","0","0","2016-07-26 18:16:57","2016-07-26 18:16:57"),
("74521","56117","0","2228","10","1","1","500","5000","","","0","0","2016-07-26 18:17:12","2016-07-26 18:17:12"),
("74522","56118","0","2110","1","1","1","2500","2500","","","0","0","2016-07-26 18:20:33","2016-07-26 18:20:33"),
("74523","56119","0","2228","6","1","1","500","3000","","","0","0","2016-07-26 18:21:33","2016-07-26 18:21:33"),
("74524","56120","0","2240","2","1","1","5000","10000","","","0","0","2016-07-26 18:21:39","2016-07-26 18:21:39"),
("74525","56120","0","2228","3","1","1","500","1500","","","0","0","2016-07-26 18:21:39","2016-07-26 18:21:39"),
("74526","56120","0","2107","1","1","1","6000","6000","","","0","0","2016-07-26 18:21:39","2016-07-26 18:21:39"),
("74527","56120","0","2083","10","1","1","2500","25000","","","0","0","2016-07-26 18:21:39","2016-07-26 18:21:39"),
("74528","56121","0","2228","2","1","1","500","1000","","","0","0","2016-07-26 18:22:12","2016-07-26 18:22:12"),
("74529","56122","0","2240","1","1","1","5000","5000","","","0","0","2016-07-26 18:22:13","2016-07-26 18:22:13"),
("74530","56123","0","2228","6","1","1","500","3000","","","0","0","2016-07-26 18:27:00","2016-07-26 18:27:00"),
("74531","56124","0","2228","4","1","1","500","2000","","","0","0","2016-07-26 18:27:27","2016-07-26 18:27:27"),
("74532","56125","0","2228","4","1","1","500","2000","","","0","0","2016-07-26 18:27:48","2016-07-26 18:27:48"),
("74533","56126","0","2228","4","1","1","500","2000","","","0","0","2016-07-26 18:28:02","2016-07-26 18:28:02"),
("74534","56127","0","2231","2","1","1","1500","3000","","","0","0","2016-07-26 18:28:26","2016-07-26 18:28:26"),
("74535","56128","0","2228","1","1","1","500","500","","","0","0","2016-07-26 18:28:53","2016-07-26 18:28:53"),
("74536","56129","0","2228","3","1","1","500","1500","","","0","0","2016-07-26 18:29:42","2016-07-26 18:29:42"),
("74537","56130","0","2134","2","1","1","1000","2000","","","0","0","2016-07-26 18:30:04","2016-07-26 18:30:04"),
("74538","56130","0","2137","1","1","1","20000","20000","","","0","0","2016-07-26 18:30:04","2016-07-26 18:30:04"),
("74539","56131","0","2110","1","1","1","2500","2500","","","0","0","2016-07-26 18:31:51","2016-07-26 18:31:51"),
("74540","56131","0","2164","1","1","1","3000","3000","","","0","0","2016-07-26 18:31:51","2016-07-26 18:31:51"),
("74541","56132","0","2228","5","1","1","500","2500","","","0","0","2016-07-26 18:32:11","2016-07-26 18:32:11"),
("74542","56133","0","2182","1","1","1","1500","1500","","","0","0","2016-07-26 18:33:21","2016-07-26 18:33:21"),
("74543","56134","0","2228","4","1","1","500","2000","","","0","0","2016-07-26 18:36:10","2016-07-26 18:36:10"),
("74544","56135","0","2228","3","1","1","500","1500","","","0","0","2016-07-26 18:38:27","2016-07-26 18:38:27"),
("74545","56136","0","2228","6","1","1","500","3000","","","0","0","2016-07-26 18:41:25","2016-07-26 18:41:25"),
("74546","56137","0","2254","25","1","1","400","10000","","","0","0","2016-07-26 18:42:15","2016-07-26 18:42:15"),
("74547","56138","0","2125","1","1","1","1000","1000","","","0","0","2016-07-26 18:42:20","2016-07-26 18:42:20"),
("74548","56139","0","2140","1","1","1","40000","40000","","","0","0","2016-07-26 18:45:52","2016-07-26 18:45:52"),
("74549","56140","0","2228","2","1","1","500","1000","","","0","0","2016-07-26 18:46:17","2016-07-26 18:46:17"),
("74550","56141","0","2219","2","1","1","2500","5000","","","0","0","2016-07-26 18:46:45","2016-07-26 18:46:45"),
("74551","56142","0","2228","5","1","1","500","2500","","","0","0","2016-07-26 18:48:44","2016-07-26 18:48:44"),
("74552","56143","0","2228","6","1","1","500","3000","","","0","0","2016-07-26 18:52:50","2016-07-26 18:52:50"),
("74553","56144","0","2228","5","1","1","500","2500","","","0","0","2016-07-26 18:54:00","2016-07-26 18:54:00"),
("74554","56145","0","2065","2","1","1","1000","2000","","","0","0","2016-07-26 18:54:36","2016-07-26 18:54:36"),
("74555","56146","0","2079","2","1","1","1500","3000","","","0","0","2016-07-26 18:54:47","2016-07-26 18:54:47"),
("74556","56146","0","2095","1","1","1","4000","4000","","","0","0","2016-07-26 18:54:47","2016-07-26 18:54:47"),
("74557","56147","0","2228","6","1","1","500","3000","","","0","0","2016-07-26 18:55:43","2016-07-26 18:55:43"),
("74558","56148","0","2228","2","1","1","500","1000","","","0","0","2016-07-26 18:56:10","2016-07-26 18:56:10"),
("74559","56148","0","2233","1","1","1","2000","2000","","","0","0","2016-07-26 18:56:10","2016-07-26 18:56:10"),
("74560","56149","0","2076","2","1","1","2000","4000","","","0","0","2016-07-26 18:56:33","2016-07-26 18:56:33"),
("74561","56150","0","2079","1","1","1","1500","1500","","","0","0","2016-07-26 18:56:44","2016-07-26 18:56:44"),
("74562","56151","0","2098","1","1","1","2500","2500","","","0","0","2016-07-26 18:57:09","2016-07-26 18:57:09"),
("74563","56152","0","2228","6","1","1","500","3000","","","0","0","2016-07-26 18:57:20","2016-07-26 18:57:20"),
("74564","56153","0","2164","1","1","1","3000","3000","","","0","0","2016-07-26 18:57:28","2016-07-26 18:57:28"),
("74565","56154","0","2228","10","1","1","500","5000","","","0","0","2016-07-26 18:57:38","2016-07-26 18:57:38"),
("74566","56155","0","2231","10","1","1","1500","15000","","","0","0","2016-07-26 18:58:16","2016-07-26 18:58:16"),
("74567","56156","0","2250","1","1","1","500","500","","","0","0","2016-07-26 18:58:57","2016-07-26 18:58:57"),
("74568","56156","0","2231","1","1","1","1500","1500","","","0","0","2016-07-26 18:58:57","2016-07-26 18:58:57"),
("74569","56157","0","2064","1","1","1","2000","2000","","","0","0","2016-07-26 18:59:15","2016-07-26 18:59:15"),
("74570","56158","0","2164","2","1","1","3000","6000","","","0","0","2016-07-26 18:59:29","2016-07-26 18:59:29"),
("74571","56158","0","2095","2","1","1","4000","8000","","","0","0","2016-07-26 18:59:29","2016-07-26 18:59:29"),
("74572","56159","0","2228","3","1","1","500","1500","","","0","0","2016-07-26 18:59:58","2016-07-26 18:59:58"),
("74573","56160","0","2228","5","1","1","500","2500","","","0","0","2016-07-26 19:00:25","2016-07-26 19:00:25"),
("74574","56161","0","2228","1","1","1","500","500","","","0","0","2016-07-26 19:00:43","2016-07-26 19:00:43"),
("74575","56162","0","2095","1","1","1","2500","2500","","","0","0","2016-07-26 19:01:51","2016-07-26 19:01:51"),
("74576","56163","0","2228","5","1","1","500","2500","","","0","0","2016-07-26 19:02:19","2016-07-26 19:02:19"),
("74577","56164","0","2071","2","1","1","1000","2000","","","0","0","2016-07-26 19:04:49","2016-07-26 19:04:49"),
("74578","56164","0","2231","2","1","1","1500","3000","","","0","0","2016-07-26 19:04:49","2016-07-26 19:04:49"),
("74579","56165","0","2228","5","1","1","500","2500","","","0","0","2016-07-26 19:07:22","2016-07-26 19:07:22"),
("74580","56166","0","2228","1","1","1","500","500","","","0","0","2016-07-26 19:08:35","2016-07-26 19:08:35"),
("74581","56167","0","2231","3","1","1","1500","4500","","","0","0","2016-07-26 19:09:20","2016-07-26 19:09:20"),
("74582","56168","0","2071","1","1","1","1000","1000","","","0","0","2016-07-26 19:11:22","2016-07-26 19:11:22"),
("74583","56168","0","2231","2","1","1","1500","3000","","","0","0","2016-07-26 19:11:22","2016-07-26 19:11:22"),
("74584","56169","0","2228","4","1","1","500","2000","","","0","0","2016-07-26 19:12:28","2016-07-26 19:12:28"),
("74585","56170","0","2232","1","1","1","1000","1000","","","0","0","2016-07-26 19:13:50","2016-07-26 19:13:50"),
("74586","56170","0","2233","1","1","1","2000","2000","","","0","0","2016-07-26 19:13:50","2016-07-26 19:13:50"),
("74587","56171","0","2166","1","1","1","700","700","","","0","0","2016-07-26 19:14:50","2016-07-26 19:14:50"),
("74588","56171","0","2228","2","1","1","500","1000","","","0","0","2016-07-26 19:14:50","2016-07-26 19:14:50"),
("74589","56172","0","2232","1","1","1","1000","1000","","","0","0","2016-07-26 19:15:16","2016-07-26 19:15:16"),
("74590","56173","0","2228","10","1","1","500","5000","","","0","0","2016-07-26 19:17:36","2016-07-26 19:17:36"),
("74591","56174","0","2228","4","1","1","500","2000","","","0","0","2016-07-26 19:18:08","2016-07-26 19:18:08"),
("74592","56175","0","2228","6","1","1","500","3000","","","0","0","2016-07-26 19:18:32","2016-07-26 19:18:32"),
("74593","56176","0","2166","2","1","1","700","1400","","","0","0","2016-07-26 19:18:45","2016-07-26 19:18:45"),
("74594","56177","0","2125","2","1","1","1000","2000","","","0","0","2016-07-26 19:19:15","2016-07-26 19:19:15"),
("74595","56177","0","2126","1","1","1","2000","2000","","","0","0","2016-07-26 19:19:15","2016-07-26 19:19:15"),
("74596","56177","0","2163","1","1","1","2500","2500","","","0","0","2016-07-26 19:19:15","2016-07-26 19:19:15"),
("74597","56177","0","2237","1","1","1","2500","2500","","","0","0","2016-07-26 19:19:15","2016-07-26 19:19:15"),
("74598","56178","0","2228","1","1","1","500","500","","","0","0","2016-07-26 19:19:18","2016-07-26 19:19:18"),
("74599","56179","0","2228","4","1","1","500","2000","","","0","0","2016-07-26 19:19:30","2016-07-26 19:19:30"),
("74600","56180","0","2231","3","1","1","1500","4500","","","0","0","2016-07-26 19:19:54","2016-07-26 19:19:54"),
("74601","56181","0","2259","1","1","1","6000","6000","","","0","0","2016-07-26 19:21:13","2016-07-26 19:21:13"),
("74602","56182","0","2228","6","1","1","500","3000","","","0","0","2016-07-26 19:21:33","2016-07-26 19:21:33"),
("74603","56183","0","2083","2","1","1","2500","5000","","","0","0","2016-07-26 19:26:26","2016-07-26 19:26:26"),
("74604","56184","0","2228","5","1","1","500","2500","","","0","0","2016-07-26 19:27:05","2016-07-26 19:27:05"),
("74605","56185","0","2071","1","1","1","1000","1000","","","0","0","2016-07-26 19:27:40","2016-07-26 19:27:40"),
("74606","56186","0","2231","2","1","1","1500","3000","","","0","0","2016-07-26 19:29:00","2016-07-26 19:29:00"),
("74607","56186","0","2228","5","1","1","500","2500","","","0","0","2016-07-26 19:29:00","2016-07-26 19:29:00"),
("74608","56187","0","2095","1","1","1","4000","4000","","","0","0","2016-07-26 19:31:14","2016-07-26 19:31:14"),
("74609","56188","0","2090","1","1","1","2500","2500","","","0","0","2016-07-26 19:33:47","2016-07-26 19:33:47"),
("74610","56188","0","2163","1","1","1","2500","2500","","","0","0","2016-07-26 19:33:47","2016-07-26 19:33:47"),
("74611","56189","0","2146","1","1","1","3500","3500","","","0","0","2016-07-26 19:34:12","2016-07-26 19:34:12"),
("74612","56189","0","2229","2","1","1","700","1400","","","0","0","2016-07-26 19:34:12","2016-07-26 19:34:12"),
("74613","56190","0","2118","1","1","1","6500","6500","","","0","0","2016-07-26 19:34:59","2016-07-26 19:34:59"),
("74614","56191","0","2074","1","1","1","1500","1500","","","0","0","2016-07-26 19:39:55","2016-07-26 19:39:55"),
("74615","56192","0","2079","1","1","1","1500","1500","","","0","0","2016-07-26 19:40:03","2016-07-26 19:40:03"),
("74616","56193","0","2228","4","1","1","500","2000","","","0","0","2016-07-26 19:42:52","2016-07-26 19:42:52"),
("74617","56194","0","2228","3","1","1","500","1500","","","0","0","2016-07-26 19:46:00","2016-07-26 19:46:00"),
("74618","56195","0","2228","1","1","1","500","500","","","0","0","2016-07-26 19:46:21","2016-07-26 19:46:21"),
("74619","56196","0","2140","1","1","1","40000","40000","","","0","0","2016-07-26 19:46:34","2016-07-26 19:46:34"),
("74620","56196","0","2255","7","1","1","500","3500","","","0","0","2016-07-26 19:46:34","2016-07-26 19:46:34"),
("74621","56197","0","2095","1","1","1","4000","4000","","","0","0","2016-07-26 19:47:11","2016-07-26 19:47:11"),
("74622","56198","0","2104","1","1","1","5500","5500","","","0","0","2016-07-26 19:47:46","2016-07-26 19:47:46"),
("74623","56199","0","2076","3","1","1","2000","6000","","","0","0","2016-07-26 19:49:31","2016-07-26 19:49:31"),
("74624","56200","0","2065","3","1","1","1000","3000","","","0","0","2016-07-26 19:51:24","2016-07-26 19:51:24"),
("74625","56200","0","2067","5","1","1","1000","5000","","","0","0","2016-07-26 19:51:24","2016-07-26 19:51:24"),
("74626","56200","0","2095","10","1","1","3500","35000","","","0","0","2016-07-26 19:51:24","2016-07-26 19:51:24"),
("74627","56201","0","2095","1","1","1","4000","4000","","","0","0","2016-07-26 19:53:53","2016-07-26 19:53:53"),
("74628","56202","0","2228","3","1","1","500","1500","","","0","0","2016-07-26 19:55:51","2016-07-26 19:55:51"),
("74629","56203","0","2070","2","1","1","1000","2000","","","0","0","2016-07-26 19:56:01","2016-07-26 19:56:01"),
("74630","56204","0","2228","1","1","1","500","500","","","0","0","2016-07-26 19:56:23","2016-07-26 19:56:23"),
("74631","56205","0","2240","1","1","1","5000","5000","","","0","0","2016-07-26 19:57:14","2016-07-26 19:57:14"),
("74632","56205","0","2098","1","1","1","2500","2500","","","0","0","2016-07-26 19:57:14","2016-07-26 19:57:14"),
("74633","56206","0","2231","1","1","1","1500","1500","","","0","0","2016-07-26 19:58:26","2016-07-26 19:58:26"),
("74634","56207","0","2126","1","1","1","2000","2000","","","0","0","2016-07-26 19:59:50","2016-07-26 19:59:50"),
("74635","56207","0","2250","1","1","1","500","500","","","0","0","2016-07-26 19:59:50","2016-07-26 19:59:50"),
("74636","56208","0","2250","1","1","1","500","500","","","0","0","2016-07-26 20:00:01","2016-07-26 20:00:01"),
("74637","56208","0","2197","1","1","1","2500","2500","","","0","0","2016-07-26 20:00:01","2016-07-26 20:00:01"),
("74638","56209","0","2250","2","1","1","500","1000","","","0","0","2016-07-26 20:00:26","2016-07-26 20:00:26"),
("74639","56209","0","2126","1","1","1","2000","2000","","","0","0","2016-07-26 20:00:26","2016-07-26 20:00:26"),
("74640","56210","0","2075","2","1","1","1500","3000","","","0","0","2016-07-26 20:01:09","2016-07-26 20:01:09"),
("74641","56210","0","2067","2","1","1","1000","2000","","","0","0","2016-07-26 20:01:09","2016-07-26 20:01:09"),
("74642","56210","0","2065","2","1","1","1000","2000","","","0","0","2016-07-26 20:01:09","2016-07-26 20:01:09"),
("74643","56210","0","2172","1","1","1","2500","2500","","","0","0","2016-07-26 20:01:09","2016-07-26 20:01:09"),
("74644","56211","0","2118","1","1","1","6500","6500","","","0","0","2016-07-26 20:02:19","2016-07-26 20:02:19"),
("74645","56212","0","2229","4","1","1","700","2800","","","0","0","2016-07-26 20:04:30","2016-07-26 20:04:30"),
("74646","56212","0","2232","1","1","1","1000","1000","","","0","0","2016-07-26 20:04:30","2016-07-26 20:04:30"),
("74647","56212","0","2166","1","1","1","700","700","","","0","0","2016-07-26 20:04:30","2016-07-26 20:04:30"),
("74648","56213","0","2240","1","1","1","5000","5000","","","0","0","2016-07-26 20:05:13","2016-07-26 20:05:13"),
("74649","56214","0","2099","1","1","1","2000","2000","","","0","0","2016-07-26 20:09:06","2016-07-26 20:09:06"),
("74650","56215","0","2231","1","1","1","1500","1500","","","0","0","2016-07-26 20:09:26","2016-07-26 20:09:26"),
("74651","56216","0","2231","1","1","1","1500","1500","","","0","0","2016-07-26 20:11:25","2016-07-26 20:11:25"),
("74652","56216","0","2250","1","1","1","500","500","","","0","0","2016-07-26 20:11:26","2016-07-26 20:11:26"),
("74653","56217","0","2125","1","1","1","1000","1000","","","0","0","2016-07-26 20:14:19","2016-07-26 20:14:19"),
("74654","56217","0","2076","2","1","1","2000","4000","","","0","0","2016-07-26 20:14:19","2016-07-26 20:14:19"),
("74655","56218","0","2095","1","1","1","4000","4000","","","0","0","2016-07-26 20:16:42","2016-07-26 20:16:42"),
("74656","56219","0","2228","10","1","1","500","5000","","","0","0","2016-07-26 20:21:14","2016-07-26 20:21:14"),
("74657","56220","0","2146","1","1","1","3500","3500","","","0","0","2016-07-26 20:21:41","2016-07-26 20:21:41"),
("74658","56221","0","2166","2","1","1","700","1400","","","0","0","2016-07-26 20:21:54","2016-07-26 20:21:54"),
("74659","56222","0","2231","2","1","1","1500","3000","","","0","0","2016-07-26 20:23:28","2016-07-26 20:23:28"),
("74660","56223","0","2125","2","1","1","1000","2000","","","0","0","2016-07-26 20:26:54","2016-07-26 20:26:54"),
("74661","56224","0","2125","3","1","1","1000","3000","","","0","0","2016-07-26 20:27:03","2016-07-26 20:27:03"),
("74662","56225","0","2125","1","1","1","1000","1000","","","0","0","2016-07-26 20:27:48","2016-07-26 20:27:48"),
("74663","56226","0","2232","1","1","1","1000","1000","","","0","0","2016-07-26 20:30:49","2016-07-26 20:30:49"),
("74664","56226","0","2073","1","1","1","1000","1000","","","0","0","2016-07-26 20:30:49","2016-07-26 20:30:49"),
("74665","56226","0","2075","1","1","1","1500","1500","","","0","0","2016-07-26 20:30:49","2016-07-26 20:30:49"),
("74666","56226","0","2226","1","1","1","3000","3000","","","0","0","2016-07-26 20:30:49","2016-07-26 20:30:49"),
("74667","56227","0","2228","3","1","1","500","1500","","","0","0","2016-07-26 20:31:14","2016-07-26 20:31:14"),
("74668","56228","0","2240","1","1","1","5000","5000","","","0","0","2016-07-26 20:32:58","2016-07-26 20:32:58"),
("74669","56228","0","2164","2","1","1","3000","6000","","","0","0","2016-07-26 20:32:58","2016-07-26 20:32:58"),
("74670","56229","0","2104","1","1","1","5500","5500","","","0","0","2016-07-26 20:40:08","2016-07-26 20:40:08"),
("74671","56230","0","2172","2","1","1","2500","5000","","","0","0","2016-07-26 20:40:36","2016-07-26 20:40:36"),
("74672","56231","0","2231","4","1","1","1500","6000","","","0","0","2016-07-26 20:41:47","2016-07-26 20:41:47"),
("74673","56232","0","2071","2","1","1","1000","2000","","","0","0","2016-07-26 20:43:31","2016-07-26 20:43:31"),
("74674","56232","0","2065","2","1","1","1000","2000","","","0","0","2016-07-26 20:43:31","2016-07-26 20:43:31"),
("74675","56232","0","2076","1","1","1","2000","2000","","","0","0","2016-07-26 20:43:31","2016-07-26 20:43:31"),
("74676","56233","0","2095","1","1","1","4000","4000","","","0","0","2016-07-26 20:45:28","2016-07-26 20:45:28"),
("74677","56234","0","2172","1","1","1","2500","2500","","","0","0","2016-07-26 20:47:31","2016-07-26 20:47:31"),
("74678","56235","0","2228","2","1","1","500","1000","","","0","0","2016-07-26 20:47:48","2016-07-26 20:47:48"),
("74679","56236","0","2228","4","1","1","500","2000","","","0","0","2016-07-26 20:48:35","2016-07-26 20:48:35"),
("74680","56237","0","2231","2","1","1","1500","3000","","","0","0","2016-07-26 20:49:41","2016-07-26 20:49:41"),
("74681","56238","0","2164","1","1","1","3000","3000","","","0","0","2016-07-26 20:50:02","2016-07-26 20:50:02"),
("74682","56238","0","2240","1","1","1","5000","5000","","","0","0","2016-07-26 20:50:02","2016-07-26 20:50:02"),
("74683","56239","0","2070","1","1","1","1000","1000","","","0","0","2016-07-26 20:50:09","2016-07-26 20:50:09"),
("74684","56239","0","2071","1","1","1","1000","1000","","","0","0","2016-07-26 20:50:09","2016-07-26 20:50:09"),
("74685","56240","0","2125","1","1","1","1000","1000","","","0","0","2016-07-26 20:50:14","2016-07-26 20:50:14"),
("74686","56241","0","2232","2","1","1","1000","2000","","","0","0","2016-07-26 20:51:25","2016-07-26 20:51:25"),
("74687","56241","0","2083","1","1","1","2500","2500","","","0","0","2016-07-26 20:51:25","2016-07-26 20:51:25"),
("74688","56242","0","2231","2","1","1","1500","3000","","","0","0","2016-07-26 20:51:31","2016-07-26 20:51:31"),
("74689","56243","0","2083","1","1","1","2500","2500","","","0","0","2016-07-26 20:52:13","2016-07-26 20:52:13"),
("74690","56244","0","2117","1","1","1","7500","7500","","","0","0","2016-07-26 20:52:27","2016-07-26 20:52:27"),
("74691","56245","0","2163","2","1","1","2500","5000","","","0","0","2016-07-26 20:53:07","2016-07-26 20:53:07"),
("74692","56245","0","2238","1","1","1","2500","2500","","","0","0","2016-07-26 20:53:07","2016-07-26 20:53:07"),
("74693","56245","0","2074","3","1","1","1500","4500","","","0","0","2016-07-26 20:53:07","2016-07-26 20:53:07"),
("74694","56245","0","2095","1","1","1","4000","4000","","","0","0","2016-07-26 20:53:07","2016-07-26 20:53:07"),
("74695","56246","0","2172","1","1","1","2500","2500","","","0","0","2016-07-26 20:58:02","2016-07-26 20:58:02"),
("74696","56246","0","2231","2","1","1","1500","3000","","","0","0","2016-07-26 20:58:02","2016-07-26 20:58:02"),
("74697","56246","0","2228","2","1","1","500","1000","","","0","0","2016-07-26 20:58:02","2016-07-26 20:58:02"),
("74698","56247","0","2231","1","1","1","1500","1500","","","0","0","2016-07-26 20:58:25","2016-07-26 20:58:25"),
("74699","56247","0","2228","5","1","1","500","2500","","","0","0","2016-07-26 20:58:25","2016-07-26 20:58:25"),
("74700","56248","0","2228","5","1","1","500","2500","","","0","0","2016-07-26 20:59:00","2016-07-26 20:59:00"),
("74701","56249","0","2232","1","1","1","1000","1000","","","0","0","2016-07-26 20:59:39","2016-07-26 20:59:39");

INSERT INTO sales_order_receipts VALUES("56222","56101","7","16RE056219","0","3000","3000","0","2016-07-26","2016-07-26","2016-07-26 18:02:29","28","2016-07-26 18:02:29","28","1"),
("56223","56102","7","16RE056220","0","2000","2000","0","2016-07-26","2016-07-26","2016-07-26 18:02:53","28","2016-07-26 18:02:53","28","1"),
("56224","56103","7","16RE056221","0","12000","12000","0","2016-07-26","2016-07-26","2016-07-26 18:03:41","28","2016-07-26 18:03:41","28","1"),
("56225","56104","7","16RE056222","0","2000","2000","0","2016-07-26","2016-07-26","2016-07-26 18:03:48","28","2016-07-26 18:03:48","28","1"),
("56226","56105","7","16RE056223","0","5500","5500","0","2016-07-26","2016-07-26","2016-07-26 18:04:37","28","2016-07-26 18:04:37","28","1"),
("56227","56106","7","16RE056224","0","8000","8000","0","2016-07-26","2016-07-26","2016-07-26 18:04:47","28","2016-07-26 18:04:47","28","1"),
("56228","56107","7","16RE056225","0","1500","1500","0","2016-07-26","2016-07-26","2016-07-26 18:05:54","28","2016-07-26 18:05:54","28","1"),
("56229","56108","7","16RE056226","0","4000","4000","0","2016-07-26","2016-07-26","2016-07-26 18:08:35","28","2016-07-26 18:08:35","28","1"),
("56230","56109","7","16RE056227","0","8000","8000","0","2016-07-26","2016-07-26","2016-07-26 18:09:01","28","2016-07-26 18:09:01","28","1"),
("56231","56110","7","16RE056228","0","3500","3500","0","2016-07-26","2016-07-26","2016-07-26 18:10:15","28","2016-07-26 18:10:15","28","1"),
("56232","56111","7","16RE056229","0","1000","1000","0","2016-07-26","2016-07-26","2016-07-26 18:12:52","28","2016-07-26 18:12:52","28","1"),
("56233","56112","7","16RE056230","0","3000","3000","0","2016-07-26","2016-07-26","2016-07-26 18:13:49","28","2016-07-26 18:13:49","28","1"),
("56234","56113","7","16RE056231","0","7000","7000","0","2016-07-26","2016-07-26","2016-07-26 18:14:16","28","2016-07-26 18:14:16","28","1"),
("56235","56114","7","16RE056232","0","2100","2100","0","2016-07-26","2016-07-26","2016-07-26 18:15:03","28","2016-07-26 18:15:03","28","1"),
("56236","56115","7","16RE056233","0","1500","1500","0","2016-07-26","2016-07-26","2016-07-26 18:15:30","28","2016-07-26 18:15:30","28","1"),
("56237","56116","7","16RE056234","0","1000","1000","0","2016-07-26","2016-07-26","2016-07-26 18:16:57","28","2016-07-26 18:16:57","28","1"),
("56238","56117","7","16RE056235","0","5000","5000","0","2016-07-26","2016-07-26","2016-07-26 18:17:12","28","2016-07-26 18:17:12","28","1"),
("56239","56118","7","16RE056236","0","2500","2500","0","2016-07-26","2016-07-26","2016-07-26 18:20:33","28","2016-07-26 18:20:33","28","1"),
("56240","56119","7","16RE056237","0","3000","3000","0","2016-07-26","2016-07-26","2016-07-26 18:21:33","28","2016-07-26 18:21:33","28","1"),
("56241","56120","7","16RE056238","0","42500","42500","0","2016-07-26","2016-07-26","2016-07-26 18:21:39","32","2016-07-26 18:21:39","32","1"),
("56242","56121","7","16RE056239","0","1000","1000","0","2016-07-26","2016-07-26","2016-07-26 18:22:12","28","2016-07-26 18:22:12","28","1"),
("56243","56122","7","16RE056240","0","5000","5000","0","2016-07-26","2016-07-26","2016-07-26 18:22:12","32","2016-07-26 18:22:12","32","1"),
("56244","56123","7","16RE056241","0","3000","3000","0","2016-07-26","2016-07-26","2016-07-26 18:27:00","28","2016-07-26 18:27:00","28","1"),
("56245","56124","7","16RE056242","0","2000","2000","0","2016-07-26","2016-07-26","2016-07-26 18:27:27","28","2016-07-26 18:27:27","28","1"),
("56246","56125","7","16RE056243","0","2000","2000","0","2016-07-26","2016-07-26","2016-07-26 18:27:48","28","2016-07-26 18:27:48","28","1"),
("56247","56126","7","16RE056244","0","2000","2000","0","2016-07-26","2016-07-26","2016-07-26 18:28:02","28","2016-07-26 18:28:02","28","1"),
("56248","56127","7","16RE056245","0","3000","3000","0","2016-07-26","2016-07-26","2016-07-26 18:28:26","32","2016-07-26 18:28:26","32","1"),
("56249","56128","7","16RE056246","0","500","500","0","2016-07-26","2016-07-26","2016-07-26 18:28:53","32","2016-07-26 18:28:53","32","1"),
("56250","56129","7","16RE056247","0","1500","1500","0","2016-07-26","2016-07-26","2016-07-26 18:29:42","32","2016-07-26 18:29:42","32","1"),
("56251","56130","7","16RE056248","0","22000","22000","0","2016-07-26","2016-07-26","2016-07-26 18:30:04","32","2016-07-26 18:30:04","32","1"),
("56252","56131","7","16RE056249","0","5500","5500","0","2016-07-26","2016-07-26","2016-07-26 18:31:51","32","2016-07-26 18:31:51","32","1"),
("56253","56132","7","16RE056250","0","2500","2500","0","2016-07-26","2016-07-26","2016-07-26 18:32:11","28","2016-07-26 18:32:11","28","1"),
("56254","56133","7","16RE056251","0","1500","1500","0","2016-07-26","2016-07-26","2016-07-26 18:33:21","28","2016-07-26 18:33:21","28","1"),
("56255","56134","7","16RE056252","0","2000","2000","0","2016-07-26","2016-07-26","2016-07-26 18:36:10","28","2016-07-26 18:36:10","28","1"),
("56256","56135","7","16RE056253","0","1500","1500","0","2016-07-26","2016-07-26","2016-07-26 18:38:27","28","2016-07-26 18:38:27","28","1"),
("56257","56136","7","16RE056254","0","3000","3000","0","2016-07-26","2016-07-26","2016-07-26 18:41:25","28","2016-07-26 18:41:25","28","1"),
("56258","56137","7","16RE056255","0","10000","10000","0","2016-07-26","2016-07-26","2016-07-26 18:42:15","28","2016-07-26 18:42:15","28","1"),
("56259","56138","7","16RE056256","0","1000","1000","0","2016-07-26","2016-07-26","2016-07-26 18:42:20","28","2016-07-26 18:42:20","28","1"),
("56260","56139","7","16RE056257","0","40000","40000","0","2016-07-26","2016-07-26","2016-07-26 18:45:52","28","2016-07-26 18:45:52","28","1"),
("56261","56140","7","16RE056258","0","1000","1000","0","2016-07-26","2016-07-26","2016-07-26 18:46:17","32","2016-07-26 18:46:17","32","1"),
("56262","56141","7","16RE056259","0","5000","5000","0","2016-07-26","2016-07-26","2016-07-26 18:46:45","32","2016-07-26 18:46:45","32","1"),
("56263","56142","7","16RE056260","0","2500","2500","0","2016-07-26","2016-07-26","2016-07-26 18:48:44","28","2016-07-26 18:48:44","28","1"),
("56264","56143","7","16RE056261","0","3000","3000","0","2016-07-26","2016-07-26","2016-07-26 18:52:50","32","2016-07-26 18:52:50","32","1"),
("56265","56144","7","16RE056262","0","2500","2500","0","2016-07-26","2016-07-26","2016-07-26 18:54:00","28","2016-07-26 18:54:00","28","1"),
("56266","56145","7","16RE056263","0","2000","2000","0","2016-07-26","2016-07-26","2016-07-26 18:54:36","28","2016-07-26 18:54:36","28","1"),
("56267","56146","7","16RE056264","0","7000","7000","0","2016-07-26","2016-07-26","2016-07-26 18:54:47","32","2016-07-26 18:54:47","32","1"),
("56268","56147","7","16RE056265","0","3000","3000","0","2016-07-26","2016-07-26","2016-07-26 18:55:43","28","2016-07-26 18:55:43","28","1"),
("56269","56148","7","16RE056266","0","3000","3000","0","2016-07-26","2016-07-26","2016-07-26 18:56:10","28","2016-07-26 18:56:10","28","1"),
("56270","56149","7","16RE056267","0","4000","4000","0","2016-07-26","2016-07-26","2016-07-26 18:56:33","32","2016-07-26 18:56:33","32","1"),
("56271","56150","7","16RE056268","0","1500","1500","0","2016-07-26","2016-07-26","2016-07-26 18:56:44","28","2016-07-26 18:56:44","28","1"),
("56272","56151","7","16RE056269","0","2500","2500","0","2016-07-26","2016-07-26","2016-07-26 18:57:09","32","2016-07-26 18:57:09","32","1"),
("56273","56152","7","16RE056270","0","3000","3000","0","2016-07-26","2016-07-26","2016-07-26 18:57:20","28","2016-07-26 18:57:20","28","1"),
("56274","56153","7","16RE056271","0","3000","3000","0","2016-07-26","2016-07-26","2016-07-26 18:57:28","32","2016-07-26 18:57:28","32","1"),
("56275","56154","7","16RE056272","0","5000","5000","0","2016-07-26","2016-07-26","2016-07-26 18:57:38","28","2016-07-26 18:57:38","28","1"),
("56276","56155","7","16RE056273","0","15000","15000","0","2016-07-26","2016-07-26","2016-07-26 18:58:16","32","2016-07-26 18:58:16","32","1"),
("56277","56156","7","16RE056274","0","2000","2000","0","2016-07-26","2016-07-26","2016-07-26 18:58:57","28","2016-07-26 18:58:57","28","1"),
("56278","56157","7","16RE056275","0","2000","2000","0","2016-07-26","2016-07-26","2016-07-26 18:59:15","28","2016-07-26 18:59:15","28","1"),
("56279","56158","7","16RE056276","0","14000","14000","0","2016-07-26","2016-07-26","2016-07-26 18:59:29","32","2016-07-26 18:59:29","32","1"),
("56280","56159","7","16RE056277","0","1500","1500","0","2016-07-26","2016-07-26","2016-07-26 18:59:58","28","2016-07-26 18:59:58","28","1"),
("56281","56160","7","16RE056278","0","2500","2500","0","2016-07-26","2016-07-26","2016-07-26 19:00:25","28","2016-07-26 19:00:25","28","1"),
("56282","56161","7","16RE056279","0","500","500","0","2016-07-26","2016-07-26","2016-07-26 19:00:43","28","2016-07-26 19:00:43","28","1"),
("56283","56162","7","16RE056280","0","2500","2500","0","2016-07-26","2016-07-26","2016-07-26 19:01:51","28","2016-07-26 19:01:51","28","1"),
("56284","56163","7","16RE056281","0","2500","2500","0","2016-07-26","2016-07-26","2016-07-26 19:02:19","32","2016-07-26 19:02:19","32","1"),
("56285","56164","7","16RE056282","0","5000","5000","0","2016-07-26","2016-07-26","2016-07-26 19:04:49","32","2016-07-26 19:04:49","32","1"),
("56286","56165","7","16RE056283","0","2500","2500","0","2016-07-26","2016-07-26","2016-07-26 19:07:22","32","2016-07-26 19:07:22","32","1"),
("56287","56166","7","16RE056284","0","500","500","0","2016-07-26","2016-07-26","2016-07-26 19:08:35","28","2016-07-26 19:08:35","28","1"),
("56288","56167","7","16RE056285","0","4500","4500","0","2016-07-26","2016-07-26","2016-07-26 19:09:20","28","2016-07-26 19:09:20","28","1"),
("56289","56168","7","16RE056286","0","4000","4000","0","2016-07-26","2016-07-26","2016-07-26 19:11:22","32","2016-07-26 19:11:22","32","1"),
("56290","56169","7","16RE056287","0","2000","2000","0","2016-07-26","2016-07-26","2016-07-26 19:12:28","28","2016-07-26 19:12:28","28","1"),
("56291","56170","7","16RE056288","0","3000","3000","0","2016-07-26","2016-07-26","2016-07-26 19:13:50","28","2016-07-26 19:13:50","28","1"),
("56292","56171","7","16RE056289","0","1700","1700","0","2016-07-26","2016-07-26","2016-07-26 19:14:50","28","2016-07-26 19:14:50","28","1"),
("56293","56172","7","16RE056290","0","1000","1000","0","2016-07-26","2016-07-26","2016-07-26 19:15:16","28","2016-07-26 19:15:16","28","1"),
("56294","56173","7","16RE056291","0","5000","5000","0","2016-07-26","2016-07-26","2016-07-26 19:17:36","28","2016-07-26 19:17:36","28","1"),
("56295","56174","7","16RE056292","0","2000","2000","0","2016-07-26","2016-07-26","2016-07-26 19:18:08","28","2016-07-26 19:18:08","28","1"),
("56296","56175","7","16RE056293","0","3000","3000","0","2016-07-26","2016-07-26","2016-07-26 19:18:32","28","2016-07-26 19:18:32","28","1"),
("56297","56176","7","16RE056294","0","1400","1400","0","2016-07-26","2016-07-26","2016-07-26 19:18:45","28","2016-07-26 19:18:45","28","1"),
("56298","56177","7","16RE056295","0","9000","9000","0","2016-07-26","2016-07-26","2016-07-26 19:19:15","32","2016-07-26 19:19:15","32","1"),
("56299","56178","7","16RE056296","0","500","500","0","2016-07-26","2016-07-26","2016-07-26 19:19:18","28","2016-07-26 19:19:18","28","1"),
("56300","56179","7","16RE056297","0","2000","2000","0","2016-07-26","2016-07-26","2016-07-26 19:19:30","28","2016-07-26 19:19:30","28","1"),
("56301","56180","7","16RE056298","0","4500","4500","0","2016-07-26","2016-07-26","2016-07-26 19:19:54","32","2016-07-26 19:19:54","32","1"),
("56302","56181","7","16RE056299","0","6000","6000","0","2016-07-26","2016-07-26","2016-07-26 19:21:13","32","2016-07-26 19:21:13","32","1"),
("56303","56182","7","16RE056300","0","3000","3000","0","2016-07-26","2016-07-26","2016-07-26 19:21:33","28","2016-07-26 19:21:33","28","1"),
("56304","56183","7","16RE056301","0","5000","5000","0","2016-07-26","2016-07-26","2016-07-26 19:26:26","28","2016-07-26 19:26:26","28","1"),
("56305","56184","7","16RE056302","0","2500","2500","0","2016-07-26","2016-07-26","2016-07-26 19:27:05","28","2016-07-26 19:27:05","28","1"),
("56306","56185","7","16RE056303","0","1000","1000","0","2016-07-26","2016-07-26","2016-07-26 19:27:40","28","2016-07-26 19:27:40","28","1"),
("56307","56186","7","16RE056304","0","5500","5500","0","2016-07-26","2016-07-26","2016-07-26 19:29:00","28","2016-07-26 19:29:00","28","1"),
("56308","56187","7","16RE056305","0","4000","4000","0","2016-07-26","2016-07-26","2016-07-26 19:31:14","28","2016-07-26 19:31:14","28","1"),
("56309","56188","7","16RE056306","0","5000","5000","0","2016-07-26","2016-07-26","2016-07-26 19:33:47","28","2016-07-26 19:33:47","28","1"),
("56310","56189","7","16RE056307","0","4900","4900","0","2016-07-26","2016-07-26","2016-07-26 19:34:12","28","2016-07-26 19:34:12","28","1"),
("56311","56190","7","16RE056308","0","6500","6500","0","2016-07-26","2016-07-26","2016-07-26 19:34:59","28","2016-07-26 19:34:59","28","1"),
("56312","56191","7","16RE056309","0","1500","1500","0","2016-07-26","2016-07-26","2016-07-26 19:39:55","28","2016-07-26 19:39:55","28","1"),
("56313","56192","7","16RE056310","0","1500","1500","0","2016-07-26","2016-07-26","2016-07-26 19:40:03","28","2016-07-26 19:40:03","28","1"),
("56314","56193","7","16RE056311","0","2000","2000","0","2016-07-26","2016-07-26","2016-07-26 19:42:52","28","2016-07-26 19:42:52","28","1"),
("56315","56194","7","16RE056312","0","1500","1500","0","2016-07-26","2016-07-26","2016-07-26 19:46:00","28","2016-07-26 19:46:00","28","1"),
("56316","56195","7","16RE056313","0","500","500","0","2016-07-26","2016-07-26","2016-07-26 19:46:21","28","2016-07-26 19:46:21","28","1"),
("56317","56196","7","16RE056314","0","43500","43500","0","2016-07-26","2016-07-26","2016-07-26 19:46:34","28","2016-07-26 19:46:34","28","1"),
("56318","56197","7","16RE056315","0","4000","4000","0","2016-07-26","2016-07-26","2016-07-26 19:47:11","28","2016-07-26 19:47:11","28","1"),
("56319","56198","7","16RE056316","0","5500","5500","0","2016-07-26","2016-07-26","2016-07-26 19:47:46","28","2016-07-26 19:47:46","28","1"),
("56320","56199","7","16RE056317","0","6000","6000","0","2016-07-26","2016-07-26","2016-07-26 19:49:31","28","2016-07-26 19:49:31","28","1"),
("56321","56200","7","16RE056318","0","43000","43000","0","2016-07-26","2016-07-26","2016-07-26 19:51:24","28","2016-07-26 19:51:24","28","1"),
("56322","56201","7","16RE056319","0","4000","4000","0","2016-07-26","2016-07-26","2016-07-26 19:53:53","28","2016-07-26 19:53:53","28","1"),
("56323","56202","7","16RE056320","0","1500","1500","0","2016-07-26","2016-07-26","2016-07-26 19:55:51","28","2016-07-26 19:55:51","28","1"),
("56324","56203","7","16RE056321","0","2000","2000","0","2016-07-26","2016-07-26","2016-07-26 19:56:01","28","2016-07-26 19:56:01","28","1"),
("56325","56204","7","16RE056322","0","500","500","0","2016-07-26","2016-07-26","2016-07-26 19:56:23","28","2016-07-26 19:56:23","28","1"),
("56326","56205","7","16RE056323","0","7500","7500","0","2016-07-26","2016-07-26","2016-07-26 19:57:14","28","2016-07-26 19:57:14","28","1"),
("56327","56206","7","16RE056324","0","1500","1500","0","2016-07-26","2016-07-26","2016-07-26 19:58:26","28","2016-07-26 19:58:26","28","1"),
("56328","56207","7","16RE056325","0","2500","2500","0","2016-07-26","2016-07-26","2016-07-26 19:59:50","28","2016-07-26 19:59:50","28","1"),
("56329","56208","7","16RE056326","0","3000","3000","0","2016-07-26","2016-07-26","2016-07-26 20:00:01","28","2016-07-26 20:00:01","28","1"),
("56330","56209","7","16RE056327","0","3000","3000","0","2016-07-26","2016-07-26","2016-07-26 20:00:26","28","2016-07-26 20:00:26","28","1"),
("56331","56210","7","16RE056328","0","9500","9500","0","2016-07-26","2016-07-26","2016-07-26 20:01:09","28","2016-07-26 20:01:09","28","1"),
("56332","56211","7","16RE056329","0","6500","6500","0","2016-07-26","2016-07-26","2016-07-26 20:02:19","28","2016-07-26 20:02:19","28","1"),
("56333","56212","7","16RE056330","0","4500","4500","0","2016-07-26","2016-07-26","2016-07-26 20:04:30","28","2016-07-26 20:04:30","28","1"),
("56334","56213","7","16RE056331","0","5000","5000","0","2016-07-26","2016-07-26","2016-07-26 20:05:13","28","2016-07-26 20:05:13","28","1"),
("56335","56214","7","16RE056332","0","2000","2000","0","2016-07-26","2016-07-26","2016-07-26 20:09:06","28","2016-07-26 20:09:06","28","1"),
("56336","56215","7","16RE056333","0","1500","1500","0","2016-07-26","2016-07-26","2016-07-26 20:09:26","28","2016-07-26 20:09:26","28","1"),
("56337","56216","7","16RE056334","0","2000","2000","0","2016-07-26","2016-07-26","2016-07-26 20:11:25","28","2016-07-26 20:11:25","28","1"),
("56338","56217","7","16RE056335","0","5000","5000","0","2016-07-26","2016-07-26","2016-07-26 20:14:19","28","2016-07-26 20:14:19","28","1"),
("56339","56218","7","16RE056336","0","4000","4000","0","2016-07-26","2016-07-26","2016-07-26 20:16:42","28","2016-07-26 20:16:42","28","1"),
("56340","56219","7","16RE056337","0","5000","5000","0","2016-07-26","2016-07-26","2016-07-26 20:21:14","28","2016-07-26 20:21:14","28","1"),
("56341","56220","7","16RE056338","0","3500","3500","0","2016-07-26","2016-07-26","2016-07-26 20:21:41","28","2016-07-26 20:21:41","28","1"),
("56342","56221","7","16RE056339","0","1400","1400","0","2016-07-26","2016-07-26","2016-07-26 20:21:54","28","2016-07-26 20:21:54","28","1"),
("56343","56222","7","16RE056340","0","3000","3000","0","2016-07-26","2016-07-26","2016-07-26 20:23:28","28","2016-07-26 20:23:28","28","1"),
("56344","56223","7","16RE056341","0","2000","2000","0","2016-07-26","2016-07-26","2016-07-26 20:26:54","28","2016-07-26 20:26:54","28","1"),
("56345","56224","7","16RE056342","0","3000","3000","0","2016-07-26","2016-07-26","2016-07-26 20:27:03","28","2016-07-26 20:27:03","28","1"),
("56346","56225","7","16RE056343","0","1000","1000","0","2016-07-26","2016-07-26","2016-07-26 20:27:48","28","2016-07-26 20:27:48","28","1"),
("56347","56226","7","16RE056344","0","6500","6500","0","2016-07-26","2016-07-26","2016-07-26 20:30:49","28","2016-07-26 20:30:49","28","1"),
("56348","56227","7","16RE056345","0","1500","1500","0","2016-07-26","2016-07-26","2016-07-26 20:31:14","28","2016-07-26 20:31:14","28","1"),
("56349","56228","7","16RE056346","0","11000","11000","0","2016-07-26","2016-07-26","2016-07-26 20:32:58","28","2016-07-26 20:32:58","28","1"),
("56350","56229","7","16RE056347","0","5500","5500","0","2016-07-26","2016-07-26","2016-07-26 20:40:08","28","2016-07-26 20:40:08","28","1"),
("56351","56230","7","16RE056348","0","5000","5000","0","2016-07-26","2016-07-26","2016-07-26 20:40:36","28","2016-07-26 20:40:36","28","1"),
("56352","56231","7","16RE056349","0","6000","6000","0","2016-07-26","2016-07-26","2016-07-26 20:41:47","28","2016-07-26 20:41:47","28","1"),
("56353","56232","7","16RE056350","0","6000","6000","0","2016-07-26","2016-07-26","2016-07-26 20:43:31","28","2016-07-26 20:43:31","28","1"),
("56354","56233","7","16RE056351","0","4000","4000","0","2016-07-26","2016-07-26","2016-07-26 20:45:28","28","2016-07-26 20:45:28","28","1"),
("56355","56234","7","16RE056352","0","2500","2500","0","2016-07-26","2016-07-26","2016-07-26 20:47:31","28","2016-07-26 20:47:31","28","1"),
("56356","56235","7","16RE056353","0","1000","1000","0","2016-07-26","2016-07-26","2016-07-26 20:47:48","28","2016-07-26 20:47:48","28","1"),
("56357","56236","7","16RE056354","0","2000","2000","0","2016-07-26","2016-07-26","2016-07-26 20:48:35","28","2016-07-26 20:48:35","28","1"),
("56358","56237","7","16RE056355","0","3000","3000","0","2016-07-26","2016-07-26","2016-07-26 20:49:41","28","2016-07-26 20:49:41","28","1"),
("56359","56238","7","16RE056356","0","8000","8000","0","2016-07-26","2016-07-26","2016-07-26 20:50:02","28","2016-07-26 20:50:02","28","1"),
("56360","56239","7","16RE056357","0","2000","2000","0","2016-07-26","2016-07-26","2016-07-26 20:50:09","28","2016-07-26 20:50:09","28","1"),
("56361","56240","7","16RE056358","0","1000","1000","0","2016-07-26","2016-07-26","2016-07-26 20:50:14","28","2016-07-26 20:50:14","28","1"),
("56362","56241","7","16RE056359","0","4500","4500","0","2016-07-26","2016-07-26","2016-07-26 20:51:25","28","2016-07-26 20:51:25","28","1"),
("56363","56242","7","16RE056360","0","3000","3000","0","2016-07-26","2016-07-26","2016-07-26 20:51:31","28","2016-07-26 20:51:31","28","1"),
("56364","56243","7","16RE056361","0","2500","2500","0","2016-07-26","2016-07-26","2016-07-26 20:52:13","28","2016-07-26 20:52:13","28","1"),
("56365","56244","7","16RE056362","0","7500","7500","0","2016-07-26","2016-07-26","2016-07-26 20:52:27","28","2016-07-26 20:52:27","28","1"),
("56366","56245","7","16RE056363","0","16000","16000","0","2016-07-26","2016-07-26","2016-07-26 20:53:07","28","2016-07-26 20:53:07","28","1"),
("56367","56246","7","16RE056364","0","6500","6500","0","2016-07-26","2016-07-26","2016-07-26 20:58:02","28","2016-07-26 20:58:02","28","1"),
("56368","56247","7","16RE056365","0","4000","4000","0","2016-07-26","2016-07-26","2016-07-26 20:58:25","28","2016-07-26 20:58:25","28","1"),
("56369","56248","7","16RE056366","0","2500","2500","0","2016-07-26","2016-07-26","2016-07-26 20:58:59","28","2016-07-26 20:58:59","28","1"),
("56370","56249","7","16RE056367","0","1000","1000","0","2016-07-26","2016-07-26","2016-07-26 20:59:39","28","2016-07-26 20:59:39","28","1");

