INSERT INTO inventories VALUES("74702","","","","56250","","","2228","2","6","0","500","2016-07-27","0000-00-00","","2016-07-27 04:12:02","26","2016-07-27 04:12:02","26","1"),
("74703","","","","56251","","","2146","2","1","0","3500","2016-07-27","0000-00-00","","2016-07-27 04:16:51","26","2016-07-27 04:16:51","26","1"),
("74704","","","","56251","","","2228","2","18","0","500","2016-07-27","0000-00-00","","2016-07-27 04:16:51","26","2016-07-27 04:16:51","26","1"),
("74705","","","","56252","","","2231","2","1","0","1500","2016-07-27","0000-00-00","","2016-07-27 04:25:32","26","2016-07-27 04:25:32","26","1"),
("74706","","","","56252","","","2229","2","4","0","700","2016-07-27","0000-00-00","","2016-07-27 04:25:32","26","2016-07-27 04:25:32","26","1"),
("74707","","","","56253","","","2231","2","3","0","1500","2016-07-27","0000-00-00","","2016-07-27 04:25:48","26","2016-07-27 04:25:48","26","1"),
("74708","","","","56254","","","2231","2","1","0","1500","2016-07-27","0000-00-00","","2016-07-27 04:34:02","26","2016-07-27 04:34:02","26","1"),
("74709","","","","56254","","","2228","2","2","0","500","2016-07-27","0000-00-00","","2016-07-27 04:34:02","26","2016-07-27 04:34:02","26","1"),
("74710","","","","56254","","","2232","2","2","0","1000","2016-07-27","0000-00-00","","2016-07-27 04:34:02","26","2016-07-27 04:34:02","26","1"),
("74711","","","","56255","","","2071","2","20","0","700","2016-07-27","0000-00-00","","2016-07-27 04:45:24","26","2016-07-27 04:45:24","26","1"),
("74712","","","","56255","","","2070","2","10","0","700","2016-07-27","0000-00-00","","2016-07-27 04:45:24","26","2016-07-27 04:45:24","26","1"),
("74713","","","","56255","","","2165","2","10","0","700","2016-07-27","0000-00-00","","2016-07-27 04:45:24","26","2016-07-27 04:45:24","26","1"),
("74714","","","","56255","","","2067","2","10","0","700","2016-07-27","0000-00-00","","2016-07-27 04:45:24","26","2016-07-27 04:45:24","26","1"),
("74715","","","","56255","","","2065","2","10","0","700","2016-07-27","0000-00-00","","2016-07-27 04:45:24","26","2016-07-27 04:45:24","26","1"),
("74716","","","","56255","","","2228","2","100","0","400","2016-07-27","0000-00-00","","2016-07-27 04:45:24","26","2016-07-27 04:45:24","26","1"),
("74717","","","","56256","","","2229","2","16","0","500","2016-07-27","0000-00-00","","2016-07-27 04:45:50","26","2016-07-27 04:45:50","26","1"),
("74718","","","","56257","","","2228","2","1","0","500","2016-07-27","0000-00-00","","2016-07-27 04:45:56","26","2016-07-27 04:45:56","26","1"),
("74719","","","","56258","","","2228","2","5","0","500","2016-07-27","0000-00-00","","2016-07-27 04:48:17","26","2016-07-27 04:48:17","26","1"),
("74720","","","","56259","","","2229","2","6","0","500","2016-07-27","0000-00-00","","2016-07-27 04:55:15","26","2016-07-27 04:55:15","26","1"),
("74721","","","","56259","","","2233","2","12","0","1500","2016-07-27","0000-00-00","","2016-07-27 04:55:15","26","2016-07-27 04:55:15","26","1"),
("74722","","","","56260","","","2233","2","2","0","2000","2016-07-27","0000-00-00","","2016-07-27 05:01:59","26","2016-07-27 05:01:59","26","1"),
("74723","","","","56261","","","2231","2","1","0","1500","2016-07-27","0000-00-00","","2016-07-27 05:02:59","26","2016-07-27 05:02:59","26","1"),
("74724","","","","56262","","","2104","2","1","0","5500","2016-07-27","0000-00-00","","2016-07-27 05:03:36","26","2016-07-27 05:03:36","26","1"),
("74725","","","","56263","","","2233","2","2","0","1500","2016-07-27","0000-00-00","","2016-07-27 05:13:19","26","2016-07-27 05:13:19","26","1"),
("74726","","","","56264","","","2231","2","2","0","1500","2016-07-27","0000-00-00","","2016-07-27 05:14:26","26","2016-07-27 05:14:26","26","1"),
("74727","","","","56265","","","2233","2","2","0","2000","2016-07-27","0000-00-00","","2016-07-27 05:18:34","26","2016-07-27 05:18:34","26","1"),
("74728","","","","56266","","","2228","2","1","0","500","2016-07-27","0000-00-00","","2016-07-27 05:21:04","26","2016-07-27 05:21:04","26","1"),
("74729","","","","56267","","","2229","2","1","0","700","2016-07-27","0000-00-00","","2016-07-27 05:22:03","26","2016-07-27 05:22:03","26","1"),
("74730","","","","56268","","","2228","2","5","0","500","2016-07-27","0000-00-00","","2016-07-27 05:22:22","26","2016-07-27 05:22:22","26","1"),
("74731","","","","56269","","","2228","2","4","0","500","2016-07-27","0000-00-00","","2016-07-27 05:22:42","26","2016-07-27 05:22:42","26","1"),
("74732","","","","56270","","","2231","2","10","0","1200","2016-07-27","0000-00-00","","2016-07-27 05:29:35","26","2016-07-27 05:29:35","26","1"),
("74733","","","","56270","","","2232","2","5","0","800","2016-07-27","0000-00-00","","2016-07-27 05:29:35","26","2016-07-27 05:29:35","26","1"),
("74734","","","","56270","","","2233","2","8","0","1500","2016-07-27","0000-00-00","","2016-07-27 05:29:35","26","2016-07-27 05:29:35","26","1"),
("74735","","","","56270","","","2229","2","70","0","500","2016-07-27","0000-00-00","","2016-07-27 05:29:35","26","2016-07-27 05:29:35","26","1"),
("74736","","","","56271","","","2229","2","2","0","700","2016-07-27","0000-00-00","","2016-07-27 05:29:46","26","2016-07-27 05:29:46","26","1"),
("74737","","","","56272","","","2229","2","50","0","700","2016-07-27","0000-00-00","","2016-07-27 05:31:38","26","2016-07-27 05:31:38","26","1"),
("74738","","","","56273","","","2229","2","1","0","700","2016-07-27","0000-00-00","","2016-07-27 05:33:29","26","2016-07-27 05:33:29","26","1"),
("74739","","","","56274","","","2228","2","20","0","500","2016-07-27","0000-00-00","","2016-07-27 05:35:29","26","2016-07-27 05:35:29","26","1"),
("74740","","","","56275","","","2233","2","6","0","1500","2016-07-27","0000-00-00","","2016-07-27 05:38:04","26","2016-07-27 05:38:04","26","1"),
("74741","","","","56275","","","2228","2","50","0","400","2016-07-27","0000-00-00","","2016-07-27 05:38:04","26","2016-07-27 05:38:04","26","1"),
("74742","","","","56275","","","2229","2","55","0","500","2016-07-27","0000-00-00","","2016-07-27 05:38:04","26","2016-07-27 05:38:04","26","1"),
("74743","","","","56276","","","2218","2","1","0","1000","2016-07-27","0000-00-00","","2016-07-27 05:38:34","26","2016-07-27 05:38:34","26","1"),
("74744","","","","56277","","","2083","2","1","0","2500","2016-07-27","0000-00-00","","2016-07-27 05:40:53","26","2016-07-27 05:40:53","26","1"),
("74745","","","","56277","","","2232","2","2","0","1000","2016-07-27","0000-00-00","","2016-07-27 05:40:53","26","2016-07-27 05:40:53","26","1"),
("74746","","","","56278","","","2228","2","2","0","500","2016-07-27","0000-00-00","","2016-07-27 05:41:21","26","2016-07-27 05:41:21","26","1"),
("74747","","","","56278","","","2231","2","2","0","1500","2016-07-27","0000-00-00","","2016-07-27 05:41:21","26","2016-07-27 05:41:21","26","1"),
("74748","","","","56279","","","2231","2","10","0","1200","2016-07-27","0000-00-00","","2016-07-27 05:42:20","26","2016-07-27 05:42:20","26","1"),
("74749","","","","56279","","","2233","2","5","0","1500","2016-07-27","0000-00-00","","2016-07-27 05:42:20","26","2016-07-27 05:42:20","26","1"),
("74750","","","","56279","","","2228","2","90","0","400","2016-07-27","0000-00-00","","2016-07-27 05:42:20","26","2016-07-27 05:42:20","26","1"),
("74751","","","","56280","","","2197","2","1","0","2500","2016-07-27","0000-00-00","","2016-07-27 05:42:26","26","2016-07-27 05:42:26","26","1"),
("74752","","","","56281","","","2228","2","5","0","500","2016-07-27","0000-00-00","","2016-07-27 05:49:21","26","2016-07-27 05:49:21","26","1"),
("74753","","","","56282","","","2228","2","1","0","500","2016-07-27","0000-00-00","","2016-07-27 05:49:45","26","2016-07-27 05:49:45","26","1"),
("74754","","","","56283","","","2228","2","3","0","500","2016-07-27","0000-00-00","","2016-07-27 05:52:17","26","2016-07-27 05:52:17","26","1"),
("74755","","","","56283","","","2231","2","1","0","1500","2016-07-27","0000-00-00","","2016-07-27 05:52:17","26","2016-07-27 05:52:17","26","1"),
("74756","","","","56284","","","2231","2","2","0","1500","2016-07-27","0000-00-00","","2016-07-27 05:52:45","26","2016-07-27 05:52:45","26","1"),
("74757","","","","56284","","","2228","2","3","0","500","2016-07-27","0000-00-00","","2016-07-27 05:52:45","26","2016-07-27 05:52:45","26","1"),
("74758","","","","56285","","","2231","2","1","0","1500","2016-07-27","0000-00-00","","2016-07-27 05:58:15","26","2016-07-27 05:58:15","26","1"),
("74759","","","","56286","","","2228","2","4","0","500","2016-07-27","0000-00-00","","2016-07-27 05:59:22","26","2016-07-27 05:59:22","26","1");

DROP TABLE inventory_totals;

CREATE TABLE `inventory_totals` (
  `product_id` bigint(20) NOT NULL,
  `location_id` bigint(20) NOT NULL,
  `total_qty` double DEFAULT '0',
  `created_at` datetime NOT NULL,
  `created_by` bigint(11) NOT NULL,
  `updated_at` datetime NOT NULL,
  `updated_by` bigint(11) NOT NULL,
  PRIMARY KEY (`product_id`,`location_id`),
  KEY `product_id` (`product_id`),
  KEY `location_id` (`location_id`)
) ENGINE=InnoDB DEFAULT CHARSET=utf8 COLLATE=utf8_unicode_ci;

INSERT INTO inventory_totals VALUES("2064","2","-988","2016-05-30 20:44:40","28","2016-07-26 18:59:15","28");
INSERT INTO inventory_totals VALUES("2065","2","-10373","2016-05-30 17:12:37","26","2016-07-27 04:45:24","26");
INSERT INTO inventory_totals VALUES("2067","2","-951","2016-05-30 20:12:19","26","2016-07-27 04:45:24","26");
INSERT INTO inventory_totals VALUES("2070","2","-1474","2016-05-30 19:12:04","26","2016-07-27 04:45:24","26");
INSERT INTO inventory_totals VALUES("2071","2","-2852","2016-05-30 20:20:55","26","2016-07-27 04:45:24","26");
INSERT INTO inventory_totals VALUES("2072","2","-561","2016-06-01 10:24:38","28","2016-07-26 17:55:46","28");
INSERT INTO inventory_totals VALUES("2073","2","-1607","2016-05-30 17:09:35","28","2016-07-26 20:30:49","28");
INSERT INTO inventory_totals VALUES("2074","2","-745","2016-05-30 17:09:50","28","2016-07-26 20:53:07","28");
INSERT INTO inventory_totals VALUES("2075","2","-1457","2016-05-30 19:40:28","28","2016-07-26 20:30:49","28");
INSERT INTO inventory_totals VALUES("2076","2","-651","2016-05-30 17:15:10","28","2016-07-26 20:43:31","28");
INSERT INTO inventory_totals VALUES("2077","2","-187","2016-06-02 16:11:58","28","2016-07-26 07:35:24","28");
INSERT INTO inventory_totals VALUES("2078","2","-511","2016-05-31 07:51:51","32","2016-07-26 15:57:56","32");
INSERT INTO inventory_totals VALUES("2079","2","-362","2016-05-30 17:34:03","28","2016-07-26 19:40:03","28");
INSERT INTO inventory_totals VALUES("2082","2","-277","2016-05-30 20:35:30","28","2016-07-26 17:45:56","28");
INSERT INTO inventory_totals VALUES("2083","2","-3696","2016-05-30 17:13:02","26","2016-07-27 05:40:53","26");
INSERT INTO inventory_totals VALUES("2084","2","-483","2016-05-30 17:13:26","28","2016-07-26 17:52:08","28");
INSERT INTO inventory_totals VALUES("2085","2","-473","2016-05-30 18:17:34","28","2016-07-26 09:10:52","28");
INSERT INTO inventory_totals VALUES("2088","2","-217","2016-05-31 08:25:04","28","2016-07-26 15:33:27","28");
INSERT INTO inventory_totals VALUES("2089","2","-170","2016-06-06 07:55:52","28","2016-07-26 17:42:29","28");
INSERT INTO inventory_totals VALUES("2090","2","-359","2016-06-03 07:53:09","28","2016-07-26 19:33:47","28");
INSERT INTO inventory_totals VALUES("2092","2","-22","2016-06-05 13:07:45","32","2016-06-26 17:13:30","32");
INSERT INTO inventory_totals VALUES("2093","2","-1335","2016-05-31 08:55:09","28","2016-07-26 15:17:03","28");
INSERT INTO inventory_totals VALUES("2095","2","-3499","2016-05-30 16:57:46","28","2016-07-26 20:53:07","28");
INSERT INTO inventory_totals VALUES("2097","2","-154","2016-05-31 11:50:36","32","2016-07-26 09:51:21","32");
INSERT INTO inventory_totals VALUES("2098","2","-147","2016-05-31 11:48:59","28","2016-07-26 19:57:14","28");
INSERT INTO inventory_totals VALUES("2099","2","-822","2016-05-30 19:54:32","28","2016-07-26 20:09:06","28");
INSERT INTO inventory_totals VALUES("2100","2","-127","2016-06-01 11:05:58","26","2016-07-24 14:33:10","26");
INSERT INTO inventory_totals VALUES("2101","2","-4","2016-06-04 16:36:48","28","2016-06-15 08:23:32","28");
INSERT INTO inventory_totals VALUES("2102","2","-250","2016-05-30 18:50:51","32","2016-07-26 16:49:28","32");
INSERT INTO inventory_totals VALUES("2103","2","-166","2016-05-30 18:21:22","28","2016-07-25 19:25:58","28");
INSERT INTO inventory_totals VALUES("2104","2","-2130","2016-05-30 18:45:00","26","2016-07-27 05:03:36","26");
INSERT INTO inventory_totals VALUES("2105","2","-99","2016-05-31 04:27:09","26","2016-07-25 15:24:40","26");
INSERT INTO inventory_totals VALUES("2107","2","-1249","2016-05-30 17:13:44","32","2016-07-26 18:21:39","32");
INSERT INTO inventory_totals VALUES("2108","2","-2","2016-06-22 07:31:24","26","2016-07-16 06:34:13","26");
INSERT INTO inventory_totals VALUES("2109","2","-4","2016-06-02 11:24:48","26","2016-07-14 13:26:17","26");
INSERT INTO inventory_totals VALUES("2110","2","-553","2016-05-31 09:56:02","32","2016-07-26 18:31:51","32");
INSERT INTO inventory_totals VALUES("2111","2","-101","2016-05-31 06:44:27","28","2016-07-25 20:03:16","28");
INSERT INTO inventory_totals VALUES("2112","2","-222","2016-05-31 17:42:17","28","2016-07-25 16:52:33","28");
INSERT INTO inventory_totals VALUES("2113","2","-402","2016-05-31 06:07:51","28","2016-07-26 18:04:37","28");
INSERT INTO inventory_totals VALUES("2114","2","-49","2016-05-31 17:05:12","32","2016-07-25 10:05:59","32");
INSERT INTO inventory_totals VALUES("2116","2","-110","2016-05-30 19:09:50","28","2016-07-26 11:39:26","28");
INSERT INTO inventory_totals VALUES("2117","2","-126","2016-05-31 15:15:55","28","2016-07-26 20:52:27","28");
INSERT INTO inventory_totals VALUES("2118","2","-1226","2016-05-30 17:25:00","28","2016-07-26 20:02:19","28");
INSERT INTO inventory_totals VALUES("2119","2","-117","2016-05-31 04:10:53","28","2016-07-26 18:09:01","28");
INSERT INTO inventory_totals VALUES("2120","2","-23","2016-06-01 15:07:34","28","2016-06-24 08:28:25","28");
INSERT INTO inventory_totals VALUES("2121","2","-440","2016-05-30 16:56:09","32","2016-07-26 16:09:27","32");
INSERT INTO inventory_totals VALUES("2125","2","-2461","2016-05-30 17:14:38","28","2016-07-26 20:50:14","28");
INSERT INTO inventory_totals VALUES("2126","2","-1159","2016-05-30 17:17:44","28","2016-07-26 20:00:26","28");
INSERT INTO inventory_totals VALUES("2127","2","-1","2016-06-01 09:16:57","28","2016-06-01 09:16:57","28");
INSERT INTO inventory_totals VALUES("2128","2","-3","2016-05-30 17:17:34","27","2016-05-31 08:21:59","27");
INSERT INTO inventory_totals VALUES("2129","2","-85","2016-05-31 08:02:05","28","2016-07-26 07:24:59","28");
INSERT INTO inventory_totals VALUES("2130","2","-2","2016-05-31 11:51:20","28","2016-05-31 12:08:32","28");
INSERT INTO inventory_totals VALUES("2131","2","-5","2016-06-02 09:48:54","28","2016-06-11 08:04:29","28");
INSERT INTO inventory_totals VALUES("2133","2","-245","2016-05-30 20:04:42","32","2016-07-25 12:56:04","32");
INSERT INTO inventory_totals VALUES("2134","2","-1149","2016-05-30 17:16:20","32","2016-07-26 18:30:05","32");
INSERT INTO inventory_totals VALUES("2135","2","-160","2016-05-31 18:50:40","32","2016-07-25 16:44:51","32");
INSERT INTO inventory_totals VALUES("2136","2","-440","2016-05-30 17:16:20","32","2016-07-25 18:20:02","32");
INSERT INTO inventory_totals VALUES("2137","2","-177","2016-05-30 17:00:35","32","2016-07-26 18:30:05","32");
INSERT INTO inventory_totals VALUES("2138","2","-66","2016-06-01 18:10:15","28","2016-07-25 11:28:57","28");
INSERT INTO inventory_totals VALUES("2139","2","-102","2016-05-30 19:37:44","28","2016-07-26 15:44:18","28");
INSERT INTO inventory_totals VALUES("2140","2","-253","2016-05-30 17:16:20","28","2016-07-26 19:46:34","28");
INSERT INTO inventory_totals VALUES("2141","2","-93","2016-05-31 16:15:13","26","2016-07-25 14:50:46","26");
INSERT INTO inventory_totals VALUES("2142","2","-12","2016-06-04 12:04:34","28","2016-07-16 14:20:54","28");
INSERT INTO inventory_totals VALUES("2143","2","-16","2016-06-01 14:37:00","28","2016-07-22 10:31:42","28");
INSERT INTO inventory_totals VALUES("2144","2","-6","2016-06-02 16:28:24","28","2016-07-22 18:41:13","28");
INSERT INTO inventory_totals VALUES("2146","2","-790","2016-05-31 04:25:13","26","2016-07-27 04:16:51","26");
INSERT INTO inventory_totals VALUES("2163","2","-843","2016-05-30 19:12:04","28","2016-07-26 20:53:07","28");
INSERT INTO inventory_totals VALUES("2164","2","-3544","2016-05-30 16:53:06","28","2016-07-26 20:50:03","28");
INSERT INTO inventory_totals VALUES("2165","2","-748","2016-05-30 17:13:26","26","2016-07-27 04:45:24","26");
INSERT INTO inventory_totals VALUES("2166","2","-12301","2016-05-30 15:16:51","28","2016-07-26 20:21:54","28");
INSERT INTO inventory_totals VALUES("2172","2","-1083","2016-05-30 17:07:00","28","2016-07-26 20:58:02","28");
INSERT INTO inventory_totals VALUES("2173","2","-165","2016-05-31 10:33:36","26","2016-07-25 13:59:43","26");
INSERT INTO inventory_totals VALUES("2174","2","-65","2016-05-31 09:21:36","28","2016-07-26 12:32:51","28");
INSERT INTO inventory_totals VALUES("2178","2","-29","2016-06-02 05:19:47","26","2016-07-23 15:37:22","26");
INSERT INTO inventory_totals VALUES("2179","2","-2","2016-06-19 13:01:57","26","2016-06-22 13:15:45","26");
INSERT INTO inventory_totals VALUES("2182","2","-278","2016-05-30 18:50:52","28","2016-07-26 18:33:21","28");
INSERT INTO inventory_totals VALUES("2183","2","-5","2016-06-17 08:39:20","28","2016-07-10 20:20:53","28");
INSERT INTO inventory_totals VALUES("2188","2","-34","2016-06-02 05:19:47","26","2016-07-23 15:37:22","26");
INSERT INTO inventory_totals VALUES("2197","2","-1124","2016-05-31 05:33:48","26","2016-07-27 05:42:26","26");
INSERT INTO inventory_totals VALUES("2198","2","-51","2016-05-31 06:32:11","26","2016-07-23 14:07:35","26");
INSERT INTO inventory_totals VALUES("2199","2","-80","2016-05-30 20:45:32","32","2016-07-15 11:38:49","32");
INSERT INTO inventory_totals VALUES("2201","2","-1","2016-07-22 07:59:15","28","2016-07-22 07:59:15","28");
INSERT INTO inventory_totals VALUES("2202","2","-12","2016-06-05 05:43:31","26","2016-07-14 06:04:21","26");
INSERT INTO inventory_totals VALUES("2203","2","-27","2016-06-01 18:10:15","28","2016-07-14 12:28:33","28");
INSERT INTO inventory_totals VALUES("2204","2","-14","2016-06-05 15:46:14","28","2016-07-25 11:28:56","28");
INSERT INTO inventory_totals VALUES("2206","2","-6","2016-06-11 18:11:55","32","2016-07-19 18:21:51","32");
INSERT INTO inventory_totals VALUES("2207","2","-67","2016-06-05 20:28:13","28","2016-07-24 08:45:28","28");
INSERT INTO inventory_totals VALUES("2208","2","-9","2016-06-03 12:29:19","28","2016-07-22 16:13:30","28");
INSERT INTO inventory_totals VALUES("2209","2","-3","2016-06-01 15:42:51","28","2016-07-13 20:12:25","28");
INSERT INTO inventory_totals VALUES("2213","2","-45","2016-06-08 08:14:22","28","2016-07-22 19:09:38","28");
INSERT INTO inventory_totals VALUES("2217","2","-24","2016-06-03 19:05:30","28","2016-07-25 16:08:27","28");
INSERT INTO inventory_totals VALUES("2218","2","-106","2016-05-31 10:46:14","26","2016-07-27 05:38:34","26");
INSERT INTO inventory_totals VALUES("2219","2","-305","2016-06-02 07:11:01","32","2016-07-26 18:46:45","32");
INSERT INTO inventory_totals VALUES("2220","2","-1150","2016-06-06 12:05:02","28","2016-07-12 17:18:00","28");
INSERT INTO inventory_totals VALUES("2226","2","-755","2016-05-30 20:29:24","28","2016-07-26 20:30:49","28");
INSERT INTO inventory_totals VALUES("2228","2","-154038","2016-05-30 16:53:06","26","2016-07-27 05:59:22","26");
INSERT INTO inventory_totals VALUES("2229","2","-81377","2016-05-30 18:02:49","26","2016-07-27 05:38:05","26");
INSERT INTO inventory_totals VALUES("2231","2","-29959","2016-05-30 16:58:22","26","2016-07-27 05:58:15","26");
INSERT INTO inventory_totals VALUES("2232","2","-3045","2016-05-30 18:38:35","26","2016-07-27 05:40:53","26");
INSERT INTO inventory_totals VALUES("2233","2","-6579","2016-05-30 19:34:27","26","2016-07-27 05:42:20","26");
INSERT INTO inventory_totals VALUES("2235","2","-1397","2016-05-30 19:37:44","32","2016-07-26 16:57:12","32");
INSERT INTO inventory_totals VALUES("2236","2","-821","2016-05-30 20:25:09","26","2016-07-26 13:48:54","26");
INSERT INTO inventory_totals VALUES("2237","2","-58","2016-06-06 07:55:52","32","2016-07-26 19:19:15","32");
INSERT INTO inventory_totals VALUES("2238","2","-190","2016-05-31 06:54:44","28","2016-07-26 20:53:07","28");
INSERT INTO inventory_totals VALUES("2239","2","-458","2016-05-31 11:09:13","32","2016-07-19 08:38:36","32");
INSERT INTO inventory_totals VALUES("2240","2","-1785","2016-05-30 16:58:52","28","2016-07-26 20:50:03","28");
INSERT INTO inventory_totals VALUES("2241","2","-145","2016-05-31 13:05:46","32","2016-07-26 16:37:42","32");
INSERT INTO inventory_totals VALUES("2243","2","-133","2016-05-30 17:15:34","28","2016-07-26 17:37:22","28");
INSERT INTO inventory_totals VALUES("2250","2","-5103","2016-05-30 17:14:11","28","2016-07-26 20:11:26","28");
INSERT INTO inventory_totals VALUES("2251","2","-1","2016-07-09 18:58:52","28","2016-07-09 18:58:52","28");
INSERT INTO inventory_totals VALUES("2252","2","-90","2016-06-04 16:15:52","28","2016-07-24 15:12:07","28");
INSERT INTO inventory_totals VALUES("2253","2","-127","2016-05-31 13:24:22","26","2016-07-26 07:55:32","26");
INSERT INTO inventory_totals VALUES("2254","2","-924","2016-05-31 18:14:09","28","2016-07-26 18:42:15","28");
INSERT INTO inventory_totals VALUES("2255","2","-405","2016-06-02 18:24:09","28","2016-07-26 19:46:34","28");
INSERT INTO inventory_totals VALUES("2256","2","-28","2016-06-02 17:07:21","28","2016-07-07 23:27:23","28");
INSERT INTO inventory_totals VALUES("2257","2","-246","2016-06-02 18:53:00","28","2016-07-26 16:50:18","28");
INSERT INTO inventory_totals VALUES("2258","2","-52","2016-06-06 11:06:36","28","2016-07-25 11:34:29","28");
INSERT INTO inventory_totals VALUES("2259","2","-75","2016-06-22 14:12:02","32","2016-07-26 19:21:13","32");
INSERT INTO inventory_totals VALUES("2260","2","-22","2016-07-11 05:45:45","28","2016-07-25 17:09:36","28");
INSERT INTO inventory_totals VALUES("2262","2","-1","2016-07-21 07:37:38","26","2016-07-21 07:37:38","26");



DROP TABLE inventory_total_details;

CREATE TABLE `inventory_total_details` (
  `product_id` bigint(20) NOT NULL,
  `location_id` bigint(20) NOT NULL,
  `total_cycle` double DEFAULT '0',
  `total_so` double DEFAULT '0',
  `total_pos` double DEFAULT '0',
  `total_cm` double DEFAULT '0',
  `total_to_in` double DEFAULT '0',
  `total_to_out` double DEFAULT '0',
  `date` date NOT NULL,
  `created_at` datetime NOT NULL,
  `created_by` bigint(11) NOT NULL,
  `updated_at` datetime NOT NULL,
  `updated_by` bigint(11) NOT NULL,
  PRIMARY KEY (`product_id`,`location_id`,`date`),
  KEY `product_id` (`product_id`),
  KEY `location_id` (`location_id`),
  KEY `date` (`date`)
) ENGINE=InnoDB DEFAULT CHARSET=utf8 COLLATE=utf8_unicode_ci;

INSERT INTO inventory_total_details VALUES("2064","2","0","0","-1","0","0","0","2016-05-30","2016-05-30 20:44:40","24","2016-05-30 20:44:40","24");
INSERT INTO inventory_total_details VALUES("2065","2","0","0","-2","0","0","0","2016-05-30","2016-05-30 17:12:37","24","2016-05-30 21:01:14","24");
INSERT INTO inventory_total_details VALUES("2067","2","0","0","-2","0","0","0","2016-05-30","2016-05-30 20:12:19","24","2016-05-30 20:37:06","24");
INSERT INTO inventory_total_details VALUES("2070","2","0","0","-3","0","0","0","2016-05-30","2016-05-30 19:12:04","27","2016-05-30 19:12:04","27");
INSERT INTO inventory_total_details VALUES("2071","2","0","0","-1","0","0","0","2016-05-30","2016-05-30 20:20:55","24","2016-05-30 20:20:55","24");
INSERT INTO inventory_total_details VALUES("2072","2","0","0","-5","0","0","0","2016-06-01","2016-06-01 10:24:38","27","2016-06-01 17:19:29","27");
INSERT INTO inventory_total_details VALUES("2073","2","0","0","-2","0","0","0","2016-05-30","2016-05-30 17:09:35","24","2016-05-30 20:20:55","24");
INSERT INTO inventory_total_details VALUES("2074","2","0","0","-1","0","0","0","2016-05-30","2016-05-30 17:09:51","1","2016-05-30 17:09:51","1");
INSERT INTO inventory_total_details VALUES("2075","2","0","0","-2","0","0","0","2016-05-30","2016-05-30 19:40:28","27","2016-05-30 19:40:28","27");
INSERT INTO inventory_total_details VALUES("2076","2","0","0","-1","0","0","0","2016-05-30","2016-05-30 17:15:10","27","2016-05-30 19:40:28","27");
INSERT INTO inventory_total_details VALUES("2077","2","0","0","-2","0","0","0","2016-06-02","2016-06-02 16:11:58","27","2016-06-02 16:11:58","27");
INSERT INTO inventory_total_details VALUES("2078","2","0","0","-1","0","0","0","2016-05-31","2016-05-31 07:51:51","1","2016-05-31 13:22:44","1");
INSERT INTO inventory_total_details VALUES("2079","2","0","0","-1","0","0","0","2016-05-30","2016-05-30 17:34:03","1","2016-05-30 17:34:03","1");
INSERT INTO inventory_total_details VALUES("2082","2","0","0","-1","0","0","0","2016-05-30","2016-05-30 20:35:30","24","2016-05-30 20:35:30","24");
INSERT INTO inventory_total_details VALUES("2083","2","0","0","-2","0","0","0","2016-05-30","2016-05-30 17:13:02","24","2016-05-30 20:44:10","24");
INSERT INTO inventory_total_details VALUES("2084","2","0","0","-1","0","0","0","2016-05-30","2016-05-30 17:13:26","24","2016-05-30 20:36:29","24");
INSERT INTO inventory_total_details VALUES("2085","2","0","0","-1","0","0","0","2016-05-30","2016-05-30 18:17:35","24","2016-05-30 18:17:35","24");
INSERT INTO inventory_total_details VALUES("2088","2","0","0","-1","0","0","0","2016-05-31","2016-05-31 08:25:04","1","2016-05-31 15:55:07","1");
INSERT INTO inventory_total_details VALUES("2089","2","0","0","-1","0","0","0","2016-06-06","2016-06-06 07:55:52","28","2016-06-06 20:21:02","28");
INSERT INTO inventory_total_details VALUES("2090","2","0","0","-3","0","0","0","2016-06-03","2016-06-03 07:53:09","28","2016-06-03 17:42:59","28");
INSERT INTO inventory_total_details VALUES("2092","2","0","0","-2","0","0","0","2016-06-05","2016-06-05 13:07:45","26","2016-06-05 13:07:45","26");
INSERT INTO inventory_total_details VALUES("2093","2","0","0","-2","0","0","0","2016-05-31","2016-05-31 08:55:09","24","2016-05-31 18:27:26","24");
INSERT INTO inventory_total_details VALUES("2095","2","0","0","-1","0","0","0","2016-05-30","2016-05-30 16:57:46","24","2016-05-30 21:01:14","24");
INSERT INTO inventory_total_details VALUES("2097","2","0","0","-2","0","0","0","2016-05-31","2016-05-31 11:50:36","1","2016-05-31 11:57:30","1");
INSERT INTO inventory_total_details VALUES("2098","2","0","0","-1","0","0","0","2016-05-31","2016-05-31 11:48:59","1","2016-05-31 16:06:30","1");
INSERT INTO inventory_total_details VALUES("2099","2","0","0","-1","0","0","0","2016-05-30","2016-05-30 19:54:32","24","2016-05-30 20:46:56","24");
INSERT INTO inventory_total_details VALUES("2100","2","0","0","-6","0","0","0","2016-06-01","2016-06-01 11:05:58","28","2016-06-01 11:05:58","28");
INSERT INTO inventory_total_details VALUES("2101","2","0","0","-1","0","0","0","2016-06-04","2016-06-04 16:36:48","27","2016-06-04 16:36:48","27");
INSERT INTO inventory_total_details VALUES("2102","2","0","0","-1","0","0","0","2016-05-30","2016-05-30 18:50:51","27","2016-05-30 19:01:27","27");
INSERT INTO inventory_total_details VALUES("2103","2","0","0","-1","0","0","0","2016-05-30","2016-05-30 18:21:22","24","2016-05-30 18:21:22","24");
INSERT INTO inventory_total_details VALUES("2104","2","0","0","-1","0","0","0","2016-05-30","2016-05-30 18:45:00","24","2016-05-30 20:35:30","24");
INSERT INTO inventory_total_details VALUES("2105","2","0","0","-2","0","0","0","2016-05-31","2016-05-31 04:27:09","28","2016-05-31 11:08:37","28");
INSERT INTO inventory_total_details VALUES("2107","2","0","0","-2","0","0","0","2016-05-30","2016-05-30 17:13:44","1","2016-05-30 17:13:44","1");
INSERT INTO inventory_total_details VALUES("2108","2","0","0","-1","0","0","0","2016-06-22","2016-06-22 07:31:24","26","2016-06-22 07:31:24","26");
INSERT INTO inventory_total_details VALUES("2109","2","0","0","-1","0","0","0","2016-06-02","2016-06-02 11:24:48","28","2016-06-02 11:24:48","28");
INSERT INTO inventory_total_details VALUES("2110","2","0","0","-2","0","0","0","2016-05-31","2016-05-31 09:56:02","1","2016-05-31 16:59:11","1");
INSERT INTO inventory_total_details VALUES("2111","2","0","0","-1","0","0","0","2016-05-31","2016-05-31 06:44:27","1","2016-05-31 15:24:34","1");
INSERT INTO inventory_total_details VALUES("2112","2","0","0","-1","0","0","0","2016-05-31","2016-05-31 17:42:17","28","2016-05-31 17:42:17","28");
INSERT INTO inventory_total_details VALUES("2113","2","0","0","-1","0","0","0","2016-05-31","2016-05-31 06:07:51","28","2016-05-31 10:55:17","28");
INSERT INTO inventory_total_details VALUES("2114","2","0","0","-1","0","0","0","2016-05-31","2016-05-31 17:05:12","1","2016-05-31 17:05:12","1");
INSERT INTO inventory_total_details VALUES("2116","2","0","0","-1","0","0","0","2016-05-30","2016-05-30 19:09:50","27","2016-05-30 19:09:50","27");
INSERT INTO inventory_total_details VALUES("2117","2","0","0","-1","0","0","0","2016-05-31","2016-05-31 15:15:55","28","2016-05-31 15:15:55","28");
INSERT INTO inventory_total_details VALUES("2118","2","0","0","-2","0","0","0","2016-05-30","2016-05-30 17:25:00","24","2016-05-30 20:35:09","24");
INSERT INTO inventory_total_details VALUES("2119","2","0","0","-1","0","0","0","2016-05-31","2016-05-31 04:10:53","28","2016-05-31 19:23:07","28");
INSERT INTO inventory_total_details VALUES("2120","2","0","0","-4","0","0","0","2016-06-01","2016-06-01 15:07:34","28","2016-06-01 15:07:34","28");
INSERT INTO inventory_total_details VALUES("2121","2","0","0","-1","0","0","0","2016-05-30","2016-05-30 16:56:09","24","2016-05-30 17:57:00","24");
INSERT INTO inventory_total_details VALUES("2125","2","0","0","-1","0","0","0","2016-05-30","2016-05-30 17:14:38","24","2016-05-30 20:45:32","24");
INSERT INTO inventory_total_details VALUES("2126","2","0","0","-1","0","0","0","2016-05-30","2016-05-30 17:17:44","24","2016-05-30 20:46:56","24");
INSERT INTO inventory_total_details VALUES("2127","2","0","0","-1","0","0","0","2016-06-01","2016-06-01 09:16:57","28","2016-06-01 09:16:57","28");
INSERT INTO inventory_total_details VALUES("2128","2","0","0","-1","0","0","0","2016-05-30","2016-05-30 17:17:34","27","2016-05-30 18:49:32","27");
INSERT INTO inventory_total_details VALUES("2129","2","0","0","-1","0","0","0","2016-05-31","2016-05-31 08:02:05","28","2016-05-31 12:43:49","28");
INSERT INTO inventory_total_details VALUES("2130","2","0","0","-1","0","0","0","2016-05-31","2016-05-31 11:51:20","28","2016-05-31 12:08:32","28");
INSERT INTO inventory_total_details VALUES("2131","2","0","0","-1","0","0","0","2016-06-02","2016-06-02 09:48:54","28","2016-06-02 09:48:54","28");
INSERT INTO inventory_total_details VALUES("2133","2","0","0","-1","0","0","0","2016-05-30","2016-05-30 20:04:42","24","2016-05-30 20:04:42","24");
INSERT INTO inventory_total_details VALUES("2134","2","0","0","-2","0","0","0","2016-05-30","2016-05-30 17:16:20","27","2016-05-30 18:50:52","27");
INSERT INTO inventory_total_details VALUES("2135","2","0","0","-2","0","0","0","2016-05-31","2016-05-31 18:50:40","24","2016-05-31 18:50:40","24");
INSERT INTO inventory_total_details VALUES("2136","2","0","0","-2","0","0","0","2016-05-30","2016-05-30 17:16:20","27","2016-05-30 18:50:52","27");
INSERT INTO inventory_total_details VALUES("2137","2","0","0","-1","0","0","0","2016-05-30","2016-05-30 17:00:35","1","2016-05-30 17:00:35","1");
INSERT INTO inventory_total_details VALUES("2138","2","0","0","-1","0","0","0","2016-06-01","2016-06-01 18:10:15","27","2016-06-01 18:10:15","27");
INSERT INTO inventory_total_details VALUES("2139","2","0","0","-1","0","0","0","2016-05-30","2016-05-30 19:37:44","27","2016-05-30 19:37:44","27");
INSERT INTO inventory_total_details VALUES("2140","2","0","0","-1","0","0","0","2016-05-30","2016-05-30 17:16:20","27","2016-05-30 18:50:52","27");
INSERT INTO inventory_total_details VALUES("2141","2","0","0","-1","0","0","0","2016-05-31","2016-05-31 16:15:13","1","2016-05-31 16:15:13","1");
INSERT INTO inventory_total_details VALUES("2142","2","0","0","-1","0","0","0","2016-06-04","2016-06-04 12:04:34","27","2016-06-04 16:08:30","27");
INSERT INTO inventory_total_details VALUES("2143","2","0","0","-1","0","0","0","2016-06-01","2016-06-01 14:37:00","24","2016-06-01 14:37:00","24");
INSERT INTO inventory_total_details VALUES("2144","2","0","0","-1","0","0","0","2016-06-02","2016-06-02 16:28:24","27","2016-06-02 16:28:24","27");
INSERT INTO inventory_total_details VALUES("2146","2","0","0","-1","0","0","0","2016-05-31","2016-05-31 04:25:13","28","2016-05-31 19:18:40","28");
INSERT INTO inventory_total_details VALUES("2163","2","0","0","-1","0","0","0","2016-05-30","2016-05-30 19:12:04","24","2016-05-30 20:36:29","24");
INSERT INTO inventory_total_details VALUES("2164","2","0","0","-1","0","0","0","2016-05-30","2016-05-30 16:53:06","27","2016-05-30 19:14:29","27");
INSERT INTO inventory_total_details VALUES("2165","2","0","0","-1","0","0","0","2016-05-30","2016-05-30 17:13:26","1","2016-05-30 17:13:26","1");
INSERT INTO inventory_total_details VALUES("2166","2","0","0","-8","0","0","0","2016-05-30","2016-05-30 15:16:51","1","2016-05-30 16:55:10","1");
INSERT INTO inventory_total_details VALUES("2172","2","0","0","-1","0","0","0","2016-05-30","2016-05-30 17:07:00","24","2016-05-30 20:45:07","24");
INSERT INTO inventory_total_details VALUES("2173","2","0","0","-1","0","0","0","2016-05-31","2016-05-31 10:33:37","28","2016-05-31 11:09:13","28");
INSERT INTO inventory_total_details VALUES("2174","2","0","0","-1","0","0","0","2016-05-31","2016-05-31 09:21:37","24","2016-05-31 09:21:37","24");
INSERT INTO inventory_total_details VALUES("2178","2","0","0","-1","0","0","0","2016-06-02","2016-06-02 05:19:47","24","2016-06-02 05:19:47","24");
INSERT INTO inventory_total_details VALUES("2179","2","0","0","-1","0","0","0","2016-06-19","2016-06-19 13:01:57","26","2016-06-19 13:01:57","26");
INSERT INTO inventory_total_details VALUES("2182","2","0","0","-1","0","0","0","2016-05-30","2016-05-30 18:50:52","27","2016-05-30 18:50:52","27");
INSERT INTO inventory_total_details VALUES("2183","2","0","0","-1","0","0","0","2016-06-17","2016-06-17 08:39:20","26","2016-06-17 08:39:20","26");
INSERT INTO inventory_total_details VALUES("2188","2","0","0","-1","0","0","0","2016-06-02","2016-06-02 05:19:47","27","2016-06-02 19:29:45","27");
INSERT INTO inventory_total_details VALUES("2197","2","0","0","-2","0","0","0","2016-05-31","2016-05-31 05:33:48","24","2016-05-31 18:01:04","24");
INSERT INTO inventory_total_details VALUES("2198","2","0","0","-1","0","0","0","2016-05-31","2016-05-31 06:32:11","28","2016-05-31 15:18:23","28");
INSERT INTO inventory_total_details VALUES("2199","2","0","0","-1","0","0","0","2016-05-30","2016-05-30 20:45:32","24","2016-05-30 20:45:32","24");
INSERT INTO inventory_total_details VALUES("2201","2","0","0","-1","0","0","0","2016-07-22","2016-07-22 07:59:15","28","2016-07-22 07:59:15","28");
INSERT INTO inventory_total_details VALUES("2202","2","0","0","-1","0","0","0","2016-06-05","2016-06-05 05:43:31","24","2016-06-05 05:43:31","24");
INSERT INTO inventory_total_details VALUES("2203","2","0","0","-2","0","0","0","2016-06-01","2016-06-01 18:10:15","27","2016-06-01 18:10:15","27");
INSERT INTO inventory_total_details VALUES("2204","2","0","0","-1","0","0","0","2016-06-05","2016-06-05 15:46:14","24","2016-06-05 15:46:14","24");
INSERT INTO inventory_total_details VALUES("2206","2","0","0","-2","0","0","0","2016-06-11","2016-06-11 18:11:55","26","2016-06-11 18:11:55","26");
INSERT INTO inventory_total_details VALUES("2207","2","0","0","-1","0","0","0","2016-06-05","2016-06-05 20:28:13","28","2016-06-05 20:28:13","28");
INSERT INTO inventory_total_details VALUES("2208","2","0","0","-1","0","0","0","2016-06-03","2016-06-03 12:29:19","24","2016-06-03 12:29:19","24");
INSERT INTO inventory_total_details VALUES("2209","2","0","0","-1","0","0","0","2016-06-01","2016-06-01 15:42:51","24","2016-06-01 15:42:51","24");
INSERT INTO inventory_total_details VALUES("2213","2","0","0","-1","0","0","0","2016-06-08","2016-06-08 08:14:22","28","2016-06-08 08:14:22","28");
INSERT INTO inventory_total_details VALUES("2217","2","0","0","-2","0","0","0","2016-06-03","2016-06-03 19:05:30","28","2016-06-03 19:05:30","28");
INSERT INTO inventory_total_details VALUES("2218","2","0","0","-1","0","0","0","2016-05-31","2016-05-31 10:46:14","28","2016-05-31 18:18:24","28");
INSERT INTO inventory_total_details VALUES("2219","2","0","0","-1","0","0","0","2016-06-02","2016-06-02 07:11:01","27","2016-06-02 20:39:25","27");
INSERT INTO inventory_total_details VALUES("2220","2","0","0","-120","0","0","0","2016-06-06","2016-06-06 12:05:02","28","2016-06-06 12:05:02","28");
INSERT INTO inventory_total_details VALUES("2226","2","0","0","-1","0","0","0","2016-05-30","2016-05-30 20:29:24","24","2016-05-30 20:29:24","24");
INSERT INTO inventory_total_details VALUES("2228","2","0","0","-1","0","0","0","2016-05-30","2016-05-30 16:53:07","24","2016-05-30 20:52:03","24");
INSERT INTO inventory_total_details VALUES("2229","2","0","0","-10","0","0","0","2016-05-30","2016-05-30 18:02:49","24","2016-05-30 20:49:46","24");
INSERT INTO inventory_total_details VALUES("2231","2","0","0","-3","0","0","0","2016-05-30","2016-05-30 16:58:22","24","2016-05-30 21:01:14","24");
INSERT INTO inventory_total_details VALUES("2232","2","0","0","-2","0","0","0","2016-05-30","2016-05-30 18:38:35","27","2016-05-30 18:38:35","27");
INSERT INTO inventory_total_details VALUES("2233","2","0","0","-3","0","0","0","2016-05-30","2016-05-30 19:34:27","27","2016-05-30 19:51:04","27");
INSERT INTO inventory_total_details VALUES("2235","2","0","0","-1","0","0","0","2016-05-30","2016-05-30 19:37:45","27","2016-05-30 19:55:59","27");
INSERT INTO inventory_total_details VALUES("2236","2","0","0","-1","0","0","0","2016-05-30","2016-05-30 20:25:09","24","2016-05-30 20:25:09","24");
INSERT INTO inventory_total_details VALUES("2237","2","0","0","-2","0","0","0","2016-06-06","2016-06-06 07:55:52","26","2016-06-06 07:55:52","26");
INSERT INTO inventory_total_details VALUES("2238","2","0","0","-2","0","0","0","2016-05-31","2016-05-31 06:54:44","28","2016-05-31 18:18:35","28");
INSERT INTO inventory_total_details VALUES("2239","2","0","0","-1","0","0","0","2016-05-31","2016-05-31 11:09:13","28","2016-05-31 19:15:47","28");
INSERT INTO inventory_total_details VALUES("2240","2","0","0","-1","0","0","0","2016-05-30","2016-05-30 16:58:52","27","2016-05-30 19:23:13","27");
INSERT INTO inventory_total_details VALUES("2241","2","0","0","-1","0","0","0","2016-05-31","2016-05-31 13:05:46","28","2016-05-31 18:12:43","28");
INSERT INTO inventory_total_details VALUES("2243","2","0","0","-2","0","0","0","2016-05-30","2016-05-30 17:15:34","1","2016-05-30 17:15:34","1");
INSERT INTO inventory_total_details VALUES("2250","2","0","0","-1","0","0","0","2016-05-30","2016-05-30 17:14:12","24","2016-05-30 20:46:56","24");
INSERT INTO inventory_total_details VALUES("2251","2","0","0","-1","0","0","0","2016-07-09","2016-07-09 18:58:52","28","2016-07-09 18:58:52","28");
INSERT INTO inventory_total_details VALUES("2252","2","0","0","-3","0","0","0","2016-06-04","2016-06-04 16:15:52","28","2016-06-04 20:22:10","28");
INSERT INTO inventory_total_details VALUES("2253","2","0","0","-1","0","0","0","2016-05-31","2016-05-31 13:24:22","28","2016-05-31 13:24:22","28");
INSERT INTO inventory_total_details VALUES("2254","2","0","0","-5","0","0","0","2016-05-31","2016-05-31 18:14:09","28","2016-05-31 20:17:14","28");
INSERT INTO inventory_total_details VALUES("2255","2","0","0","-5","0","0","0","2016-06-02","2016-06-02 18:24:09","24","2016-06-02 18:24:09","24");
INSERT INTO inventory_total_details VALUES("2256","2","0","0","-1","0","0","0","2016-06-02","2016-06-02 17:07:21","28","2016-06-02 18:40:44","28");
INSERT INTO inventory_total_details VALUES("2257","2","0","0","-1","0","0","0","2016-06-02","2016-06-02 18:53:00","28","2016-06-02 18:53:00","28");
INSERT INTO inventory_total_details VALUES("2258","2","0","0","-1","0","0","0","2016-06-06","2016-06-06 11:06:36","26","2016-06-06 11:06:36","26");
INSERT INTO inventory_total_details VALUES("2259","2","0","0","-2","0","0","0","2016-06-22","2016-06-22 14:12:02","28","2016-06-22 19:30:07","28");
INSERT INTO inventory_total_details VALUES("2260","2","0","0","-1","0","0","0","2016-07-11","2016-07-11 05:45:45","26","2016-07-11 05:45:45","26");
INSERT INTO inventory_total_details VALUES("2262","2","0","0","-1","0","0","0","2016-07-21","2016-07-21 07:37:38","26","2016-07-21 07:37:38","26");



INSERT INTO sales_orders VALUES("56250","2","1","","16SO056228","3000","0.75","0","0","0","2016-07-27","2016-07-27","","2016-07-27 04:12:01","26","2016-07-27 04:12:01","26","1","1","0"),
("56251","2","1","","16SO056229","12500","3.125","0","0","0","2016-07-27","2016-07-27","","2016-07-27 04:16:51","26","2016-07-27 04:16:51","26","1","1","0"),
("56252","2","1","","16SO056230","4300","1.075","0","0","0","2016-07-27","2016-07-27","","2016-07-27 04:25:32","26","2016-07-27 04:25:32","26","1","1","0"),
("56253","2","1","","16SO056231","4500","1.125","0","0","0","2016-07-27","2016-07-27","","2016-07-27 04:25:47","26","2016-07-27 04:25:47","26","1","1","0"),
("56254","2","1","","16SO056232","4500","1.125","0","0","0","2016-07-27","2016-07-27","","2016-07-27 04:34:02","26","2016-07-27 04:34:02","26","1","1","0"),
("56255","2","1","","16SO056233","82000","20.5","0","0","0","2016-07-27","2016-07-27","","2016-07-27 04:45:24","26","2016-07-27 04:45:24","26","1","1","0"),
("56256","2","1","","16SO056234","8000","2","0","0","0","2016-07-27","2016-07-27","","2016-07-27 04:45:50","26","2016-07-27 04:45:50","26","1","1","0"),
("56257","2","1","","16SO056235","500","0.125","0","0","0","2016-07-27","2016-07-27","","2016-07-27 04:45:56","26","2016-07-27 04:45:56","26","1","1","0"),
("56258","2","1","","16SO056236","2500","0.625","0","0","0","2016-07-27","2016-07-27","","2016-07-27 04:48:16","26","2016-07-27 04:48:16","26","1","1","0"),
("56259","2","1","","16SO056237","21000","5.25","0","0","0","2016-07-27","2016-07-27","","2016-07-27 04:55:15","26","2016-07-27 04:55:15","26","1","1","0"),
("56260","2","1","","16SO056238","4000","1","0","0","0","2016-07-27","2016-07-27","","2016-07-27 05:01:59","26","2016-07-27 05:01:59","26","1","1","0"),
("56261","2","1","","16SO056239","1500","0.375","0","0","0","2016-07-27","2016-07-27","","2016-07-27 05:02:59","26","2016-07-27 05:02:59","26","1","1","0"),
("56262","2","1","","16SO056240","5500","1.375","0","0","0","2016-07-27","2016-07-27","","2016-07-27 05:03:36","26","2016-07-27 05:03:36","26","1","1","0"),
("56263","2","1","","16SO056241","3000","0.75","0","0","0","2016-07-27","2016-07-27","","2016-07-27 05:13:19","26","2016-07-27 05:13:19","26","1","1","0"),
("56264","2","1","","16SO056242","3000","0.75","0","0","0","2016-07-27","2016-07-27","","2016-07-27 05:14:26","26","2016-07-27 05:14:26","26","1","1","0"),
("56265","2","1","","16SO056243","4000","1","0","0","0","2016-07-27","2016-07-27","","2016-07-27 05:18:34","26","2016-07-27 05:18:34","26","1","1","0"),
("56266","2","1","","16SO056244","500","0.125","0","0","0","2016-07-27","2016-07-27","","2016-07-27 05:21:04","26","2016-07-27 05:21:04","26","1","1","0"),
("56267","2","1","","16SO056245","700","0.175","0","0","0","2016-07-27","2016-07-27","","2016-07-27 05:22:02","26","2016-07-27 05:22:02","26","1","1","0"),
("56268","2","1","","16SO056246","2500","0.625","0","0","0","2016-07-27","2016-07-27","","2016-07-27 05:22:22","26","2016-07-27 05:22:22","26","1","1","0"),
("56269","2","1","","16SO056247","2000","0.5","0","0","0","2016-07-27","2016-07-27","","2016-07-27 05:22:42","26","2016-07-27 05:22:42","26","1","1","0"),
("56270","2","1","","16SO056248","63000","15.75","0","0","0","2016-07-27","2016-07-27","","2016-07-27 05:29:35","26","2016-07-27 05:29:35","26","1","1","0"),
("56271","2","1","","16SO056249","1400","0.35","0","0","0","2016-07-27","2016-07-27","","2016-07-27 05:29:46","26","2016-07-27 05:29:46","26","1","1","0"),
("56272","2","1","","16SO056250","35000","8.75","0","0","0","2016-07-27","2016-07-27","","2016-07-27 05:31:38","26","2016-07-27 05:31:38","26","1","1","0"),
("56273","2","1","","16SO056251","700","0.175","0","0","0","2016-07-27","2016-07-27","","2016-07-27 05:33:29","26","2016-07-27 05:33:29","26","1","1","0"),
("56274","2","1","","16SO056252","10000","2.5","0","0","0","2016-07-27","2016-07-27","","2016-07-27 05:35:29","26","2016-07-27 05:35:29","26","1","1","0"),
("56275","2","1","","16SO056253","56500","14.125","0","0","0","2016-07-27","2016-07-27","","2016-07-27 05:38:04","26","2016-07-27 05:38:04","26","1","1","0"),
("56276","2","1","","16SO056254","1000","0.25","0","0","0","2016-07-27","2016-07-27","","2016-07-27 05:38:34","26","2016-07-27 05:38:34","26","1","1","0"),
("56277","2","1","","16SO056255","4500","1.125","0","0","0","2016-07-27","2016-07-27","","2016-07-27 05:40:53","26","2016-07-27 05:40:53","26","1","1","0"),
("56278","2","1","","16SO056256","4000","1","0","0","0","2016-07-27","2016-07-27","","2016-07-27 05:41:20","26","2016-07-27 05:41:20","26","1","1","0"),
("56279","2","1","","16SO056257","55500","13.875","0","0","0","2016-07-27","2016-07-27","","2016-07-27 05:42:20","26","2016-07-27 05:42:20","26","1","1","0"),
("56280","2","1","","16SO056258","2500","0.625","0","0","0","2016-07-27","2016-07-27","","2016-07-27 05:42:26","26","2016-07-27 05:42:26","26","1","1","0"),
("56281","2","1","","16SO056259","2500","0.625","0","0","0","2016-07-27","2016-07-27","","2016-07-27 05:49:21","26","2016-07-27 05:49:21","26","1","1","0"),
("56282","2","1","","16SO056260","500","0.125","0","0","0","2016-07-27","2016-07-27","","2016-07-27 05:49:45","26","2016-07-27 05:49:45","26","1","1","0"),
("56283","2","1","","16SO056261","3000","0.75","0","0","0","2016-07-27","2016-07-27","","2016-07-27 05:52:17","26","2016-07-27 05:52:17","26","1","1","0"),
("56284","2","1","","16SO056262","4500","1.125","0","0","0","2016-07-27","2016-07-27","","2016-07-27 05:52:45","26","2016-07-27 05:52:45","26","1","1","0"),
("56285","2","1","","16SO056263","1500","0.375","0","0","0","2016-07-27","2016-07-27","","2016-07-27 05:58:15","26","2016-07-27 05:58:15","26","1","1","0"),
("56286","2","1","","16SO056264","2000","0.5","0","0","0","2016-07-27","2016-07-27","","2016-07-27 05:59:22","26","2016-07-27 05:59:22","26","1","1","0");

INSERT INTO sales_order_details VALUES("74702","56250","0","2228","6","1","1","500","3000","","","0","0","2016-07-27 04:12:02","2016-07-27 04:12:02"),
("74703","56251","0","2146","1","1","1","3500","3500","","","0","0","2016-07-27 04:16:51","2016-07-27 04:16:51"),
("74704","56251","0","2228","18","1","1","500","9000","","","0","0","2016-07-27 04:16:51","2016-07-27 04:16:51"),
("74705","56252","0","2231","1","1","1","1500","1500","","","0","0","2016-07-27 04:25:32","2016-07-27 04:25:32"),
("74706","56252","0","2229","4","1","1","700","2800","","","0","0","2016-07-27 04:25:32","2016-07-27 04:25:32"),
("74707","56253","0","2231","3","1","1","1500","4500","","","0","0","2016-07-27 04:25:48","2016-07-27 04:25:48"),
("74708","56254","0","2231","1","1","1","1500","1500","","","0","0","2016-07-27 04:34:02","2016-07-27 04:34:02"),
("74709","56254","0","2228","2","1","1","500","1000","","","0","0","2016-07-27 04:34:02","2016-07-27 04:34:02"),
("74710","56254","0","2232","2","1","1","1000","2000","","","0","0","2016-07-27 04:34:02","2016-07-27 04:34:02"),
("74711","56255","0","2071","20","1","1","700","14000","","","0","0","2016-07-27 04:45:24","2016-07-27 04:45:24"),
("74712","56255","0","2070","10","1","1","700","7000","","","0","0","2016-07-27 04:45:24","2016-07-27 04:45:24"),
("74713","56255","0","2165","10","1","1","700","7000","","","0","0","2016-07-27 04:45:24","2016-07-27 04:45:24"),
("74714","56255","0","2067","10","1","1","700","7000","","","0","0","2016-07-27 04:45:24","2016-07-27 04:45:24"),
("74715","56255","0","2065","10","1","1","700","7000","","","0","0","2016-07-27 04:45:24","2016-07-27 04:45:24"),
("74716","56255","0","2228","100","1","1","400","40000","","","0","0","2016-07-27 04:45:24","2016-07-27 04:45:24"),
("74717","56256","0","2229","16","1","1","500","8000","","","0","0","2016-07-27 04:45:50","2016-07-27 04:45:50"),
("74718","56257","0","2228","1","1","1","500","500","","","0","0","2016-07-27 04:45:56","2016-07-27 04:45:56"),
("74719","56258","0","2228","5","1","1","500","2500","","","0","0","2016-07-27 04:48:17","2016-07-27 04:48:17"),
("74720","56259","0","2229","6","1","1","500","3000","","","0","0","2016-07-27 04:55:15","2016-07-27 04:55:15"),
("74721","56259","0","2233","12","1","1","1500","18000","","","0","0","2016-07-27 04:55:15","2016-07-27 04:55:15"),
("74722","56260","0","2233","2","1","1","2000","4000","","","0","0","2016-07-27 05:01:59","2016-07-27 05:01:59"),
("74723","56261","0","2231","1","1","1","1500","1500","","","0","0","2016-07-27 05:02:59","2016-07-27 05:02:59"),
("74724","56262","0","2104","1","1","1","5500","5500","","","0","0","2016-07-27 05:03:36","2016-07-27 05:03:36"),
("74725","56263","0","2233","2","1","1","1500","3000","","","0","0","2016-07-27 05:13:19","2016-07-27 05:13:19"),
("74726","56264","0","2231","2","1","1","1500","3000","","","0","0","2016-07-27 05:14:26","2016-07-27 05:14:26"),
("74727","56265","0","2233","2","1","1","2000","4000","","","0","0","2016-07-27 05:18:34","2016-07-27 05:18:34"),
("74728","56266","0","2228","1","1","1","500","500","","","0","0","2016-07-27 05:21:04","2016-07-27 05:21:04"),
("74729","56267","0","2229","1","1","1","700","700","","","0","0","2016-07-27 05:22:03","2016-07-27 05:22:03"),
("74730","56268","0","2228","5","1","1","500","2500","","","0","0","2016-07-27 05:22:22","2016-07-27 05:22:22"),
("74731","56269","0","2228","4","1","1","500","2000","","","0","0","2016-07-27 05:22:42","2016-07-27 05:22:42"),
("74732","56270","0","2231","10","1","1","1200","12000","","","0","0","2016-07-27 05:29:35","2016-07-27 05:29:35"),
("74733","56270","0","2232","5","1","1","800","4000","","","0","0","2016-07-27 05:29:35","2016-07-27 05:29:35"),
("74734","56270","0","2233","8","1","1","1500","12000","","","0","0","2016-07-27 05:29:35","2016-07-27 05:29:35"),
("74735","56270","0","2229","70","1","1","500","35000","","","0","0","2016-07-27 05:29:35","2016-07-27 05:29:35"),
("74736","56271","0","2229","2","1","1","700","1400","","","0","0","2016-07-27 05:29:46","2016-07-27 05:29:46"),
("74737","56272","0","2229","50","1","1","700","35000","","","0","0","2016-07-27 05:31:38","2016-07-27 05:31:38"),
("74738","56273","0","2229","1","1","1","700","700","","","0","0","2016-07-27 05:33:29","2016-07-27 05:33:29"),
("74739","56274","0","2228","20","1","1","500","10000","","","0","0","2016-07-27 05:35:29","2016-07-27 05:35:29"),
("74740","56275","0","2233","6","1","1","1500","9000","","","0","0","2016-07-27 05:38:04","2016-07-27 05:38:04"),
("74741","56275","0","2228","50","1","1","400","20000","","","0","0","2016-07-27 05:38:04","2016-07-27 05:38:04"),
("74742","56275","0","2229","55","1","1","500","27500","","","0","0","2016-07-27 05:38:04","2016-07-27 05:38:04"),
("74743","56276","0","2218","1","1","1","1000","1000","","","0","0","2016-07-27 05:38:34","2016-07-27 05:38:34"),
("74744","56277","0","2083","1","1","1","2500","2500","","","0","0","2016-07-27 05:40:53","2016-07-27 05:40:53"),
("74745","56277","0","2232","2","1","1","1000","2000","","","0","0","2016-07-27 05:40:53","2016-07-27 05:40:53"),
("74746","56278","0","2228","2","1","1","500","1000","","","0","0","2016-07-27 05:41:20","2016-07-27 05:41:20"),
("74747","56278","0","2231","2","1","1","1500","3000","","","0","0","2016-07-27 05:41:20","2016-07-27 05:41:20"),
("74748","56279","0","2231","10","1","1","1200","12000","","","0","0","2016-07-27 05:42:20","2016-07-27 05:42:20"),
("74749","56279","0","2233","5","1","1","1500","7500","","","0","0","2016-07-27 05:42:20","2016-07-27 05:42:20"),
("74750","56279","0","2228","90","1","1","400","36000","","","0","0","2016-07-27 05:42:20","2016-07-27 05:42:20"),
("74751","56280","0","2197","1","1","1","2500","2500","","","0","0","2016-07-27 05:42:26","2016-07-27 05:42:26"),
("74752","56281","0","2228","5","1","1","500","2500","","","0","0","2016-07-27 05:49:21","2016-07-27 05:49:21"),
("74753","56282","0","2228","1","1","1","500","500","","","0","0","2016-07-27 05:49:45","2016-07-27 05:49:45"),
("74754","56283","0","2228","3","1","1","500","1500","","","0","0","2016-07-27 05:52:17","2016-07-27 05:52:17"),
("74755","56283","0","2231","1","1","1","1500","1500","","","0","0","2016-07-27 05:52:17","2016-07-27 05:52:17"),
("74756","56284","0","2231","2","1","1","1500","3000","","","0","0","2016-07-27 05:52:45","2016-07-27 05:52:45"),
("74757","56284","0","2228","3","1","1","500","1500","","","0","0","2016-07-27 05:52:45","2016-07-27 05:52:45"),
("74758","56285","0","2231","1","1","1","1500","1500","","","0","0","2016-07-27 05:58:15","2016-07-27 05:58:15"),
("74759","56286","0","2228","4","1","1","500","2000","","","0","0","2016-07-27 05:59:22","2016-07-27 05:59:22");

INSERT INTO sales_order_receipts VALUES("56371","56250","7","16RE056368","0","3000","3000","0","2016-07-27","2016-07-27","2016-07-27 04:12:01","26","2016-07-27 04:12:01","26","1"),
("56372","56251","7","16RE056369","0","12500","12500","0","2016-07-27","2016-07-27","2016-07-27 04:16:51","26","2016-07-27 04:16:51","26","1"),
("56373","56252","7","16RE056370","0","4300","4300","0","2016-07-27","2016-07-27","2016-07-27 04:25:32","26","2016-07-27 04:25:32","26","1"),
("56374","56253","7","16RE056371","0","4500","4500","0","2016-07-27","2016-07-27","2016-07-27 04:25:48","26","2016-07-27 04:25:48","26","1"),
("56375","56254","7","16RE056372","0","4500","4500","0","2016-07-27","2016-07-27","2016-07-27 04:34:02","26","2016-07-27 04:34:02","26","1"),
("56376","56255","7","16RE056373","0","82000","82000","0","2016-07-27","2016-07-27","2016-07-27 04:45:24","26","2016-07-27 04:45:24","26","1"),
("56377","56256","7","16RE056374","0","8000","8000","0","2016-07-27","2016-07-27","2016-07-27 04:45:50","26","2016-07-27 04:45:50","26","1"),
("56378","56257","7","16RE056375","0","500","500","0","2016-07-27","2016-07-27","2016-07-27 04:45:56","26","2016-07-27 04:45:56","26","1"),
("56379","56258","7","16RE056376","0","2500","2500","0","2016-07-27","2016-07-27","2016-07-27 04:48:16","26","2016-07-27 04:48:16","26","1"),
("56380","56259","7","16RE056377","0","21000","21000","0","2016-07-27","2016-07-27","2016-07-27 04:55:15","26","2016-07-27 04:55:15","26","1"),
("56381","56260","7","16RE056378","0","4000","4000","0","2016-07-27","2016-07-27","2016-07-27 05:01:59","26","2016-07-27 05:01:59","26","1"),
("56382","56261","7","16RE056379","0","1500","1500","0","2016-07-27","2016-07-27","2016-07-27 05:02:59","26","2016-07-27 05:02:59","26","1"),
("56383","56262","7","16RE056380","0","5500","5500","0","2016-07-27","2016-07-27","2016-07-27 05:03:36","26","2016-07-27 05:03:36","26","1"),
("56384","56263","7","16RE056381","0","3000","3000","0","2016-07-27","2016-07-27","2016-07-27 05:13:19","26","2016-07-27 05:13:19","26","1"),
("56385","56264","7","16RE056382","0","3000","3000","0","2016-07-27","2016-07-27","2016-07-27 05:14:26","26","2016-07-27 05:14:26","26","1"),
("56386","56265","7","16RE056383","0","4000","4000","0","2016-07-27","2016-07-27","2016-07-27 05:18:34","26","2016-07-27 05:18:34","26","1"),
("56387","56266","7","16RE056384","0","500","500","0","2016-07-27","2016-07-27","2016-07-27 05:21:04","26","2016-07-27 05:21:04","26","1"),
("56388","56267","7","16RE056385","0","700","700","0","2016-07-27","2016-07-27","2016-07-27 05:22:03","26","2016-07-27 05:22:03","26","1"),
("56389","56268","7","16RE056386","0","2500","2500","0","2016-07-27","2016-07-27","2016-07-27 05:22:22","26","2016-07-27 05:22:22","26","1"),
("56390","56269","7","16RE056387","0","2000","2000","0","2016-07-27","2016-07-27","2016-07-27 05:22:42","26","2016-07-27 05:22:42","26","1"),
("56391","56270","7","16RE056388","0","63000","63000","0","2016-07-27","2016-07-27","2016-07-27 05:29:35","26","2016-07-27 05:29:35","26","1"),
("56392","56271","7","16RE056389","0","1400","1400","0","2016-07-27","2016-07-27","2016-07-27 05:29:46","26","2016-07-27 05:29:46","26","1"),
("56393","56272","7","16RE056390","0","35000","35000","0","2016-07-27","2016-07-27","2016-07-27 05:31:38","26","2016-07-27 05:31:38","26","1"),
("56394","56273","7","16RE056391","0","700","700","0","2016-07-27","2016-07-27","2016-07-27 05:33:29","26","2016-07-27 05:33:29","26","1"),
("56395","56274","7","16RE056392","0","10000","10000","0","2016-07-27","2016-07-27","2016-07-27 05:35:29","26","2016-07-27 05:35:29","26","1"),
("56396","56275","7","16RE056393","0","56500","56500","0","2016-07-27","2016-07-27","2016-07-27 05:38:04","26","2016-07-27 05:38:04","26","1"),
("56397","56276","7","16RE056394","0","1000","1000","0","2016-07-27","2016-07-27","2016-07-27 05:38:34","26","2016-07-27 05:38:34","26","1"),
("56398","56277","7","16RE056395","0","4500","4500","0","2016-07-27","2016-07-27","2016-07-27 05:40:53","26","2016-07-27 05:40:53","26","1"),
("56399","56278","7","16RE056396","0","4000","4000","0","2016-07-27","2016-07-27","2016-07-27 05:41:20","26","2016-07-27 05:41:20","26","1"),
("56400","56279","7","16RE056397","0","55500","55500","0","2016-07-27","2016-07-27","2016-07-27 05:42:20","26","2016-07-27 05:42:20","26","1"),
("56401","56280","7","16RE056398","0","2500","2500","0","2016-07-27","2016-07-27","2016-07-27 05:42:26","26","2016-07-27 05:42:26","26","1"),
("56402","56281","7","16RE056399","0","2500","2500","0","2016-07-27","2016-07-27","2016-07-27 05:49:21","26","2016-07-27 05:49:21","26","1"),
("56403","56282","7","16RE056400","0","500","500","0","2016-07-27","2016-07-27","2016-07-27 05:49:45","26","2016-07-27 05:49:45","26","1"),
("56404","56283","7","16RE056401","0","3000","3000","0","2016-07-27","2016-07-27","2016-07-27 05:52:17","26","2016-07-27 05:52:17","26","1"),
("56405","56284","7","16RE056402","0","4500","4500","0","2016-07-27","2016-07-27","2016-07-27 05:52:45","26","2016-07-27 05:52:45","26","1"),
("56406","56285","7","16RE056403","0","1500","1500","0","2016-07-27","2016-07-27","2016-07-27 05:58:15","26","2016-07-27 05:58:15","26","1"),
("56407","56286","7","16RE056404","0","2000","2000","0","2016-07-27","2016-07-27","2016-07-27 05:59:22","26","2016-07-27 05:59:22","26","1");

