INSERT INTO inventories VALUES("74961","","","","56452","","","2228","2","10","0","500","2016-07-27","0000-00-00","","2016-07-27 09:00:45","28","2016-07-27 09:00:45","28","1"),
("74962","","","","56453","","","2231","2","2","0","1500","2016-07-27","0000-00-00","","2016-07-27 09:01:20","32","2016-07-27 09:01:20","32","1"),
("74963","","","","56454","","","2228","2","4","0","500","2016-07-27","0000-00-00","","2016-07-27 09:03:50","28","2016-07-27 09:03:50","28","1"),
("74964","","","","56455","","","2204","2","1","0","10000","2016-07-27","0000-00-00","","2016-07-27 09:04:20","28","2016-07-27 09:04:20","28","1"),
("74965","","","","56455","","","2141","2","1","0","60000","2016-07-27","0000-00-00","","2016-07-27 09:04:20","28","2016-07-27 09:04:20","28","1"),
("74966","","","","56456","","","2233","2","1","0","2000","2016-07-27","0000-00-00","","2016-07-27 09:04:37","28","2016-07-27 09:04:37","28","1"),
("74967","","","","56457","","","2228","2","4","0","500","2016-07-27","0000-00-00","","2016-07-27 09:06:37","28","2016-07-27 09:06:37","28","1"),
("74968","","","","56458","","","2228","2","2","0","500","2016-07-27","0000-00-00","","2016-07-27 09:07:09","32","2016-07-27 09:07:09","32","1"),
("74969","","","","56459","","","2197","2","2","0","2500","2016-07-27","0000-00-00","","2016-07-27 09:07:27","28","2016-07-27 09:07:27","28","1"),
("74970","","","","56460","","","2083","2","1","0","2500","2016-07-27","0000-00-00","","2016-07-27 09:07:37","32","2016-07-27 09:07:37","32","1"),
("74971","","","","56461","","","2250","2","1","0","500","2016-07-27","0000-00-00","","2016-07-27 09:07:49","28","2016-07-27 09:07:49","28","1"),
("74972","","","","56461","","","2064","2","1","0","2000","2016-07-27","0000-00-00","","2016-07-27 09:07:49","28","2016-07-27 09:07:49","28","1"),
("74973","","","","56462","","","2254","2","4","0","500","2016-07-27","0000-00-00","","2016-07-27 09:07:55","32","2016-07-27 09:07:55","32","1"),
("74974","","","","56463","","","2250","2","1","0","500","2016-07-27","0000-00-00","","2016-07-27 09:08:18","32","2016-07-27 09:08:18","32","1"),
("74975","","","","56464","","","2233","2","1","0","2000","2016-07-27","0000-00-00","","2016-07-27 09:08:41","32","2016-07-27 09:08:41","32","1"),
("74976","","","","56465","","","2228","2","5","0","500","2016-07-27","0000-00-00","","2016-07-27 09:13:49","32","2016-07-27 09:13:49","32","1"),
("74977","","","","56466","","","2218","2","1","0","1000","2016-07-27","0000-00-00","","2016-07-27 09:14:02","28","2016-07-27 09:14:02","28","1"),
("74978","","","","56466","","","2110","2","1","0","2500","2016-07-27","0000-00-00","","2016-07-27 09:14:02","28","2016-07-27 09:14:02","28","1"),
("74979","","","","56467","","","2240","2","1","0","5000","2016-07-27","0000-00-00","","2016-07-27 09:14:29","28","2016-07-27 09:14:29","28","1"),
("74980","","","","56468","","","2235","2","4","0","2500","2016-07-27","0000-00-00","","2016-07-27 09:15:17","28","2016-07-27 09:15:17","28","1"),
("74981","","","","56468","","","2102","2","1","0","5000","2016-07-27","0000-00-00","","2016-07-27 09:15:18","28","2016-07-27 09:15:18","28","1"),
("74982","","","","56469","","","2126","2","1","0","2000","2016-07-27","0000-00-00","","2016-07-27 09:16:37","28","2016-07-27 09:16:37","28","1"),
("74983","","","","56470","","","2228","2","1","0","500","2016-07-27","0000-00-00","","2016-07-27 09:16:44","28","2016-07-27 09:16:44","28","1"),
("74984","","","","56471","","","2116","2","1","0","7500","2016-07-27","0000-00-00","","2016-07-27 09:18:35","32","2016-07-27 09:18:35","32","1"),
("74985","","","","56471","","","2065","2","20","0","1000","2016-07-27","0000-00-00","","2016-07-27 09:18:36","32","2016-07-27 09:18:36","32","1"),
("74986","","","","56471","","","2228","2","50","0","500","2016-07-27","0000-00-00","","2016-07-27 09:18:36","32","2016-07-27 09:18:36","32","1"),
("74987","","","","56471","","","2126","2","2","0","2000","2016-07-27","0000-00-00","","2016-07-27 09:18:36","32","2016-07-27 09:18:36","32","1"),
("74988","","","","56471","","","2125","2","2","0","1000","2016-07-27","0000-00-00","","2016-07-27 09:18:36","32","2016-07-27 09:18:36","32","1"),
("74989","","","","56471","","","2197","2","2","0","2500","2016-07-27","0000-00-00","","2016-07-27 09:18:36","32","2016-07-27 09:18:36","32","1"),
("74990","","","","56472","","","2166","2","20","0","700","2016-07-27","0000-00-00","","2016-07-27 09:19:08","28","2016-07-27 09:19:08","28","1"),
("74991","","","","56473","","","2228","2","5","0","500","2016-07-27","0000-00-00","","2016-07-27 09:19:23","28","2016-07-27 09:19:23","28","1"),
("74992","","","","56474","","","2231","2","4","0","1500","2016-07-27","0000-00-00","","2016-07-27 09:19:55","28","2016-07-27 09:19:55","28","1"),
("74993","","","","56475","","","2093","2","2","0","3000","2016-07-27","0000-00-00","","2016-07-27 09:20:48","32","2016-07-27 09:20:48","32","1"),
("74994","","","","56475","","","2064","2","1","0","2000","2016-07-27","0000-00-00","","2016-07-27 09:20:48","32","2016-07-27 09:20:48","32","1"),
("74995","","","","56475","","","2197","2","1","0","2500","2016-07-27","0000-00-00","","2016-07-27 09:20:48","32","2016-07-27 09:20:48","32","1"),
("74996","","","","56476","","","2125","2","1","0","1000","2016-07-27","0000-00-00","","2016-07-27 09:23:25","28","2016-07-27 09:23:25","28","1"),
("74997","","","","56477","","","2228","2","15","0","500","2016-07-27","0000-00-00","","2016-07-27 09:23:53","32","2016-07-27 09:23:53","32","1"),
("74998","","","","56478","","","2125","2","1","0","1000","2016-07-27","0000-00-00","","2016-07-27 09:23:58","28","2016-07-27 09:23:58","28","1"),
("74999","","","","56478","","","2093","2","1","0","3000","2016-07-27","0000-00-00","","2016-07-27 09:23:58","28","2016-07-27 09:23:58","28","1"),
("75000","","","","56479","","","2228","2","4","0","500","2016-07-27","0000-00-00","","2016-07-27 09:26:45","32","2016-07-27 09:26:45","32","1"),
("75001","","","","56480","","","2166","2","2","0","700","2016-07-27","0000-00-00","","2016-07-27 09:26:55","32","2016-07-27 09:26:55","32","1"),
("75002","","","","56481","","","2233","2","1","0","2000","2016-07-27","0000-00-00","","2016-07-27 09:27:20","32","2016-07-27 09:27:20","32","1"),
("75003","","","","56482","","","2107","2","2","0","6000","2016-07-27","0000-00-00","","2016-07-27 09:28:48","28","2016-07-27 09:28:48","28","1"),
("75004","","","","56483","","","2107","2","2","0","6000","2016-07-27","0000-00-00","","2016-07-27 09:28:48","28","2016-07-27 09:28:48","28","1"),
("75005","","","","56484","","","2083","2","1","0","2500","2016-07-27","0000-00-00","","2016-07-27 09:29:14","32","2016-07-27 09:29:14","32","1"),
("75006","","","","56485","","","2083","2","2","0","2500","2016-07-27","0000-00-00","","2016-07-27 09:30:15","32","2016-07-27 09:30:15","32","1"),
("75007","","","","56485","","","2118","2","1","0","6500","2016-07-27","0000-00-00","","2016-07-27 09:30:15","32","2016-07-27 09:30:15","32","1"),
("75008","","","","56486","","","2231","2","3","0","1500","2016-07-27","0000-00-00","","2016-07-27 09:30:35","28","2016-07-27 09:30:35","28","1"),
("75009","","","","56486","","","2164","2","1","0","3000","2016-07-27","0000-00-00","","2016-07-27 09:30:36","28","2016-07-27 09:30:36","28","1"),
("75010","","","","56486","","","2235","2","2","0","2500","2016-07-27","0000-00-00","","2016-07-27 09:30:36","28","2016-07-27 09:30:36","28","1"),
("75011","","","","56487","","","2064","2","1","0","2000","2016-07-27","0000-00-00","","2016-07-27 09:30:41","32","2016-07-27 09:30:41","32","1"),
("75012","","","","56487","","","2250","2","2","0","500","2016-07-27","0000-00-00","","2016-07-27 09:30:41","32","2016-07-27 09:30:41","32","1"),
("75013","","","","56488","","","2228","2","2","0","500","2016-07-27","0000-00-00","","2016-07-27 09:31:01","32","2016-07-27 09:31:01","32","1"),
("75014","","","","56489","","","2228","2","9","0","500","2016-07-27","0000-00-00","","2016-07-27 09:32:40","32","2016-07-27 09:32:40","32","1"),
("75015","","","","56490","","","2107","2","2","0","6000","2016-07-27","0000-00-00","","2016-07-27 09:33:42","28","2016-07-27 09:33:42","28","1"),
("75016","","","","56490","","","2125","2","1","0","1000","2016-07-27","0000-00-00","","2016-07-27 09:33:42","28","2016-07-27 09:33:42","28","1"),
("75017","","","","56490","","","2076","2","1","0","2000","2016-07-27","0000-00-00","","2016-07-27 09:33:42","28","2016-07-27 09:33:42","28","1"),
("75018","","","","56490","","","2071","2","5","0","1000","2016-07-27","0000-00-00","","2016-07-27 09:33:42","28","2016-07-27 09:33:42","28","1"),
("75019","","","","56491","","","2166","2","10","0","700","2016-07-27","0000-00-00","","2016-07-27 09:34:14","28","2016-07-27 09:34:14","28","1"),
("75020","","","","56492","","","2231","2","1","0","1500","2016-07-27","0000-00-00","","2016-07-27 09:36:54","32","2016-07-27 09:36:54","32","1"),
("75021","","","","56493","","","2125","2","1","0","1000","2016-07-27","0000-00-00","","2016-07-27 09:38:05","32","2016-07-27 09:38:05","32","1"),
("75022","","","","56494","","","2146","2","1","0","3500","2016-07-27","0000-00-00","","2016-07-27 09:42:04","32","2016-07-27 09:42:04","32","1"),
("75023","","","","56495","","","2113","2","2","0","5500","2016-07-27","0000-00-00","","2016-07-27 09:42:28","32","2016-07-27 09:42:28","32","1"),
("75024","","","","56496","","","2228","2","4","0","500","2016-07-27","0000-00-00","","2016-07-27 09:43:09","32","2016-07-27 09:43:09","32","1"),
("75025","","","","56497","","","2070","2","2","0","1000","2016-07-27","0000-00-00","","2016-07-27 09:43:56","32","2016-07-27 09:43:56","32","1"),
("75026","","","","56497","","","2118","2","1","0","6500","2016-07-27","0000-00-00","","2016-07-27 09:43:56","32","2016-07-27 09:43:56","32","1"),
("75027","","","","56498","","","2173","2","1","0","5500","2016-07-27","0000-00-00","","2016-07-27 09:45:03","32","2016-07-27 09:45:03","32","1"),
("75028","","","","56499","","","2073","2","1","0","1000","2016-07-27","0000-00-00","","2016-07-27 09:45:59","28","2016-07-27 09:45:59","28","1"),
("75029","","","","56499","","","2163","2","1","0","2500","2016-07-27","0000-00-00","","2016-07-27 09:45:59","28","2016-07-27 09:45:59","28","1"),
("75030","","","","56500","","","2231","2","1","0","1500","2016-07-27","0000-00-00","","2016-07-27 09:51:27","28","2016-07-27 09:51:27","28","1"),
("75031","","","","56501","","","2103","2","1","0","5000","2016-07-27","0000-00-00","","2016-07-27 09:53:17","28","2016-07-27 09:53:17","28","1"),
("75032","","","","56501","","","2235","2","2","0","2500","2016-07-27","0000-00-00","","2016-07-27 09:53:17","28","2016-07-27 09:53:17","28","1"),
("75033","","","","56502","","","2228","2","4","0","500","2016-07-27","0000-00-00","","2016-07-27 09:54:20","28","2016-07-27 09:54:20","28","1"),
("75034","","","","56503","","","2228","2","3","0","500","2016-07-27","0000-00-00","","2016-07-27 09:54:30","28","2016-07-27 09:54:30","28","1"),
("75035","","","","56504","","","2228","2","11","0","500","2016-07-27","0000-00-00","","2016-07-27 09:55:04","28","2016-07-27 09:55:04","28","1"),
("75036","","","","56504","","","2231","2","5","0","1500","2016-07-27","0000-00-00","","2016-07-27 09:55:04","28","2016-07-27 09:55:04","28","1"),
("75037","","","","56504","","","2083","2","6","0","2500","2016-07-27","0000-00-00","","2016-07-27 09:55:04","28","2016-07-27 09:55:04","28","1"),
("75038","","","","56505","","","2228","2","3","0","500","2016-07-27","0000-00-00","","2016-07-27 09:57:29","28","2016-07-27 09:57:29","28","1"),
("75039","","","","56505","","","2165","2","3","0","1000","2016-07-27","0000-00-00","","2016-07-27 09:57:29","28","2016-07-27 09:57:29","28","1"),
("75040","","","","56505","","","2172","2","1","0","2500","2016-07-27","0000-00-00","","2016-07-27 09:57:29","28","2016-07-27 09:57:29","28","1"),
("75041","","","","56506","","","2228","2","6","0","500","2016-07-27","0000-00-00","","2016-07-27 09:59:08","32","2016-07-27 09:59:08","32","1"),
("75042","","","","56507","","","2231","2","2","0","1500","2016-07-27","0000-00-00","","2016-07-27 09:59:56","32","2016-07-27 09:59:56","32","1"),
("75043","","","","56508","","","2228","2","4","0","500","2016-07-27","0000-00-00","","2016-07-27 10:01:17","32","2016-07-27 10:01:17","32","1"),
("75044","","","","56509","","","2228","2","10","0","500","2016-07-27","0000-00-00","","2016-07-27 10:01:37","32","2016-07-27 10:01:37","32","1"),
("75045","","","","56510","","","2228","2","10","0","500","2016-07-27","0000-00-00","","2016-07-27 10:02:19","32","2016-07-27 10:02:19","32","1"),
("75046","","","","56511","","","2231","2","1","0","1500","2016-07-27","0000-00-00","","2016-07-27 10:02:37","32","2016-07-27 10:02:37","32","1"),
("75047","","","","56512","","","2240","2","2","0","5000","2016-07-27","0000-00-00","","2016-07-27 10:03:42","28","2016-07-27 10:03:42","28","1"),
("75048","","","","56513","","","2228","2","4","0","500","2016-07-27","0000-00-00","","2016-07-27 10:03:58","28","2016-07-27 10:03:58","28","1"),
("75049","","","","56514","","","2241","2","1","0","3000","2016-07-27","0000-00-00","","2016-07-27 10:04:31","28","2016-07-27 10:04:31","28","1"),
("75050","","","","56515","","","2064","2","1","0","2000","2016-07-27","0000-00-00","","2016-07-27 10:05:02","28","2016-07-27 10:05:02","28","1"),
("75051","","","","56516","","","2250","2","1","0","500","2016-07-27","0000-00-00","","2016-07-27 10:05:27","28","2016-07-27 10:05:27","28","1"),
("75052","","","","56517","","","2197","2","1","0","2500","2016-07-27","0000-00-00","","2016-07-27 10:05:37","32","2016-07-27 10:05:37","32","1"),
("75053","","","","56518","","","2085","2","1","0","2000","2016-07-27","0000-00-00","","2016-07-27 10:06:04","28","2016-07-27 10:06:04","28","1"),
("75054","","","","56519","","","2099","2","1","0","2000","2016-07-27","0000-00-00","","2016-07-27 10:06:21","32","2016-07-27 10:06:21","32","1"),
("75055","","","","56520","","","2229","2","5","0","700","2016-07-27","0000-00-00","","2016-07-27 10:07:39","32","2016-07-27 10:07:39","32","1"),
("75056","","","","56521","","","2240","2","1","0","5000","2016-07-27","0000-00-00","","2016-07-27 10:08:12","28","2016-07-27 10:08:12","28","1"),
("75057","","","","56521","","","2164","2","5","0","3000","2016-07-27","0000-00-00","","2016-07-27 10:08:12","28","2016-07-27 10:08:12","28","1"),
("75058","","","","56522","","","2231","2","2","0","1500","2016-07-27","0000-00-00","","2016-07-27 10:08:41","28","2016-07-27 10:08:41","28","1"),
("75059","","","","56523","","","2164","2","3","0","3000","2016-07-27","0000-00-00","","2016-07-27 10:08:44","32","2016-07-27 10:08:44","32","1"),
("75060","","","","56524","","","2250","2","2","0","500","2016-07-27","0000-00-00","","2016-07-27 10:08:59","32","2016-07-27 10:08:59","32","1"),
("75061","","","","56525","","","2250","2","2","0","500","2016-07-27","0000-00-00","","2016-07-27 10:09:15","32","2016-07-27 10:09:15","32","1"),
("75062","","","","56526","","","2240","2","1","0","5000","2016-07-27","0000-00-00","","2016-07-27 10:09:59","28","2016-07-27 10:09:59","28","1"),
("75063","","","","56527","","","2065","2","3","0","1000","2016-07-27","0000-00-00","","2016-07-27 10:11:02","32","2016-07-27 10:11:02","32","1"),
("75064","","","","56528","","","2074","2","5","0","1500","2016-07-27","0000-00-00","","2016-07-27 10:11:20","28","2016-07-27 10:11:20","28","1"),
("75065","","","","56529","","","2231","2","3","0","1500","2016-07-27","0000-00-00","","2016-07-27 10:11:39","32","2016-07-27 10:11:39","32","1"),
("75066","","","","56530","","","2235","2","2","0","2500","2016-07-27","0000-00-00","","2016-07-27 10:11:58","28","2016-07-27 10:11:58","28","1"),
("75067","","","","56531","","","2250","2","2","0","500","2016-07-27","0000-00-00","","2016-07-27 10:11:59","32","2016-07-27 10:11:59","32","1"),
("75068","","","","56532","","","2250","2","1","0","500","2016-07-27","0000-00-00","","2016-07-27 10:12:17","32","2016-07-27 10:12:17","32","1"),
("75069","","","","56533","","","2164","2","1","0","3000","2016-07-27","0000-00-00","","2016-07-27 10:12:25","28","2016-07-27 10:12:25","28","1"),
("75070","","","","56533","","","2113","2","1","0","5500","2016-07-27","0000-00-00","","2016-07-27 10:12:25","28","2016-07-27 10:12:25","28","1"),
("75071","","","","56534","","","2166","2","10","0","700","2016-07-27","0000-00-00","","2016-07-27 10:12:42","32","2016-07-27 10:12:42","32","1"),
("75072","","","","56535","","","2197","2","1","0","2500","2016-07-27","0000-00-00","","2016-07-27 10:13:12","32","2016-07-27 10:13:12","32","1"),
("75073","","","","56536","","","2240","2","2","0","5000","2016-07-27","0000-00-00","","2016-07-27 10:13:56","28","2016-07-27 10:13:56","28","1"),
("75074","","","","56536","","","2164","2","1","0","3000","2016-07-27","0000-00-00","","2016-07-27 10:13:56","28","2016-07-27 10:13:56","28","1"),
("75075","","","","56537","","","2250","2","2","0","500","2016-07-27","0000-00-00","","2016-07-27 10:13:58","32","2016-07-27 10:13:58","32","1"),
("75076","","","","56538","","","2250","2","2","0","500","2016-07-27","0000-00-00","","2016-07-27 10:14:33","28","2016-07-27 10:14:33","28","1"),
("75077","","","","56539","","","2093","2","1","0","3000","2016-07-27","0000-00-00","","2016-07-27 10:14:52","28","2016-07-27 10:14:52","28","1"),
("75078","","","","56540","","","2228","2","5","0","500","2016-07-27","0000-00-00","","2016-07-27 10:15:02","28","2016-07-27 10:15:02","28","1"),
("75079","","","","56541","","","2250","2","2","0","500","2016-07-27","0000-00-00","","2016-07-27 10:15:21","32","2016-07-27 10:15:21","32","1"),
("75080","","","","56542","","","2228","2","2","0","500","2016-07-27","0000-00-00","","2016-07-27 10:15:27","32","2016-07-27 10:15:27","32","1"),
("75081","","","","56543","","","2228","2","1","0","500","2016-07-27","0000-00-00","","2016-07-27 10:16:04","32","2016-07-27 10:16:04","32","1"),
("75082","","","","56544","","","2231","2","1","0","1500","2016-07-27","0000-00-00","","2016-07-27 10:16:07","28","2016-07-27 10:16:07","28","1"),
("75083","","","","56545","","","2231","2","1","0","1500","2016-07-27","0000-00-00","","2016-07-27 10:16:57","28","2016-07-27 10:16:57","28","1"),
("75084","","","","56545","","","2125","2","1","0","1000","2016-07-27","0000-00-00","","2016-07-27 10:16:57","28","2016-07-27 10:16:57","28","1"),
("75085","","","","56545","","","2229","2","10","0","700","2016-07-27","0000-00-00","","2016-07-27 10:16:57","28","2016-07-27 10:16:57","28","1"),
("75086","","","","56545","","","2228","2","10","0","500","2016-07-27","0000-00-00","","2016-07-27 10:16:57","28","2016-07-27 10:16:57","28","1"),
("75087","","","","56545","","","2172","2","1","0","2500","2016-07-27","0000-00-00","","2016-07-27 10:16:57","28","2016-07-27 10:16:57","28","1"),
("75088","","","","56545","","","2164","2","1","0","3000","2016-07-27","0000-00-00","","2016-07-27 10:16:57","28","2016-07-27 10:16:57","28","1"),
("75089","","","","56545","","","2095","2","1","0","4000","2016-07-27","0000-00-00","","2016-07-27 10:16:57","28","2016-07-27 10:16:57","28","1"),
("75090","","","","56546","","","2228","2","2","0","500","2016-07-27","0000-00-00","","2016-07-27 10:17:33","28","2016-07-27 10:17:33","28","1"),
("75091","","","","56547","","","2065","2","30","0","1000","2016-07-27","0000-00-00","","2016-07-27 10:19:56","28","2016-07-27 10:19:56","28","1"),
("75092","","","","56548","","","2228","2","20","0","500","2016-07-27","0000-00-00","","2016-07-27 10:22:55","28","2016-07-27 10:22:55","28","1"),
("75093","","","","56549","","","2250","2","1","0","500","2016-07-27","0000-00-00","","2016-07-27 10:26:10","32","2016-07-27 10:26:10","32","1"),
("75094","","","","56550","","","2229","2","4","0","700","2016-07-27","0000-00-00","","2016-07-27 10:26:37","32","2016-07-27 10:26:37","32","1"),
("75095","","","","56551","","","2231","2","1","0","1500","2016-07-27","0000-00-00","","2016-07-27 10:28:10","32","2016-07-27 10:28:10","32","1"),
("75096","","","","56552","","","2228","2","7","0","500","2016-07-27","0000-00-00","","2016-07-27 10:29:12","28","2016-07-27 10:29:12","28","1"),
("75097","","","","56553","","","2233","2","2","0","2000","2016-07-27","0000-00-00","","2016-07-27 10:33:13","32","2016-07-27 10:33:13","32","1"),
("75098","","","","56554","","","2228","2","5","0","500","2016-07-27","0000-00-00","","2016-07-27 10:33:30","32","2016-07-27 10:33:30","32","1"),
("75099","","","","56555","","","2228","2","20","0","500","2016-07-27","0000-00-00","","2016-07-27 10:39:11","32","2016-07-27 10:39:11","32","1"),
("75100","","","","56556","","","2095","2","1","0","4000","2016-07-27","0000-00-00","","2016-07-27 10:39:12","28","2016-07-27 10:39:12","28","1"),
("75101","","","","56557","","","2232","2","1","0","1000","2016-07-27","0000-00-00","","2016-07-27 10:39:31","32","2016-07-27 10:39:31","32","1"),
("75102","","","","56558","","","2250","2","2","0","500","2016-07-27","0000-00-00","","2016-07-27 10:39:54","28","2016-07-27 10:39:54","28","1"),
("75103","","","","56558","","","2099","2","2","0","2000","2016-07-27","0000-00-00","","2016-07-27 10:39:54","28","2016-07-27 10:39:54","28","1"),
("75104","","","","56558","","","2071","2","2","0","1000","2016-07-27","0000-00-00","","2016-07-27 10:39:54","28","2016-07-27 10:39:54","28","1"),
("75105","","","","56559","","","2095","2","1","0","4000","2016-07-27","0000-00-00","","2016-07-27 10:40:13","28","2016-07-27 10:40:13","28","1"),
("75106","","","","56560","","","2125","2","1","0","1000","2016-07-27","0000-00-00","","2016-07-27 10:40:32","28","2016-07-27 10:40:32","28","1"),
("75107","","","","56561","","","2250","2","4","0","500","2016-07-27","0000-00-00","","2016-07-27 10:41:27","32","2016-07-27 10:41:27","32","1"),
("75108","","","","56562","","","2126","2","1","0","2000","2016-07-27","0000-00-00","","2016-07-27 10:42:26","32","2016-07-27 10:42:26","32","1"),
("75109","","","","56563","","","2250","2","2","0","500","2016-07-27","0000-00-00","","2016-07-27 10:45:05","32","2016-07-27 10:45:05","32","1"),
("75110","","","","56564","","","2257","2","1","0","2500","2016-07-27","0000-00-00","","2016-07-27 10:45:33","28","2016-07-27 10:45:33","28","1"),
("75111","","","","56565","","","2231","2","10","0","1500","2016-07-27","0000-00-00","","2016-07-27 10:49:29","28","2016-07-27 10:49:29","28","1"),
("75112","","","","56566","","","2228","2","10","0","500","2016-07-27","0000-00-00","","2016-07-27 10:49:37","32","2016-07-27 10:49:37","32","1"),
("75113","","","","56567","","","2107","2","1","0","6000","2016-07-27","0000-00-00","","2016-07-27 10:50:35","28","2016-07-27 10:50:35","28","1"),
("75114","","","","56568","","","2095","2","1","0","4000","2016-07-27","0000-00-00","","2016-07-27 10:51:38","28","2016-07-27 10:51:38","28","1"),
("75115","","","","56569","","","2126","2","2","0","2000","2016-07-27","0000-00-00","","2016-07-27 10:52:27","28","2016-07-27 10:52:27","28","1"),
("75116","","","","56570","","","2228","2","4","0","500","2016-07-27","0000-00-00","","2016-07-27 10:52:37","32","2016-07-27 10:52:37","32","1"),
("75117","","","","56570","","","2104","2","1","0","5500","2016-07-27","0000-00-00","","2016-07-27 10:52:37","32","2016-07-27 10:52:37","32","1"),
("75118","","","","56570","","","2139","2","1","0","28000","2016-07-27","0000-00-00","","2016-07-27 10:52:37","32","2016-07-27 10:52:37","32","1"),
("75119","","","","56570","","","2235","2","6","0","2500","2016-07-27","0000-00-00","","2016-07-27 10:52:37","32","2016-07-27 10:52:37","32","1"),
("75120","","","","56570","","","2102","2","1","0","5000","2016-07-27","0000-00-00","","2016-07-27 10:52:37","32","2016-07-27 10:52:37","32","1"),
("75121","","","","56571","","","2229","2","3","0","700","2016-07-27","0000-00-00","","2016-07-27 10:52:59","32","2016-07-27 10:52:59","32","1"),
("75122","","","","56572","","","2173","2","1","0","5500","2016-07-27","0000-00-00","","2016-07-27 10:53:09","28","2016-07-27 10:53:09","28","1"),
("75123","","","","56573","","","2095","2","1","0","4000","2016-07-27","0000-00-00","","2016-07-27 10:53:15","32","2016-07-27 10:53:15","32","1"),
("75124","","","","56574","","","2125","2","1","0","1000","2016-07-27","0000-00-00","","2016-07-27 10:56:53","28","2016-07-27 10:56:53","28","1"),
("75125","","","","56575","","","2093","2","2","0","3000","2016-07-27","0000-00-00","","2016-07-27 10:57:07","28","2016-07-27 10:57:07","28","1"),
("75126","","","","56575","","","2228","2","10","0","500","2016-07-27","0000-00-00","","2016-07-27 10:57:07","28","2016-07-27 10:57:07","28","1"),
("75127","","","","56576","","","2228","2","3","0","500","2016-07-27","0000-00-00","","2016-07-27 10:57:54","28","2016-07-27 10:57:54","28","1"),
("75128","","","","56577","","","2103","2","1","0","5000","2016-07-27","0000-00-00","","2016-07-27 10:58:27","28","2016-07-27 10:58:27","28","1"),
("75129","","","","56577","","","2089","2","1","0","2500","2016-07-27","0000-00-00","","2016-07-27 10:58:27","28","2016-07-27 10:58:27","28","1"),
("75130","","","","56578","","","2229","2","2","0","700","2016-07-27","0000-00-00","","2016-07-27 10:58:35","32","2016-07-27 10:58:35","32","1"),
("75131","","","","56579","","","2250","2","2","0","500","2016-07-27","0000-00-00","","2016-07-27 10:59:44","28","2016-07-27 10:59:44","28","1"),
("75132","","","","56580","","","2107","2","2","0","6000","2016-07-27","0000-00-00","","2016-07-27 11:00:21","28","2016-07-27 11:00:21","28","1"),
("75133","","","","56581","","","2228","2","10","0","500","2016-07-27","0000-00-00","","2016-07-27 11:00:42","28","2016-07-27 11:00:42","28","1"),
("75134","","","","56582","","","2083","2","4","0","2500","2016-07-27","0000-00-00","","2016-07-27 11:02:18","32","2016-07-27 11:02:18","32","1"),
("75135","","","","56583","","","2228","2","40","0","500","2016-07-27","0000-00-00","","2016-07-27 11:04:43","32","2016-07-27 11:04:43","32","1"),
("75136","","","","56584","","","2231","2","5","0","1500","2016-07-27","0000-00-00","","2016-07-27 11:09:38","28","2016-07-27 11:09:38","28","1"),
("75137","","","","56585","","","2083","2","2","0","2500","2016-07-27","0000-00-00","","2016-07-27 11:10:36","28","2016-07-27 11:10:36","28","1"),
("75138","","","","56586","","","2093","2","1","0","3000","2016-07-27","0000-00-00","","2016-07-27 11:11:11","28","2016-07-27 11:11:11","28","1"),
("75139","","","","56587","","","2093","2","1","0","3000","2016-07-27","0000-00-00","","2016-07-27 11:12:19","28","2016-07-27 11:12:19","28","1"),
("75140","","","","56588","","","2228","2","5","0","500","2016-07-27","0000-00-00","","2016-07-27 11:13:45","28","2016-07-27 11:13:45","28","1"),
("75141","","","","56589","","","2229","2","5","0","700","2016-07-27","0000-00-00","","2016-07-27 11:17:51","28","2016-07-27 11:17:51","28","1"),
("75142","","","","56590","","","2093","2","4","0","3000","2016-07-27","0000-00-00","","2016-07-27 11:18:33","28","2016-07-27 11:18:33","28","1"),
("75143","","","","56591","","","2073","2","3","0","1000","2016-07-27","0000-00-00","","2016-07-27 11:19:15","28","2016-07-27 11:19:15","28","1"),
("75144","","","","56592","","","2065","2","4","0","1000","2016-07-27","0000-00-00","","2016-07-27 11:19:34","28","2016-07-27 11:19:34","28","1"),
("75145","","","","56593","","","2229","2","2","0","700","2016-07-27","0000-00-00","","2016-07-27 11:19:57","32","2016-07-27 11:19:57","32","1"),
("75146","","","","56593","","","2231","2","2","0","1500","2016-07-27","0000-00-00","","2016-07-27 11:19:57","32","2016-07-27 11:19:57","32","1"),
("75147","","","","56593","","","2146","2","1","0","3500","2016-07-27","0000-00-00","","2016-07-27 11:19:58","32","2016-07-27 11:19:58","32","1"),
("75148","","","","56593","","","2104","2","2","0","5500","2016-07-27","0000-00-00","","2016-07-27 11:19:58","32","2016-07-27 11:19:58","32","1"),
("75149","","","","56594","","","2146","2","1","0","3500","2016-07-27","0000-00-00","","2016-07-27 11:20:57","28","2016-07-27 11:20:57","28","1"),
("75150","","","","56594","","","2233","2","3","0","2000","2016-07-27","0000-00-00","","2016-07-27 11:20:57","28","2016-07-27 11:20:57","28","1"),
("75151","","","","56595","","","2172","2","2","0","2500","2016-07-27","0000-00-00","","2016-07-27 11:21:07","28","2016-07-27 11:21:07","28","1"),
("75152","","","","56596","","","2228","2","3","0","500","2016-07-27","0000-00-00","","2016-07-27 11:22:05","32","2016-07-27 11:22:05","32","1"),
("75153","","","56597","","","","2140","2","1","0","40000","2016-07-27","0000-00-00","","2016-07-27 11:23:22","28","2016-07-27 11:23:22","28","1"),
("75154","","","","56598","","","2228","2","10","0","500","2016-07-27","0000-00-00","","2016-07-27 11:23:56","32","2016-07-27 11:23:56","32","1"),
("75155","","","","56599","","","2228","2","5","0","500","2016-07-27","0000-00-00","","2016-07-27 11:24:07","32","2016-07-27 11:24:07","32","1"),
("75156","","","","56600","","","2075","2","2","0","1500","2016-07-27","0000-00-00","","2016-07-27 11:27:16","28","2016-07-27 11:27:16","28","1"),
("75157","","","","56601","","","2228","2","3","0","500","2016-07-27","0000-00-00","","2016-07-27 11:27:38","28","2016-07-27 11:27:38","28","1"),
("75158","","","","56602","","","2228","2","1","0","500","2016-07-27","0000-00-00","","2016-07-27 11:28:06","28","2016-07-27 11:28:06","28","1"),
("75159","","","","56603","","","2228","2","5","0","500","2016-07-27","0000-00-00","","2016-07-27 11:28:36","28","2016-07-27 11:28:36","28","1"),
("75160","","","","56604","","","2099","2","1","0","2000","2016-07-27","0000-00-00","","2016-07-27 11:29:09","28","2016-07-27 11:29:09","28","1"),
("75161","","","","56604","","","2228","2","10","0","500","2016-07-27","0000-00-00","","2016-07-27 11:29:09","28","2016-07-27 11:29:09","28","1"),
("75162","","","","56605","","","2228","2","1","0","500","2016-07-27","0000-00-00","","2016-07-27 11:31:13","28","2016-07-27 11:31:13","28","1"),
("75163","","","","56605","","","2231","2","1","0","1500","2016-07-27","0000-00-00","","2016-07-27 11:31:13","28","2016-07-27 11:31:13","28","1"),
("75164","","","","56606","","","2228","2","4","0","500","2016-07-27","0000-00-00","","2016-07-27 11:31:34","28","2016-07-27 11:31:34","28","1"),
("75165","","","","56607","","","2232","2","4","0","1000","2016-07-27","0000-00-00","","2016-07-27 11:32:59","28","2016-07-27 11:32:59","28","1"),
("75166","","","","56608","","","2228","2","10","0","500","2016-07-27","0000-00-00","","2016-07-27 11:38:17","28","2016-07-27 11:38:17","28","1"),
("75167","","","","56609","","","2095","2","1","0","4000","2016-07-27","0000-00-00","","2016-07-27 11:39:42","28","2016-07-27 11:39:42","28","1"),
("75168","","","","56610","","","2228","2","6","0","500","2016-07-27","0000-00-00","","2016-07-27 11:40:48","28","2016-07-27 11:40:48","28","1"),
("75169","","","","56611","","","2228","2","1","0","500","2016-07-27","0000-00-00","","2016-07-27 11:40:54","28","2016-07-27 11:40:54","28","1"),
("75170","","","","56612","","","2110","2","3","0","2500","2016-07-27","0000-00-00","","2016-07-27 11:42:00","32","2016-07-27 11:42:00","32","1"),
("75171","","","","56613","","","2085","2","1","0","2000","2016-07-27","0000-00-00","","2016-07-27 11:42:03","28","2016-07-27 11:42:03","28","1"),
("75172","","","","56614","","","2228","2","6","0","500","2016-07-27","0000-00-00","","2016-07-27 11:42:45","32","2016-07-27 11:42:45","32","1"),
("75173","","","","56615","","","2231","2","2","0","1500","2016-07-27","0000-00-00","","2016-07-27 11:43:13","28","2016-07-27 11:43:13","28","1"),
("75174","","","","56616","","","2226","2","2","0","3000","2016-07-27","0000-00-00","","2016-07-27 11:44:17","32","2016-07-27 11:44:17","32","1"),
("75175","","","","56617","","","2166","2","2","0","700","2016-07-27","0000-00-00","","2016-07-27 11:46:00","32","2016-07-27 11:46:00","32","1"),
("75176","","","","56618","","","2228","2","4","0","500","2016-07-27","0000-00-00","","2016-07-27 11:46:45","32","2016-07-27 11:46:45","32","1"),
("75177","","","","56619","","","2228","2","1","0","500","2016-07-27","0000-00-00","","2016-07-27 11:47:09","32","2016-07-27 11:47:09","32","1"),
("75178","","","","56620","","","2228","2","2","0","500","2016-07-27","0000-00-00","","2016-07-27 11:50:15","32","2016-07-27 11:50:15","32","1"),
("75179","","","","56621","","","2228","2","5","0","500","2016-07-27","0000-00-00","","2016-07-27 11:52:04","32","2016-07-27 11:52:04","32","1"),
("75180","","","","56622","","","2126","2","2","0","2000","2016-07-27","0000-00-00","","2016-07-27 11:53:10","32","2016-07-27 11:53:10","32","1"),
("75181","","","","56622","","","2250","2","2","0","500","2016-07-27","0000-00-00","","2016-07-27 11:53:10","32","2016-07-27 11:53:10","32","1"),
("75182","","","","56622","","","2228","2","10","0","500","2016-07-27","0000-00-00","","2016-07-27 11:53:11","32","2016-07-27 11:53:11","32","1"),
("75183","","","","56622","","","2084","2","1","0","2500","2016-07-27","0000-00-00","","2016-07-27 11:53:11","32","2016-07-27 11:53:11","32","1"),
("75184","","","","56622","","","2240","2","1","0","5000","2016-07-27","0000-00-00","","2016-07-27 11:53:11","32","2016-07-27 11:53:11","32","1"),
("75185","","","","56622","","","2074","2","1","0","1500","2016-07-27","0000-00-00","","2016-07-27 11:53:11","32","2016-07-27 11:53:11","32","1"),
("75186","","","","56622","","","2093","2","2","0","3000","2016-07-27","0000-00-00","","2016-07-27 11:53:11","32","2016-07-27 11:53:11","32","1"),
("75187","","","","56623","","","2228","2","4","0","500","2016-07-27","0000-00-00","","2016-07-27 11:54:21","32","2016-07-27 11:54:21","32","1"),
("75188","","","","56624","","","2164","2","2","0","3000","2016-07-27","0000-00-00","","2016-07-27 11:55:00","32","2016-07-27 11:55:00","32","1"),
("75189","","","","56625","","","2228","2","5","0","500","2016-07-27","0000-00-00","","2016-07-27 11:55:09","32","2016-07-27 11:55:09","32","1"),
("75190","","","","56626","","","2164","2","2","0","3000","2016-07-27","0000-00-00","","2016-07-27 11:56:36","32","2016-07-27 11:56:36","32","1"),
("75191","","","","56627","","","2228","2","7","0","500","2016-07-27","0000-00-00","","2016-07-27 11:57:05","32","2016-07-27 11:57:05","32","1"),
("75192","","","","56628","","","2228","2","2","0","500","2016-07-27","0000-00-00","","2016-07-27 11:57:19","32","2016-07-27 11:57:19","32","1"),
("75193","","","","56629","","","2228","2","3","0","500","2016-07-27","0000-00-00","","2016-07-27 11:57:49","32","2016-07-27 11:57:49","32","1");

DROP TABLE inventory_totals;

CREATE TABLE `inventory_totals` (
  `product_id` bigint(20) NOT NULL,
  `location_id` bigint(20) NOT NULL,
  `total_qty` double DEFAULT '0',
  `created_at` datetime NOT NULL,
  `created_by` bigint(11) NOT NULL,
  `updated_at` datetime NOT NULL,
  `updated_by` bigint(11) NOT NULL,
  PRIMARY KEY (`product_id`,`location_id`),
  KEY `product_id` (`product_id`),
  KEY `location_id` (`location_id`)
) ENGINE=InnoDB DEFAULT CHARSET=utf8 COLLATE=utf8_unicode_ci;

INSERT INTO inventory_totals VALUES("2064","2","-993","2016-05-30 20:44:40","28","2016-07-27 10:05:02","28");
INSERT INTO inventory_totals VALUES("2065","2","-10437","2016-05-30 17:12:37","28","2016-07-27 11:19:34","28");
INSERT INTO inventory_totals VALUES("2067","2","-953","2016-05-30 20:12:19","28","2016-07-27 07:40:13","28");
INSERT INTO inventory_totals VALUES("2070","2","-1478","2016-05-30 19:12:04","32","2016-07-27 09:43:56","32");
INSERT INTO inventory_totals VALUES("2071","2","-2863","2016-05-30 20:20:55","28","2016-07-27 10:39:54","28");
INSERT INTO inventory_totals VALUES("2072","2","-561","2016-06-01 10:24:38","28","2016-07-26 17:55:46","28");
INSERT INTO inventory_totals VALUES("2073","2","-1615","2016-05-30 17:09:35","28","2016-07-27 11:19:15","28");
INSERT INTO inventory_totals VALUES("2074","2","-752","2016-05-30 17:09:50","32","2016-07-27 11:53:11","32");
INSERT INTO inventory_totals VALUES("2075","2","-1463","2016-05-30 19:40:28","28","2016-07-27 11:27:16","28");
INSERT INTO inventory_totals VALUES("2076","2","-654","2016-05-30 17:15:10","28","2016-07-27 09:33:42","28");
INSERT INTO inventory_totals VALUES("2077","2","-190","2016-06-02 16:11:58","26","2016-07-27 07:16:45","26");
INSERT INTO inventory_totals VALUES("2078","2","-511","2016-05-31 07:51:51","32","2016-07-26 15:57:56","32");
INSERT INTO inventory_totals VALUES("2079","2","-362","2016-05-30 17:34:03","28","2016-07-26 19:40:03","28");
INSERT INTO inventory_totals VALUES("2082","2","-277","2016-05-30 20:35:30","28","2016-07-26 17:45:56","28");
INSERT INTO inventory_totals VALUES("2083","2","-3721","2016-05-30 17:13:02","28","2016-07-27 11:10:36","28");
INSERT INTO inventory_totals VALUES("2084","2","-484","2016-05-30 17:13:26","32","2016-07-27 11:53:11","32");
INSERT INTO inventory_totals VALUES("2085","2","-475","2016-05-30 18:17:34","28","2016-07-27 11:42:03","28");
INSERT INTO inventory_totals VALUES("2088","2","-218","2016-05-31 08:25:04","28","2016-07-27 07:51:54","28");
INSERT INTO inventory_totals VALUES("2089","2","-171","2016-06-06 07:55:52","28","2016-07-27 10:58:27","28");
INSERT INTO inventory_totals VALUES("2090","2","-362","2016-06-03 07:53:09","28","2016-07-27 08:55:52","28");
INSERT INTO inventory_totals VALUES("2092","2","-22","2016-06-05 13:07:45","32","2016-06-26 17:13:30","32");
INSERT INTO inventory_totals VALUES("2093","2","-1355","2016-05-31 08:55:09","32","2016-07-27 11:53:11","32");
INSERT INTO inventory_totals VALUES("2095","2","-3517","2016-05-30 16:57:46","28","2016-07-27 11:39:42","28");
INSERT INTO inventory_totals VALUES("2097","2","-154","2016-05-31 11:50:36","32","2016-07-26 09:51:21","32");
INSERT INTO inventory_totals VALUES("2098","2","-147","2016-05-31 11:48:59","28","2016-07-26 19:57:14","28");
INSERT INTO inventory_totals VALUES("2099","2","-827","2016-05-30 19:54:32","28","2016-07-27 11:29:09","28");
INSERT INTO inventory_totals VALUES("2100","2","-127","2016-06-01 11:05:58","26","2016-07-24 14:33:10","26");
INSERT INTO inventory_totals VALUES("2101","2","-4","2016-06-04 16:36:48","28","2016-06-15 08:23:32","28");
INSERT INTO inventory_totals VALUES("2102","2","-253","2016-05-30 18:50:51","32","2016-07-27 10:52:37","32");
INSERT INTO inventory_totals VALUES("2103","2","-169","2016-05-30 18:21:22","28","2016-07-27 10:58:27","28");
INSERT INTO inventory_totals VALUES("2104","2","-2137","2016-05-30 18:45:00","32","2016-07-27 11:19:58","32");
INSERT INTO inventory_totals VALUES("2105","2","-99","2016-05-31 04:27:09","26","2016-07-25 15:24:40","26");
INSERT INTO inventory_totals VALUES("2107","2","-1259","2016-05-30 17:13:44","28","2016-07-27 11:00:21","28");
INSERT INTO inventory_totals VALUES("2108","2","-2","2016-06-22 07:31:24","26","2016-07-16 06:34:13","26");
INSERT INTO inventory_totals VALUES("2109","2","-4","2016-06-02 11:24:48","26","2016-07-14 13:26:17","26");
INSERT INTO inventory_totals VALUES("2110","2","-558","2016-05-31 09:56:02","32","2016-07-27 11:42:00","32");
INSERT INTO inventory_totals VALUES("2111","2","-101","2016-05-31 06:44:27","28","2016-07-25 20:03:16","28");
INSERT INTO inventory_totals VALUES("2112","2","-222","2016-05-31 17:42:17","28","2016-07-25 16:52:33","28");
INSERT INTO inventory_totals VALUES("2113","2","-406","2016-05-31 06:07:51","28","2016-07-27 10:12:25","28");
INSERT INTO inventory_totals VALUES("2114","2","-49","2016-05-31 17:05:12","32","2016-07-25 10:05:59","32");
INSERT INTO inventory_totals VALUES("2116","2","-111","2016-05-30 19:09:50","32","2016-07-27 09:18:35","32");
INSERT INTO inventory_totals VALUES("2117","2","-126","2016-05-31 15:15:55","28","2016-07-26 20:52:27","28");
INSERT INTO inventory_totals VALUES("2118","2","-1229","2016-05-30 17:25:00","32","2016-07-27 09:43:56","32");
INSERT INTO inventory_totals VALUES("2119","2","-117","2016-05-31 04:10:53","28","2016-07-26 18:09:01","28");
INSERT INTO inventory_totals VALUES("2120","2","-23","2016-06-01 15:07:34","28","2016-06-24 08:28:25","28");
INSERT INTO inventory_totals VALUES("2121","2","-441","2016-05-30 16:56:09","28","2016-07-27 07:40:13","28");
INSERT INTO inventory_totals VALUES("2125","2","-2474","2016-05-30 17:14:38","28","2016-07-27 10:56:53","28");
INSERT INTO inventory_totals VALUES("2126","2","-1167","2016-05-30 17:17:44","32","2016-07-27 11:53:10","32");
INSERT INTO inventory_totals VALUES("2127","2","-1","2016-06-01 09:16:57","28","2016-06-01 09:16:57","28");
INSERT INTO inventory_totals VALUES("2128","2","-3","2016-05-30 17:17:34","27","2016-05-31 08:21:59","27");
INSERT INTO inventory_totals VALUES("2129","2","-85","2016-05-31 08:02:05","28","2016-07-26 07:24:59","28");
INSERT INTO inventory_totals VALUES("2130","2","-2","2016-05-31 11:51:20","28","2016-05-31 12:08:32","28");
INSERT INTO inventory_totals VALUES("2131","2","-5","2016-06-02 09:48:54","28","2016-06-11 08:04:29","28");
INSERT INTO inventory_totals VALUES("2133","2","-245","2016-05-30 20:04:42","32","2016-07-25 12:56:04","32");
INSERT INTO inventory_totals VALUES("2134","2","-1149","2016-05-30 17:16:20","32","2016-07-26 18:30:05","32");
INSERT INTO inventory_totals VALUES("2135","2","-160","2016-05-31 18:50:40","32","2016-07-25 16:44:51","32");
INSERT INTO inventory_totals VALUES("2136","2","-440","2016-05-30 17:16:20","32","2016-07-25 18:20:02","32");
INSERT INTO inventory_totals VALUES("2137","2","-177","2016-05-30 17:00:35","32","2016-07-26 18:30:05","32");
INSERT INTO inventory_totals VALUES("2138","2","-66","2016-06-01 18:10:15","28","2016-07-25 11:28:57","28");
INSERT INTO inventory_totals VALUES("2139","2","-103","2016-05-30 19:37:44","32","2016-07-27 10:52:37","32");
INSERT INTO inventory_totals VALUES("2140","2","-254","2016-05-30 17:16:20","28","2016-07-27 11:23:22","28");
INSERT INTO inventory_totals VALUES("2141","2","-94","2016-05-31 16:15:13","28","2016-07-27 09:04:20","28");
INSERT INTO inventory_totals VALUES("2142","2","-12","2016-06-04 12:04:34","28","2016-07-16 14:20:54","28");
INSERT INTO inventory_totals VALUES("2143","2","-16","2016-06-01 14:37:00","28","2016-07-22 10:31:42","28");
INSERT INTO inventory_totals VALUES("2144","2","-6","2016-06-02 16:28:24","28","2016-07-22 18:41:13","28");
INSERT INTO inventory_totals VALUES("2146","2","-796","2016-05-31 04:25:13","28","2016-07-27 11:20:57","28");
INSERT INTO inventory_totals VALUES("2163","2","-846","2016-05-30 19:12:04","28","2016-07-27 09:45:59","28");
INSERT INTO inventory_totals VALUES("2164","2","-3567","2016-05-30 16:53:06","32","2016-07-27 11:56:36","32");
INSERT INTO inventory_totals VALUES("2165","2","-753","2016-05-30 17:13:26","28","2016-07-27 09:57:29","28");
INSERT INTO inventory_totals VALUES("2166","2","-12351","2016-05-30 15:16:51","32","2016-07-27 11:46:00","32");
INSERT INTO inventory_totals VALUES("2172","2","-1088","2016-05-30 17:07:00","28","2016-07-27 11:21:07","28");
INSERT INTO inventory_totals VALUES("2173","2","-167","2016-05-31 10:33:36","28","2016-07-27 10:53:09","28");
INSERT INTO inventory_totals VALUES("2174","2","-65","2016-05-31 09:21:36","28","2016-07-26 12:32:51","28");
INSERT INTO inventory_totals VALUES("2178","2","-31","2016-06-02 05:19:47","26","2016-07-27 07:16:45","26");
INSERT INTO inventory_totals VALUES("2179","2","-2","2016-06-19 13:01:57","26","2016-06-22 13:15:45","26");
INSERT INTO inventory_totals VALUES("2182","2","-278","2016-05-30 18:50:52","28","2016-07-26 18:33:21","28");
INSERT INTO inventory_totals VALUES("2183","2","-5","2016-06-17 08:39:20","28","2016-07-10 20:20:53","28");
INSERT INTO inventory_totals VALUES("2188","2","-34","2016-06-02 05:19:47","26","2016-07-23 15:37:22","26");
INSERT INTO inventory_totals VALUES("2197","2","-1132","2016-05-31 05:33:48","32","2016-07-27 10:13:12","32");
INSERT INTO inventory_totals VALUES("2198","2","-51","2016-05-31 06:32:11","26","2016-07-23 14:07:35","26");
INSERT INTO inventory_totals VALUES("2199","2","-80","2016-05-30 20:45:32","32","2016-07-15 11:38:49","32");
INSERT INTO inventory_totals VALUES("2201","2","-1","2016-07-22 07:59:15","28","2016-07-22 07:59:15","28");
INSERT INTO inventory_totals VALUES("2202","2","-12","2016-06-05 05:43:31","26","2016-07-14 06:04:21","26");
INSERT INTO inventory_totals VALUES("2203","2","-27","2016-06-01 18:10:15","28","2016-07-14 12:28:33","28");
INSERT INTO inventory_totals VALUES("2204","2","-15","2016-06-05 15:46:14","28","2016-07-27 09:04:20","28");
INSERT INTO inventory_totals VALUES("2206","2","-6","2016-06-11 18:11:55","32","2016-07-19 18:21:51","32");
INSERT INTO inventory_totals VALUES("2207","2","-67","2016-06-05 20:28:13","28","2016-07-24 08:45:28","28");
INSERT INTO inventory_totals VALUES("2208","2","-9","2016-06-03 12:29:19","28","2016-07-22 16:13:30","28");
INSERT INTO inventory_totals VALUES("2209","2","-3","2016-06-01 15:42:51","28","2016-07-13 20:12:25","28");
INSERT INTO inventory_totals VALUES("2213","2","-45","2016-06-08 08:14:22","28","2016-07-22 19:09:38","28");
INSERT INTO inventory_totals VALUES("2217","2","-24","2016-06-03 19:05:30","28","2016-07-25 16:08:27","28");
INSERT INTO inventory_totals VALUES("2218","2","-108","2016-05-31 10:46:14","28","2016-07-27 09:14:02","28");
INSERT INTO inventory_totals VALUES("2219","2","-306","2016-06-02 07:11:01","28","2016-07-27 07:17:58","28");
INSERT INTO inventory_totals VALUES("2220","2","-1150","2016-06-06 12:05:02","28","2016-07-12 17:18:00","28");
INSERT INTO inventory_totals VALUES("2226","2","-758","2016-05-30 20:29:24","32","2016-07-27 11:44:17","32");
INSERT INTO inventory_totals VALUES("2228","2","-154905","2016-05-30 16:53:06","32","2016-07-27 11:57:49","32");
INSERT INTO inventory_totals VALUES("2229","2","-81801","2016-05-30 18:02:49","32","2016-07-27 11:19:57","32");
INSERT INTO inventory_totals VALUES("2231","2","-30076","2016-05-30 16:58:22","28","2016-07-27 11:43:13","28");
INSERT INTO inventory_totals VALUES("2232","2","-3068","2016-05-30 18:38:35","28","2016-07-27 11:32:59","28");
INSERT INTO inventory_totals VALUES("2233","2","-6636","2016-05-30 19:34:27","28","2016-07-27 11:20:57","28");
INSERT INTO inventory_totals VALUES("2235","2","-1425","2016-05-30 19:37:44","32","2016-07-27 10:52:37","32");
INSERT INTO inventory_totals VALUES("2236","2","-826","2016-05-30 20:25:09","28","2016-07-27 08:16:37","28");
INSERT INTO inventory_totals VALUES("2237","2","-58","2016-06-06 07:55:52","32","2016-07-26 19:19:15","32");
INSERT INTO inventory_totals VALUES("2238","2","-192","2016-05-31 06:54:44","28","2016-07-27 07:40:13","28");
INSERT INTO inventory_totals VALUES("2239","2","-458","2016-05-31 11:09:13","32","2016-07-19 08:38:36","32");
INSERT INTO inventory_totals VALUES("2240","2","-1797","2016-05-30 16:58:52","32","2016-07-27 11:53:11","32");
INSERT INTO inventory_totals VALUES("2241","2","-146","2016-05-31 13:05:46","28","2016-07-27 10:04:31","28");
INSERT INTO inventory_totals VALUES("2243","2","-133","2016-05-30 17:15:34","28","2016-07-26 17:37:22","28");
INSERT INTO inventory_totals VALUES("2250","2","-5145","2016-05-30 17:14:11","32","2016-07-27 11:53:11","32");
INSERT INTO inventory_totals VALUES("2251","2","-1","2016-07-09 18:58:52","28","2016-07-09 18:58:52","28");
INSERT INTO inventory_totals VALUES("2252","2","-90","2016-06-04 16:15:52","28","2016-07-24 15:12:07","28");
INSERT INTO inventory_totals VALUES("2253","2","-129","2016-05-31 13:24:22","28","2016-07-27 06:55:08","28");
INSERT INTO inventory_totals VALUES("2254","2","-928","2016-05-31 18:14:09","32","2016-07-27 09:07:55","32");
INSERT INTO inventory_totals VALUES("2255","2","-405","2016-06-02 18:24:09","28","2016-07-26 19:46:34","28");
INSERT INTO inventory_totals VALUES("2256","2","-28","2016-06-02 17:07:21","28","2016-07-07 23:27:23","28");
INSERT INTO inventory_totals VALUES("2257","2","-248","2016-06-02 18:53:00","28","2016-07-27 10:45:33","28");
INSERT INTO inventory_totals VALUES("2258","2","-52","2016-06-06 11:06:36","28","2016-07-25 11:34:29","28");
INSERT INTO inventory_totals VALUES("2259","2","-75","2016-06-22 14:12:02","32","2016-07-26 19:21:13","32");
INSERT INTO inventory_totals VALUES("2260","2","-22","2016-07-11 05:45:45","28","2016-07-25 17:09:36","28");
INSERT INTO inventory_totals VALUES("2262","2","-1","2016-07-21 07:37:38","26","2016-07-21 07:37:38","26");



DROP TABLE inventory_total_details;

CREATE TABLE `inventory_total_details` (
  `product_id` bigint(20) NOT NULL,
  `location_id` bigint(20) NOT NULL,
  `total_cycle` double DEFAULT '0',
  `total_so` double DEFAULT '0',
  `total_pos` double DEFAULT '0',
  `total_cm` double DEFAULT '0',
  `total_to_in` double DEFAULT '0',
  `total_to_out` double DEFAULT '0',
  `date` date NOT NULL,
  `created_at` datetime NOT NULL,
  `created_by` bigint(11) NOT NULL,
  `updated_at` datetime NOT NULL,
  `updated_by` bigint(11) NOT NULL,
  PRIMARY KEY (`product_id`,`location_id`,`date`),
  KEY `product_id` (`product_id`),
  KEY `location_id` (`location_id`),
  KEY `date` (`date`)
) ENGINE=InnoDB DEFAULT CHARSET=utf8 COLLATE=utf8_unicode_ci;

INSERT INTO inventory_total_details VALUES("2064","2","0","0","-1","0","0","0","2016-05-30","2016-05-30 20:44:40","24","2016-05-30 20:44:40","24");
INSERT INTO inventory_total_details VALUES("2065","2","0","0","-2","0","0","0","2016-05-30","2016-05-30 17:12:37","24","2016-05-30 21:01:14","24");
INSERT INTO inventory_total_details VALUES("2067","2","0","0","-2","0","0","0","2016-05-30","2016-05-30 20:12:19","24","2016-05-30 20:37:06","24");
INSERT INTO inventory_total_details VALUES("2070","2","0","0","-3","0","0","0","2016-05-30","2016-05-30 19:12:04","27","2016-05-30 19:12:04","27");
INSERT INTO inventory_total_details VALUES("2071","2","0","0","-1","0","0","0","2016-05-30","2016-05-30 20:20:55","24","2016-05-30 20:20:55","24");
INSERT INTO inventory_total_details VALUES("2072","2","0","0","-5","0","0","0","2016-06-01","2016-06-01 10:24:38","27","2016-06-01 17:19:29","27");
INSERT INTO inventory_total_details VALUES("2073","2","0","0","-2","0","0","0","2016-05-30","2016-05-30 17:09:35","24","2016-05-30 20:20:55","24");
INSERT INTO inventory_total_details VALUES("2074","2","0","0","-1","0","0","0","2016-05-30","2016-05-30 17:09:51","1","2016-05-30 17:09:51","1");
INSERT INTO inventory_total_details VALUES("2075","2","0","0","-2","0","0","0","2016-05-30","2016-05-30 19:40:28","27","2016-05-30 19:40:28","27");
INSERT INTO inventory_total_details VALUES("2076","2","0","0","-1","0","0","0","2016-05-30","2016-05-30 17:15:10","27","2016-05-30 19:40:28","27");
INSERT INTO inventory_total_details VALUES("2077","2","0","0","-2","0","0","0","2016-06-02","2016-06-02 16:11:58","27","2016-06-02 16:11:58","27");
INSERT INTO inventory_total_details VALUES("2078","2","0","0","-1","0","0","0","2016-05-31","2016-05-31 07:51:51","1","2016-05-31 13:22:44","1");
INSERT INTO inventory_total_details VALUES("2079","2","0","0","-1","0","0","0","2016-05-30","2016-05-30 17:34:03","1","2016-05-30 17:34:03","1");
INSERT INTO inventory_total_details VALUES("2082","2","0","0","-1","0","0","0","2016-05-30","2016-05-30 20:35:30","24","2016-05-30 20:35:30","24");
INSERT INTO inventory_total_details VALUES("2083","2","0","0","-2","0","0","0","2016-05-30","2016-05-30 17:13:02","24","2016-05-30 20:44:10","24");
INSERT INTO inventory_total_details VALUES("2084","2","0","0","-1","0","0","0","2016-05-30","2016-05-30 17:13:26","24","2016-05-30 20:36:29","24");
INSERT INTO inventory_total_details VALUES("2085","2","0","0","-1","0","0","0","2016-05-30","2016-05-30 18:17:35","24","2016-05-30 18:17:35","24");
INSERT INTO inventory_total_details VALUES("2088","2","0","0","-1","0","0","0","2016-05-31","2016-05-31 08:25:04","1","2016-05-31 15:55:07","1");
INSERT INTO inventory_total_details VALUES("2089","2","0","0","-1","0","0","0","2016-06-06","2016-06-06 07:55:52","28","2016-06-06 20:21:02","28");
INSERT INTO inventory_total_details VALUES("2090","2","0","0","-3","0","0","0","2016-06-03","2016-06-03 07:53:09","28","2016-06-03 17:42:59","28");
INSERT INTO inventory_total_details VALUES("2092","2","0","0","-2","0","0","0","2016-06-05","2016-06-05 13:07:45","26","2016-06-05 13:07:45","26");
INSERT INTO inventory_total_details VALUES("2093","2","0","0","-2","0","0","0","2016-05-31","2016-05-31 08:55:09","24","2016-05-31 18:27:26","24");
INSERT INTO inventory_total_details VALUES("2095","2","0","0","-1","0","0","0","2016-05-30","2016-05-30 16:57:46","24","2016-05-30 21:01:14","24");
INSERT INTO inventory_total_details VALUES("2097","2","0","0","-2","0","0","0","2016-05-31","2016-05-31 11:50:36","1","2016-05-31 11:57:30","1");
INSERT INTO inventory_total_details VALUES("2098","2","0","0","-1","0","0","0","2016-05-31","2016-05-31 11:48:59","1","2016-05-31 16:06:30","1");
INSERT INTO inventory_total_details VALUES("2099","2","0","0","-1","0","0","0","2016-05-30","2016-05-30 19:54:32","24","2016-05-30 20:46:56","24");
INSERT INTO inventory_total_details VALUES("2100","2","0","0","-6","0","0","0","2016-06-01","2016-06-01 11:05:58","28","2016-06-01 11:05:58","28");
INSERT INTO inventory_total_details VALUES("2101","2","0","0","-1","0","0","0","2016-06-04","2016-06-04 16:36:48","27","2016-06-04 16:36:48","27");
INSERT INTO inventory_total_details VALUES("2102","2","0","0","-1","0","0","0","2016-05-30","2016-05-30 18:50:51","27","2016-05-30 19:01:27","27");
INSERT INTO inventory_total_details VALUES("2103","2","0","0","-1","0","0","0","2016-05-30","2016-05-30 18:21:22","24","2016-05-30 18:21:22","24");
INSERT INTO inventory_total_details VALUES("2104","2","0","0","-1","0","0","0","2016-05-30","2016-05-30 18:45:00","24","2016-05-30 20:35:30","24");
INSERT INTO inventory_total_details VALUES("2105","2","0","0","-2","0","0","0","2016-05-31","2016-05-31 04:27:09","28","2016-05-31 11:08:37","28");
INSERT INTO inventory_total_details VALUES("2107","2","0","0","-2","0","0","0","2016-05-30","2016-05-30 17:13:44","1","2016-05-30 17:13:44","1");
INSERT INTO inventory_total_details VALUES("2108","2","0","0","-1","0","0","0","2016-06-22","2016-06-22 07:31:24","26","2016-06-22 07:31:24","26");
INSERT INTO inventory_total_details VALUES("2109","2","0","0","-1","0","0","0","2016-06-02","2016-06-02 11:24:48","28","2016-06-02 11:24:48","28");
INSERT INTO inventory_total_details VALUES("2110","2","0","0","-2","0","0","0","2016-05-31","2016-05-31 09:56:02","1","2016-05-31 16:59:11","1");
INSERT INTO inventory_total_details VALUES("2111","2","0","0","-1","0","0","0","2016-05-31","2016-05-31 06:44:27","1","2016-05-31 15:24:34","1");
INSERT INTO inventory_total_details VALUES("2112","2","0","0","-1","0","0","0","2016-05-31","2016-05-31 17:42:17","28","2016-05-31 17:42:17","28");
INSERT INTO inventory_total_details VALUES("2113","2","0","0","-1","0","0","0","2016-05-31","2016-05-31 06:07:51","28","2016-05-31 10:55:17","28");
INSERT INTO inventory_total_details VALUES("2114","2","0","0","-1","0","0","0","2016-05-31","2016-05-31 17:05:12","1","2016-05-31 17:05:12","1");
INSERT INTO inventory_total_details VALUES("2116","2","0","0","-1","0","0","0","2016-05-30","2016-05-30 19:09:50","27","2016-05-30 19:09:50","27");
INSERT INTO inventory_total_details VALUES("2117","2","0","0","-1","0","0","0","2016-05-31","2016-05-31 15:15:55","28","2016-05-31 15:15:55","28");
INSERT INTO inventory_total_details VALUES("2118","2","0","0","-2","0","0","0","2016-05-30","2016-05-30 17:25:00","24","2016-05-30 20:35:09","24");
INSERT INTO inventory_total_details VALUES("2119","2","0","0","-1","0","0","0","2016-05-31","2016-05-31 04:10:53","28","2016-05-31 19:23:07","28");
INSERT INTO inventory_total_details VALUES("2120","2","0","0","-4","0","0","0","2016-06-01","2016-06-01 15:07:34","28","2016-06-01 15:07:34","28");
INSERT INTO inventory_total_details VALUES("2121","2","0","0","-1","0","0","0","2016-05-30","2016-05-30 16:56:09","24","2016-05-30 17:57:00","24");
INSERT INTO inventory_total_details VALUES("2125","2","0","0","-1","0","0","0","2016-05-30","2016-05-30 17:14:38","24","2016-05-30 20:45:32","24");
INSERT INTO inventory_total_details VALUES("2126","2","0","0","-1","0","0","0","2016-05-30","2016-05-30 17:17:44","24","2016-05-30 20:46:56","24");
INSERT INTO inventory_total_details VALUES("2127","2","0","0","-1","0","0","0","2016-06-01","2016-06-01 09:16:57","28","2016-06-01 09:16:57","28");
INSERT INTO inventory_total_details VALUES("2128","2","0","0","-1","0","0","0","2016-05-30","2016-05-30 17:17:34","27","2016-05-30 18:49:32","27");
INSERT INTO inventory_total_details VALUES("2129","2","0","0","-1","0","0","0","2016-05-31","2016-05-31 08:02:05","28","2016-05-31 12:43:49","28");
INSERT INTO inventory_total_details VALUES("2130","2","0","0","-1","0","0","0","2016-05-31","2016-05-31 11:51:20","28","2016-05-31 12:08:32","28");
INSERT INTO inventory_total_details VALUES("2131","2","0","0","-1","0","0","0","2016-06-02","2016-06-02 09:48:54","28","2016-06-02 09:48:54","28");
INSERT INTO inventory_total_details VALUES("2133","2","0","0","-1","0","0","0","2016-05-30","2016-05-30 20:04:42","24","2016-05-30 20:04:42","24");
INSERT INTO inventory_total_details VALUES("2134","2","0","0","-2","0","0","0","2016-05-30","2016-05-30 17:16:20","27","2016-05-30 18:50:52","27");
INSERT INTO inventory_total_details VALUES("2135","2","0","0","-2","0","0","0","2016-05-31","2016-05-31 18:50:40","24","2016-05-31 18:50:40","24");
INSERT INTO inventory_total_details VALUES("2136","2","0","0","-2","0","0","0","2016-05-30","2016-05-30 17:16:20","27","2016-05-30 18:50:52","27");
INSERT INTO inventory_total_details VALUES("2137","2","0","0","-1","0","0","0","2016-05-30","2016-05-30 17:00:35","1","2016-05-30 17:00:35","1");
INSERT INTO inventory_total_details VALUES("2138","2","0","0","-1","0","0","0","2016-06-01","2016-06-01 18:10:15","27","2016-06-01 18:10:15","27");
INSERT INTO inventory_total_details VALUES("2139","2","0","0","-1","0","0","0","2016-05-30","2016-05-30 19:37:44","27","2016-05-30 19:37:44","27");
INSERT INTO inventory_total_details VALUES("2140","2","0","0","-1","0","0","0","2016-05-30","2016-05-30 17:16:20","27","2016-05-30 18:50:52","27");
INSERT INTO inventory_total_details VALUES("2141","2","0","0","-1","0","0","0","2016-05-31","2016-05-31 16:15:13","1","2016-05-31 16:15:13","1");
INSERT INTO inventory_total_details VALUES("2142","2","0","0","-1","0","0","0","2016-06-04","2016-06-04 12:04:34","27","2016-06-04 16:08:30","27");
INSERT INTO inventory_total_details VALUES("2143","2","0","0","-1","0","0","0","2016-06-01","2016-06-01 14:37:00","24","2016-06-01 14:37:00","24");
INSERT INTO inventory_total_details VALUES("2144","2","0","0","-1","0","0","0","2016-06-02","2016-06-02 16:28:24","27","2016-06-02 16:28:24","27");
INSERT INTO inventory_total_details VALUES("2146","2","0","0","-1","0","0","0","2016-05-31","2016-05-31 04:25:13","28","2016-05-31 19:18:40","28");
INSERT INTO inventory_total_details VALUES("2163","2","0","0","-1","0","0","0","2016-05-30","2016-05-30 19:12:04","24","2016-05-30 20:36:29","24");
INSERT INTO inventory_total_details VALUES("2164","2","0","0","-1","0","0","0","2016-05-30","2016-05-30 16:53:06","27","2016-05-30 19:14:29","27");
INSERT INTO inventory_total_details VALUES("2165","2","0","0","-1","0","0","0","2016-05-30","2016-05-30 17:13:26","1","2016-05-30 17:13:26","1");
INSERT INTO inventory_total_details VALUES("2166","2","0","0","-8","0","0","0","2016-05-30","2016-05-30 15:16:51","1","2016-05-30 16:55:10","1");
INSERT INTO inventory_total_details VALUES("2172","2","0","0","-1","0","0","0","2016-05-30","2016-05-30 17:07:00","24","2016-05-30 20:45:07","24");
INSERT INTO inventory_total_details VALUES("2173","2","0","0","-1","0","0","0","2016-05-31","2016-05-31 10:33:37","28","2016-05-31 11:09:13","28");
INSERT INTO inventory_total_details VALUES("2174","2","0","0","-1","0","0","0","2016-05-31","2016-05-31 09:21:37","24","2016-05-31 09:21:37","24");
INSERT INTO inventory_total_details VALUES("2178","2","0","0","-1","0","0","0","2016-06-02","2016-06-02 05:19:47","24","2016-06-02 05:19:47","24");
INSERT INTO inventory_total_details VALUES("2179","2","0","0","-1","0","0","0","2016-06-19","2016-06-19 13:01:57","26","2016-06-19 13:01:57","26");
INSERT INTO inventory_total_details VALUES("2182","2","0","0","-1","0","0","0","2016-05-30","2016-05-30 18:50:52","27","2016-05-30 18:50:52","27");
INSERT INTO inventory_total_details VALUES("2183","2","0","0","-1","0","0","0","2016-06-17","2016-06-17 08:39:20","26","2016-06-17 08:39:20","26");
INSERT INTO inventory_total_details VALUES("2188","2","0","0","-1","0","0","0","2016-06-02","2016-06-02 05:19:47","27","2016-06-02 19:29:45","27");
INSERT INTO inventory_total_details VALUES("2197","2","0","0","-2","0","0","0","2016-05-31","2016-05-31 05:33:48","24","2016-05-31 18:01:04","24");
INSERT INTO inventory_total_details VALUES("2198","2","0","0","-1","0","0","0","2016-05-31","2016-05-31 06:32:11","28","2016-05-31 15:18:23","28");
INSERT INTO inventory_total_details VALUES("2199","2","0","0","-1","0","0","0","2016-05-30","2016-05-30 20:45:32","24","2016-05-30 20:45:32","24");
INSERT INTO inventory_total_details VALUES("2201","2","0","0","-1","0","0","0","2016-07-22","2016-07-22 07:59:15","28","2016-07-22 07:59:15","28");
INSERT INTO inventory_total_details VALUES("2202","2","0","0","-1","0","0","0","2016-06-05","2016-06-05 05:43:31","24","2016-06-05 05:43:31","24");
INSERT INTO inventory_total_details VALUES("2203","2","0","0","-2","0","0","0","2016-06-01","2016-06-01 18:10:15","27","2016-06-01 18:10:15","27");
INSERT INTO inventory_total_details VALUES("2204","2","0","0","-1","0","0","0","2016-06-05","2016-06-05 15:46:14","24","2016-06-05 15:46:14","24");
INSERT INTO inventory_total_details VALUES("2206","2","0","0","-2","0","0","0","2016-06-11","2016-06-11 18:11:55","26","2016-06-11 18:11:55","26");
INSERT INTO inventory_total_details VALUES("2207","2","0","0","-1","0","0","0","2016-06-05","2016-06-05 20:28:13","28","2016-06-05 20:28:13","28");
INSERT INTO inventory_total_details VALUES("2208","2","0","0","-1","0","0","0","2016-06-03","2016-06-03 12:29:19","24","2016-06-03 12:29:19","24");
INSERT INTO inventory_total_details VALUES("2209","2","0","0","-1","0","0","0","2016-06-01","2016-06-01 15:42:51","24","2016-06-01 15:42:51","24");
INSERT INTO inventory_total_details VALUES("2213","2","0","0","-1","0","0","0","2016-06-08","2016-06-08 08:14:22","28","2016-06-08 08:14:22","28");
INSERT INTO inventory_total_details VALUES("2217","2","0","0","-2","0","0","0","2016-06-03","2016-06-03 19:05:30","28","2016-06-03 19:05:30","28");
INSERT INTO inventory_total_details VALUES("2218","2","0","0","-1","0","0","0","2016-05-31","2016-05-31 10:46:14","28","2016-05-31 18:18:24","28");
INSERT INTO inventory_total_details VALUES("2219","2","0","0","-1","0","0","0","2016-06-02","2016-06-02 07:11:01","27","2016-06-02 20:39:25","27");
INSERT INTO inventory_total_details VALUES("2220","2","0","0","-120","0","0","0","2016-06-06","2016-06-06 12:05:02","28","2016-06-06 12:05:02","28");
INSERT INTO inventory_total_details VALUES("2226","2","0","0","-1","0","0","0","2016-05-30","2016-05-30 20:29:24","24","2016-05-30 20:29:24","24");
INSERT INTO inventory_total_details VALUES("2228","2","0","0","-1","0","0","0","2016-05-30","2016-05-30 16:53:07","24","2016-05-30 20:52:03","24");
INSERT INTO inventory_total_details VALUES("2229","2","0","0","-10","0","0","0","2016-05-30","2016-05-30 18:02:49","24","2016-05-30 20:49:46","24");
INSERT INTO inventory_total_details VALUES("2231","2","0","0","-3","0","0","0","2016-05-30","2016-05-30 16:58:22","24","2016-05-30 21:01:14","24");
INSERT INTO inventory_total_details VALUES("2232","2","0","0","-2","0","0","0","2016-05-30","2016-05-30 18:38:35","27","2016-05-30 18:38:35","27");
INSERT INTO inventory_total_details VALUES("2233","2","0","0","-3","0","0","0","2016-05-30","2016-05-30 19:34:27","27","2016-05-30 19:51:04","27");
INSERT INTO inventory_total_details VALUES("2235","2","0","0","-1","0","0","0","2016-05-30","2016-05-30 19:37:45","27","2016-05-30 19:55:59","27");
INSERT INTO inventory_total_details VALUES("2236","2","0","0","-1","0","0","0","2016-05-30","2016-05-30 20:25:09","24","2016-05-30 20:25:09","24");
INSERT INTO inventory_total_details VALUES("2237","2","0","0","-2","0","0","0","2016-06-06","2016-06-06 07:55:52","26","2016-06-06 07:55:52","26");
INSERT INTO inventory_total_details VALUES("2238","2","0","0","-2","0","0","0","2016-05-31","2016-05-31 06:54:44","28","2016-05-31 18:18:35","28");
INSERT INTO inventory_total_details VALUES("2239","2","0","0","-1","0","0","0","2016-05-31","2016-05-31 11:09:13","28","2016-05-31 19:15:47","28");
INSERT INTO inventory_total_details VALUES("2240","2","0","0","-1","0","0","0","2016-05-30","2016-05-30 16:58:52","27","2016-05-30 19:23:13","27");
INSERT INTO inventory_total_details VALUES("2241","2","0","0","-1","0","0","0","2016-05-31","2016-05-31 13:05:46","28","2016-05-31 18:12:43","28");
INSERT INTO inventory_total_details VALUES("2243","2","0","0","-2","0","0","0","2016-05-30","2016-05-30 17:15:34","1","2016-05-30 17:15:34","1");
INSERT INTO inventory_total_details VALUES("2250","2","0","0","-1","0","0","0","2016-05-30","2016-05-30 17:14:12","24","2016-05-30 20:46:56","24");
INSERT INTO inventory_total_details VALUES("2251","2","0","0","-1","0","0","0","2016-07-09","2016-07-09 18:58:52","28","2016-07-09 18:58:52","28");
INSERT INTO inventory_total_details VALUES("2252","2","0","0","-3","0","0","0","2016-06-04","2016-06-04 16:15:52","28","2016-06-04 20:22:10","28");
INSERT INTO inventory_total_details VALUES("2253","2","0","0","-1","0","0","0","2016-05-31","2016-05-31 13:24:22","28","2016-05-31 13:24:22","28");
INSERT INTO inventory_total_details VALUES("2254","2","0","0","-5","0","0","0","2016-05-31","2016-05-31 18:14:09","28","2016-05-31 20:17:14","28");
INSERT INTO inventory_total_details VALUES("2255","2","0","0","-5","0","0","0","2016-06-02","2016-06-02 18:24:09","24","2016-06-02 18:24:09","24");
INSERT INTO inventory_total_details VALUES("2256","2","0","0","-1","0","0","0","2016-06-02","2016-06-02 17:07:21","28","2016-06-02 18:40:44","28");
INSERT INTO inventory_total_details VALUES("2257","2","0","0","-1","0","0","0","2016-06-02","2016-06-02 18:53:00","28","2016-06-02 18:53:00","28");
INSERT INTO inventory_total_details VALUES("2258","2","0","0","-1","0","0","0","2016-06-06","2016-06-06 11:06:36","26","2016-06-06 11:06:36","26");
INSERT INTO inventory_total_details VALUES("2259","2","0","0","-2","0","0","0","2016-06-22","2016-06-22 14:12:02","28","2016-06-22 19:30:07","28");
INSERT INTO inventory_total_details VALUES("2260","2","0","0","-1","0","0","0","2016-07-11","2016-07-11 05:45:45","26","2016-07-11 05:45:45","26");
INSERT INTO inventory_total_details VALUES("2262","2","0","0","-1","0","0","0","2016-07-21","2016-07-21 07:37:38","26","2016-07-21 07:37:38","26");



INSERT INTO bookers VALUES("171","","077787378","2016-07-27 11:23:22","28","2016-07-27 11:23:22","","1");

INSERT INTO sales_orders VALUES("56452","2","1","","16SO056430","5000","1.25","0","0","0","2016-07-27","2016-07-27","","2016-07-27 09:00:45","28","2016-07-27 09:00:45","28","1","1","0"),
("56453","2","1","","16SO056431","3000","0.75","0","0","0","2016-07-27","2016-07-27","","2016-07-27 09:01:20","32","2016-07-27 09:01:20","32","1","1","0"),
("56454","2","1","","16SO056432","2000","0.5","0","0","0","2016-07-27","2016-07-27","","2016-07-27 09:03:50","28","2016-07-27 09:03:50","28","1","1","0"),
("56455","2","1","","16SO056433","70000","17.5","0","0","0","2016-07-27","2016-07-27","","2016-07-27 09:04:20","28","2016-07-27 09:04:20","28","1","1","0"),
("56456","2","1","","16SO056434","2000","0.5","0","0","0","2016-07-27","2016-07-27","","2016-07-27 09:04:37","28","2016-07-27 09:04:37","28","1","1","0"),
("56457","2","1","","16SO056435","2000","0.5","0","0","0","2016-07-27","2016-07-27","","2016-07-27 09:06:37","28","2016-07-27 09:06:37","28","1","1","0"),
("56458","2","1","","16SO056436","1000","0.25","0","0","0","2016-07-27","2016-07-27","","2016-07-27 09:07:09","32","2016-07-27 09:07:09","32","1","1","0"),
("56459","2","1","","16SO056437","5000","1.25","0","0","0","2016-07-27","2016-07-27","","2016-07-27 09:07:27","28","2016-07-27 09:07:27","28","1","1","0"),
("56460","2","1","","16SO056438","2500","0.625","0","0","0","2016-07-27","2016-07-27","","2016-07-27 09:07:37","32","2016-07-27 09:07:37","32","1","1","0"),
("56461","2","1","","16SO056439","2500","0.625","0","0","0","2016-07-27","2016-07-27","","2016-07-27 09:07:49","28","2016-07-27 09:07:49","28","1","1","0"),
("56462","2","1","","16SO056440","2000","0.5","0","0","0","2016-07-27","2016-07-27","","2016-07-27 09:07:55","32","2016-07-27 09:07:55","32","1","1","0"),
("56463","2","1","","16SO056441","500","0.125","0","0","0","2016-07-27","2016-07-27","","2016-07-27 09:08:18","32","2016-07-27 09:08:18","32","1","1","0"),
("56464","2","1","","16SO056442","2000","0.5","0","0","0","2016-07-27","2016-07-27","","2016-07-27 09:08:41","32","2016-07-27 09:08:41","32","1","1","0"),
("56465","2","1","","16SO056443","2500","0.625","0","0","0","2016-07-27","2016-07-27","","2016-07-27 09:13:49","32","2016-07-27 09:13:49","32","1","1","0"),
("56466","2","1","","16SO056444","3500","0.875","0","0","0","2016-07-27","2016-07-27","","2016-07-27 09:14:02","28","2016-07-27 09:14:02","28","1","1","0"),
("56467","2","1","","16SO056445","5000","1.25","0","0","0","2016-07-27","2016-07-27","","2016-07-27 09:14:29","28","2016-07-27 09:14:29","28","1","1","0"),
("56468","2","1","","16SO056446","15000","3.75","0","0","0","2016-07-27","2016-07-27","","2016-07-27 09:15:17","28","2016-07-27 09:15:17","28","1","1","0"),
("56469","2","1","","16SO056447","2000","0.5","0","0","0","2016-07-27","2016-07-27","","2016-07-27 09:16:37","28","2016-07-27 09:16:37","28","1","1","0"),
("56470","2","1","","16SO056448","500","0.125","0","0","0","2016-07-27","2016-07-27","","2016-07-27 09:16:44","28","2016-07-27 09:16:44","28","1","1","0"),
("56471","2","1","","16SO056449","63500","15.875","0","0","0","2016-07-27","2016-07-27","","2016-07-27 09:18:35","32","2016-07-27 09:18:35","32","1","1","0"),
("56472","2","1","","16SO056450","14000","3.5","0","0","0","2016-07-27","2016-07-27","","2016-07-27 09:19:08","28","2016-07-27 09:19:08","28","1","1","0"),
("56473","2","1","","16SO056451","2500","0.625","0","0","0","2016-07-27","2016-07-27","","2016-07-27 09:19:23","28","2016-07-27 09:19:23","28","1","1","0"),
("56474","2","1","","16SO056452","6000","1.5","0","0","0","2016-07-27","2016-07-27","","2016-07-27 09:19:55","28","2016-07-27 09:19:55","28","1","1","0"),
("56475","2","1","","16SO056453","10500","2.625","0","0","0","2016-07-27","2016-07-27","","2016-07-27 09:20:48","32","2016-07-27 09:20:48","32","1","1","0"),
("56476","2","1","","16SO056454","1000","0.25","0","0","0","2016-07-27","2016-07-27","","2016-07-27 09:23:25","28","2016-07-27 09:23:25","28","1","1","0"),
("56477","2","1","","16SO056455","7500","1.875","0","0","0","2016-07-27","2016-07-27","","2016-07-27 09:23:53","32","2016-07-27 09:23:53","32","1","1","0"),
("56478","2","1","","16SO056456","4000","1","0","0","0","2016-07-27","2016-07-27","","2016-07-27 09:23:58","28","2016-07-27 09:23:58","28","1","1","0"),
("56479","2","1","","16SO056457","2000","0.5","0","0","0","2016-07-27","2016-07-27","","2016-07-27 09:26:45","32","2016-07-27 09:26:45","32","1","1","0"),
("56480","2","1","","16SO056458","1400","0.35","0","0","0","2016-07-27","2016-07-27","","2016-07-27 09:26:55","32","2016-07-27 09:26:55","32","1","1","0"),
("56481","2","1","","16SO056459","2000","0.5","0","0","0","2016-07-27","2016-07-27","","2016-07-27 09:27:19","32","2016-07-27 09:27:19","32","1","1","0"),
("56482","2","1","","16SO056460","12000","3","0","0","0","2016-07-27","2016-07-27","","2016-07-27 09:28:48","28","2016-07-27 09:28:48","28","1","1","0"),
("56483","2","1","","16SO056461","12000","3","0","0","0","2016-07-27","2016-07-27","","2016-07-27 09:28:48","28","2016-07-27 09:28:48","28","1","1","0"),
("56484","2","1","","16SO056462","2500","0.625","0","0","0","2016-07-27","2016-07-27","","2016-07-27 09:29:14","32","2016-07-27 09:29:14","32","1","1","0"),
("56485","2","1","","16SO056463","11500","2.875","0","0","0","2016-07-27","2016-07-27","","2016-07-27 09:30:15","32","2016-07-27 09:30:15","32","1","1","0"),
("56486","2","1","","16SO056464","12500","3.125","0","0","0","2016-07-27","2016-07-27","","2016-07-27 09:30:35","28","2016-07-27 09:30:35","28","1","1","0"),
("56487","2","1","","16SO056465","3000","0.75","0","0","0","2016-07-27","2016-07-27","","2016-07-27 09:30:41","32","2016-07-27 09:30:41","32","1","1","0"),
("56488","2","1","","16SO056466","1000","0.25","0","0","0","2016-07-27","2016-07-27","","2016-07-27 09:31:01","32","2016-07-27 09:31:01","32","1","1","0"),
("56489","2","1","","16SO056467","4500","1.125","0","0","0","2016-07-27","2016-07-27","","2016-07-27 09:32:40","32","2016-07-27 09:32:40","32","1","1","0"),
("56490","2","1","","16SO056468","20000","5","0","0","0","2016-07-27","2016-07-27","","2016-07-27 09:33:42","28","2016-07-27 09:33:42","28","1","1","0"),
("56491","2","1","","16SO056469","7000","1.75","0","0","0","2016-07-27","2016-07-27","","2016-07-27 09:34:14","28","2016-07-27 09:34:14","28","1","1","0"),
("56492","2","1","","16SO056470","1500","0.375","0","0","0","2016-07-27","2016-07-27","","2016-07-27 09:36:54","32","2016-07-27 09:36:54","32","1","1","0"),
("56493","2","1","","16SO056471","1000","0.25","0","0","0","2016-07-27","2016-07-27","","2016-07-27 09:38:05","32","2016-07-27 09:38:05","32","1","1","0"),
("56494","2","1","","16SO056472","3500","0.875","0","0","0","2016-07-27","2016-07-27","","2016-07-27 09:42:04","32","2016-07-27 09:42:04","32","1","1","0"),
("56495","2","1","","16SO056473","11000","2.75","0","0","0","2016-07-27","2016-07-27","","2016-07-27 09:42:28","32","2016-07-27 09:42:28","32","1","1","0"),
("56496","2","1","","16SO056474","2000","0.5","0","0","0","2016-07-27","2016-07-27","","2016-07-27 09:43:09","32","2016-07-27 09:43:09","32","1","1","0"),
("56497","2","1","","16SO056475","8500","2.125","0","0","0","2016-07-27","2016-07-27","","2016-07-27 09:43:55","32","2016-07-27 09:43:55","32","1","1","0"),
("56498","2","1","","16SO056476","5500","1.375","0","0","0","2016-07-27","2016-07-27","","2016-07-27 09:45:03","32","2016-07-27 09:45:03","32","1","1","0"),
("56499","2","1","","16SO056477","3500","0.875","0","0","0","2016-07-27","2016-07-27","","2016-07-27 09:45:59","28","2016-07-27 09:45:59","28","1","1","0"),
("56500","2","1","","16SO056478","1500","0.375","0","0","0","2016-07-27","2016-07-27","","2016-07-27 09:51:27","28","2016-07-27 09:51:27","28","1","1","0"),
("56501","2","1","","16SO056479","10000","2.5","0","0","0","2016-07-27","2016-07-27","","2016-07-27 09:53:17","28","2016-07-27 09:53:17","28","1","1","0"),
("56502","2","1","","16SO056480","2000","0.5","0","0","0","2016-07-27","2016-07-27","","2016-07-27 09:54:20","28","2016-07-27 09:54:20","28","1","1","0"),
("56503","2","1","","16SO056481","1500","0.375","0","0","0","2016-07-27","2016-07-27","","2016-07-27 09:54:30","28","2016-07-27 09:54:30","28","1","1","0"),
("56504","2","1","","16SO056482","28000","7","0","0","0","2016-07-27","2016-07-27","","2016-07-27 09:55:04","28","2016-07-27 09:55:04","28","1","1","0"),
("56505","2","1","","16SO056483","7000","1.75","0","0","0","2016-07-27","2016-07-27","","2016-07-27 09:57:29","28","2016-07-27 09:57:29","28","1","1","0"),
("56506","2","1","","16SO056484","3000","0.75","0","0","0","2016-07-27","2016-07-27","","2016-07-27 09:59:08","32","2016-07-27 09:59:08","32","1","1","0"),
("56507","2","1","","16SO056485","3000","0.75","0","0","0","2016-07-27","2016-07-27","","2016-07-27 09:59:56","32","2016-07-27 09:59:56","32","1","1","0"),
("56508","2","1","","16SO056486","2000","0.5","0","0","0","2016-07-27","2016-07-27","","2016-07-27 10:01:17","32","2016-07-27 10:01:17","32","1","1","0"),
("56509","2","1","","16SO056487","5000","1.25","0","0","0","2016-07-27","2016-07-27","","2016-07-27 10:01:37","32","2016-07-27 10:01:37","32","1","1","0"),
("56510","2","1","","16SO056488","5000","1.25","0","0","0","2016-07-27","2016-07-27","","2016-07-27 10:02:18","32","2016-07-27 10:02:18","32","1","1","0"),
("56511","2","1","","16SO056489","1500","0.375","0","0","0","2016-07-27","2016-07-27","","2016-07-27 10:02:36","32","2016-07-27 10:02:36","32","1","1","0"),
("56512","2","1","","16SO056490","10000","2.5","0","0","0","2016-07-27","2016-07-27","","2016-07-27 10:03:42","28","2016-07-27 10:03:42","28","1","1","0"),
("56513","2","1","","16SO056491","2000","0.5","0","0","0","2016-07-27","2016-07-27","","2016-07-27 10:03:58","28","2016-07-27 10:03:58","28","1","1","0"),
("56514","2","1","","16SO056492","3000","0.75","0","0","0","2016-07-27","2016-07-27","","2016-07-27 10:04:31","28","2016-07-27 10:04:31","28","1","1","0"),
("56515","2","1","","16SO056493","2000","0.5","0","0","0","2016-07-27","2016-07-27","","2016-07-27 10:05:02","28","2016-07-27 10:05:02","28","1","1","0"),
("56516","2","1","","16SO056494","500","0.125","0","0","0","2016-07-27","2016-07-27","","2016-07-27 10:05:27","28","2016-07-27 10:05:27","28","1","1","0"),
("56517","2","1","","16SO056495","2500","0.625","0","0","0","2016-07-27","2016-07-27","","2016-07-27 10:05:37","32","2016-07-27 10:05:37","32","1","1","0"),
("56518","2","1","","16SO056496","2000","0.5","0","0","0","2016-07-27","2016-07-27","","2016-07-27 10:06:04","28","2016-07-27 10:06:04","28","1","1","0"),
("56519","2","1","","16SO056497","2000","0.5","0","0","0","2016-07-27","2016-07-27","","2016-07-27 10:06:21","32","2016-07-27 10:06:21","32","1","1","0"),
("56520","2","1","","16SO056498","3500","0.875","0","0","0","2016-07-27","2016-07-27","","2016-07-27 10:07:39","32","2016-07-27 10:07:39","32","1","1","0"),
("56521","2","1","","16SO056499","20000","5","0","0","0","2016-07-27","2016-07-27","","2016-07-27 10:08:12","28","2016-07-27 10:08:12","28","1","1","0"),
("56522","2","1","","16SO056500","3000","0.75","0","0","0","2016-07-27","2016-07-27","","2016-07-27 10:08:41","28","2016-07-27 10:08:41","28","1","1","0"),
("56523","2","1","","16SO056501","9000","2.25","0","0","0","2016-07-27","2016-07-27","","2016-07-27 10:08:43","32","2016-07-27 10:08:43","32","1","1","0"),
("56524","2","1","","16SO056502","1000","0.25","0","0","0","2016-07-27","2016-07-27","","2016-07-27 10:08:59","32","2016-07-27 10:08:59","32","1","1","0"),
("56525","2","1","","16SO056503","1000","0.25","0","0","0","2016-07-27","2016-07-27","","2016-07-27 10:09:15","32","2016-07-27 10:09:15","32","1","1","0"),
("56526","2","1","","16SO056504","5000","1.25","0","0","0","2016-07-27","2016-07-27","","2016-07-27 10:09:59","28","2016-07-27 10:09:59","28","1","1","0"),
("56527","2","1","","16SO056505","3000","0.75","0","0","0","2016-07-27","2016-07-27","","2016-07-27 10:11:02","32","2016-07-27 10:11:02","32","1","1","0"),
("56528","2","1","","16SO056506","7500","1.875","0","0","0","2016-07-27","2016-07-27","","2016-07-27 10:11:20","28","2016-07-27 10:11:20","28","1","1","0"),
("56529","2","1","","16SO056507","4500","1.125","0","0","0","2016-07-27","2016-07-27","","2016-07-27 10:11:39","32","2016-07-27 10:11:39","32","1","1","0"),
("56530","2","1","","16SO056508","5000","1.25","0","0","0","2016-07-27","2016-07-27","","2016-07-27 10:11:58","28","2016-07-27 10:11:58","28","1","1","0"),
("56531","2","1","","16SO056509","1000","0.25","0","0","0","2016-07-27","2016-07-27","","2016-07-27 10:11:59","32","2016-07-27 10:11:59","32","1","1","0"),
("56532","2","1","","16SO056510","500","0.125","0","0","0","2016-07-27","2016-07-27","","2016-07-27 10:12:17","32","2016-07-27 10:12:17","32","1","1","0"),
("56533","2","1","","16SO056511","8500","2.125","0","0","0","2016-07-27","2016-07-27","","2016-07-27 10:12:24","28","2016-07-27 10:12:24","28","1","1","0"),
("56534","2","1","","16SO056512","7000","1.75","0","0","0","2016-07-27","2016-07-27","","2016-07-27 10:12:42","32","2016-07-27 10:12:42","32","1","1","0"),
("56535","2","1","","16SO056513","2500","0.625","0","0","0","2016-07-27","2016-07-27","","2016-07-27 10:13:12","32","2016-07-27 10:13:12","32","1","1","0"),
("56536","2","1","","16SO056514","13000","3.25","0","0","0","2016-07-27","2016-07-27","","2016-07-27 10:13:56","28","2016-07-27 10:13:56","28","1","1","0"),
("56537","2","1","","16SO056515","1000","0.25","0","0","0","2016-07-27","2016-07-27","","2016-07-27 10:13:58","32","2016-07-27 10:13:58","32","1","1","0"),
("56538","2","1","","16SO056516","1000","0.25","0","0","0","2016-07-27","2016-07-27","","2016-07-27 10:14:33","28","2016-07-27 10:14:33","28","1","1","0"),
("56539","2","1","","16SO056517","3000","0.75","0","0","0","2016-07-27","2016-07-27","","2016-07-27 10:14:52","28","2016-07-27 10:14:52","28","1","1","0"),
("56540","2","1","","16SO056518","2500","0.625","0","0","0","2016-07-27","2016-07-27","","2016-07-27 10:15:01","28","2016-07-27 10:15:01","28","1","1","0"),
("56541","2","1","","16SO056519","1000","0.25","0","0","0","2016-07-27","2016-07-27","","2016-07-27 10:15:21","32","2016-07-27 10:15:21","32","1","1","0"),
("56542","2","1","","16SO056520","1000","0.25","0","0","0","2016-07-27","2016-07-27","","2016-07-27 10:15:27","32","2016-07-27 10:15:27","32","1","1","0"),
("56543","2","1","","16SO056521","500","0.125","0","0","0","2016-07-27","2016-07-27","","2016-07-27 10:16:04","32","2016-07-27 10:16:04","32","1","1","0"),
("56544","2","1","","16SO056522","1500","0.375","0","0","0","2016-07-27","2016-07-27","","2016-07-27 10:16:06","28","2016-07-27 10:16:06","28","1","1","0"),
("56545","2","1","","16SO056523","24000","6","0","0","0","2016-07-27","2016-07-27","","2016-07-27 10:16:57","28","2016-07-27 10:16:57","28","1","1","0"),
("56546","2","1","","16SO056524","1000","0.25","0","0","0","2016-07-27","2016-07-27","","2016-07-27 10:17:32","28","2016-07-27 10:17:32","28","1","1","0"),
("56547","2","1","","16SO056525","30000","7.5","0","0","0","2016-07-27","2016-07-27","","2016-07-27 10:19:56","28","2016-07-27 10:19:56","28","1","1","0"),
("56548","2","1","","16SO056526","10000","2.5","0","0","0","2016-07-27","2016-07-27","","2016-07-27 10:22:55","28","2016-07-27 10:22:55","28","1","1","0"),
("56549","2","1","","16SO056527","500","0.125","0","0","0","2016-07-27","2016-07-27","","2016-07-27 10:26:10","32","2016-07-27 10:26:10","32","1","1","0"),
("56550","2","1","","16SO056528","2800","0.7","0","0","0","2016-07-27","2016-07-27","","2016-07-27 10:26:37","32","2016-07-27 10:26:37","32","1","1","0"),
("56551","2","1","","16SO056529","1500","0.375","0","0","0","2016-07-27","2016-07-27","","2016-07-27 10:28:10","32","2016-07-27 10:28:10","32","1","1","0"),
("56552","2","1","","16SO056530","3500","0.875","0","0","0","2016-07-27","2016-07-27","","2016-07-27 10:29:12","28","2016-07-27 10:29:12","28","1","1","0"),
("56553","2","1","","16SO056531","4000","1","0","0","0","2016-07-27","2016-07-27","","2016-07-27 10:33:13","32","2016-07-27 10:33:13","32","1","1","0"),
("56554","2","1","","16SO056532","2500","0.625","0","0","0","2016-07-27","2016-07-27","","2016-07-27 10:33:30","32","2016-07-27 10:33:30","32","1","1","0"),
("56555","2","1","","16SO056533","10000","2.5","0","0","0","2016-07-27","2016-07-27","","2016-07-27 10:39:11","32","2016-07-27 10:39:11","32","1","1","0"),
("56556","2","1","","16SO056534","4000","1","0","0","0","2016-07-27","2016-07-27","","2016-07-27 10:39:12","28","2016-07-27 10:39:12","28","1","1","0"),
("56557","2","1","","16SO056535","1000","0.25","0","0","0","2016-07-27","2016-07-27","","2016-07-27 10:39:30","32","2016-07-27 10:39:30","32","1","1","0"),
("56558","2","1","","16SO056536","7000","1.75","0","0","0","2016-07-27","2016-07-27","","2016-07-27 10:39:54","28","2016-07-27 10:39:54","28","1","1","0"),
("56559","2","1","","16SO056537","4000","1","0","0","0","2016-07-27","2016-07-27","","2016-07-27 10:40:13","28","2016-07-27 10:40:13","28","1","1","0"),
("56560","2","1","","16SO056538","1000","0.25","0","0","0","2016-07-27","2016-07-27","","2016-07-27 10:40:32","28","2016-07-27 10:40:32","28","1","1","0"),
("56561","2","1","","16SO056539","2000","0.5","0","0","0","2016-07-27","2016-07-27","","2016-07-27 10:41:27","32","2016-07-27 10:41:27","32","1","1","0"),
("56562","2","1","","16SO056540","2000","0.5","0","0","0","2016-07-27","2016-07-27","","2016-07-27 10:42:26","32","2016-07-27 10:42:26","32","1","1","0"),
("56563","2","1","","16SO056541","1000","0.25","0","0","0","2016-07-27","2016-07-27","","2016-07-27 10:45:05","32","2016-07-27 10:45:05","32","1","1","0"),
("56564","2","1","","16SO056542","2500","0.625","0","0","0","2016-07-27","2016-07-27","","2016-07-27 10:45:33","28","2016-07-27 10:45:33","28","1","1","0"),
("56565","2","1","","16SO056543","15000","3.75","0","0","0","2016-07-27","2016-07-27","","2016-07-27 10:49:29","28","2016-07-27 10:49:29","28","1","1","0"),
("56566","2","1","","16SO056544","5000","1.25","0","0","0","2016-07-27","2016-07-27","","2016-07-27 10:49:37","32","2016-07-27 10:49:37","32","1","1","0"),
("56567","2","1","","16SO056545","6000","1.5","0","0","0","2016-07-27","2016-07-27","","2016-07-27 10:50:35","28","2016-07-27 10:50:35","28","1","1","0"),
("56568","2","1","","16SO056546","4000","1","0","0","0","2016-07-27","2016-07-27","","2016-07-27 10:51:38","28","2016-07-27 10:51:38","28","1","1","0"),
("56569","2","1","","16SO056547","4000","1","0","0","0","2016-07-27","2016-07-27","","2016-07-27 10:52:27","28","2016-07-27 10:52:27","28","1","1","0"),
("56570","2","1","","16SO056548","55500","13.875","0","0","0","2016-07-27","2016-07-27","","2016-07-27 10:52:37","32","2016-07-27 10:52:37","32","1","1","0"),
("56571","2","1","","16SO056549","2100","0.525","0","0","0","2016-07-27","2016-07-27","","2016-07-27 10:52:59","32","2016-07-27 10:52:59","32","1","1","0"),
("56572","2","1","","16SO056550","5500","1.375","0","0","0","2016-07-27","2016-07-27","","2016-07-27 10:53:08","28","2016-07-27 10:53:08","28","1","1","0"),
("56573","2","1","","16SO056551","4000","1","0","0","0","2016-07-27","2016-07-27","","2016-07-27 10:53:14","32","2016-07-27 10:53:14","32","1","1","0"),
("56574","2","1","","16SO056552","1000","0.25","0","0","0","2016-07-27","2016-07-27","","2016-07-27 10:56:53","28","2016-07-27 10:56:53","28","1","1","0"),
("56575","2","1","","16SO056553","11000","2.75","0","0","0","2016-07-27","2016-07-27","","2016-07-27 10:57:07","28","2016-07-27 10:57:07","28","1","1","0"),
("56576","2","1","","16SO056554","1500","0.375","0","0","0","2016-07-27","2016-07-27","","2016-07-27 10:57:53","28","2016-07-27 10:57:53","28","1","1","0"),
("56577","2","1","","16SO056555","7500","1.875","0","0","0","2016-07-27","2016-07-27","","2016-07-27 10:58:27","28","2016-07-27 10:58:27","28","1","1","0"),
("56578","2","1","","16SO056556","1400","0.35","0","0","0","2016-07-27","2016-07-27","","2016-07-27 10:58:35","32","2016-07-27 10:58:35","32","1","1","0"),
("56579","2","1","","16SO056557","1000","0.25","0","0","0","2016-07-27","2016-07-27","","2016-07-27 10:59:44","28","2016-07-27 10:59:44","28","1","1","0"),
("56580","2","1","","16SO056558","12000","3","0","0","0","2016-07-27","2016-07-27","","2016-07-27 11:00:21","28","2016-07-27 11:00:21","28","1","1","0"),
("56581","2","1","","16SO056559","5000","1.25","0","0","0","2016-07-27","2016-07-27","","2016-07-27 11:00:42","28","2016-07-27 11:00:42","28","1","1","0"),
("56582","2","1","","16SO056560","10000","2.5","0","0","0","2016-07-27","2016-07-27","","2016-07-27 11:02:18","32","2016-07-27 11:02:18","32","1","1","0"),
("56583","2","1","","16SO056561","20000","5","0","0","0","2016-07-27","2016-07-27","","2016-07-27 11:04:43","32","2016-07-27 11:04:43","32","1","1","0"),
("56584","2","1","","16SO056562","7500","1.875","0","0","0","2016-07-27","2016-07-27","","2016-07-27 11:09:38","28","2016-07-27 11:09:38","28","1","1","0"),
("56585","2","1","","16SO056563","5000","1.25","0","0","0","2016-07-27","2016-07-27","","2016-07-27 11:10:36","28","2016-07-27 11:10:36","28","1","1","0"),
("56586","2","1","","16SO056564","3000","0.75","0","0","0","2016-07-27","2016-07-27","","2016-07-27 11:11:11","28","2016-07-27 11:11:11","28","1","1","0"),
("56587","2","1","","16SO056565","3000","0.75","0","0","0","2016-07-27","2016-07-27","","2016-07-27 11:12:19","28","2016-07-27 11:12:19","28","1","1","0"),
("56588","2","1","","16SO056566","2500","0.625","0","0","0","2016-07-27","2016-07-27","","2016-07-27 11:13:44","28","2016-07-27 11:13:44","28","1","1","0"),
("56589","2","1","","16SO056567","3500","0.875","0","0","0","2016-07-27","2016-07-27","","2016-07-27 11:17:51","28","2016-07-27 11:17:51","28","1","1","0"),
("56590","2","1","","16SO056568","12000","3","0","0","0","2016-07-27","2016-07-27","","2016-07-27 11:18:33","28","2016-07-27 11:18:33","28","1","1","0"),
("56591","2","1","","16SO056569","3000","0.75","0","0","0","2016-07-27","2016-07-27","","2016-07-27 11:19:15","28","2016-07-27 11:19:15","28","1","1","0"),
("56592","2","1","","16SO056570","4000","1","0","0","0","2016-07-27","2016-07-27","","2016-07-27 11:19:34","28","2016-07-27 11:19:34","28","1","1","0"),
("56593","2","1","","16SO056571","18900","4.725","0","0","0","2016-07-27","2016-07-27","","2016-07-27 11:19:57","32","2016-07-27 11:19:57","32","1","1","0"),
("56594","2","1","","16SO056572","9500","2.375","0","0","0","2016-07-27","2016-07-27","","2016-07-27 11:20:57","28","2016-07-27 11:20:57","28","1","1","0"),
("56595","2","1","","16SO056573","5000","1.25","0","0","0","2016-07-27","2016-07-27","","2016-07-27 11:21:07","28","2016-07-27 11:21:07","28","1","1","0"),
("56596","2","1","","16SO056574","1500","0.375","0","0","0","2016-07-27","2016-07-27","","2016-07-27 11:22:05","32","2016-07-27 11:22:05","32","1","1","0"),
("56597","2","","171","16SO056575","40000","10","20000","0","0","2016-07-27","2016-07-27","","2016-07-27 11:23:22","28","2016-07-27 11:23:22","28","1","0","1"),
("56598","2","1","","16SO056576","5000","1.25","0","0","0","2016-07-27","2016-07-27","","2016-07-27 11:23:56","32","2016-07-27 11:23:56","32","1","1","0"),
("56599","2","1","","16SO056577","2500","0.625","0","0","0","2016-07-27","2016-07-27","","2016-07-27 11:24:07","32","2016-07-27 11:24:07","32","1","1","0"),
("56600","2","1","","16SO056578","3000","0.75","0","0","0","2016-07-27","2016-07-27","","2016-07-27 11:27:16","28","2016-07-27 11:27:16","28","1","1","0"),
("56601","2","1","","16SO056579","1500","0.375","0","0","0","2016-07-27","2016-07-27","","2016-07-27 11:27:38","28","2016-07-27 11:27:38","28","1","1","0"),
("56602","2","1","","16SO056580","500","0.125","0","0","0","2016-07-27","2016-07-27","","2016-07-27 11:28:06","28","2016-07-27 11:28:06","28","1","1","0"),
("56603","2","1","","16SO056581","2500","0.625","0","0","0","2016-07-27","2016-07-27","","2016-07-27 11:28:36","28","2016-07-27 11:28:36","28","1","1","0"),
("56604","2","1","","16SO056582","7000","1.75","0","0","0","2016-07-27","2016-07-27","","2016-07-27 11:29:09","28","2016-07-27 11:29:09","28","1","1","0"),
("56605","2","1","","16SO056583","2000","0.5","0","0","0","2016-07-27","2016-07-27","","2016-07-27 11:31:13","28","2016-07-27 11:31:13","28","1","1","0"),
("56606","2","1","","16SO056584","2000","0.5","0","0","0","2016-07-27","2016-07-27","","2016-07-27 11:31:34","28","2016-07-27 11:31:34","28","1","1","0"),
("56607","2","1","","16SO056585","4000","1","0","0","0","2016-07-27","2016-07-27","","2016-07-27 11:32:58","28","2016-07-27 11:32:58","28","1","1","0"),
("56608","2","1","","16SO056586","5000","1.25","0","0","0","2016-07-27","2016-07-27","","2016-07-27 11:38:17","28","2016-07-27 11:38:17","28","1","1","0"),
("56609","2","1","","16SO056587","4000","1","0","0","0","2016-07-27","2016-07-27","","2016-07-27 11:39:42","28","2016-07-27 11:39:42","28","1","1","0"),
("56610","2","1","","16SO056588","3000","0.75","0","0","0","2016-07-27","2016-07-27","","2016-07-27 11:40:48","28","2016-07-27 11:40:48","28","1","1","0"),
("56611","2","1","","16SO056589","500","0.125","0","0","0","2016-07-27","2016-07-27","","2016-07-27 11:40:53","28","2016-07-27 11:40:53","28","1","1","0"),
("56612","2","1","","16SO056590","7500","1.875","0","0","0","2016-07-27","2016-07-27","","2016-07-27 11:42:00","32","2016-07-27 11:42:00","32","1","1","0"),
("56613","2","1","","16SO056591","2000","0.5","0","0","0","2016-07-27","2016-07-27","","2016-07-27 11:42:03","28","2016-07-27 11:42:03","28","1","1","0"),
("56614","2","1","","16SO056592","3000","0.75","0","0","0","2016-07-27","2016-07-27","","2016-07-27 11:42:45","32","2016-07-27 11:42:45","32","1","1","0"),
("56615","2","1","","16SO056593","3000","0.75","0","0","0","2016-07-27","2016-07-27","","2016-07-27 11:43:12","28","2016-07-27 11:43:12","28","1","1","0"),
("56616","2","1","","16SO056594","6000","1.5","0","0","0","2016-07-27","2016-07-27","","2016-07-27 11:44:17","32","2016-07-27 11:44:17","32","1","1","0"),
("56617","2","1","","16SO056595","1400","0.35","0","0","0","2016-07-27","2016-07-27","","2016-07-27 11:46:00","32","2016-07-27 11:46:00","32","1","1","0"),
("56618","2","1","","16SO056596","2000","0.5","0","0","0","2016-07-27","2016-07-27","","2016-07-27 11:46:44","32","2016-07-27 11:46:44","32","1","1","0"),
("56619","2","1","","16SO056597","500","0.125","0","0","0","2016-07-27","2016-07-27","","2016-07-27 11:47:09","32","2016-07-27 11:47:09","32","1","1","0"),
("56620","2","1","","16SO056598","1000","0.25","0","0","0","2016-07-27","2016-07-27","","2016-07-27 11:50:15","32","2016-07-27 11:50:15","32","1","1","0"),
("56621","2","1","","16SO056599","2500","0.625","0","0","0","2016-07-27","2016-07-27","","2016-07-27 11:52:04","32","2016-07-27 11:52:04","32","1","1","0"),
("56622","2","1","","16SO056600","25000","6.25","0","0","0","2016-07-27","2016-07-27","","2016-07-27 11:53:10","32","2016-07-27 11:53:10","32","1","1","0"),
("56623","2","1","","16SO056601","2000","0.5","0","0","0","2016-07-27","2016-07-27","","2016-07-27 11:54:21","32","2016-07-27 11:54:21","32","1","1","0"),
("56624","2","1","","16SO056602","6000","1.5","0","0","0","2016-07-27","2016-07-27","","2016-07-27 11:55:00","32","2016-07-27 11:55:00","32","1","1","0"),
("56625","2","1","","16SO056603","2500","0.625","0","0","0","2016-07-27","2016-07-27","","2016-07-27 11:55:09","32","2016-07-27 11:55:09","32","1","1","0"),
("56626","2","1","","16SO056604","6000","1.5","0","0","0","2016-07-27","2016-07-27","","2016-07-27 11:56:36","32","2016-07-27 11:56:36","32","1","1","0"),
("56627","2","1","","16SO056605","3500","0.875","0","0","0","2016-07-27","2016-07-27","","2016-07-27 11:57:05","32","2016-07-27 11:57:05","32","1","1","0"),
("56628","2","1","","16SO056606","1000","0.25","0","0","0","2016-07-27","2016-07-27","","2016-07-27 11:57:19","32","2016-07-27 11:57:19","32","1","1","0"),
("56629","2","1","","16SO056607","1500","0.375","0","0","0","2016-07-27","2016-07-27","","2016-07-27 11:57:49","32","2016-07-27 11:57:49","32","1","1","0");

INSERT INTO sales_order_details VALUES("74961","56452","0","2228","10","1","1","500","5000","","","0","0","2016-07-27 09:00:45","2016-07-27 09:00:45"),
("74962","56453","0","2231","2","1","1","1500","3000","","","0","0","2016-07-27 09:01:20","2016-07-27 09:01:20"),
("74963","56454","0","2228","4","1","1","500","2000","","","0","0","2016-07-27 09:03:50","2016-07-27 09:03:50"),
("74964","56455","0","2204","1","1","1","10000","10000","","","0","0","2016-07-27 09:04:20","2016-07-27 09:04:20"),
("74965","56455","0","2141","1","1","1","60000","60000","","","0","0","2016-07-27 09:04:20","2016-07-27 09:04:20"),
("74966","56456","0","2233","1","1","1","2000","2000","","","0","0","2016-07-27 09:04:37","2016-07-27 09:04:37"),
("74967","56457","0","2228","4","1","1","500","2000","","","0","0","2016-07-27 09:06:37","2016-07-27 09:06:37"),
("74968","56458","0","2228","2","1","1","500","1000","","","0","0","2016-07-27 09:07:09","2016-07-27 09:07:09"),
("74969","56459","0","2197","2","1","1","2500","5000","","","0","0","2016-07-27 09:07:27","2016-07-27 09:07:27"),
("74970","56460","0","2083","1","1","1","2500","2500","","","0","0","2016-07-27 09:07:37","2016-07-27 09:07:37"),
("74971","56461","0","2250","1","1","1","500","500","","","0","0","2016-07-27 09:07:49","2016-07-27 09:07:49"),
("74972","56461","0","2064","1","1","1","2000","2000","","","0","0","2016-07-27 09:07:49","2016-07-27 09:07:49"),
("74973","56462","0","2254","4","1","1","500","2000","","","0","0","2016-07-27 09:07:55","2016-07-27 09:07:55"),
("74974","56463","0","2250","1","1","1","500","500","","","0","0","2016-07-27 09:08:18","2016-07-27 09:08:18"),
("74975","56464","0","2233","1","1","1","2000","2000","","","0","0","2016-07-27 09:08:41","2016-07-27 09:08:41"),
("74976","56465","0","2228","5","1","1","500","2500","","","0","0","2016-07-27 09:13:49","2016-07-27 09:13:49"),
("74977","56466","0","2218","1","1","1","1000","1000","","","0","0","2016-07-27 09:14:02","2016-07-27 09:14:02"),
("74978","56466","0","2110","1","1","1","2500","2500","","","0","0","2016-07-27 09:14:02","2016-07-27 09:14:02"),
("74979","56467","0","2240","1","1","1","5000","5000","","","0","0","2016-07-27 09:14:29","2016-07-27 09:14:29"),
("74980","56468","0","2235","4","1","1","2500","10000","","","0","0","2016-07-27 09:15:17","2016-07-27 09:15:17"),
("74981","56468","0","2102","1","1","1","5000","5000","","","0","0","2016-07-27 09:15:17","2016-07-27 09:15:17"),
("74982","56469","0","2126","1","1","1","2000","2000","","","0","0","2016-07-27 09:16:37","2016-07-27 09:16:37"),
("74983","56470","0","2228","1","1","1","500","500","","","0","0","2016-07-27 09:16:44","2016-07-27 09:16:44"),
("74984","56471","0","2116","1","1","1","7500","7500","","","0","0","2016-07-27 09:18:35","2016-07-27 09:18:35"),
("74985","56471","0","2065","20","1","1","1000","20000","","","0","0","2016-07-27 09:18:35","2016-07-27 09:18:35"),
("74986","56471","0","2228","50","1","1","500","25000","","","0","0","2016-07-27 09:18:35","2016-07-27 09:18:35"),
("74987","56471","0","2126","2","1","1","2000","4000","","","0","0","2016-07-27 09:18:35","2016-07-27 09:18:35"),
("74988","56471","0","2125","2","1","1","1000","2000","","","0","0","2016-07-27 09:18:35","2016-07-27 09:18:35"),
("74989","56471","0","2197","2","1","1","2500","5000","","","0","0","2016-07-27 09:18:35","2016-07-27 09:18:35"),
("74990","56472","0","2166","20","1","1","700","14000","","","0","0","2016-07-27 09:19:08","2016-07-27 09:19:08"),
("74991","56473","0","2228","5","1","1","500","2500","","","0","0","2016-07-27 09:19:23","2016-07-27 09:19:23"),
("74992","56474","0","2231","4","1","1","1500","6000","","","0","0","2016-07-27 09:19:55","2016-07-27 09:19:55"),
("74993","56475","0","2093","2","1","1","3000","6000","","","0","0","2016-07-27 09:20:48","2016-07-27 09:20:48"),
("74994","56475","0","2064","1","1","1","2000","2000","","","0","0","2016-07-27 09:20:48","2016-07-27 09:20:48"),
("74995","56475","0","2197","1","1","1","2500","2500","","","0","0","2016-07-27 09:20:48","2016-07-27 09:20:48"),
("74996","56476","0","2125","1","1","1","1000","1000","","","0","0","2016-07-27 09:23:25","2016-07-27 09:23:25"),
("74997","56477","0","2228","15","1","1","500","7500","","","0","0","2016-07-27 09:23:53","2016-07-27 09:23:53"),
("74998","56478","0","2125","1","1","1","1000","1000","","","0","0","2016-07-27 09:23:58","2016-07-27 09:23:58"),
("74999","56478","0","2093","1","1","1","3000","3000","","","0","0","2016-07-27 09:23:58","2016-07-27 09:23:58"),
("75000","56479","0","2228","4","1","1","500","2000","","","0","0","2016-07-27 09:26:45","2016-07-27 09:26:45"),
("75001","56480","0","2166","2","1","1","700","1400","","","0","0","2016-07-27 09:26:55","2016-07-27 09:26:55"),
("75002","56481","0","2233","1","1","1","2000","2000","","","0","0","2016-07-27 09:27:20","2016-07-27 09:27:20"),
("75003","56482","0","2107","2","1","1","6000","12000","","","0","0","2016-07-27 09:28:48","2016-07-27 09:28:48"),
("75004","56483","0","2107","2","1","1","6000","12000","","","0","0","2016-07-27 09:28:48","2016-07-27 09:28:48"),
("75005","56484","0","2083","1","1","1","2500","2500","","","0","0","2016-07-27 09:29:14","2016-07-27 09:29:14"),
("75006","56485","0","2083","2","1","1","2500","5000","","","0","0","2016-07-27 09:30:15","2016-07-27 09:30:15"),
("75007","56485","0","2118","1","1","1","6500","6500","","","0","0","2016-07-27 09:30:15","2016-07-27 09:30:15"),
("75008","56486","0","2231","3","1","1","1500","4500","","","0","0","2016-07-27 09:30:35","2016-07-27 09:30:35"),
("75009","56486","0","2164","1","1","1","3000","3000","","","0","0","2016-07-27 09:30:35","2016-07-27 09:30:35"),
("75010","56486","0","2235","2","1","1","2500","5000","","","0","0","2016-07-27 09:30:35","2016-07-27 09:30:35"),
("75011","56487","0","2064","1","1","1","2000","2000","","","0","0","2016-07-27 09:30:41","2016-07-27 09:30:41"),
("75012","56487","0","2250","2","1","1","500","1000","","","0","0","2016-07-27 09:30:41","2016-07-27 09:30:41"),
("75013","56488","0","2228","2","1","1","500","1000","","","0","0","2016-07-27 09:31:01","2016-07-27 09:31:01"),
("75014","56489","0","2228","9","1","1","500","4500","","","0","0","2016-07-27 09:32:40","2016-07-27 09:32:40"),
("75015","56490","0","2107","2","1","1","6000","12000","","","0","0","2016-07-27 09:33:42","2016-07-27 09:33:42"),
("75016","56490","0","2125","1","1","1","1000","1000","","","0","0","2016-07-27 09:33:42","2016-07-27 09:33:42"),
("75017","56490","0","2076","1","1","1","2000","2000","","","0","0","2016-07-27 09:33:42","2016-07-27 09:33:42"),
("75018","56490","0","2071","5","1","1","1000","5000","","","0","0","2016-07-27 09:33:42","2016-07-27 09:33:42"),
("75019","56491","0","2166","10","1","1","700","7000","","","0","0","2016-07-27 09:34:14","2016-07-27 09:34:14"),
("75020","56492","0","2231","1","1","1","1500","1500","","","0","0","2016-07-27 09:36:54","2016-07-27 09:36:54"),
("75021","56493","0","2125","1","1","1","1000","1000","","","0","0","2016-07-27 09:38:05","2016-07-27 09:38:05"),
("75022","56494","0","2146","1","1","1","3500","3500","","","0","0","2016-07-27 09:42:04","2016-07-27 09:42:04"),
("75023","56495","0","2113","2","1","1","5500","11000","","","0","0","2016-07-27 09:42:28","2016-07-27 09:42:28"),
("75024","56496","0","2228","4","1","1","500","2000","","","0","0","2016-07-27 09:43:09","2016-07-27 09:43:09"),
("75025","56497","0","2070","2","1","1","1000","2000","","","0","0","2016-07-27 09:43:55","2016-07-27 09:43:55"),
("75026","56497","0","2118","1","1","1","6500","6500","","","0","0","2016-07-27 09:43:55","2016-07-27 09:43:55"),
("75027","56498","0","2173","1","1","1","5500","5500","","","0","0","2016-07-27 09:45:03","2016-07-27 09:45:03"),
("75028","56499","0","2073","1","1","1","1000","1000","","","0","0","2016-07-27 09:45:59","2016-07-27 09:45:59"),
("75029","56499","0","2163","1","1","1","2500","2500","","","0","0","2016-07-27 09:45:59","2016-07-27 09:45:59"),
("75030","56500","0","2231","1","1","1","1500","1500","","","0","0","2016-07-27 09:51:27","2016-07-27 09:51:27"),
("75031","56501","0","2103","1","1","1","5000","5000","","","0","0","2016-07-27 09:53:17","2016-07-27 09:53:17"),
("75032","56501","0","2235","2","1","1","2500","5000","","","0","0","2016-07-27 09:53:17","2016-07-27 09:53:17"),
("75033","56502","0","2228","4","1","1","500","2000","","","0","0","2016-07-27 09:54:20","2016-07-27 09:54:20"),
("75034","56503","0","2228","3","1","1","500","1500","","","0","0","2016-07-27 09:54:30","2016-07-27 09:54:30"),
("75035","56504","0","2228","11","1","1","500","5500","","","0","0","2016-07-27 09:55:04","2016-07-27 09:55:04"),
("75036","56504","0","2231","5","1","1","1500","7500","","","0","0","2016-07-27 09:55:04","2016-07-27 09:55:04"),
("75037","56504","0","2083","6","1","1","2500","15000","","","0","0","2016-07-27 09:55:04","2016-07-27 09:55:04"),
("75038","56505","0","2228","3","1","1","500","1500","","","0","0","2016-07-27 09:57:29","2016-07-27 09:57:29"),
("75039","56505","0","2165","3","1","1","1000","3000","","","0","0","2016-07-27 09:57:29","2016-07-27 09:57:29"),
("75040","56505","0","2172","1","1","1","2500","2500","","","0","0","2016-07-27 09:57:29","2016-07-27 09:57:29"),
("75041","56506","0","2228","6","1","1","500","3000","","","0","0","2016-07-27 09:59:08","2016-07-27 09:59:08"),
("75042","56507","0","2231","2","1","1","1500","3000","","","0","0","2016-07-27 09:59:56","2016-07-27 09:59:56"),
("75043","56508","0","2228","4","1","1","500","2000","","","0","0","2016-07-27 10:01:17","2016-07-27 10:01:17"),
("75044","56509","0","2228","10","1","1","500","5000","","","0","0","2016-07-27 10:01:37","2016-07-27 10:01:37"),
("75045","56510","0","2228","10","1","1","500","5000","","","0","0","2016-07-27 10:02:19","2016-07-27 10:02:19"),
("75046","56511","0","2231","1","1","1","1500","1500","","","0","0","2016-07-27 10:02:37","2016-07-27 10:02:37"),
("75047","56512","0","2240","2","1","1","5000","10000","","","0","0","2016-07-27 10:03:42","2016-07-27 10:03:42"),
("75048","56513","0","2228","4","1","1","500","2000","","","0","0","2016-07-27 10:03:58","2016-07-27 10:03:58"),
("75049","56514","0","2241","1","1","1","3000","3000","","","0","0","2016-07-27 10:04:31","2016-07-27 10:04:31"),
("75050","56515","0","2064","1","1","1","2000","2000","","","0","0","2016-07-27 10:05:02","2016-07-27 10:05:02"),
("75051","56516","0","2250","1","1","1","500","500","","","0","0","2016-07-27 10:05:27","2016-07-27 10:05:27"),
("75052","56517","0","2197","1","1","1","2500","2500","","","0","0","2016-07-27 10:05:37","2016-07-27 10:05:37"),
("75053","56518","0","2085","1","1","1","2000","2000","","","0","0","2016-07-27 10:06:04","2016-07-27 10:06:04"),
("75054","56519","0","2099","1","1","1","2000","2000","","","0","0","2016-07-27 10:06:21","2016-07-27 10:06:21"),
("75055","56520","0","2229","5","1","1","700","3500","","","0","0","2016-07-27 10:07:39","2016-07-27 10:07:39"),
("75056","56521","0","2240","1","1","1","5000","5000","","","0","0","2016-07-27 10:08:12","2016-07-27 10:08:12"),
("75057","56521","0","2164","5","1","1","3000","15000","","","0","0","2016-07-27 10:08:12","2016-07-27 10:08:12"),
("75058","56522","0","2231","2","1","1","1500","3000","","","0","0","2016-07-27 10:08:41","2016-07-27 10:08:41"),
("75059","56523","0","2164","3","1","1","3000","9000","","","0","0","2016-07-27 10:08:44","2016-07-27 10:08:44"),
("75060","56524","0","2250","2","1","1","500","1000","","","0","0","2016-07-27 10:08:59","2016-07-27 10:08:59"),
("75061","56525","0","2250","2","1","1","500","1000","","","0","0","2016-07-27 10:09:15","2016-07-27 10:09:15"),
("75062","56526","0","2240","1","1","1","5000","5000","","","0","0","2016-07-27 10:09:59","2016-07-27 10:09:59"),
("75063","56527","0","2065","3","1","1","1000","3000","","","0","0","2016-07-27 10:11:02","2016-07-27 10:11:02"),
("75064","56528","0","2074","5","1","1","1500","7500","","","0","0","2016-07-27 10:11:20","2016-07-27 10:11:20"),
("75065","56529","0","2231","3","1","1","1500","4500","","","0","0","2016-07-27 10:11:39","2016-07-27 10:11:39"),
("75066","56530","0","2235","2","1","1","2500","5000","","","0","0","2016-07-27 10:11:58","2016-07-27 10:11:58"),
("75067","56531","0","2250","2","1","1","500","1000","","","0","0","2016-07-27 10:11:59","2016-07-27 10:11:59"),
("75068","56532","0","2250","1","1","1","500","500","","","0","0","2016-07-27 10:12:17","2016-07-27 10:12:17"),
("75069","56533","0","2164","1","1","1","3000","3000","","","0","0","2016-07-27 10:12:25","2016-07-27 10:12:25"),
("75070","56533","0","2113","1","1","1","5500","5500","","","0","0","2016-07-27 10:12:25","2016-07-27 10:12:25"),
("75071","56534","0","2166","10","1","1","700","7000","","","0","0","2016-07-27 10:12:42","2016-07-27 10:12:42"),
("75072","56535","0","2197","1","1","1","2500","2500","","","0","0","2016-07-27 10:13:12","2016-07-27 10:13:12"),
("75073","56536","0","2240","2","1","1","5000","10000","","","0","0","2016-07-27 10:13:56","2016-07-27 10:13:56"),
("75074","56536","0","2164","1","1","1","3000","3000","","","0","0","2016-07-27 10:13:56","2016-07-27 10:13:56"),
("75075","56537","0","2250","2","1","1","500","1000","","","0","0","2016-07-27 10:13:58","2016-07-27 10:13:58"),
("75076","56538","0","2250","2","1","1","500","1000","","","0","0","2016-07-27 10:14:33","2016-07-27 10:14:33"),
("75077","56539","0","2093","1","1","1","3000","3000","","","0","0","2016-07-27 10:14:52","2016-07-27 10:14:52"),
("75078","56540","0","2228","5","1","1","500","2500","","","0","0","2016-07-27 10:15:02","2016-07-27 10:15:02"),
("75079","56541","0","2250","2","1","1","500","1000","","","0","0","2016-07-27 10:15:21","2016-07-27 10:15:21"),
("75080","56542","0","2228","2","1","1","500","1000","","","0","0","2016-07-27 10:15:27","2016-07-27 10:15:27"),
("75081","56543","0","2228","1","1","1","500","500","","","0","0","2016-07-27 10:16:04","2016-07-27 10:16:04"),
("75082","56544","0","2231","1","1","1","1500","1500","","","0","0","2016-07-27 10:16:07","2016-07-27 10:16:07"),
("75083","56545","0","2231","1","1","1","1500","1500","","","0","0","2016-07-27 10:16:57","2016-07-27 10:16:57"),
("75084","56545","0","2125","1","1","1","1000","1000","","","0","0","2016-07-27 10:16:57","2016-07-27 10:16:57"),
("75085","56545","0","2229","10","1","1","700","7000","","","0","0","2016-07-27 10:16:57","2016-07-27 10:16:57"),
("75086","56545","0","2228","10","1","1","500","5000","","","0","0","2016-07-27 10:16:57","2016-07-27 10:16:57"),
("75087","56545","0","2172","1","1","1","2500","2500","","","0","0","2016-07-27 10:16:57","2016-07-27 10:16:57"),
("75088","56545","0","2164","1","1","1","3000","3000","","","0","0","2016-07-27 10:16:57","2016-07-27 10:16:57"),
("75089","56545","0","2095","1","1","1","4000","4000","","","0","0","2016-07-27 10:16:57","2016-07-27 10:16:57"),
("75090","56546","0","2228","2","1","1","500","1000","","","0","0","2016-07-27 10:17:33","2016-07-27 10:17:33"),
("75091","56547","0","2065","30","1","1","1000","30000","","","0","0","2016-07-27 10:19:56","2016-07-27 10:19:56"),
("75092","56548","0","2228","20","1","1","500","10000","","","0","0","2016-07-27 10:22:55","2016-07-27 10:22:55"),
("75093","56549","0","2250","1","1","1","500","500","","","0","0","2016-07-27 10:26:10","2016-07-27 10:26:10"),
("75094","56550","0","2229","4","1","1","700","2800","","","0","0","2016-07-27 10:26:37","2016-07-27 10:26:37"),
("75095","56551","0","2231","1","1","1","1500","1500","","","0","0","2016-07-27 10:28:10","2016-07-27 10:28:10"),
("75096","56552","0","2228","7","1","1","500","3500","","","0","0","2016-07-27 10:29:12","2016-07-27 10:29:12"),
("75097","56553","0","2233","2","1","1","2000","4000","","","0","0","2016-07-27 10:33:13","2016-07-27 10:33:13"),
("75098","56554","0","2228","5","1","1","500","2500","","","0","0","2016-07-27 10:33:30","2016-07-27 10:33:30"),
("75099","56555","0","2228","20","1","1","500","10000","","","0","0","2016-07-27 10:39:11","2016-07-27 10:39:11"),
("75100","56556","0","2095","1","1","1","4000","4000","","","0","0","2016-07-27 10:39:12","2016-07-27 10:39:12"),
("75101","56557","0","2232","1","1","1","1000","1000","","","0","0","2016-07-27 10:39:31","2016-07-27 10:39:31"),
("75102","56558","0","2250","2","1","1","500","1000","","","0","0","2016-07-27 10:39:54","2016-07-27 10:39:54"),
("75103","56558","0","2099","2","1","1","2000","4000","","","0","0","2016-07-27 10:39:54","2016-07-27 10:39:54"),
("75104","56558","0","2071","2","1","1","1000","2000","","","0","0","2016-07-27 10:39:54","2016-07-27 10:39:54"),
("75105","56559","0","2095","1","1","1","4000","4000","","","0","0","2016-07-27 10:40:13","2016-07-27 10:40:13"),
("75106","56560","0","2125","1","1","1","1000","1000","","","0","0","2016-07-27 10:40:32","2016-07-27 10:40:32"),
("75107","56561","0","2250","4","1","1","500","2000","","","0","0","2016-07-27 10:41:27","2016-07-27 10:41:27"),
("75108","56562","0","2126","1","1","1","2000","2000","","","0","0","2016-07-27 10:42:26","2016-07-27 10:42:26"),
("75109","56563","0","2250","2","1","1","500","1000","","","0","0","2016-07-27 10:45:05","2016-07-27 10:45:05"),
("75110","56564","0","2257","1","1","1","2500","2500","","","0","0","2016-07-27 10:45:33","2016-07-27 10:45:33"),
("75111","56565","0","2231","10","1","1","1500","15000","","","0","0","2016-07-27 10:49:29","2016-07-27 10:49:29"),
("75112","56566","0","2228","10","1","1","500","5000","","","0","0","2016-07-27 10:49:37","2016-07-27 10:49:37"),
("75113","56567","0","2107","1","1","1","6000","6000","","","0","0","2016-07-27 10:50:35","2016-07-27 10:50:35"),
("75114","56568","0","2095","1","1","1","4000","4000","","","0","0","2016-07-27 10:51:38","2016-07-27 10:51:38"),
("75115","56569","0","2126","2","1","1","2000","4000","","","0","0","2016-07-27 10:52:27","2016-07-27 10:52:27"),
("75116","56570","0","2228","4","1","1","500","2000","","","0","0","2016-07-27 10:52:37","2016-07-27 10:52:37"),
("75117","56570","0","2104","1","1","1","5500","5500","","","0","0","2016-07-27 10:52:37","2016-07-27 10:52:37"),
("75118","56570","0","2139","1","1","1","28000","28000","","","0","0","2016-07-27 10:52:37","2016-07-27 10:52:37"),
("75119","56570","0","2235","6","1","1","2500","15000","","","0","0","2016-07-27 10:52:37","2016-07-27 10:52:37"),
("75120","56570","0","2102","1","1","1","5000","5000","","","0","0","2016-07-27 10:52:37","2016-07-27 10:52:37"),
("75121","56571","0","2229","3","1","1","700","2100","","","0","0","2016-07-27 10:52:59","2016-07-27 10:52:59"),
("75122","56572","0","2173","1","1","1","5500","5500","","","0","0","2016-07-27 10:53:09","2016-07-27 10:53:09"),
("75123","56573","0","2095","1","1","1","4000","4000","","","0","0","2016-07-27 10:53:15","2016-07-27 10:53:15"),
("75124","56574","0","2125","1","1","1","1000","1000","","","0","0","2016-07-27 10:56:53","2016-07-27 10:56:53"),
("75125","56575","0","2093","2","1","1","3000","6000","","","0","0","2016-07-27 10:57:07","2016-07-27 10:57:07"),
("75126","56575","0","2228","10","1","1","500","5000","","","0","0","2016-07-27 10:57:07","2016-07-27 10:57:07"),
("75127","56576","0","2228","3","1","1","500","1500","","","0","0","2016-07-27 10:57:53","2016-07-27 10:57:53"),
("75128","56577","0","2103","1","1","1","5000","5000","","","0","0","2016-07-27 10:58:27","2016-07-27 10:58:27"),
("75129","56577","0","2089","1","1","1","2500","2500","","","0","0","2016-07-27 10:58:27","2016-07-27 10:58:27"),
("75130","56578","0","2229","2","1","1","700","1400","","","0","0","2016-07-27 10:58:35","2016-07-27 10:58:35"),
("75131","56579","0","2250","2","1","1","500","1000","","","0","0","2016-07-27 10:59:44","2016-07-27 10:59:44"),
("75132","56580","0","2107","2","1","1","6000","12000","","","0","0","2016-07-27 11:00:21","2016-07-27 11:00:21"),
("75133","56581","0","2228","10","1","1","500","5000","","","0","0","2016-07-27 11:00:42","2016-07-27 11:00:42"),
("75134","56582","0","2083","4","1","1","2500","10000","","","0","0","2016-07-27 11:02:18","2016-07-27 11:02:18"),
("75135","56583","0","2228","40","1","1","500","20000","","","0","0","2016-07-27 11:04:43","2016-07-27 11:04:43"),
("75136","56584","0","2231","5","1","1","1500","7500","","","0","0","2016-07-27 11:09:38","2016-07-27 11:09:38"),
("75137","56585","0","2083","2","1","1","2500","5000","","","0","0","2016-07-27 11:10:36","2016-07-27 11:10:36"),
("75138","56586","0","2093","1","1","1","3000","3000","","","0","0","2016-07-27 11:11:11","2016-07-27 11:11:11"),
("75139","56587","0","2093","1","1","1","3000","3000","","","0","0","2016-07-27 11:12:19","2016-07-27 11:12:19"),
("75140","56588","0","2228","5","1","1","500","2500","","","0","0","2016-07-27 11:13:44","2016-07-27 11:13:44"),
("75141","56589","0","2229","5","1","1","700","3500","","","0","0","2016-07-27 11:17:51","2016-07-27 11:17:51"),
("75142","56590","0","2093","4","1","1","3000","12000","","","0","0","2016-07-27 11:18:33","2016-07-27 11:18:33"),
("75143","56591","0","2073","3","1","1","1000","3000","","","0","0","2016-07-27 11:19:15","2016-07-27 11:19:15"),
("75144","56592","0","2065","4","1","1","1000","4000","","","0","0","2016-07-27 11:19:34","2016-07-27 11:19:34"),
("75145","56593","0","2229","2","1","1","700","1400","","","0","0","2016-07-27 11:19:57","2016-07-27 11:19:57"),
("75146","56593","0","2231","2","1","1","1500","3000","","","0","0","2016-07-27 11:19:57","2016-07-27 11:19:57"),
("75147","56593","0","2146","1","1","1","3500","3500","","","0","0","2016-07-27 11:19:57","2016-07-27 11:19:57"),
("75148","56593","0","2104","2","1","1","5500","11000","","","0","0","2016-07-27 11:19:57","2016-07-27 11:19:57"),
("75149","56594","0","2146","1","1","1","3500","3500","","","0","0","2016-07-27 11:20:57","2016-07-27 11:20:57"),
("75150","56594","0","2233","3","1","1","2000","6000","","","0","0","2016-07-27 11:20:57","2016-07-27 11:20:57"),
("75151","56595","0","2172","2","1","1","2500","5000","","","0","0","2016-07-27 11:21:07","2016-07-27 11:21:07"),
("75152","56596","0","2228","3","1","1","500","1500","","","0","0","2016-07-27 11:22:05","2016-07-27 11:22:05"),
("75153","56597","0","2140","1","1","1","40000","40000","","","0","0","2016-07-27 11:23:22","2016-07-27 11:23:22"),
("75154","56598","0","2228","10","1","1","500","5000","","","0","0","2016-07-27 11:23:56","2016-07-27 11:23:56"),
("75155","56599","0","2228","5","1","1","500","2500","","","0","0","2016-07-27 11:24:07","2016-07-27 11:24:07"),
("75156","56600","0","2075","2","1","1","1500","3000","","","0","0","2016-07-27 11:27:16","2016-07-27 11:27:16"),
("75157","56601","0","2228","3","1","1","500","1500","","","0","0","2016-07-27 11:27:38","2016-07-27 11:27:38"),
("75158","56602","0","2228","1","1","1","500","500","","","0","0","2016-07-27 11:28:06","2016-07-27 11:28:06"),
("75159","56603","0","2228","5","1","1","500","2500","","","0","0","2016-07-27 11:28:36","2016-07-27 11:28:36"),
("75160","56604","0","2099","1","1","1","2000","2000","","","0","0","2016-07-27 11:29:09","2016-07-27 11:29:09"),
("75161","56604","0","2228","10","1","1","500","5000","","","0","0","2016-07-27 11:29:09","2016-07-27 11:29:09"),
("75162","56605","0","2228","1","1","1","500","500","","","0","0","2016-07-27 11:31:13","2016-07-27 11:31:13"),
("75163","56605","0","2231","1","1","1","1500","1500","","","0","0","2016-07-27 11:31:13","2016-07-27 11:31:13"),
("75164","56606","0","2228","4","1","1","500","2000","","","0","0","2016-07-27 11:31:34","2016-07-27 11:31:34"),
("75165","56607","0","2232","4","1","1","1000","4000","","","0","0","2016-07-27 11:32:58","2016-07-27 11:32:58"),
("75166","56608","0","2228","10","1","1","500","5000","","","0","0","2016-07-27 11:38:17","2016-07-27 11:38:17"),
("75167","56609","0","2095","1","1","1","4000","4000","","","0","0","2016-07-27 11:39:42","2016-07-27 11:39:42"),
("75168","56610","0","2228","6","1","1","500","3000","","","0","0","2016-07-27 11:40:48","2016-07-27 11:40:48"),
("75169","56611","0","2228","1","1","1","500","500","","","0","0","2016-07-27 11:40:54","2016-07-27 11:40:54"),
("75170","56612","0","2110","3","1","1","2500","7500","","","0","0","2016-07-27 11:42:00","2016-07-27 11:42:00"),
("75171","56613","0","2085","1","1","1","2000","2000","","","0","0","2016-07-27 11:42:03","2016-07-27 11:42:03"),
("75172","56614","0","2228","6","1","1","500","3000","","","0","0","2016-07-27 11:42:45","2016-07-27 11:42:45"),
("75173","56615","0","2231","2","1","1","1500","3000","","","0","0","2016-07-27 11:43:12","2016-07-27 11:43:12"),
("75174","56616","0","2226","2","1","1","3000","6000","","","0","0","2016-07-27 11:44:17","2016-07-27 11:44:17"),
("75175","56617","0","2166","2","1","1","700","1400","","","0","0","2016-07-27 11:46:00","2016-07-27 11:46:00"),
("75176","56618","0","2228","4","1","1","500","2000","","","0","0","2016-07-27 11:46:45","2016-07-27 11:46:45"),
("75177","56619","0","2228","1","1","1","500","500","","","0","0","2016-07-27 11:47:09","2016-07-27 11:47:09"),
("75178","56620","0","2228","2","1","1","500","1000","","","0","0","2016-07-27 11:50:15","2016-07-27 11:50:15"),
("75179","56621","0","2228","5","1","1","500","2500","","","0","0","2016-07-27 11:52:04","2016-07-27 11:52:04"),
("75180","56622","0","2126","2","1","1","2000","4000","","","0","0","2016-07-27 11:53:10","2016-07-27 11:53:10"),
("75181","56622","0","2250","2","1","1","500","1000","","","0","0","2016-07-27 11:53:10","2016-07-27 11:53:10"),
("75182","56622","0","2228","10","1","1","500","5000","","","0","0","2016-07-27 11:53:10","2016-07-27 11:53:10"),
("75183","56622","0","2084","1","1","1","2500","2500","","","0","0","2016-07-27 11:53:10","2016-07-27 11:53:10"),
("75184","56622","0","2240","1","1","1","5000","5000","","","0","0","2016-07-27 11:53:10","2016-07-27 11:53:10"),
("75185","56622","0","2074","1","1","1","1500","1500","","","0","0","2016-07-27 11:53:10","2016-07-27 11:53:10"),
("75186","56622","0","2093","2","1","1","3000","6000","","","0","0","2016-07-27 11:53:10","2016-07-27 11:53:10"),
("75187","56623","0","2228","4","1","1","500","2000","","","0","0","2016-07-27 11:54:21","2016-07-27 11:54:21"),
("75188","56624","0","2164","2","1","1","3000","6000","","","0","0","2016-07-27 11:55:00","2016-07-27 11:55:00"),
("75189","56625","0","2228","5","1","1","500","2500","","","0","0","2016-07-27 11:55:09","2016-07-27 11:55:09"),
("75190","56626","0","2164","2","1","1","3000","6000","","","0","0","2016-07-27 11:56:36","2016-07-27 11:56:36"),
("75191","56627","0","2228","7","1","1","500","3500","","","0","0","2016-07-27 11:57:05","2016-07-27 11:57:05"),
("75192","56628","0","2228","2","1","1","500","1000","","","0","0","2016-07-27 11:57:19","2016-07-27 11:57:19"),
("75193","56629","0","2228","3","1","1","500","1500","","","0","0","2016-07-27 11:57:49","2016-07-27 11:57:49");

INSERT INTO sales_order_receipts VALUES("56573","56452","7","16RE056570","0","5000","5000","0","2016-07-27","2016-07-27","2016-07-27 09:00:45","28","2016-07-27 09:00:45","28","1"),
("56574","56453","7","16RE056571","0","3000","3000","0","2016-07-27","2016-07-27","2016-07-27 09:01:20","32","2016-07-27 09:01:20","32","1"),
("56575","56454","7","16RE056572","0","2000","2000","0","2016-07-27","2016-07-27","2016-07-27 09:03:50","28","2016-07-27 09:03:50","28","1"),
("56576","56455","7","16RE056573","0","70000","70000","0","2016-07-27","2016-07-27","2016-07-27 09:04:20","28","2016-07-27 09:04:20","28","1"),
("56577","56456","7","16RE056574","0","2000","2000","0","2016-07-27","2016-07-27","2016-07-27 09:04:37","28","2016-07-27 09:04:37","28","1"),
("56578","56457","7","16RE056575","0","2000","2000","0","2016-07-27","2016-07-27","2016-07-27 09:06:37","28","2016-07-27 09:06:37","28","1"),
("56579","56458","7","16RE056576","0","1000","1000","0","2016-07-27","2016-07-27","2016-07-27 09:07:09","32","2016-07-27 09:07:09","32","1"),
("56580","56459","7","16RE056577","0","5000","5000","0","2016-07-27","2016-07-27","2016-07-27 09:07:27","28","2016-07-27 09:07:27","28","1"),
("56581","56460","7","16RE056578","0","2500","2500","0","2016-07-27","2016-07-27","2016-07-27 09:07:37","32","2016-07-27 09:07:37","32","1"),
("56582","56461","7","16RE056579","0","2500","2500","0","2016-07-27","2016-07-27","2016-07-27 09:07:49","28","2016-07-27 09:07:49","28","1"),
("56583","56462","7","16RE056580","0","2000","2000","0","2016-07-27","2016-07-27","2016-07-27 09:07:55","32","2016-07-27 09:07:55","32","1"),
("56584","56463","7","16RE056581","0","500","500","0","2016-07-27","2016-07-27","2016-07-27 09:08:18","32","2016-07-27 09:08:18","32","1"),
("56585","56464","7","16RE056582","0","2000","2000","0","2016-07-27","2016-07-27","2016-07-27 09:08:41","32","2016-07-27 09:08:41","32","1"),
("56586","56465","7","16RE056583","0","2500","2500","0","2016-07-27","2016-07-27","2016-07-27 09:13:49","32","2016-07-27 09:13:49","32","1"),
("56587","56466","7","16RE056584","0","3500","3500","0","2016-07-27","2016-07-27","2016-07-27 09:14:02","28","2016-07-27 09:14:02","28","1"),
("56588","56467","7","16RE056585","0","5000","5000","0","2016-07-27","2016-07-27","2016-07-27 09:14:29","28","2016-07-27 09:14:29","28","1"),
("56589","56468","7","16RE056586","0","15000","15000","0","2016-07-27","2016-07-27","2016-07-27 09:15:17","28","2016-07-27 09:15:17","28","1"),
("56590","56469","7","16RE056587","0","2000","2000","0","2016-07-27","2016-07-27","2016-07-27 09:16:37","28","2016-07-27 09:16:37","28","1"),
("56591","56470","7","16RE056588","0","500","500","0","2016-07-27","2016-07-27","2016-07-27 09:16:44","28","2016-07-27 09:16:44","28","1"),
("56592","56471","7","16RE056589","0","63500","63500","0","2016-07-27","2016-07-27","2016-07-27 09:18:35","32","2016-07-27 09:18:35","32","1"),
("56593","56472","7","16RE056590","0","14000","14000","0","2016-07-27","2016-07-27","2016-07-27 09:19:08","28","2016-07-27 09:19:08","28","1"),
("56594","56473","7","16RE056591","0","2500","2500","0","2016-07-27","2016-07-27","2016-07-27 09:19:23","28","2016-07-27 09:19:23","28","1"),
("56595","56474","7","16RE056592","0","6000","6000","0","2016-07-27","2016-07-27","2016-07-27 09:19:55","28","2016-07-27 09:19:55","28","1"),
("56596","56475","7","16RE056593","0","10500","10500","0","2016-07-27","2016-07-27","2016-07-27 09:20:48","32","2016-07-27 09:20:48","32","1"),
("56597","56476","7","16RE056594","0","1000","1000","0","2016-07-27","2016-07-27","2016-07-27 09:23:25","28","2016-07-27 09:23:25","28","1"),
("56598","56477","7","16RE056595","0","7500","7500","0","2016-07-27","2016-07-27","2016-07-27 09:23:53","32","2016-07-27 09:23:53","32","1"),
("56599","56478","7","16RE056596","0","4000","4000","0","2016-07-27","2016-07-27","2016-07-27 09:23:58","28","2016-07-27 09:23:58","28","1"),
("56600","56479","7","16RE056597","0","2000","2000","0","2016-07-27","2016-07-27","2016-07-27 09:26:45","32","2016-07-27 09:26:45","32","1"),
("56601","56480","7","16RE056598","0","1400","1400","0","2016-07-27","2016-07-27","2016-07-27 09:26:55","32","2016-07-27 09:26:55","32","1"),
("56602","56481","7","16RE056599","0","2000","2000","0","2016-07-27","2016-07-27","2016-07-27 09:27:19","32","2016-07-27 09:27:19","32","1"),
("56603","56482","7","16RE056600","0","12000","12000","0","2016-07-27","2016-07-27","2016-07-27 09:28:48","28","2016-07-27 09:28:48","28","1"),
("56604","56483","7","16RE056601","0","12000","12000","0","2016-07-27","2016-07-27","2016-07-27 09:28:48","28","2016-07-27 09:28:48","28","1"),
("56605","56484","7","16RE056602","0","2500","2500","0","2016-07-27","2016-07-27","2016-07-27 09:29:14","32","2016-07-27 09:29:14","32","1"),
("56606","56485","7","16RE056603","0","11500","11500","0","2016-07-27","2016-07-27","2016-07-27 09:30:15","32","2016-07-27 09:30:15","32","1"),
("56607","56486","7","16RE056604","0","12500","12500","0","2016-07-27","2016-07-27","2016-07-27 09:30:35","28","2016-07-27 09:30:35","28","1"),
("56608","56487","7","16RE056605","0","3000","3000","0","2016-07-27","2016-07-27","2016-07-27 09:30:41","32","2016-07-27 09:30:41","32","1"),
("56609","56488","7","16RE056606","0","1000","1000","0","2016-07-27","2016-07-27","2016-07-27 09:31:01","32","2016-07-27 09:31:01","32","1"),
("56610","56489","7","16RE056607","0","4500","4500","0","2016-07-27","2016-07-27","2016-07-27 09:32:40","32","2016-07-27 09:32:40","32","1"),
("56611","56490","7","16RE056608","0","20000","20000","0","2016-07-27","2016-07-27","2016-07-27 09:33:42","28","2016-07-27 09:33:42","28","1"),
("56612","56491","7","16RE056609","0","7000","7000","0","2016-07-27","2016-07-27","2016-07-27 09:34:14","28","2016-07-27 09:34:14","28","1"),
("56613","56492","7","16RE056610","0","1500","1500","0","2016-07-27","2016-07-27","2016-07-27 09:36:54","32","2016-07-27 09:36:54","32","1"),
("56614","56493","7","16RE056611","0","1000","1000","0","2016-07-27","2016-07-27","2016-07-27 09:38:05","32","2016-07-27 09:38:05","32","1"),
("56615","56494","7","16RE056612","0","3500","3500","0","2016-07-27","2016-07-27","2016-07-27 09:42:04","32","2016-07-27 09:42:04","32","1"),
("56616","56495","7","16RE056613","0","11000","11000","0","2016-07-27","2016-07-27","2016-07-27 09:42:28","32","2016-07-27 09:42:28","32","1"),
("56617","56496","7","16RE056614","0","2000","2000","0","2016-07-27","2016-07-27","2016-07-27 09:43:09","32","2016-07-27 09:43:09","32","1"),
("56618","56497","7","16RE056615","0","8500","8500","0","2016-07-27","2016-07-27","2016-07-27 09:43:55","32","2016-07-27 09:43:55","32","1"),
("56619","56498","7","16RE056616","0","5500","5500","0","2016-07-27","2016-07-27","2016-07-27 09:45:03","32","2016-07-27 09:45:03","32","1"),
("56620","56499","7","16RE056617","0","3500","3500","0","2016-07-27","2016-07-27","2016-07-27 09:45:59","28","2016-07-27 09:45:59","28","1"),
("56621","56500","7","16RE056618","0","1500","1500","0","2016-07-27","2016-07-27","2016-07-27 09:51:27","28","2016-07-27 09:51:27","28","1"),
("56622","56501","7","16RE056619","0","10000","10000","0","2016-07-27","2016-07-27","2016-07-27 09:53:17","28","2016-07-27 09:53:17","28","1"),
("56623","56502","7","16RE056620","0","2000","2000","0","2016-07-27","2016-07-27","2016-07-27 09:54:20","28","2016-07-27 09:54:20","28","1"),
("56624","56503","7","16RE056621","0","1500","1500","0","2016-07-27","2016-07-27","2016-07-27 09:54:30","28","2016-07-27 09:54:30","28","1"),
("56625","56504","7","16RE056622","0","28000","28000","0","2016-07-27","2016-07-27","2016-07-27 09:55:04","28","2016-07-27 09:55:04","28","1"),
("56626","56505","7","16RE056623","0","7000","7000","0","2016-07-27","2016-07-27","2016-07-27 09:57:29","28","2016-07-27 09:57:29","28","1"),
("56627","56506","7","16RE056624","0","3000","3000","0","2016-07-27","2016-07-27","2016-07-27 09:59:08","32","2016-07-27 09:59:08","32","1"),
("56628","56507","7","16RE056625","0","3000","3000","0","2016-07-27","2016-07-27","2016-07-27 09:59:56","32","2016-07-27 09:59:56","32","1"),
("56629","56508","7","16RE056626","0","2000","2000","0","2016-07-27","2016-07-27","2016-07-27 10:01:17","32","2016-07-27 10:01:17","32","1"),
("56630","56509","7","16RE056627","0","5000","5000","0","2016-07-27","2016-07-27","2016-07-27 10:01:37","32","2016-07-27 10:01:37","32","1"),
("56631","56510","7","16RE056628","0","5000","5000","0","2016-07-27","2016-07-27","2016-07-27 10:02:19","32","2016-07-27 10:02:19","32","1"),
("56632","56511","7","16RE056629","0","1500","1500","0","2016-07-27","2016-07-27","2016-07-27 10:02:37","32","2016-07-27 10:02:37","32","1"),
("56633","56512","7","16RE056630","0","10000","10000","0","2016-07-27","2016-07-27","2016-07-27 10:03:42","28","2016-07-27 10:03:42","28","1"),
("56634","56513","7","16RE056631","0","2000","2000","0","2016-07-27","2016-07-27","2016-07-27 10:03:58","28","2016-07-27 10:03:58","28","1"),
("56635","56514","7","16RE056632","0","3000","3000","0","2016-07-27","2016-07-27","2016-07-27 10:04:31","28","2016-07-27 10:04:31","28","1"),
("56636","56515","7","16RE056633","0","2000","2000","0","2016-07-27","2016-07-27","2016-07-27 10:05:02","28","2016-07-27 10:05:02","28","1"),
("56637","56516","7","16RE056634","0","500","500","0","2016-07-27","2016-07-27","2016-07-27 10:05:27","28","2016-07-27 10:05:27","28","1"),
("56638","56517","7","16RE056635","0","2500","2500","0","2016-07-27","2016-07-27","2016-07-27 10:05:37","32","2016-07-27 10:05:37","32","1"),
("56639","56518","7","16RE056636","0","2000","2000","0","2016-07-27","2016-07-27","2016-07-27 10:06:04","28","2016-07-27 10:06:04","28","1"),
("56640","56519","7","16RE056637","0","2000","2000","0","2016-07-27","2016-07-27","2016-07-27 10:06:21","32","2016-07-27 10:06:21","32","1"),
("56641","56520","7","16RE056638","0","3500","3500","0","2016-07-27","2016-07-27","2016-07-27 10:07:39","32","2016-07-27 10:07:39","32","1"),
("56642","56521","7","16RE056639","0","20000","20000","0","2016-07-27","2016-07-27","2016-07-27 10:08:12","28","2016-07-27 10:08:12","28","1"),
("56643","56522","7","16RE056640","0","3000","3000","0","2016-07-27","2016-07-27","2016-07-27 10:08:41","28","2016-07-27 10:08:41","28","1"),
("56644","56523","7","16RE056641","0","9000","9000","0","2016-07-27","2016-07-27","2016-07-27 10:08:44","32","2016-07-27 10:08:44","32","1"),
("56645","56524","7","16RE056642","0","1000","1000","0","2016-07-27","2016-07-27","2016-07-27 10:08:59","32","2016-07-27 10:08:59","32","1"),
("56646","56525","7","16RE056643","0","1000","1000","0","2016-07-27","2016-07-27","2016-07-27 10:09:15","32","2016-07-27 10:09:15","32","1"),
("56647","56526","7","16RE056644","0","5000","5000","0","2016-07-27","2016-07-27","2016-07-27 10:09:59","28","2016-07-27 10:09:59","28","1"),
("56648","56527","7","16RE056645","0","3000","3000","0","2016-07-27","2016-07-27","2016-07-27 10:11:02","32","2016-07-27 10:11:02","32","1"),
("56649","56528","7","16RE056646","0","7500","7500","0","2016-07-27","2016-07-27","2016-07-27 10:11:20","28","2016-07-27 10:11:20","28","1"),
("56650","56529","7","16RE056647","0","4500","4500","0","2016-07-27","2016-07-27","2016-07-27 10:11:39","32","2016-07-27 10:11:39","32","1"),
("56651","56530","7","16RE056648","0","5000","5000","0","2016-07-27","2016-07-27","2016-07-27 10:11:58","28","2016-07-27 10:11:58","28","1"),
("56652","56531","7","16RE056649","0","1000","1000","0","2016-07-27","2016-07-27","2016-07-27 10:11:59","32","2016-07-27 10:11:59","32","1"),
("56653","56532","7","16RE056650","0","500","500","0","2016-07-27","2016-07-27","2016-07-27 10:12:17","32","2016-07-27 10:12:17","32","1"),
("56654","56533","7","16RE056651","0","8500","8500","0","2016-07-27","2016-07-27","2016-07-27 10:12:25","28","2016-07-27 10:12:25","28","1"),
("56655","56534","7","16RE056652","0","7000","7000","0","2016-07-27","2016-07-27","2016-07-27 10:12:42","32","2016-07-27 10:12:42","32","1"),
("56656","56535","7","16RE056653","0","2500","2500","0","2016-07-27","2016-07-27","2016-07-27 10:13:12","32","2016-07-27 10:13:12","32","1"),
("56657","56536","7","16RE056654","0","13000","13000","0","2016-07-27","2016-07-27","2016-07-27 10:13:56","28","2016-07-27 10:13:56","28","1"),
("56658","56537","7","16RE056655","0","1000","1000","0","2016-07-27","2016-07-27","2016-07-27 10:13:58","32","2016-07-27 10:13:58","32","1"),
("56659","56538","7","16RE056656","0","1000","1000","0","2016-07-27","2016-07-27","2016-07-27 10:14:33","28","2016-07-27 10:14:33","28","1"),
("56660","56539","7","16RE056657","0","3000","3000","0","2016-07-27","2016-07-27","2016-07-27 10:14:52","28","2016-07-27 10:14:52","28","1"),
("56661","56540","7","16RE056658","0","2500","2500","0","2016-07-27","2016-07-27","2016-07-27 10:15:01","28","2016-07-27 10:15:01","28","1"),
("56662","56541","7","16RE056659","0","1000","1000","0","2016-07-27","2016-07-27","2016-07-27 10:15:21","32","2016-07-27 10:15:21","32","1"),
("56663","56542","7","16RE056660","0","1000","1000","0","2016-07-27","2016-07-27","2016-07-27 10:15:27","32","2016-07-27 10:15:27","32","1"),
("56664","56543","7","16RE056661","0","500","500","0","2016-07-27","2016-07-27","2016-07-27 10:16:04","32","2016-07-27 10:16:04","32","1"),
("56665","56544","7","16RE056662","0","1500","1500","0","2016-07-27","2016-07-27","2016-07-27 10:16:07","28","2016-07-27 10:16:07","28","1"),
("56666","56545","7","16RE056663","0","24000","24000","0","2016-07-27","2016-07-27","2016-07-27 10:16:57","28","2016-07-27 10:16:57","28","1"),
("56667","56546","7","16RE056664","0","1000","1000","0","2016-07-27","2016-07-27","2016-07-27 10:17:33","28","2016-07-27 10:17:33","28","1"),
("56668","56547","7","16RE056665","0","30000","30000","0","2016-07-27","2016-07-27","2016-07-27 10:19:56","28","2016-07-27 10:19:56","28","1"),
("56669","56548","7","16RE056666","0","10000","10000","0","2016-07-27","2016-07-27","2016-07-27 10:22:55","28","2016-07-27 10:22:55","28","1"),
("56670","56549","7","16RE056667","0","500","500","0","2016-07-27","2016-07-27","2016-07-27 10:26:10","32","2016-07-27 10:26:10","32","1"),
("56671","56550","7","16RE056668","0","2800","2800","0","2016-07-27","2016-07-27","2016-07-27 10:26:37","32","2016-07-27 10:26:37","32","1"),
("56672","56551","7","16RE056669","0","1500","1500","0","2016-07-27","2016-07-27","2016-07-27 10:28:10","32","2016-07-27 10:28:10","32","1"),
("56673","56552","7","16RE056670","0","3500","3500","0","2016-07-27","2016-07-27","2016-07-27 10:29:12","28","2016-07-27 10:29:12","28","1"),
("56674","56553","7","16RE056671","0","4000","4000","0","2016-07-27","2016-07-27","2016-07-27 10:33:13","32","2016-07-27 10:33:13","32","1"),
("56675","56554","7","16RE056672","0","2500","2500","0","2016-07-27","2016-07-27","2016-07-27 10:33:30","32","2016-07-27 10:33:30","32","1"),
("56676","56555","7","16RE056673","0","10000","10000","0","2016-07-27","2016-07-27","2016-07-27 10:39:11","32","2016-07-27 10:39:11","32","1"),
("56677","56556","7","16RE056674","0","4000","4000","0","2016-07-27","2016-07-27","2016-07-27 10:39:12","28","2016-07-27 10:39:12","28","1"),
("56678","56557","7","16RE056675","0","1000","1000","0","2016-07-27","2016-07-27","2016-07-27 10:39:30","32","2016-07-27 10:39:30","32","1"),
("56679","56558","7","16RE056676","0","7000","7000","0","2016-07-27","2016-07-27","2016-07-27 10:39:54","28","2016-07-27 10:39:54","28","1"),
("56680","56559","7","16RE056677","0","4000","4000","0","2016-07-27","2016-07-27","2016-07-27 10:40:13","28","2016-07-27 10:40:13","28","1"),
("56681","56560","7","16RE056678","0","1000","1000","0","2016-07-27","2016-07-27","2016-07-27 10:40:32","28","2016-07-27 10:40:32","28","1"),
("56682","56561","7","16RE056679","0","2000","2000","0","2016-07-27","2016-07-27","2016-07-27 10:41:27","32","2016-07-27 10:41:27","32","1"),
("56683","56562","7","16RE056680","0","2000","2000","0","2016-07-27","2016-07-27","2016-07-27 10:42:26","32","2016-07-27 10:42:26","32","1"),
("56684","56563","7","16RE056681","0","1000","1000","0","2016-07-27","2016-07-27","2016-07-27 10:45:05","32","2016-07-27 10:45:05","32","1"),
("56685","56564","7","16RE056682","0","2500","2500","0","2016-07-27","2016-07-27","2016-07-27 10:45:33","28","2016-07-27 10:45:33","28","1"),
("56686","56565","7","16RE056683","0","15000","15000","0","2016-07-27","2016-07-27","2016-07-27 10:49:29","28","2016-07-27 10:49:29","28","1"),
("56687","56566","7","16RE056684","0","5000","5000","0","2016-07-27","2016-07-27","2016-07-27 10:49:37","32","2016-07-27 10:49:37","32","1"),
("56688","56567","7","16RE056685","0","6000","6000","0","2016-07-27","2016-07-27","2016-07-27 10:50:35","28","2016-07-27 10:50:35","28","1"),
("56689","56568","7","16RE056686","0","4000","4000","0","2016-07-27","2016-07-27","2016-07-27 10:51:38","28","2016-07-27 10:51:38","28","1"),
("56690","56569","7","16RE056687","0","4000","4000","0","2016-07-27","2016-07-27","2016-07-27 10:52:27","28","2016-07-27 10:52:27","28","1"),
("56691","56570","7","16RE056688","0","55500","55500","0","2016-07-27","2016-07-27","2016-07-27 10:52:37","32","2016-07-27 10:52:37","32","1"),
("56692","56571","7","16RE056689","0","2100","2100","0","2016-07-27","2016-07-27","2016-07-27 10:52:59","32","2016-07-27 10:52:59","32","1"),
("56693","56572","7","16RE056690","0","5500","5500","0","2016-07-27","2016-07-27","2016-07-27 10:53:08","28","2016-07-27 10:53:08","28","1"),
("56694","56573","7","16RE056691","0","4000","4000","0","2016-07-27","2016-07-27","2016-07-27 10:53:15","32","2016-07-27 10:53:15","32","1"),
("56695","56574","7","16RE056692","0","1000","1000","0","2016-07-27","2016-07-27","2016-07-27 10:56:53","28","2016-07-27 10:56:53","28","1"),
("56696","56575","7","16RE056693","0","11000","11000","0","2016-07-27","2016-07-27","2016-07-27 10:57:07","28","2016-07-27 10:57:07","28","1"),
("56697","56576","7","16RE056694","0","1500","1500","0","2016-07-27","2016-07-27","2016-07-27 10:57:53","28","2016-07-27 10:57:53","28","1"),
("56698","56577","7","16RE056695","0","7500","7500","0","2016-07-27","2016-07-27","2016-07-27 10:58:27","28","2016-07-27 10:58:27","28","1"),
("56699","56578","7","16RE056696","0","1400","1400","0","2016-07-27","2016-07-27","2016-07-27 10:58:35","32","2016-07-27 10:58:35","32","1"),
("56700","56579","7","16RE056697","0","1000","1000","0","2016-07-27","2016-07-27","2016-07-27 10:59:44","28","2016-07-27 10:59:44","28","1"),
("56701","56580","7","16RE056698","0","12000","12000","0","2016-07-27","2016-07-27","2016-07-27 11:00:21","28","2016-07-27 11:00:21","28","1"),
("56702","56581","7","16RE056699","0","5000","5000","0","2016-07-27","2016-07-27","2016-07-27 11:00:42","28","2016-07-27 11:00:42","28","1"),
("56703","56582","7","16RE056700","0","10000","10000","0","2016-07-27","2016-07-27","2016-07-27 11:02:18","32","2016-07-27 11:02:18","32","1"),
("56704","56583","7","16RE056701","0","20000","20000","0","2016-07-27","2016-07-27","2016-07-27 11:04:43","32","2016-07-27 11:04:43","32","1"),
("56705","56584","7","16RE056702","0","7500","7500","0","2016-07-27","2016-07-27","2016-07-27 11:09:38","28","2016-07-27 11:09:38","28","1"),
("56706","56585","7","16RE056703","0","5000","5000","0","2016-07-27","2016-07-27","2016-07-27 11:10:36","28","2016-07-27 11:10:36","28","1"),
("56707","56586","7","16RE056704","0","3000","3000","0","2016-07-27","2016-07-27","2016-07-27 11:11:11","28","2016-07-27 11:11:11","28","1"),
("56708","56587","7","16RE056705","0","3000","3000","0","2016-07-27","2016-07-27","2016-07-27 11:12:19","28","2016-07-27 11:12:19","28","1"),
("56709","56588","7","16RE056706","0","2500","2500","0","2016-07-27","2016-07-27","2016-07-27 11:13:44","28","2016-07-27 11:13:44","28","1"),
("56710","56589","7","16RE056707","0","3500","3500","0","2016-07-27","2016-07-27","2016-07-27 11:17:51","28","2016-07-27 11:17:51","28","1"),
("56711","56590","7","16RE056708","0","12000","12000","0","2016-07-27","2016-07-27","2016-07-27 11:18:33","28","2016-07-27 11:18:33","28","1"),
("56712","56591","7","16RE056709","0","3000","3000","0","2016-07-27","2016-07-27","2016-07-27 11:19:15","28","2016-07-27 11:19:15","28","1"),
("56713","56592","7","16RE056710","0","4000","4000","0","2016-07-27","2016-07-27","2016-07-27 11:19:34","28","2016-07-27 11:19:34","28","1"),
("56714","56593","7","16RE056711","0","18900","18900","0","2016-07-27","2016-07-27","2016-07-27 11:19:57","32","2016-07-27 11:19:57","32","1"),
("56715","56594","7","16RE056712","0","9500","9500","0","2016-07-27","2016-07-27","2016-07-27 11:20:57","28","2016-07-27 11:20:57","28","1"),
("56716","56595","7","16RE056713","0","5000","5000","0","2016-07-27","2016-07-27","2016-07-27 11:21:07","28","2016-07-27 11:21:07","28","1"),
("56717","56596","7","16RE056714","0","1500","1500","0","2016-07-27","2016-07-27","2016-07-27 11:22:05","32","2016-07-27 11:22:05","32","1"),
("56718","56597","7","16RE056715","0","20000","40000","20000","2016-07-27","2016-07-27","2016-07-27 11:23:22","28","2016-07-27 11:23:22","28","1"),
("56719","56598","7","16RE056716","0","5000","5000","0","2016-07-27","2016-07-27","2016-07-27 11:23:56","32","2016-07-27 11:23:56","32","1"),
("56720","56599","7","16RE056717","0","2500","2500","0","2016-07-27","2016-07-27","2016-07-27 11:24:07","32","2016-07-27 11:24:07","32","1"),
("56721","56600","7","16RE056718","0","3000","3000","0","2016-07-27","2016-07-27","2016-07-27 11:27:16","28","2016-07-27 11:27:16","28","1"),
("56722","56601","7","16RE056719","0","1500","1500","0","2016-07-27","2016-07-27","2016-07-27 11:27:38","28","2016-07-27 11:27:38","28","1"),
("56723","56602","7","16RE056720","0","500","500","0","2016-07-27","2016-07-27","2016-07-27 11:28:06","28","2016-07-27 11:28:06","28","1"),
("56724","56603","7","16RE056721","0","2500","2500","0","2016-07-27","2016-07-27","2016-07-27 11:28:36","28","2016-07-27 11:28:36","28","1"),
("56725","56604","7","16RE056722","0","7000","7000","0","2016-07-27","2016-07-27","2016-07-27 11:29:09","28","2016-07-27 11:29:09","28","1"),
("56726","56605","7","16RE056723","0","2000","2000","0","2016-07-27","2016-07-27","2016-07-27 11:31:13","28","2016-07-27 11:31:13","28","1"),
("56727","56606","7","16RE056724","0","2000","2000","0","2016-07-27","2016-07-27","2016-07-27 11:31:34","28","2016-07-27 11:31:34","28","1"),
("56728","56607","7","16RE056725","0","4000","4000","0","2016-07-27","2016-07-27","2016-07-27 11:32:58","28","2016-07-27 11:32:58","28","1"),
("56729","56608","7","16RE056726","0","5000","5000","0","2016-07-27","2016-07-27","2016-07-27 11:38:17","28","2016-07-27 11:38:17","28","1"),
("56730","56609","7","16RE056727","0","4000","4000","0","2016-07-27","2016-07-27","2016-07-27 11:39:42","28","2016-07-27 11:39:42","28","1"),
("56731","56610","7","16RE056728","0","3000","3000","0","2016-07-27","2016-07-27","2016-07-27 11:40:48","28","2016-07-27 11:40:48","28","1"),
("56732","56611","7","16RE056729","0","500","500","0","2016-07-27","2016-07-27","2016-07-27 11:40:54","28","2016-07-27 11:40:54","28","1"),
("56733","56612","7","16RE056730","0","7500","7500","0","2016-07-27","2016-07-27","2016-07-27 11:42:00","32","2016-07-27 11:42:00","32","1"),
("56734","56613","7","16RE056731","0","2000","2000","0","2016-07-27","2016-07-27","2016-07-27 11:42:03","28","2016-07-27 11:42:03","28","1"),
("56735","56614","7","16RE056732","0","3000","3000","0","2016-07-27","2016-07-27","2016-07-27 11:42:45","32","2016-07-27 11:42:45","32","1"),
("56736","56615","7","16RE056733","0","3000","3000","0","2016-07-27","2016-07-27","2016-07-27 11:43:12","28","2016-07-27 11:43:12","28","1"),
("56737","56616","7","16RE056734","0","6000","6000","0","2016-07-27","2016-07-27","2016-07-27 11:44:17","32","2016-07-27 11:44:17","32","1"),
("56738","56617","7","16RE056735","0","1400","1400","0","2016-07-27","2016-07-27","2016-07-27 11:46:00","32","2016-07-27 11:46:00","32","1"),
("56739","56618","7","16RE056736","0","2000","2000","0","2016-07-27","2016-07-27","2016-07-27 11:46:45","32","2016-07-27 11:46:45","32","1"),
("56740","56619","7","16RE056737","0","500","500","0","2016-07-27","2016-07-27","2016-07-27 11:47:09","32","2016-07-27 11:47:09","32","1"),
("56741","56620","7","16RE056738","0","1000","1000","0","2016-07-27","2016-07-27","2016-07-27 11:50:15","32","2016-07-27 11:50:15","32","1"),
("56742","56621","7","16RE056739","0","2500","2500","0","2016-07-27","2016-07-27","2016-07-27 11:52:04","32","2016-07-27 11:52:04","32","1"),
("56743","56622","7","16RE056740","0","25000","25000","0","2016-07-27","2016-07-27","2016-07-27 11:53:10","32","2016-07-27 11:53:10","32","1"),
("56744","56623","7","16RE056741","0","2000","2000","0","2016-07-27","2016-07-27","2016-07-27 11:54:21","32","2016-07-27 11:54:21","32","1"),
("56745","56624","7","16RE056742","0","6000","6000","0","2016-07-27","2016-07-27","2016-07-27 11:55:00","32","2016-07-27 11:55:00","32","1"),
("56746","56625","7","16RE056743","0","2500","2500","0","2016-07-27","2016-07-27","2016-07-27 11:55:09","32","2016-07-27 11:55:09","32","1"),
("56747","56626","7","16RE056744","0","6000","6000","0","2016-07-27","2016-07-27","2016-07-27 11:56:36","32","2016-07-27 11:56:36","32","1"),
("56748","56627","7","16RE056745","0","3500","3500","0","2016-07-27","2016-07-27","2016-07-27 11:57:05","32","2016-07-27 11:57:05","32","1"),
("56749","56628","7","16RE056746","0","1000","1000","0","2016-07-27","2016-07-27","2016-07-27 11:57:19","32","2016-07-27 11:57:19","32","1"),
("56750","56629","7","16RE056747","0","1500","1500","0","2016-07-27","2016-07-27","2016-07-27 11:57:49","32","2016-07-27 11:57:49","32","1");

