INSERT INTO inventories VALUES("71840","","","","54090","","","2064","2","1","0","2000","2016-07-24","0000-00-00","","2016-07-24 18:02:52","28","2016-07-24 18:02:52","28","1"),
("71841","","","","54091","","","2065","2","2","0","1000","2016-07-24","0000-00-00","","2016-07-24 18:03:15","28","2016-07-24 18:03:15","28","1"),
("71842","","","","54092","","","2228","2","2","0","500","2016-07-24","0000-00-00","","2016-07-24 18:03:35","28","2016-07-24 18:03:35","28","1"),
("71843","","","","54093","","","2228","2","8","0","500","2016-07-24","0000-00-00","","2016-07-24 18:04:44","28","2016-07-24 18:04:44","28","1"),
("71844","","","","54094","","","2228","2","20","0","500","2016-07-24","0000-00-00","","2016-07-24 18:08:19","28","2016-07-24 18:08:19","28","1"),
("71845","","","","54095","","","2231","2","2","0","1500","2016-07-24","0000-00-00","","2016-07-24 18:08:57","28","2016-07-24 18:08:57","28","1"),
("71846","","","","54096","","","2172","2","1","0","2500","2016-07-24","0000-00-00","","2016-07-24 18:09:27","28","2016-07-24 18:09:27","28","1"),
("71847","","","","54096","","","2231","2","1","0","1500","2016-07-24","0000-00-00","","2016-07-24 18:09:27","28","2016-07-24 18:09:27","28","1"),
("71848","","","","54097","","","2110","2","1","0","2500","2016-07-24","0000-00-00","","2016-07-24 18:09:35","32","2016-07-24 18:09:35","32","1"),
("71849","","","","54097","","","2240","2","1","0","5000","2016-07-24","0000-00-00","","2016-07-24 18:09:36","32","2016-07-24 18:09:36","32","1"),
("71850","","","","54097","","","2231","2","2","0","1500","2016-07-24","0000-00-00","","2016-07-24 18:09:36","32","2016-07-24 18:09:36","32","1"),
("71851","","","","54097","","","2104","2","2","0","5500","2016-07-24","0000-00-00","","2016-07-24 18:09:36","32","2016-07-24 18:09:36","32","1"),
("71852","","","","54097","","","2164","2","5","0","3000","2016-07-24","0000-00-00","","2016-07-24 18:09:36","32","2016-07-24 18:09:36","32","1"),
("71853","","","","54098","","","2228","2","3","0","500","2016-07-24","0000-00-00","","2016-07-24 18:09:41","28","2016-07-24 18:09:41","28","1"),
("71854","","","","54099","","","2076","2","1","0","2000","2016-07-24","0000-00-00","","2016-07-24 18:12:50","32","2016-07-24 18:12:50","32","1"),
("71855","","","","54099","","","2071","2","1","0","1000","2016-07-24","0000-00-00","","2016-07-24 18:12:50","32","2016-07-24 18:12:50","32","1"),
("71856","","","","54100","","","2231","2","1","0","1500","2016-07-24","0000-00-00","","2016-07-24 18:13:15","28","2016-07-24 18:13:15","28","1"),
("71857","","","","54101","","","2229","2","3","0","700","2016-07-24","0000-00-00","","2016-07-24 18:14:23","28","2016-07-24 18:14:23","28","1"),
("71858","","","","54102","","","2118","2","1","0","6500","2016-07-24","0000-00-00","","2016-07-24 18:16:38","32","2016-07-24 18:16:38","32","1"),
("71859","","","","54103","","","2228","2","6","0","500","2016-07-24","0000-00-00","","2016-07-24 18:17:58","32","2016-07-24 18:17:58","32","1"),
("71860","","","","54104","","","2228","2","5","0","500","2016-07-24","0000-00-00","","2016-07-24 18:18:58","28","2016-07-24 18:18:58","28","1"),
("71861","","","","54105","","","2228","2","1","0","500","2016-07-24","0000-00-00","","2016-07-24 18:19:15","28","2016-07-24 18:19:15","28","1"),
("71862","","","","54106","","","2228","2","7","0","500","2016-07-24","0000-00-00","","2016-07-24 18:19:43","32","2016-07-24 18:19:43","32","1"),
("71863","","","","54107","","","2228","2","8","0","500","2016-07-24","0000-00-00","","2016-07-24 18:21:28","32","2016-07-24 18:21:28","32","1"),
("71864","","","","54108","","","2228","2","4","0","500","2016-07-24","0000-00-00","","2016-07-24 18:22:05","28","2016-07-24 18:22:05","28","1"),
("71865","","","","54109","","","2076","2","1","0","2000","2016-07-24","0000-00-00","","2016-07-24 18:22:17","32","2016-07-24 18:22:17","32","1"),
("71866","","","","54110","","","2240","2","1","0","5000","2016-07-24","0000-00-00","","2016-07-24 18:23:51","32","2016-07-24 18:23:51","32","1"),
("71867","","","","54111","","","2228","2","5","0","500","2016-07-24","0000-00-00","","2016-07-24 18:26:38","32","2016-07-24 18:26:38","32","1"),
("71868","","","","54112","","","2146","2","1","0","3500","2016-07-24","0000-00-00","","2016-07-24 18:27:20","32","2016-07-24 18:27:20","32","1"),
("71869","","","","54112","","","2095","2","1","0","4000","2016-07-24","0000-00-00","","2016-07-24 18:27:20","32","2016-07-24 18:27:20","32","1"),
("71870","","","","54113","","","2164","2","1","0","3000","2016-07-24","0000-00-00","","2016-07-24 18:31:08","32","2016-07-24 18:31:08","32","1"),
("71871","","","","54114","","","2133","2","5","0","6000","2016-07-24","0000-00-00","","2016-07-24 18:36:51","32","2016-07-24 18:36:51","32","1"),
("71872","","","","54115","","","2231","2","2","0","1500","2016-07-24","0000-00-00","","2016-07-24 18:37:08","32","2016-07-24 18:37:08","32","1"),
("71873","","","","54116","","","2228","2","10","0","500","2016-07-24","0000-00-00","","2016-07-24 18:37:34","32","2016-07-24 18:37:34","32","1"),
("71874","","","","54117","","","2104","2","1","0","5500","2016-07-24","0000-00-00","","2016-07-24 18:38:03","32","2016-07-24 18:38:03","32","1"),
("71875","","","","54118","","","2228","2","5","0","500","2016-07-24","0000-00-00","","2016-07-24 18:38:09","32","2016-07-24 18:38:09","32","1"),
("71876","","","","54119","","","2228","2","5","0","500","2016-07-24","0000-00-00","","2016-07-24 18:39:18","32","2016-07-24 18:39:18","32","1"),
("71877","","","","54120","","","2250","2","2","0","500","2016-07-24","0000-00-00","","2016-07-24 18:39:29","32","2016-07-24 18:39:29","32","1"),
("71878","","","","54120","","","2083","2","2","0","2500","2016-07-24","0000-00-00","","2016-07-24 18:39:29","32","2016-07-24 18:39:29","32","1"),
("71879","","","","54121","","","2231","2","10","0","1500","2016-07-24","0000-00-00","","2016-07-24 18:40:59","32","2016-07-24 18:40:59","32","1"),
("71880","","","","54122","","","2229","2","5","0","700","2016-07-24","0000-00-00","","2016-07-24 18:41:46","32","2016-07-24 18:41:46","32","1"),
("71881","","","","54123","","","2093","2","1","0","3000","2016-07-24","0000-00-00","","2016-07-24 18:42:16","32","2016-07-24 18:42:16","32","1"),
("71882","","","","54124","","","2231","2","1","0","1500","2016-07-24","0000-00-00","","2016-07-24 18:43:54","32","2016-07-24 18:43:54","32","1"),
("71883","","","","54125","","","2228","2","7","0","500","2016-07-24","0000-00-00","","2016-07-24 18:47:47","32","2016-07-24 18:47:47","32","1"),
("71884","","","","54126","","","2065","2","2","0","1000","2016-07-24","0000-00-00","","2016-07-24 18:48:41","32","2016-07-24 18:48:41","32","1"),
("71885","","","","54127","","","2082","2","2","0","2500","2016-07-24","0000-00-00","","2016-07-24 18:49:35","32","2016-07-24 18:49:35","32","1"),
("71886","","","","54128","","","2164","2","1","0","3000","2016-07-24","0000-00-00","","2016-07-24 18:50:41","32","2016-07-24 18:50:41","32","1"),
("71887","","","","54128","","","2075","2","1","0","1500","2016-07-24","0000-00-00","","2016-07-24 18:50:41","32","2016-07-24 18:50:41","32","1"),
("71888","","","","54129","","","2229","2","8","0","700","2016-07-24","0000-00-00","","2016-07-24 18:51:39","32","2016-07-24 18:51:39","32","1"),
("71889","","","","54130","","","2095","2","2","0","4000","2016-07-24","0000-00-00","","2016-07-24 18:52:25","32","2016-07-24 18:52:25","32","1"),
("71890","","","","54131","","","2228","2","10","0","500","2016-07-24","0000-00-00","","2016-07-24 18:53:43","32","2016-07-24 18:53:43","32","1"),
("71891","","","","54132","","","2065","2","2","0","1000","2016-07-24","0000-00-00","","2016-07-24 18:54:31","32","2016-07-24 18:54:31","32","1"),
("71892","","","","54132","","","2236","2","1","0","2000","2016-07-24","0000-00-00","","2016-07-24 18:54:31","32","2016-07-24 18:54:31","32","1"),
("71893","","","","54132","","","2226","2","1","0","3000","2016-07-24","0000-00-00","","2016-07-24 18:54:31","32","2016-07-24 18:54:31","32","1"),
("71894","","","","54133","","","2083","2","2","0","2500","2016-07-24","0000-00-00","","2016-07-24 18:55:43","28","2016-07-24 18:55:43","28","1"),
("71895","","","","54134","","","2139","2","1","0","28000","2016-07-24","0000-00-00","","2016-07-24 18:56:23","32","2016-07-24 18:56:23","32","1"),
("71896","","","","54135","","","2136","2","1","0","3000","2016-07-24","0000-00-00","","2016-07-24 18:57:45","32","2016-07-24 18:57:45","32","1"),
("71897","","","","54135","","","2182","2","1","0","1500","2016-07-24","0000-00-00","","2016-07-24 18:57:45","32","2016-07-24 18:57:45","32","1"),
("71898","","","","54135","","","2134","2","3","0","1000","2016-07-24","0000-00-00","","2016-07-24 18:57:45","32","2016-07-24 18:57:45","32","1"),
("71899","","","","54136","","","2095","2","1","0","4000","2016-07-24","0000-00-00","","2016-07-24 18:58:55","28","2016-07-24 18:58:55","28","1"),
("71900","","","","54137","","","2082","2","1","0","2500","2016-07-24","0000-00-00","","2016-07-24 18:59:37","32","2016-07-24 18:59:37","32","1"),
("71901","","","","54138","","","2228","2","2","0","500","2016-07-24","0000-00-00","","2016-07-24 19:01:13","28","2016-07-24 19:01:13","28","1"),
("71902","","","","54139","","","2228","2","4","0","500","2016-07-24","0000-00-00","","2016-07-24 19:01:58","28","2016-07-24 19:01:58","28","1"),
("71903","","","","54140","","","2240","2","1","0","5000","2016-07-24","0000-00-00","","2016-07-24 19:02:44","28","2016-07-24 19:02:44","28","1"),
("71904","","","","54141","","","2231","2","2","0","1500","2016-07-24","0000-00-00","","2016-07-24 19:03:27","28","2016-07-24 19:03:27","28","1"),
("71905","","","","54142","","","2228","2","2","0","500","2016-07-24","0000-00-00","","2016-07-24 19:05:30","28","2016-07-24 19:05:30","28","1"),
("71906","","","","54143","","","2065","2","2","0","1000","2016-07-24","0000-00-00","","2016-07-24 19:06:40","28","2016-07-24 19:06:40","28","1"),
("71907","","","","54143","","","2240","2","1","0","5000","2016-07-24","0000-00-00","","2016-07-24 19:06:40","28","2016-07-24 19:06:40","28","1"),
("71908","","","","54144","","","2228","2","10","0","500","2016-07-24","0000-00-00","","2016-07-24 19:07:05","32","2016-07-24 19:07:05","32","1"),
("71909","","","","54145","","","2228","2","6","0","500","2016-07-24","0000-00-00","","2016-07-24 19:08:59","28","2016-07-24 19:08:59","28","1"),
("71910","","","","54146","","","2250","2","2","0","500","2016-07-24","0000-00-00","","2016-07-24 19:10:15","32","2016-07-24 19:10:15","32","1"),
("71911","","","","54146","","","2071","2","5","0","1000","2016-07-24","0000-00-00","","2016-07-24 19:10:15","32","2016-07-24 19:10:15","32","1"),
("71912","","","","54147","","","2095","2","1","0","4000","2016-07-24","0000-00-00","","2016-07-24 19:10:42","28","2016-07-24 19:10:42","28","1"),
("71913","","","","54147","","","2166","2","10","0","700","2016-07-24","0000-00-00","","2016-07-24 19:10:42","28","2016-07-24 19:10:42","28","1"),
("71914","","","","54148","","","2107","2","3","0","6000","2016-07-24","0000-00-00","","2016-07-24 19:11:36","32","2016-07-24 19:11:36","32","1"),
("71915","","","","54149","","","2125","2","1","0","1000","2016-07-24","0000-00-00","","2016-07-24 19:11:49","32","2016-07-24 19:11:49","32","1"),
("71916","","","","54149","","","2064","2","1","0","2000","2016-07-24","0000-00-00","","2016-07-24 19:11:49","32","2016-07-24 19:11:49","32","1"),
("71917","","","","54150","","","2099","2","1","0","2000","2016-07-24","0000-00-00","","2016-07-24 19:11:49","28","2016-07-24 19:11:49","28","1"),
("71918","","","","54150","","","2104","2","1","0","5500","2016-07-24","0000-00-00","","2016-07-24 19:11:49","28","2016-07-24 19:11:49","28","1"),
("71919","","","","54151","","","2228","2","3","0","500","2016-07-24","0000-00-00","","2016-07-24 19:13:02","28","2016-07-24 19:13:02","28","1"),
("71920","","","","54152","","","2228","2","4","0","500","2016-07-24","0000-00-00","","2016-07-24 19:13:11","32","2016-07-24 19:13:11","32","1"),
("71921","","","","54153","","","2228","2","2","0","500","2016-07-24","0000-00-00","","2016-07-24 19:13:24","28","2016-07-24 19:13:24","28","1"),
("71922","","","","54154","","","2228","2","20","0","500","2016-07-24","0000-00-00","","2016-07-24 19:13:46","32","2016-07-24 19:13:46","32","1"),
("71923","","","","54155","","","2172","2","2","0","2500","2016-07-24","0000-00-00","","2016-07-24 19:14:03","28","2016-07-24 19:14:03","28","1"),
("71924","","","","54156","","","2067","2","2","0","1000","2016-07-24","0000-00-00","","2016-07-24 19:15:10","28","2016-07-24 19:15:10","28","1"),
("71925","","","","54156","","","2095","2","1","0","4000","2016-07-24","0000-00-00","","2016-07-24 19:15:10","28","2016-07-24 19:15:10","28","1"),
("71926","","","","54157","","","2125","2","2","0","1000","2016-07-24","0000-00-00","","2016-07-24 19:15:19","28","2016-07-24 19:15:19","28","1"),
("71927","","","","54158","","","2228","2","2","0","500","2016-07-24","0000-00-00","","2016-07-24 19:15:27","32","2016-07-24 19:15:27","32","1"),
("71928","","","","54158","","","2229","2","2","0","700","2016-07-24","0000-00-00","","2016-07-24 19:15:27","32","2016-07-24 19:15:27","32","1"),
("71929","","","","54158","","","2075","2","1","0","1500","2016-07-24","0000-00-00","","2016-07-24 19:15:27","32","2016-07-24 19:15:27","32","1"),
("71930","","","","54158","","","2172","2","1","0","2500","2016-07-24","0000-00-00","","2016-07-24 19:15:27","32","2016-07-24 19:15:27","32","1"),
("71931","","","","54159","","","2093","2","1","0","3000","2016-07-24","0000-00-00","","2016-07-24 19:16:29","32","2016-07-24 19:16:29","32","1"),
("71932","","","","54160","","","2110","2","1","0","2500","2016-07-24","0000-00-00","","2016-07-24 19:17:30","32","2016-07-24 19:17:30","32","1"),
("71933","","","","54160","","","2235","2","3","0","2500","2016-07-24","0000-00-00","","2016-07-24 19:17:30","32","2016-07-24 19:17:30","32","1"),
("71934","","","","54161","","","2118","2","1","0","6500","2016-07-24","0000-00-00","","2016-07-24 19:17:55","32","2016-07-24 19:17:55","32","1"),
("71935","","","","54161","","","2240","2","1","0","5000","2016-07-24","0000-00-00","","2016-07-24 19:17:55","32","2016-07-24 19:17:55","32","1"),
("71936","","","","54162","","","2228","2","6","0","500","2016-07-24","0000-00-00","","2016-07-24 19:20:40","28","2016-07-24 19:20:40","28","1"),
("71937","","","","54163","","","2104","2","1","0","5500","2016-07-24","0000-00-00","","2016-07-24 19:21:38","28","2016-07-24 19:21:38","28","1"),
("71938","","","","54164","","","2228","2","2","0","500","2016-07-24","0000-00-00","","2016-07-24 19:22:18","28","2016-07-24 19:22:18","28","1"),
("71939","","","","54165","","","2104","2","1","0","5500","2016-07-24","0000-00-00","","2016-07-24 19:23:02","28","2016-07-24 19:23:02","28","1"),
("71940","","","","54166","","","2104","2","1","0","5500","2016-07-24","0000-00-00","","2016-07-24 19:23:37","28","2016-07-24 19:23:37","28","1"),
("71941","","","","54167","","","2084","2","2","0","2500","2016-07-24","0000-00-00","","2016-07-24 19:24:49","28","2016-07-24 19:24:49","28","1"),
("71942","","","","54168","","","2107","2","1","0","6000","2016-07-24","0000-00-00","","2016-07-24 19:25:01","28","2016-07-24 19:25:01","28","1"),
("71943","","","","54169","","","2125","2","1","0","1000","2016-07-24","0000-00-00","","2016-07-24 19:25:35","28","2016-07-24 19:25:35","28","1"),
("71944","","","","54170","","","2228","2","1","0","500","2016-07-24","0000-00-00","","2016-07-24 19:26:24","28","2016-07-24 19:26:24","28","1"),
("71945","","","","54170","","","2172","2","1","0","2500","2016-07-24","0000-00-00","","2016-07-24 19:26:24","28","2016-07-24 19:26:24","28","1"),
("71946","","","","54171","","","2228","2","1","0","500","2016-07-24","0000-00-00","","2016-07-24 19:27:46","28","2016-07-24 19:27:46","28","1"),
("71947","","","","54171","","","2231","2","1","0","1500","2016-07-24","0000-00-00","","2016-07-24 19:27:46","28","2016-07-24 19:27:46","28","1"),
("71948","","","","54172","","","2229","2","15","0","700","2016-07-24","0000-00-00","","2016-07-24 19:29:46","28","2016-07-24 19:29:46","28","1"),
("71949","","","","54173","","","2095","2","1","0","4000","2016-07-24","0000-00-00","","2016-07-24 19:30:07","28","2016-07-24 19:30:07","28","1"),
("71950","","","","54173","","","2231","2","2","0","1500","2016-07-24","0000-00-00","","2016-07-24 19:30:07","28","2016-07-24 19:30:07","28","1"),
("71951","","","","54174","","","2085","2","1","0","2000","2016-07-24","0000-00-00","","2016-07-24 19:30:35","32","2016-07-24 19:30:35","32","1"),
("71952","","","","54174","","","2075","2","1","0","1500","2016-07-24","0000-00-00","","2016-07-24 19:30:35","32","2016-07-24 19:30:35","32","1"),
("71953","","","","54174","","","2090","2","1","0","2500","2016-07-24","0000-00-00","","2016-07-24 19:30:35","32","2016-07-24 19:30:35","32","1"),
("71954","","","","54175","","","2228","2","5","0","500","2016-07-24","0000-00-00","","2016-07-24 19:30:40","28","2016-07-24 19:30:40","28","1"),
("71955","","","","54176","","","2140","2","1","0","40000","2016-07-24","0000-00-00","","2016-07-24 19:32:33","28","2016-07-24 19:32:33","28","1"),
("71956","","","","54177","","","2229","2","1","0","700","2016-07-24","0000-00-00","","2016-07-24 19:33:13","28","2016-07-24 19:33:13","28","1"),
("71957","","","","54178","","","2240","2","1","0","5000","2016-07-24","0000-00-00","","2016-07-24 19:37:56","28","2016-07-24 19:37:56","28","1"),
("71958","","","","54179","","","2172","2","1","0","2500","2016-07-24","0000-00-00","","2016-07-24 19:41:16","28","2016-07-24 19:41:16","28","1"),
("71959","","","","54180","","","2172","2","1","0","2500","2016-07-24","0000-00-00","","2016-07-24 19:41:35","28","2016-07-24 19:41:35","28","1"),
("71960","","","","54181","","","2228","2","3","0","500","2016-07-24","0000-00-00","","2016-07-24 19:44:28","28","2016-07-24 19:44:28","28","1"),
("71961","","","","54182","","","2228","2","6","0","500","2016-07-24","0000-00-00","","2016-07-24 19:45:06","28","2016-07-24 19:45:06","28","1"),
("71962","","","","54183","","","2095","2","2","0","4000","2016-07-24","0000-00-00","","2016-07-24 19:46:38","28","2016-07-24 19:46:38","28","1"),
("71963","","","","54184","","","2172","2","1","0","2500","2016-07-24","0000-00-00","","2016-07-24 19:46:59","28","2016-07-24 19:46:59","28","1"),
("71964","","","","54185","","","2228","2","3","0","500","2016-07-24","0000-00-00","","2016-07-24 19:51:51","28","2016-07-24 19:51:51","28","1"),
("71965","","","","54185","","","2083","2","2","0","2500","2016-07-24","0000-00-00","","2016-07-24 19:51:51","28","2016-07-24 19:51:51","28","1"),
("71966","","","","54186","","","2135","2","1","0","12000","2016-07-24","0000-00-00","","2016-07-24 19:52:49","28","2016-07-24 19:52:49","28","1"),
("71967","","","","54186","","","2163","2","1","0","2500","2016-07-24","0000-00-00","","2016-07-24 19:52:49","28","2016-07-24 19:52:49","28","1"),
("71968","","","","54187","","","2229","2","4","0","700","2016-07-24","0000-00-00","","2016-07-24 19:56:48","28","2016-07-24 19:56:48","28","1"),
("71969","","","","54188","","","2172","2","2","0","2500","2016-07-24","0000-00-00","","2016-07-24 20:02:22","28","2016-07-24 20:02:22","28","1"),
("71970","","","","54189","","","2065","2","3","0","1000","2016-07-24","0000-00-00","","2016-07-24 20:04:46","28","2016-07-24 20:04:46","28","1"),
("71971","","","","54190","","","2172","2","1","0","2500","2016-07-24","0000-00-00","","2016-07-24 20:06:51","28","2016-07-24 20:06:51","28","1"),
("71972","","","","54190","","","2119","2","1","0","8000","2016-07-24","0000-00-00","","2016-07-24 20:06:51","28","2016-07-24 20:06:51","28","1"),
("71973","","","","54190","","","2125","2","1","0","1000","2016-07-24","0000-00-00","","2016-07-24 20:06:51","28","2016-07-24 20:06:51","28","1"),
("71974","","","","54191","","","2125","2","2","0","1000","2016-07-24","0000-00-00","","2016-07-24 20:07:36","28","2016-07-24 20:07:36","28","1"),
("71975","","","","54192","","","2093","2","1","0","3000","2016-07-24","0000-00-00","","2016-07-24 20:09:18","28","2016-07-24 20:09:18","28","1"),
("71976","","","","54193","","","2228","2","5","0","500","2016-07-24","0000-00-00","","2016-07-24 20:13:17","28","2016-07-24 20:13:17","28","1"),
("71977","","","","54194","","","2166","2","7","0","700","2016-07-24","0000-00-00","","2016-07-24 20:20:16","28","2016-07-24 20:20:16","28","1"),
("71978","","","","54195","","","2166","2","7","0","700","2016-07-24","0000-00-00","","2016-07-24 20:20:56","28","2016-07-24 20:20:56","28","1"),
("71979","","","","54196","","","2166","2","2","0","700","2016-07-24","0000-00-00","","2016-07-24 20:21:17","28","2016-07-24 20:21:17","28","1"),
("71980","","","","54197","","","2236","2","5","0","2000","2016-07-24","0000-00-00","","2016-07-24 20:21:28","28","2016-07-24 20:21:28","28","1"),
("71981","","","","54198","","","2166","2","7","0","700","2016-07-24","0000-00-00","","2016-07-24 20:21:47","28","2016-07-24 20:21:47","28","1"),
("71982","","","","54199","","","2083","2","1","0","2500","2016-07-24","0000-00-00","","2016-07-24 20:21:57","28","2016-07-24 20:21:57","28","1"),
("71983","","","","54200","","","2166","2","10","0","700","2016-07-24","0000-00-00","","2016-07-24 20:22:29","28","2016-07-24 20:22:29","28","1"),
("71984","","","","54201","","","2166","2","5","0","700","2016-07-24","0000-00-00","","2016-07-24 20:22:51","28","2016-07-24 20:22:51","28","1"),
("71985","","","","54202","","","2166","2","7","0","700","2016-07-24","0000-00-00","","2016-07-24 20:23:11","28","2016-07-24 20:23:11","28","1"),
("71986","","","","54203","","","2228","2","10","0","500","2016-07-24","0000-00-00","","2016-07-24 20:23:56","28","2016-07-24 20:23:56","28","1"),
("71987","","","","54204","","","2228","2","4","0","500","2016-07-24","0000-00-00","","2016-07-24 20:24:13","28","2016-07-24 20:24:13","28","1"),
("71988","","","","54205","","","2241","2","1","0","3000","2016-07-24","0000-00-00","","2016-07-24 20:24:41","28","2016-07-24 20:24:41","28","1"),
("71989","","","","54206","","","2110","2","1","0","2500","2016-07-24","0000-00-00","","2016-07-24 20:25:12","28","2016-07-24 20:25:12","28","1"),
("71990","","","","54207","","","2259","2","1","0","6000","2016-07-24","0000-00-00","","2016-07-24 20:25:44","28","2016-07-24 20:25:44","28","1"),
("71991","","","","54208","","","2110","2","1","0","2500","2016-07-24","0000-00-00","","2016-07-24 20:26:04","28","2016-07-24 20:26:04","28","1"),
("71992","","","","54209","","","2228","2","10","0","500","2016-07-24","0000-00-00","","2016-07-24 20:26:10","28","2016-07-24 20:26:10","28","1"),
("71993","","","","54210","","","2126","2","1","0","2000","2016-07-24","0000-00-00","","2016-07-24 20:26:38","28","2016-07-24 20:26:38","28","1"),
("71994","","","","54211","","","2070","2","1","0","1000","2016-07-24","0000-00-00","","2016-07-24 20:27:08","28","2016-07-24 20:27:08","28","1"),
("71995","","","","54211","","","2071","2","10","0","1000","2016-07-24","0000-00-00","","2016-07-24 20:27:08","28","2016-07-24 20:27:08","28","1"),
("71996","","","","54212","","","2077","2","2","0","1500","2016-07-24","0000-00-00","","2016-07-24 20:27:23","28","2016-07-24 20:27:23","28","1"),
("71997","","","","54212","","","2076","2","1","0","2000","2016-07-24","0000-00-00","","2016-07-24 20:27:23","28","2016-07-24 20:27:23","28","1"),
("71998","","","","54213","","","2228","2","6","0","500","2016-07-24","0000-00-00","","2016-07-24 20:27:32","28","2016-07-24 20:27:32","28","1"),
("71999","","","","54214","","","2228","2","4","0","500","2016-07-24","0000-00-00","","2016-07-24 20:27:39","28","2016-07-24 20:27:39","28","1"),
("72000","","","","54215","","","2083","2","1","0","2500","2016-07-24","0000-00-00","","2016-07-24 20:27:59","28","2016-07-24 20:27:59","28","1"),
("72001","","","","54216","","","2104","2","1","0","5500","2016-07-24","0000-00-00","","2016-07-24 20:28:16","28","2016-07-24 20:28:16","28","1"),
("72002","","","","54217","","","2250","2","2","0","500","2016-07-24","0000-00-00","","2016-07-24 20:28:33","28","2016-07-24 20:28:33","28","1"),
("72003","","","","54218","","","2250","2","2","0","500","2016-07-24","0000-00-00","","2016-07-24 20:30:08","28","2016-07-24 20:30:08","28","1"),
("72004","","","","54219","","","2083","2","4","0","2500","2016-07-24","0000-00-00","","2016-07-24 20:32:36","28","2016-07-24 20:32:36","28","1"),
("72005","","","","54220","","","2228","2","2","0","500","2016-07-24","0000-00-00","","2016-07-24 20:38:42","28","2016-07-24 20:38:42","28","1"),
("72006","","","","54221","","","2228","2","2","0","500","2016-07-24","0000-00-00","","2016-07-24 20:39:24","28","2016-07-24 20:39:24","28","1"),
("72007","","","","54222","","","2228","2","8","0","500","2016-07-24","0000-00-00","","2016-07-24 20:49:10","28","2016-07-24 20:49:10","28","1"),
("72008","","","","54223","","","2228","2","8","0","500","2016-07-24","0000-00-00","","2016-07-24 20:51:31","28","2016-07-24 20:51:31","28","1"),
("72009","","","","54224","","","2228","2","2","0","500","2016-07-24","0000-00-00","","2016-07-24 20:52:30","28","2016-07-24 20:52:30","28","1");

DROP TABLE inventory_totals;

CREATE TABLE `inventory_totals` (
  `product_id` bigint(20) NOT NULL,
  `location_id` bigint(20) NOT NULL,
  `total_qty` double DEFAULT '0',
  `created_at` datetime NOT NULL,
  `created_by` bigint(11) NOT NULL,
  `updated_at` datetime NOT NULL,
  `updated_by` bigint(11) NOT NULL,
  PRIMARY KEY (`product_id`,`location_id`),
  KEY `product_id` (`product_id`),
  KEY `location_id` (`location_id`)
) ENGINE=InnoDB DEFAULT CHARSET=utf8 COLLATE=utf8_unicode_ci;

INSERT INTO inventory_totals VALUES("2064","2","-947","2016-05-30 20:44:40","32","2016-07-24 19:11:49","32");
INSERT INTO inventory_totals VALUES("2065","2","-10044","2016-05-30 17:12:37","28","2016-07-24 20:04:46","28");
INSERT INTO inventory_totals VALUES("2067","2","-887","2016-05-30 20:12:19","28","2016-07-24 19:15:10","28");
INSERT INTO inventory_totals VALUES("2070","2","-1395","2016-05-30 19:12:04","28","2016-07-24 20:27:08","28");
INSERT INTO inventory_totals VALUES("2071","2","-2741","2016-05-30 20:20:55","28","2016-07-24 20:27:08","28");
INSERT INTO inventory_totals VALUES("2072","2","-541","2016-06-01 10:24:38","26","2016-07-24 15:06:55","26");
INSERT INTO inventory_totals VALUES("2073","2","-1512","2016-05-30 17:09:35","28","2016-07-24 17:50:39","28");
INSERT INTO inventory_totals VALUES("2074","2","-726","2016-05-30 17:09:50","28","2016-07-24 17:50:39","28");
INSERT INTO inventory_totals VALUES("2075","2","-1392","2016-05-30 19:40:28","32","2016-07-24 19:30:35","32");
INSERT INTO inventory_totals VALUES("2076","2","-623","2016-05-30 17:15:10","28","2016-07-24 20:27:23","28");
INSERT INTO inventory_totals VALUES("2077","2","-185","2016-06-02 16:11:58","28","2016-07-24 20:27:23","28");
INSERT INTO inventory_totals VALUES("2078","2","-485","2016-05-31 07:51:51","32","2016-07-24 11:14:55","32");
INSERT INTO inventory_totals VALUES("2079","2","-345","2016-05-30 17:34:03","28","2016-07-24 15:12:07","28");
INSERT INTO inventory_totals VALUES("2082","2","-271","2016-05-30 20:35:30","32","2016-07-24 18:59:37","32");
INSERT INTO inventory_totals VALUES("2083","2","-3591","2016-05-30 17:13:02","28","2016-07-24 20:32:36","28");
INSERT INTO inventory_totals VALUES("2084","2","-475","2016-05-30 17:13:26","28","2016-07-24 19:24:49","28");
INSERT INTO inventory_totals VALUES("2085","2","-463","2016-05-30 18:17:34","32","2016-07-24 19:30:35","32");
INSERT INTO inventory_totals VALUES("2088","2","-206","2016-05-31 08:25:04","32","2016-07-24 17:15:07","32");
INSERT INTO inventory_totals VALUES("2089","2","-156","2016-06-06 07:55:52","32","2016-07-22 08:57:24","32");
INSERT INTO inventory_totals VALUES("2090","2","-345","2016-06-03 07:53:09","32","2016-07-24 19:30:35","32");
INSERT INTO inventory_totals VALUES("2092","2","-22","2016-06-05 13:07:45","32","2016-06-26 17:13:30","32");
INSERT INTO inventory_totals VALUES("2093","2","-1294","2016-05-31 08:55:09","28","2016-07-24 20:09:18","28");
INSERT INTO inventory_totals VALUES("2095","2","-3375","2016-05-30 16:57:46","28","2016-07-24 19:46:38","28");
INSERT INTO inventory_totals VALUES("2097","2","-152","2016-05-31 11:50:36","28","2016-07-23 07:56:38","28");
INSERT INTO inventory_totals VALUES("2098","2","-141","2016-05-31 11:48:59","26","2016-07-24 14:58:29","26");
INSERT INTO inventory_totals VALUES("2099","2","-798","2016-05-30 19:54:32","28","2016-07-24 19:11:49","28");
INSERT INTO inventory_totals VALUES("2100","2","-127","2016-06-01 11:05:58","26","2016-07-24 14:33:10","26");
INSERT INTO inventory_totals VALUES("2101","2","-4","2016-06-04 16:36:48","28","2016-06-15 08:23:32","28");
INSERT INTO inventory_totals VALUES("2102","2","-239","2016-05-30 18:50:51","32","2016-07-24 16:17:16","32");
INSERT INTO inventory_totals VALUES("2103","2","-157","2016-05-30 18:21:22","28","2016-07-24 16:36:57","28");
INSERT INTO inventory_totals VALUES("2104","2","-2076","2016-05-30 18:45:00","28","2016-07-24 20:28:16","28");
INSERT INTO inventory_totals VALUES("2105","2","-96","2016-05-31 04:27:09","32","2016-07-24 17:19:47","32");
INSERT INTO inventory_totals VALUES("2107","2","-1209","2016-05-30 17:13:44","28","2016-07-24 19:25:01","28");
INSERT INTO inventory_totals VALUES("2108","2","-2","2016-06-22 07:31:24","26","2016-07-16 06:34:13","26");
INSERT INTO inventory_totals VALUES("2109","2","-4","2016-06-02 11:24:48","26","2016-07-14 13:26:17","26");
INSERT INTO inventory_totals VALUES("2110","2","-527","2016-05-31 09:56:02","28","2016-07-24 20:26:04","28");
INSERT INTO inventory_totals VALUES("2111","2","-100","2016-05-31 06:44:27","26","2016-07-24 15:03:29","26");
INSERT INTO inventory_totals VALUES("2112","2","-221","2016-05-31 17:42:17","32","2016-07-24 16:25:39","32");
INSERT INTO inventory_totals VALUES("2113","2","-394","2016-05-31 06:07:51","28","2016-07-24 10:40:05","28");
INSERT INTO inventory_totals VALUES("2114","2","-48","2016-05-31 17:05:12","28","2016-07-21 18:27:09","28");
INSERT INTO inventory_totals VALUES("2116","2","-104","2016-05-30 19:09:50","26","2016-07-24 07:24:22","26");
INSERT INTO inventory_totals VALUES("2117","2","-120","2016-05-31 15:15:55","28","2016-07-24 14:11:36","28");
INSERT INTO inventory_totals VALUES("2118","2","-1189","2016-05-30 17:25:00","32","2016-07-24 19:17:55","32");
INSERT INTO inventory_totals VALUES("2119","2","-111","2016-05-31 04:10:53","28","2016-07-24 20:06:51","28");
INSERT INTO inventory_totals VALUES("2120","2","-23","2016-06-01 15:07:34","28","2016-06-24 08:28:25","28");
INSERT INTO inventory_totals VALUES("2121","2","-416","2016-05-30 16:56:09","32","2016-07-24 16:36:05","32");
INSERT INTO inventory_totals VALUES("2125","2","-2374","2016-05-30 17:14:38","28","2016-07-24 20:07:36","28");
INSERT INTO inventory_totals VALUES("2126","2","-1093","2016-05-30 17:17:44","28","2016-07-24 20:26:38","28");
INSERT INTO inventory_totals VALUES("2127","2","-1","2016-06-01 09:16:57","28","2016-06-01 09:16:57","28");
INSERT INTO inventory_totals VALUES("2128","2","-3","2016-05-30 17:17:34","27","2016-05-31 08:21:59","27");
INSERT INTO inventory_totals VALUES("2129","2","-82","2016-05-31 08:02:05","28","2016-07-24 15:28:43","28");
INSERT INTO inventory_totals VALUES("2130","2","-2","2016-05-31 11:51:20","28","2016-05-31 12:08:32","28");
INSERT INTO inventory_totals VALUES("2131","2","-5","2016-06-02 09:48:54","28","2016-06-11 08:04:29","28");
INSERT INTO inventory_totals VALUES("2133","2","-243","2016-05-30 20:04:42","32","2016-07-24 18:36:51","32");
INSERT INTO inventory_totals VALUES("2134","2","-1128","2016-05-30 17:16:20","32","2016-07-24 18:57:45","32");
INSERT INTO inventory_totals VALUES("2135","2","-159","2016-05-31 18:50:40","28","2016-07-24 19:52:49","28");
INSERT INTO inventory_totals VALUES("2136","2","-432","2016-05-30 17:16:20","32","2016-07-24 18:57:45","32");
INSERT INTO inventory_totals VALUES("2137","2","-172","2016-05-30 17:00:35","28","2016-07-24 15:54:09","28");
INSERT INTO inventory_totals VALUES("2138","2","-64","2016-06-01 18:10:15","28","2016-07-22 19:11:50","28");
INSERT INTO inventory_totals VALUES("2139","2","-99","2016-05-30 19:37:44","32","2016-07-24 18:56:23","32");
INSERT INTO inventory_totals VALUES("2140","2","-246","2016-05-30 17:16:20","28","2016-07-24 19:32:33","28");
INSERT INTO inventory_totals VALUES("2141","2","-92","2016-05-31 16:15:13","28","2016-07-24 17:48:16","28");
INSERT INTO inventory_totals VALUES("2142","2","-12","2016-06-04 12:04:34","28","2016-07-16 14:20:54","28");
INSERT INTO inventory_totals VALUES("2143","2","-16","2016-06-01 14:37:00","28","2016-07-22 10:31:42","28");
INSERT INTO inventory_totals VALUES("2144","2","-6","2016-06-02 16:28:24","28","2016-07-22 18:41:13","28");
INSERT INTO inventory_totals VALUES("2146","2","-755","2016-05-31 04:25:13","32","2016-07-24 18:27:20","32");
INSERT INTO inventory_totals VALUES("2163","2","-826","2016-05-30 19:12:04","28","2016-07-24 19:52:49","28");
INSERT INTO inventory_totals VALUES("2164","2","-3443","2016-05-30 16:53:06","32","2016-07-24 18:50:41","32");
INSERT INTO inventory_totals VALUES("2165","2","-694","2016-05-30 17:13:26","26","2016-07-24 15:20:07","26");
INSERT INTO inventory_totals VALUES("2166","2","-11841","2016-05-30 15:16:51","28","2016-07-24 20:23:11","28");
INSERT INTO inventory_totals VALUES("2172","2","-1051","2016-05-30 17:07:00","28","2016-07-24 20:06:51","28");
INSERT INTO inventory_totals VALUES("2173","2","-162","2016-05-31 10:33:36","28","2016-07-24 15:12:07","28");
INSERT INTO inventory_totals VALUES("2174","2","-62","2016-05-31 09:21:36","28","2016-07-23 11:36:07","28");
INSERT INTO inventory_totals VALUES("2178","2","-29","2016-06-02 05:19:47","26","2016-07-23 15:37:22","26");
INSERT INTO inventory_totals VALUES("2179","2","-2","2016-06-19 13:01:57","26","2016-06-22 13:15:45","26");
INSERT INTO inventory_totals VALUES("2182","2","-271","2016-05-30 18:50:52","32","2016-07-24 18:57:45","32");
INSERT INTO inventory_totals VALUES("2183","2","-5","2016-06-17 08:39:20","28","2016-07-10 20:20:53","28");
INSERT INTO inventory_totals VALUES("2188","2","-34","2016-06-02 05:19:47","26","2016-07-23 15:37:22","26");
INSERT INTO inventory_totals VALUES("2197","2","-1080","2016-05-31 05:33:48","32","2016-07-24 17:29:04","32");
INSERT INTO inventory_totals VALUES("2198","2","-51","2016-05-31 06:32:11","26","2016-07-23 14:07:35","26");
INSERT INTO inventory_totals VALUES("2199","2","-80","2016-05-30 20:45:32","32","2016-07-15 11:38:49","32");
INSERT INTO inventory_totals VALUES("2201","2","-1","2016-07-22 07:59:15","28","2016-07-22 07:59:15","28");
INSERT INTO inventory_totals VALUES("2202","2","-12","2016-06-05 05:43:31","26","2016-07-14 06:04:21","26");
INSERT INTO inventory_totals VALUES("2203","2","-27","2016-06-01 18:10:15","28","2016-07-14 12:28:33","28");
INSERT INTO inventory_totals VALUES("2204","2","-13","2016-06-05 15:46:14","26","2016-07-18 13:32:22","26");
INSERT INTO inventory_totals VALUES("2206","2","-6","2016-06-11 18:11:55","32","2016-07-19 18:21:51","32");
INSERT INTO inventory_totals VALUES("2207","2","-67","2016-06-05 20:28:13","28","2016-07-24 08:45:28","28");
INSERT INTO inventory_totals VALUES("2208","2","-9","2016-06-03 12:29:19","28","2016-07-22 16:13:30","28");
INSERT INTO inventory_totals VALUES("2209","2","-3","2016-06-01 15:42:51","28","2016-07-13 20:12:25","28");
INSERT INTO inventory_totals VALUES("2213","2","-45","2016-06-08 08:14:22","28","2016-07-22 19:09:38","28");
INSERT INTO inventory_totals VALUES("2217","2","-20","2016-06-03 19:05:30","28","2016-07-23 11:35:54","28");
INSERT INTO inventory_totals VALUES("2218","2","-102","2016-05-31 10:46:14","28","2016-07-24 09:53:10","28");
INSERT INTO inventory_totals VALUES("2219","2","-299","2016-06-02 07:11:01","32","2016-07-24 16:17:15","32");
INSERT INTO inventory_totals VALUES("2220","2","-1150","2016-06-06 12:05:02","28","2016-07-12 17:18:00","28");
INSERT INTO inventory_totals VALUES("2226","2","-735","2016-05-30 20:29:24","32","2016-07-24 18:54:31","32");
INSERT INTO inventory_totals VALUES("2228","2","-148435","2016-05-30 16:53:06","28","2016-07-24 20:52:30","28");
INSERT INTO inventory_totals VALUES("2229","2","-79147","2016-05-30 18:02:49","28","2016-07-24 19:56:48","28");
INSERT INTO inventory_totals VALUES("2231","2","-29009","2016-05-30 16:58:22","28","2016-07-24 19:30:07","28");
INSERT INTO inventory_totals VALUES("2232","2","-2935","2016-05-30 18:38:35","28","2016-07-24 17:44:24","28");
INSERT INTO inventory_totals VALUES("2233","2","-6325","2016-05-30 19:34:27","28","2016-07-24 17:56:15","28");
INSERT INTO inventory_totals VALUES("2235","2","-1337","2016-05-30 19:37:44","32","2016-07-24 19:17:30","32");
INSERT INTO inventory_totals VALUES("2236","2","-796","2016-05-30 20:25:09","28","2016-07-24 20:21:28","28");
INSERT INTO inventory_totals VALUES("2237","2","-52","2016-06-06 07:55:52","28","2016-07-23 20:25:33","28");
INSERT INTO inventory_totals VALUES("2238","2","-182","2016-05-31 06:54:44","28","2016-07-24 10:39:08","28");
INSERT INTO inventory_totals VALUES("2239","2","-458","2016-05-31 11:09:13","32","2016-07-19 08:38:36","32");
INSERT INTO inventory_totals VALUES("2240","2","-1714","2016-05-30 16:58:52","28","2016-07-24 19:37:56","28");
INSERT INTO inventory_totals VALUES("2241","2","-135","2016-05-31 13:05:46","28","2016-07-24 20:24:41","28");
INSERT INTO inventory_totals VALUES("2243","2","-126","2016-05-30 17:15:34","28","2016-07-20 08:54:05","28");
INSERT INTO inventory_totals VALUES("2250","2","-4946","2016-05-30 17:14:11","28","2016-07-24 20:30:08","28");
INSERT INTO inventory_totals VALUES("2251","2","-1","2016-07-09 18:58:52","28","2016-07-09 18:58:52","28");
INSERT INTO inventory_totals VALUES("2252","2","-90","2016-06-04 16:15:52","28","2016-07-24 15:12:07","28");
INSERT INTO inventory_totals VALUES("2253","2","-116","2016-05-31 13:24:22","28","2016-07-24 17:50:04","28");
INSERT INTO inventory_totals VALUES("2254","2","-893","2016-05-31 18:14:09","28","2016-07-23 19:47:10","28");
INSERT INTO inventory_totals VALUES("2255","2","-392","2016-06-02 18:24:09","28","2016-07-23 19:47:10","28");
INSERT INTO inventory_totals VALUES("2256","2","-28","2016-06-02 17:07:21","28","2016-07-07 23:27:23","28");
INSERT INTO inventory_totals VALUES("2257","2","-242","2016-06-02 18:53:00","28","2016-07-24 16:35:07","28");
INSERT INTO inventory_totals VALUES("2258","2","-51","2016-06-06 11:06:36","26","2016-07-18 15:45:43","26");
INSERT INTO inventory_totals VALUES("2259","2","-71","2016-06-22 14:12:02","28","2016-07-24 20:25:44","28");
INSERT INTO inventory_totals VALUES("2260","2","-18","2016-07-11 05:45:45","26","2016-07-24 06:18:33","26");
INSERT INTO inventory_totals VALUES("2262","2","-1","2016-07-21 07:37:38","26","2016-07-21 07:37:38","26");



DROP TABLE inventory_total_details;

CREATE TABLE `inventory_total_details` (
  `product_id` bigint(20) NOT NULL,
  `location_id` bigint(20) NOT NULL,
  `total_cycle` double DEFAULT '0',
  `total_so` double DEFAULT '0',
  `total_pos` double DEFAULT '0',
  `total_cm` double DEFAULT '0',
  `total_to_in` double DEFAULT '0',
  `total_to_out` double DEFAULT '0',
  `date` date NOT NULL,
  `created_at` datetime NOT NULL,
  `created_by` bigint(11) NOT NULL,
  `updated_at` datetime NOT NULL,
  `updated_by` bigint(11) NOT NULL,
  PRIMARY KEY (`product_id`,`location_id`,`date`),
  KEY `product_id` (`product_id`),
  KEY `location_id` (`location_id`),
  KEY `date` (`date`)
) ENGINE=InnoDB DEFAULT CHARSET=utf8 COLLATE=utf8_unicode_ci;

INSERT INTO inventory_total_details VALUES("2064","2","0","0","-1","0","0","0","2016-05-30","2016-05-30 20:44:40","24","2016-05-30 20:44:40","24");
INSERT INTO inventory_total_details VALUES("2065","2","0","0","-2","0","0","0","2016-05-30","2016-05-30 17:12:37","24","2016-05-30 21:01:14","24");
INSERT INTO inventory_total_details VALUES("2067","2","0","0","-2","0","0","0","2016-05-30","2016-05-30 20:12:19","24","2016-05-30 20:37:06","24");
INSERT INTO inventory_total_details VALUES("2070","2","0","0","-3","0","0","0","2016-05-30","2016-05-30 19:12:04","27","2016-05-30 19:12:04","27");
INSERT INTO inventory_total_details VALUES("2071","2","0","0","-1","0","0","0","2016-05-30","2016-05-30 20:20:55","24","2016-05-30 20:20:55","24");
INSERT INTO inventory_total_details VALUES("2072","2","0","0","-5","0","0","0","2016-06-01","2016-06-01 10:24:38","27","2016-06-01 17:19:29","27");
INSERT INTO inventory_total_details VALUES("2073","2","0","0","-2","0","0","0","2016-05-30","2016-05-30 17:09:35","24","2016-05-30 20:20:55","24");
INSERT INTO inventory_total_details VALUES("2074","2","0","0","-1","0","0","0","2016-05-30","2016-05-30 17:09:51","1","2016-05-30 17:09:51","1");
INSERT INTO inventory_total_details VALUES("2075","2","0","0","-2","0","0","0","2016-05-30","2016-05-30 19:40:28","27","2016-05-30 19:40:28","27");
INSERT INTO inventory_total_details VALUES("2076","2","0","0","-1","0","0","0","2016-05-30","2016-05-30 17:15:10","27","2016-05-30 19:40:28","27");
INSERT INTO inventory_total_details VALUES("2077","2","0","0","-2","0","0","0","2016-06-02","2016-06-02 16:11:58","27","2016-06-02 16:11:58","27");
INSERT INTO inventory_total_details VALUES("2078","2","0","0","-1","0","0","0","2016-05-31","2016-05-31 07:51:51","1","2016-05-31 13:22:44","1");
INSERT INTO inventory_total_details VALUES("2079","2","0","0","-1","0","0","0","2016-05-30","2016-05-30 17:34:03","1","2016-05-30 17:34:03","1");
INSERT INTO inventory_total_details VALUES("2082","2","0","0","-1","0","0","0","2016-05-30","2016-05-30 20:35:30","24","2016-05-30 20:35:30","24");
INSERT INTO inventory_total_details VALUES("2083","2","0","0","-2","0","0","0","2016-05-30","2016-05-30 17:13:02","24","2016-05-30 20:44:10","24");
INSERT INTO inventory_total_details VALUES("2084","2","0","0","-1","0","0","0","2016-05-30","2016-05-30 17:13:26","24","2016-05-30 20:36:29","24");
INSERT INTO inventory_total_details VALUES("2085","2","0","0","-1","0","0","0","2016-05-30","2016-05-30 18:17:35","24","2016-05-30 18:17:35","24");
INSERT INTO inventory_total_details VALUES("2088","2","0","0","-1","0","0","0","2016-05-31","2016-05-31 08:25:04","1","2016-05-31 15:55:07","1");
INSERT INTO inventory_total_details VALUES("2089","2","0","0","-1","0","0","0","2016-06-06","2016-06-06 07:55:52","28","2016-06-06 20:21:02","28");
INSERT INTO inventory_total_details VALUES("2090","2","0","0","-3","0","0","0","2016-06-03","2016-06-03 07:53:09","28","2016-06-03 17:42:59","28");
INSERT INTO inventory_total_details VALUES("2092","2","0","0","-2","0","0","0","2016-06-05","2016-06-05 13:07:45","26","2016-06-05 13:07:45","26");
INSERT INTO inventory_total_details VALUES("2093","2","0","0","-2","0","0","0","2016-05-31","2016-05-31 08:55:09","24","2016-05-31 18:27:26","24");
INSERT INTO inventory_total_details VALUES("2095","2","0","0","-1","0","0","0","2016-05-30","2016-05-30 16:57:46","24","2016-05-30 21:01:14","24");
INSERT INTO inventory_total_details VALUES("2097","2","0","0","-2","0","0","0","2016-05-31","2016-05-31 11:50:36","1","2016-05-31 11:57:30","1");
INSERT INTO inventory_total_details VALUES("2098","2","0","0","-1","0","0","0","2016-05-31","2016-05-31 11:48:59","1","2016-05-31 16:06:30","1");
INSERT INTO inventory_total_details VALUES("2099","2","0","0","-1","0","0","0","2016-05-30","2016-05-30 19:54:32","24","2016-05-30 20:46:56","24");
INSERT INTO inventory_total_details VALUES("2100","2","0","0","-6","0","0","0","2016-06-01","2016-06-01 11:05:58","28","2016-06-01 11:05:58","28");
INSERT INTO inventory_total_details VALUES("2101","2","0","0","-1","0","0","0","2016-06-04","2016-06-04 16:36:48","27","2016-06-04 16:36:48","27");
INSERT INTO inventory_total_details VALUES("2102","2","0","0","-1","0","0","0","2016-05-30","2016-05-30 18:50:51","27","2016-05-30 19:01:27","27");
INSERT INTO inventory_total_details VALUES("2103","2","0","0","-1","0","0","0","2016-05-30","2016-05-30 18:21:22","24","2016-05-30 18:21:22","24");
INSERT INTO inventory_total_details VALUES("2104","2","0","0","-1","0","0","0","2016-05-30","2016-05-30 18:45:00","24","2016-05-30 20:35:30","24");
INSERT INTO inventory_total_details VALUES("2105","2","0","0","-2","0","0","0","2016-05-31","2016-05-31 04:27:09","28","2016-05-31 11:08:37","28");
INSERT INTO inventory_total_details VALUES("2107","2","0","0","-2","0","0","0","2016-05-30","2016-05-30 17:13:44","1","2016-05-30 17:13:44","1");
INSERT INTO inventory_total_details VALUES("2108","2","0","0","-1","0","0","0","2016-06-22","2016-06-22 07:31:24","26","2016-06-22 07:31:24","26");
INSERT INTO inventory_total_details VALUES("2109","2","0","0","-1","0","0","0","2016-06-02","2016-06-02 11:24:48","28","2016-06-02 11:24:48","28");
INSERT INTO inventory_total_details VALUES("2110","2","0","0","-2","0","0","0","2016-05-31","2016-05-31 09:56:02","1","2016-05-31 16:59:11","1");
INSERT INTO inventory_total_details VALUES("2111","2","0","0","-1","0","0","0","2016-05-31","2016-05-31 06:44:27","1","2016-05-31 15:24:34","1");
INSERT INTO inventory_total_details VALUES("2112","2","0","0","-1","0","0","0","2016-05-31","2016-05-31 17:42:17","28","2016-05-31 17:42:17","28");
INSERT INTO inventory_total_details VALUES("2113","2","0","0","-1","0","0","0","2016-05-31","2016-05-31 06:07:51","28","2016-05-31 10:55:17","28");
INSERT INTO inventory_total_details VALUES("2114","2","0","0","-1","0","0","0","2016-05-31","2016-05-31 17:05:12","1","2016-05-31 17:05:12","1");
INSERT INTO inventory_total_details VALUES("2116","2","0","0","-1","0","0","0","2016-05-30","2016-05-30 19:09:50","27","2016-05-30 19:09:50","27");
INSERT INTO inventory_total_details VALUES("2117","2","0","0","-1","0","0","0","2016-05-31","2016-05-31 15:15:55","28","2016-05-31 15:15:55","28");
INSERT INTO inventory_total_details VALUES("2118","2","0","0","-2","0","0","0","2016-05-30","2016-05-30 17:25:00","24","2016-05-30 20:35:09","24");
INSERT INTO inventory_total_details VALUES("2119","2","0","0","-1","0","0","0","2016-05-31","2016-05-31 04:10:53","28","2016-05-31 19:23:07","28");
INSERT INTO inventory_total_details VALUES("2120","2","0","0","-4","0","0","0","2016-06-01","2016-06-01 15:07:34","28","2016-06-01 15:07:34","28");
INSERT INTO inventory_total_details VALUES("2121","2","0","0","-1","0","0","0","2016-05-30","2016-05-30 16:56:09","24","2016-05-30 17:57:00","24");
INSERT INTO inventory_total_details VALUES("2125","2","0","0","-1","0","0","0","2016-05-30","2016-05-30 17:14:38","24","2016-05-30 20:45:32","24");
INSERT INTO inventory_total_details VALUES("2126","2","0","0","-1","0","0","0","2016-05-30","2016-05-30 17:17:44","24","2016-05-30 20:46:56","24");
INSERT INTO inventory_total_details VALUES("2127","2","0","0","-1","0","0","0","2016-06-01","2016-06-01 09:16:57","28","2016-06-01 09:16:57","28");
INSERT INTO inventory_total_details VALUES("2128","2","0","0","-1","0","0","0","2016-05-30","2016-05-30 17:17:34","27","2016-05-30 18:49:32","27");
INSERT INTO inventory_total_details VALUES("2129","2","0","0","-1","0","0","0","2016-05-31","2016-05-31 08:02:05","28","2016-05-31 12:43:49","28");
INSERT INTO inventory_total_details VALUES("2130","2","0","0","-1","0","0","0","2016-05-31","2016-05-31 11:51:20","28","2016-05-31 12:08:32","28");
INSERT INTO inventory_total_details VALUES("2131","2","0","0","-1","0","0","0","2016-06-02","2016-06-02 09:48:54","28","2016-06-02 09:48:54","28");
INSERT INTO inventory_total_details VALUES("2133","2","0","0","-1","0","0","0","2016-05-30","2016-05-30 20:04:42","24","2016-05-30 20:04:42","24");
INSERT INTO inventory_total_details VALUES("2134","2","0","0","-2","0","0","0","2016-05-30","2016-05-30 17:16:20","27","2016-05-30 18:50:52","27");
INSERT INTO inventory_total_details VALUES("2135","2","0","0","-2","0","0","0","2016-05-31","2016-05-31 18:50:40","24","2016-05-31 18:50:40","24");
INSERT INTO inventory_total_details VALUES("2136","2","0","0","-2","0","0","0","2016-05-30","2016-05-30 17:16:20","27","2016-05-30 18:50:52","27");
INSERT INTO inventory_total_details VALUES("2137","2","0","0","-1","0","0","0","2016-05-30","2016-05-30 17:00:35","1","2016-05-30 17:00:35","1");
INSERT INTO inventory_total_details VALUES("2138","2","0","0","-1","0","0","0","2016-06-01","2016-06-01 18:10:15","27","2016-06-01 18:10:15","27");
INSERT INTO inventory_total_details VALUES("2139","2","0","0","-1","0","0","0","2016-05-30","2016-05-30 19:37:44","27","2016-05-30 19:37:44","27");
INSERT INTO inventory_total_details VALUES("2140","2","0","0","-1","0","0","0","2016-05-30","2016-05-30 17:16:20","27","2016-05-30 18:50:52","27");
INSERT INTO inventory_total_details VALUES("2141","2","0","0","-1","0","0","0","2016-05-31","2016-05-31 16:15:13","1","2016-05-31 16:15:13","1");
INSERT INTO inventory_total_details VALUES("2142","2","0","0","-1","0","0","0","2016-06-04","2016-06-04 12:04:34","27","2016-06-04 16:08:30","27");
INSERT INTO inventory_total_details VALUES("2143","2","0","0","-1","0","0","0","2016-06-01","2016-06-01 14:37:00","24","2016-06-01 14:37:00","24");
INSERT INTO inventory_total_details VALUES("2144","2","0","0","-1","0","0","0","2016-06-02","2016-06-02 16:28:24","27","2016-06-02 16:28:24","27");
INSERT INTO inventory_total_details VALUES("2146","2","0","0","-1","0","0","0","2016-05-31","2016-05-31 04:25:13","28","2016-05-31 19:18:40","28");
INSERT INTO inventory_total_details VALUES("2163","2","0","0","-1","0","0","0","2016-05-30","2016-05-30 19:12:04","24","2016-05-30 20:36:29","24");
INSERT INTO inventory_total_details VALUES("2164","2","0","0","-1","0","0","0","2016-05-30","2016-05-30 16:53:06","27","2016-05-30 19:14:29","27");
INSERT INTO inventory_total_details VALUES("2165","2","0","0","-1","0","0","0","2016-05-30","2016-05-30 17:13:26","1","2016-05-30 17:13:26","1");
INSERT INTO inventory_total_details VALUES("2166","2","0","0","-8","0","0","0","2016-05-30","2016-05-30 15:16:51","1","2016-05-30 16:55:10","1");
INSERT INTO inventory_total_details VALUES("2172","2","0","0","-1","0","0","0","2016-05-30","2016-05-30 17:07:00","24","2016-05-30 20:45:07","24");
INSERT INTO inventory_total_details VALUES("2173","2","0","0","-1","0","0","0","2016-05-31","2016-05-31 10:33:37","28","2016-05-31 11:09:13","28");
INSERT INTO inventory_total_details VALUES("2174","2","0","0","-1","0","0","0","2016-05-31","2016-05-31 09:21:37","24","2016-05-31 09:21:37","24");
INSERT INTO inventory_total_details VALUES("2178","2","0","0","-1","0","0","0","2016-06-02","2016-06-02 05:19:47","24","2016-06-02 05:19:47","24");
INSERT INTO inventory_total_details VALUES("2179","2","0","0","-1","0","0","0","2016-06-19","2016-06-19 13:01:57","26","2016-06-19 13:01:57","26");
INSERT INTO inventory_total_details VALUES("2182","2","0","0","-1","0","0","0","2016-05-30","2016-05-30 18:50:52","27","2016-05-30 18:50:52","27");
INSERT INTO inventory_total_details VALUES("2183","2","0","0","-1","0","0","0","2016-06-17","2016-06-17 08:39:20","26","2016-06-17 08:39:20","26");
INSERT INTO inventory_total_details VALUES("2188","2","0","0","-1","0","0","0","2016-06-02","2016-06-02 05:19:47","27","2016-06-02 19:29:45","27");
INSERT INTO inventory_total_details VALUES("2197","2","0","0","-2","0","0","0","2016-05-31","2016-05-31 05:33:48","24","2016-05-31 18:01:04","24");
INSERT INTO inventory_total_details VALUES("2198","2","0","0","-1","0","0","0","2016-05-31","2016-05-31 06:32:11","28","2016-05-31 15:18:23","28");
INSERT INTO inventory_total_details VALUES("2199","2","0","0","-1","0","0","0","2016-05-30","2016-05-30 20:45:32","24","2016-05-30 20:45:32","24");
INSERT INTO inventory_total_details VALUES("2201","2","0","0","-1","0","0","0","2016-07-22","2016-07-22 07:59:15","28","2016-07-22 07:59:15","28");
INSERT INTO inventory_total_details VALUES("2202","2","0","0","-1","0","0","0","2016-06-05","2016-06-05 05:43:31","24","2016-06-05 05:43:31","24");
INSERT INTO inventory_total_details VALUES("2203","2","0","0","-2","0","0","0","2016-06-01","2016-06-01 18:10:15","27","2016-06-01 18:10:15","27");
INSERT INTO inventory_total_details VALUES("2204","2","0","0","-1","0","0","0","2016-06-05","2016-06-05 15:46:14","24","2016-06-05 15:46:14","24");
INSERT INTO inventory_total_details VALUES("2206","2","0","0","-2","0","0","0","2016-06-11","2016-06-11 18:11:55","26","2016-06-11 18:11:55","26");
INSERT INTO inventory_total_details VALUES("2207","2","0","0","-1","0","0","0","2016-06-05","2016-06-05 20:28:13","28","2016-06-05 20:28:13","28");
INSERT INTO inventory_total_details VALUES("2208","2","0","0","-1","0","0","0","2016-06-03","2016-06-03 12:29:19","24","2016-06-03 12:29:19","24");
INSERT INTO inventory_total_details VALUES("2209","2","0","0","-1","0","0","0","2016-06-01","2016-06-01 15:42:51","24","2016-06-01 15:42:51","24");
INSERT INTO inventory_total_details VALUES("2213","2","0","0","-1","0","0","0","2016-06-08","2016-06-08 08:14:22","28","2016-06-08 08:14:22","28");
INSERT INTO inventory_total_details VALUES("2217","2","0","0","-2","0","0","0","2016-06-03","2016-06-03 19:05:30","28","2016-06-03 19:05:30","28");
INSERT INTO inventory_total_details VALUES("2218","2","0","0","-1","0","0","0","2016-05-31","2016-05-31 10:46:14","28","2016-05-31 18:18:24","28");
INSERT INTO inventory_total_details VALUES("2219","2","0","0","-1","0","0","0","2016-06-02","2016-06-02 07:11:01","27","2016-06-02 20:39:25","27");
INSERT INTO inventory_total_details VALUES("2220","2","0","0","-120","0","0","0","2016-06-06","2016-06-06 12:05:02","28","2016-06-06 12:05:02","28");
INSERT INTO inventory_total_details VALUES("2226","2","0","0","-1","0","0","0","2016-05-30","2016-05-30 20:29:24","24","2016-05-30 20:29:24","24");
INSERT INTO inventory_total_details VALUES("2228","2","0","0","-1","0","0","0","2016-05-30","2016-05-30 16:53:07","24","2016-05-30 20:52:03","24");
INSERT INTO inventory_total_details VALUES("2229","2","0","0","-10","0","0","0","2016-05-30","2016-05-30 18:02:49","24","2016-05-30 20:49:46","24");
INSERT INTO inventory_total_details VALUES("2231","2","0","0","-3","0","0","0","2016-05-30","2016-05-30 16:58:22","24","2016-05-30 21:01:14","24");
INSERT INTO inventory_total_details VALUES("2232","2","0","0","-2","0","0","0","2016-05-30","2016-05-30 18:38:35","27","2016-05-30 18:38:35","27");
INSERT INTO inventory_total_details VALUES("2233","2","0","0","-3","0","0","0","2016-05-30","2016-05-30 19:34:27","27","2016-05-30 19:51:04","27");
INSERT INTO inventory_total_details VALUES("2235","2","0","0","-1","0","0","0","2016-05-30","2016-05-30 19:37:45","27","2016-05-30 19:55:59","27");
INSERT INTO inventory_total_details VALUES("2236","2","0","0","-1","0","0","0","2016-05-30","2016-05-30 20:25:09","24","2016-05-30 20:25:09","24");
INSERT INTO inventory_total_details VALUES("2237","2","0","0","-2","0","0","0","2016-06-06","2016-06-06 07:55:52","26","2016-06-06 07:55:52","26");
INSERT INTO inventory_total_details VALUES("2238","2","0","0","-2","0","0","0","2016-05-31","2016-05-31 06:54:44","28","2016-05-31 18:18:35","28");
INSERT INTO inventory_total_details VALUES("2239","2","0","0","-1","0","0","0","2016-05-31","2016-05-31 11:09:13","28","2016-05-31 19:15:47","28");
INSERT INTO inventory_total_details VALUES("2240","2","0","0","-1","0","0","0","2016-05-30","2016-05-30 16:58:52","27","2016-05-30 19:23:13","27");
INSERT INTO inventory_total_details VALUES("2241","2","0","0","-1","0","0","0","2016-05-31","2016-05-31 13:05:46","28","2016-05-31 18:12:43","28");
INSERT INTO inventory_total_details VALUES("2243","2","0","0","-2","0","0","0","2016-05-30","2016-05-30 17:15:34","1","2016-05-30 17:15:34","1");
INSERT INTO inventory_total_details VALUES("2250","2","0","0","-1","0","0","0","2016-05-30","2016-05-30 17:14:12","24","2016-05-30 20:46:56","24");
INSERT INTO inventory_total_details VALUES("2251","2","0","0","-1","0","0","0","2016-07-09","2016-07-09 18:58:52","28","2016-07-09 18:58:52","28");
INSERT INTO inventory_total_details VALUES("2252","2","0","0","-3","0","0","0","2016-06-04","2016-06-04 16:15:52","28","2016-06-04 20:22:10","28");
INSERT INTO inventory_total_details VALUES("2253","2","0","0","-1","0","0","0","2016-05-31","2016-05-31 13:24:22","28","2016-05-31 13:24:22","28");
INSERT INTO inventory_total_details VALUES("2254","2","0","0","-5","0","0","0","2016-05-31","2016-05-31 18:14:09","28","2016-05-31 20:17:14","28");
INSERT INTO inventory_total_details VALUES("2255","2","0","0","-5","0","0","0","2016-06-02","2016-06-02 18:24:09","24","2016-06-02 18:24:09","24");
INSERT INTO inventory_total_details VALUES("2256","2","0","0","-1","0","0","0","2016-06-02","2016-06-02 17:07:21","28","2016-06-02 18:40:44","28");
INSERT INTO inventory_total_details VALUES("2257","2","0","0","-1","0","0","0","2016-06-02","2016-06-02 18:53:00","28","2016-06-02 18:53:00","28");
INSERT INTO inventory_total_details VALUES("2258","2","0","0","-1","0","0","0","2016-06-06","2016-06-06 11:06:36","26","2016-06-06 11:06:36","26");
INSERT INTO inventory_total_details VALUES("2259","2","0","0","-2","0","0","0","2016-06-22","2016-06-22 14:12:02","28","2016-06-22 19:30:07","28");
INSERT INTO inventory_total_details VALUES("2260","2","0","0","-1","0","0","0","2016-07-11","2016-07-11 05:45:45","26","2016-07-11 05:45:45","26");
INSERT INTO inventory_total_details VALUES("2262","2","0","0","-1","0","0","0","2016-07-21","2016-07-21 07:37:38","26","2016-07-21 07:37:38","26");



INSERT INTO sales_orders VALUES("54090","2","1","","16SO054070","2000","0.5","0","0","0","2016-07-24","2016-07-24","","2016-07-24 18:02:52","28","2016-07-24 18:02:52","28","1","1","0"),
("54091","2","1","","16SO054071","2000","0.5","0","0","0","2016-07-24","2016-07-24","","2016-07-24 18:03:15","28","2016-07-24 18:03:15","28","1","1","0"),
("54092","2","1","","16SO054072","1000","0.25","0","0","0","2016-07-24","2016-07-24","","2016-07-24 18:03:35","28","2016-07-24 18:03:35","28","1","1","0"),
("54093","2","1","","16SO054073","4000","1","0","0","0","2016-07-24","2016-07-24","","2016-07-24 18:04:44","28","2016-07-24 18:04:44","28","1","1","0"),
("54094","2","1","","16SO054074","10000","2.5","0","0","0","2016-07-24","2016-07-24","","2016-07-24 18:08:19","28","2016-07-24 18:08:19","28","1","1","0"),
("54095","2","1","","16SO054075","3000","0.75","0","0","0","2016-07-24","2016-07-24","","2016-07-24 18:08:56","28","2016-07-24 18:08:56","28","1","1","0"),
("54096","2","1","","16SO054076","4000","1","0","0","0","2016-07-24","2016-07-24","","2016-07-24 18:09:27","28","2016-07-24 18:09:27","28","1","1","0"),
("54097","2","1","","16SO054077","36500","9.125","0","0","0","2016-07-24","2016-07-24","","2016-07-24 18:09:35","32","2016-07-24 18:09:35","32","1","1","0"),
("54098","2","1","","16SO054078","1500","0.375","0","0","0","2016-07-24","2016-07-24","","2016-07-24 18:09:41","28","2016-07-24 18:09:41","28","1","1","0"),
("54099","2","1","","16SO054079","3000","0.75","0","0","0","2016-07-24","2016-07-24","","2016-07-24 18:12:50","32","2016-07-24 18:12:50","32","1","1","0"),
("54100","2","1","","16SO054080","1500","0.375","0","0","0","2016-07-24","2016-07-24","","2016-07-24 18:13:15","28","2016-07-24 18:13:15","28","1","1","0"),
("54101","2","1","","16SO054081","2100","0.525","0","0","0","2016-07-24","2016-07-24","","2016-07-24 18:14:23","28","2016-07-24 18:14:23","28","1","1","0"),
("54102","2","1","","16SO054082","6500","1.625","0","0","0","2016-07-24","2016-07-24","","2016-07-24 18:16:38","32","2016-07-24 18:16:38","32","1","1","0"),
("54103","2","1","","16SO054083","3000","0.75","0","0","0","2016-07-24","2016-07-24","","2016-07-24 18:17:57","32","2016-07-24 18:17:57","32","1","1","0"),
("54104","2","1","","16SO054084","2500","0.625","0","0","0","2016-07-24","2016-07-24","","2016-07-24 18:18:58","28","2016-07-24 18:18:58","28","1","1","0"),
("54105","2","1","","16SO054085","500","0.125","0","0","0","2016-07-24","2016-07-24","","2016-07-24 18:19:15","28","2016-07-24 18:19:15","28","1","1","0"),
("54106","2","1","","16SO054086","3500","0.875","0","0","0","2016-07-24","2016-07-24","","2016-07-24 18:19:43","32","2016-07-24 18:19:43","32","1","1","0"),
("54107","2","1","","16SO054087","4000","1","0","0","0","2016-07-24","2016-07-24","","2016-07-24 18:21:28","32","2016-07-24 18:21:28","32","1","1","0"),
("54108","2","1","","16SO054088","2000","0.5","0","0","0","2016-07-24","2016-07-24","","2016-07-24 18:22:05","28","2016-07-24 18:22:05","28","1","1","0"),
("54109","2","1","","16SO054089","2000","0.5","0","0","0","2016-07-24","2016-07-24","","2016-07-24 18:22:17","32","2016-07-24 18:22:17","32","1","1","0"),
("54110","2","1","","16SO054090","5000","1.25","0","0","0","2016-07-24","2016-07-24","","2016-07-24 18:23:51","32","2016-07-24 18:23:51","32","1","1","0"),
("54111","2","1","","16SO054091","2500","0.625","0","0","0","2016-07-24","2016-07-24","","2016-07-24 18:26:38","32","2016-07-24 18:26:38","32","1","1","0"),
("54112","2","1","","16SO054092","7500","1.875","0","0","0","2016-07-24","2016-07-24","","2016-07-24 18:27:20","32","2016-07-24 18:27:20","32","1","1","0"),
("54113","2","1","","16SO054093","3000","0.75","0","0","0","2016-07-24","2016-07-24","","2016-07-24 18:31:08","32","2016-07-24 18:31:08","32","1","1","0"),
("54114","2","1","","16SO054094","30000","7.5","0","0","0","2016-07-24","2016-07-24","","2016-07-24 18:36:51","32","2016-07-24 18:36:51","32","1","1","0"),
("54115","2","1","","16SO054095","3000","0.75","0","0","0","2016-07-24","2016-07-24","","2016-07-24 18:37:08","32","2016-07-24 18:37:08","32","1","1","0"),
("54116","2","1","","16SO054096","5000","1.25","0","0","0","2016-07-24","2016-07-24","","2016-07-24 18:37:33","32","2016-07-24 18:37:33","32","1","1","0"),
("54117","2","1","","16SO054097","5500","1.375","0","0","0","2016-07-24","2016-07-24","","2016-07-24 18:38:03","32","2016-07-24 18:38:03","32","1","1","0"),
("54118","2","1","","16SO054098","2500","0.625","0","0","0","2016-07-24","2016-07-24","","2016-07-24 18:38:08","32","2016-07-24 18:38:08","32","1","1","0"),
("54119","2","1","","16SO054099","2500","0.625","0","0","0","2016-07-24","2016-07-24","","2016-07-24 18:39:18","32","2016-07-24 18:39:18","32","1","1","0"),
("54120","2","1","","16SO054100","6000","1.5","0","0","0","2016-07-24","2016-07-24","","2016-07-24 18:39:29","32","2016-07-24 18:39:29","32","1","1","0"),
("54121","2","1","","16SO054101","15000","3.75","0","0","0","2016-07-24","2016-07-24","","2016-07-24 18:40:58","32","2016-07-24 18:40:58","32","1","1","0"),
("54122","2","1","","16SO054102","3500","0.875","0","0","0","2016-07-24","2016-07-24","","2016-07-24 18:41:46","32","2016-07-24 18:41:46","32","1","1","0"),
("54123","2","1","","16SO054103","3000","0.75","0","0","0","2016-07-24","2016-07-24","","2016-07-24 18:42:16","32","2016-07-24 18:42:16","32","1","1","0"),
("54124","2","1","","16SO054104","1500","0.375","0","0","0","2016-07-24","2016-07-24","","2016-07-24 18:43:54","32","2016-07-24 18:43:54","32","1","1","0"),
("54125","2","1","","16SO054105","3500","0.875","0","0","0","2016-07-24","2016-07-24","","2016-07-24 18:47:47","32","2016-07-24 18:47:47","32","1","1","0"),
("54126","2","1","","16SO054106","2000","0.5","0","0","0","2016-07-24","2016-07-24","","2016-07-24 18:48:41","32","2016-07-24 18:48:41","32","1","1","0"),
("54127","2","1","","16SO054107","5000","1.25","0","0","0","2016-07-24","2016-07-24","","2016-07-24 18:49:34","32","2016-07-24 18:49:34","32","1","1","0"),
("54128","2","1","","16SO054108","4500","1.125","0","0","0","2016-07-24","2016-07-24","","2016-07-24 18:50:41","32","2016-07-24 18:50:41","32","1","1","0"),
("54129","2","1","","16SO054109","5600","1.4","0","0","0","2016-07-24","2016-07-24","","2016-07-24 18:51:38","32","2016-07-24 18:51:38","32","1","1","0"),
("54130","2","1","","16SO054110","8000","2","0","0","0","2016-07-24","2016-07-24","","2016-07-24 18:52:25","32","2016-07-24 18:52:25","32","1","1","0"),
("54131","2","1","","16SO054111","5000","1.25","0","0","0","2016-07-24","2016-07-24","","2016-07-24 18:53:43","32","2016-07-24 18:53:43","32","1","1","0"),
("54132","2","1","","16SO054112","7000","1.75","0","0","0","2016-07-24","2016-07-24","","2016-07-24 18:54:31","32","2016-07-24 18:54:31","32","1","1","0"),
("54133","2","1","","16SO054113","5000","1.25","0","0","0","2016-07-24","2016-07-24","","2016-07-24 18:55:43","28","2016-07-24 18:55:43","28","1","1","0"),
("54134","2","1","","16SO054114","28000","7","0","0","0","2016-07-24","2016-07-24","","2016-07-24 18:56:23","32","2016-07-24 18:56:23","32","1","1","0"),
("54135","2","1","","16SO054115","7500","1.875","0","0","0","2016-07-24","2016-07-24","","2016-07-24 18:57:45","32","2016-07-24 18:57:45","32","1","1","0"),
("54136","2","1","","16SO054116","4000","1","0","0","0","2016-07-24","2016-07-24","","2016-07-24 18:58:55","28","2016-07-24 18:58:55","28","1","1","0"),
("54137","2","1","","16SO054117","2500","0.625","0","0","0","2016-07-24","2016-07-24","","2016-07-24 18:59:37","32","2016-07-24 18:59:37","32","1","1","0"),
("54138","2","1","","16SO054118","1000","0.25","0","0","0","2016-07-24","2016-07-24","","2016-07-24 19:01:13","28","2016-07-24 19:01:13","28","1","1","0"),
("54139","2","1","","16SO054119","2000","0.5","0","0","0","2016-07-24","2016-07-24","","2016-07-24 19:01:58","28","2016-07-24 19:01:58","28","1","1","0"),
("54140","2","1","","16SO054120","5000","1.25","0","0","0","2016-07-24","2016-07-24","","2016-07-24 19:02:44","28","2016-07-24 19:02:44","28","1","1","0"),
("54141","2","1","","16SO054121","3000","0.75","0","0","0","2016-07-24","2016-07-24","","2016-07-24 19:03:27","28","2016-07-24 19:03:27","28","1","1","0"),
("54142","2","1","","16SO054122","1000","0.25","0","0","0","2016-07-24","2016-07-24","","2016-07-24 19:05:30","28","2016-07-24 19:05:30","28","1","1","0"),
("54143","2","1","","16SO054123","7000","1.75","0","0","0","2016-07-24","2016-07-24","","2016-07-24 19:06:40","28","2016-07-24 19:06:40","28","1","1","0"),
("54144","2","1","","16SO054124","5000","1.25","0","0","0","2016-07-24","2016-07-24","","2016-07-24 19:07:05","32","2016-07-24 19:07:05","32","1","1","0"),
("54145","2","1","","16SO054125","3000","0.75","0","0","0","2016-07-24","2016-07-24","","2016-07-24 19:08:59","28","2016-07-24 19:08:59","28","1","1","0"),
("54146","2","1","","16SO054126","6000","1.5","0","0","0","2016-07-24","2016-07-24","","2016-07-24 19:10:15","32","2016-07-24 19:10:15","32","1","1","0"),
("54147","2","1","","16SO054127","11000","2.75","0","0","0","2016-07-24","2016-07-24","","2016-07-24 19:10:42","28","2016-07-24 19:10:42","28","1","1","0"),
("54148","2","1","","16SO054128","18000","4.5","0","0","0","2016-07-24","2016-07-24","","2016-07-24 19:11:36","32","2016-07-24 19:11:36","32","1","1","0"),
("54149","2","1","","16SO054129","3000","0.75","0","0","0","2016-07-24","2016-07-24","","2016-07-24 19:11:49","32","2016-07-24 19:11:49","32","1","1","0"),
("54150","2","1","","16SO054130","7500","1.875","0","0","0","2016-07-24","2016-07-24","","2016-07-24 19:11:49","28","2016-07-24 19:11:49","28","1","1","0"),
("54151","2","1","","16SO054131","1500","0.375","0","0","0","2016-07-24","2016-07-24","","2016-07-24 19:13:02","28","2016-07-24 19:13:02","28","1","1","0"),
("54152","2","1","","16SO054132","2000","0.5","0","0","0","2016-07-24","2016-07-24","","2016-07-24 19:13:11","32","2016-07-24 19:13:11","32","1","1","0"),
("54153","2","1","","16SO054133","1000","0.25","0","0","0","2016-07-24","2016-07-24","","2016-07-24 19:13:24","28","2016-07-24 19:13:24","28","1","1","0"),
("54154","2","1","","16SO054134","10000","2.5","0","0","0","2016-07-24","2016-07-24","","2016-07-24 19:13:46","32","2016-07-24 19:13:46","32","1","1","0"),
("54155","2","1","","16SO054135","5000","1.25","0","0","0","2016-07-24","2016-07-24","","2016-07-24 19:14:03","28","2016-07-24 19:14:03","28","1","1","0"),
("54156","2","1","","16SO054136","6000","1.5","0","0","0","2016-07-24","2016-07-24","","2016-07-24 19:15:10","28","2016-07-24 19:15:10","28","1","1","0"),
("54157","2","1","","16SO054137","2000","0.5","0","0","0","2016-07-24","2016-07-24","","2016-07-24 19:15:19","28","2016-07-24 19:15:19","28","1","1","0"),
("54158","2","1","","16SO054138","6400","1.6","0","0","0","2016-07-24","2016-07-24","","2016-07-24 19:15:27","32","2016-07-24 19:15:27","32","1","1","0"),
("54159","2","1","","16SO054139","3000","0.75","0","0","0","2016-07-24","2016-07-24","","2016-07-24 19:16:29","32","2016-07-24 19:16:29","32","1","1","0"),
("54160","2","1","","16SO054140","10000","2.5","0","0","0","2016-07-24","2016-07-24","","2016-07-24 19:17:30","32","2016-07-24 19:17:30","32","1","1","0"),
("54161","2","1","","16SO054141","11500","2.875","0","0","0","2016-07-24","2016-07-24","","2016-07-24 19:17:55","32","2016-07-24 19:17:55","32","1","1","0"),
("54162","2","1","","16SO054142","3000","0.75","0","0","0","2016-07-24","2016-07-24","","2016-07-24 19:20:40","28","2016-07-24 19:20:40","28","1","1","0"),
("54163","2","1","","16SO054143","5500","1.375","0","0","0","2016-07-24","2016-07-24","","2016-07-24 19:21:38","28","2016-07-24 19:21:38","28","1","1","0"),
("54164","2","1","","16SO054144","1000","0.25","0","0","0","2016-07-24","2016-07-24","","2016-07-24 19:22:18","28","2016-07-24 19:22:18","28","1","1","0"),
("54165","2","1","","16SO054145","5500","1.375","0","0","0","2016-07-24","2016-07-24","","2016-07-24 19:23:01","28","2016-07-24 19:23:01","28","1","1","0"),
("54166","2","1","","16SO054146","5500","1.375","0","0","0","2016-07-24","2016-07-24","","2016-07-24 19:23:37","28","2016-07-24 19:23:37","28","1","1","0"),
("54167","2","1","","16SO054147","5000","1.25","0","0","0","2016-07-24","2016-07-24","","2016-07-24 19:24:49","28","2016-07-24 19:24:49","28","1","1","0"),
("54168","2","1","","16SO054148","6000","1.5","0","0","0","2016-07-24","2016-07-24","","2016-07-24 19:25:01","28","2016-07-24 19:25:01","28","1","1","0"),
("54169","2","1","","16SO054149","1000","0.25","0","0","0","2016-07-24","2016-07-24","","2016-07-24 19:25:35","28","2016-07-24 19:25:35","28","1","1","0"),
("54170","2","1","","16SO054150","3000","0.75","0","0","0","2016-07-24","2016-07-24","","2016-07-24 19:26:24","28","2016-07-24 19:26:24","28","1","1","0"),
("54171","2","1","","16SO054151","2000","0.5","0","0","0","2016-07-24","2016-07-24","","2016-07-24 19:27:46","28","2016-07-24 19:27:46","28","1","1","0"),
("54172","2","1","","16SO054152","10500","2.625","0","0","0","2016-07-24","2016-07-24","","2016-07-24 19:29:46","28","2016-07-24 19:29:46","28","1","1","0"),
("54173","2","1","","16SO054153","7000","1.75","0","0","0","2016-07-24","2016-07-24","","2016-07-24 19:30:07","28","2016-07-24 19:30:07","28","1","1","0"),
("54174","2","1","","16SO054154","6000","1.5","0","0","0","2016-07-24","2016-07-24","","2016-07-24 19:30:35","32","2016-07-24 19:30:35","32","1","1","0"),
("54175","2","1","","16SO054155","2500","0.625","0","0","0","2016-07-24","2016-07-24","","2016-07-24 19:30:39","28","2016-07-24 19:30:39","28","1","1","0"),
("54176","2","1","","16SO054156","40000","10","0","0","0","2016-07-24","2016-07-24","","2016-07-24 19:32:33","28","2016-07-24 19:32:33","28","1","1","0"),
("54177","2","1","","16SO054157","700","0.175","0","0","0","2016-07-24","2016-07-24","","2016-07-24 19:33:13","28","2016-07-24 19:33:13","28","1","1","0"),
("54178","2","1","","16SO054158","5000","1.25","0","0","0","2016-07-24","2016-07-24","","2016-07-24 19:37:56","28","2016-07-24 19:37:56","28","1","1","0"),
("54179","2","1","","16SO054159","2500","0.625","0","0","0","2016-07-24","2016-07-24","","2016-07-24 19:41:16","28","2016-07-24 19:41:16","28","1","1","0"),
("54180","2","1","","16SO054160","2500","0.625","0","0","0","2016-07-24","2016-07-24","","2016-07-24 19:41:35","28","2016-07-24 19:41:35","28","1","1","0"),
("54181","2","1","","16SO054161","1500","0.375","0","0","0","2016-07-24","2016-07-24","","2016-07-24 19:44:28","28","2016-07-24 19:44:28","28","1","1","0"),
("54182","2","1","","16SO054162","3000","0.75","0","0","0","2016-07-24","2016-07-24","","2016-07-24 19:45:06","28","2016-07-24 19:45:06","28","1","1","0"),
("54183","2","1","","16SO054163","8000","2","0","0","0","2016-07-24","2016-07-24","","2016-07-24 19:46:38","28","2016-07-24 19:46:38","28","1","1","0"),
("54184","2","1","","16SO054164","2500","0.625","0","0","0","2016-07-24","2016-07-24","","2016-07-24 19:46:59","28","2016-07-24 19:46:59","28","1","1","0"),
("54185","2","1","","16SO054165","6500","1.625","0","0","0","2016-07-24","2016-07-24","","2016-07-24 19:51:51","28","2016-07-24 19:51:51","28","1","1","0"),
("54186","2","1","","16SO054166","14500","3.625","0","0","0","2016-07-24","2016-07-24","","2016-07-24 19:52:49","28","2016-07-24 19:52:49","28","1","1","0"),
("54187","2","1","","16SO054167","2800","0.7","0","0","0","2016-07-24","2016-07-24","","2016-07-24 19:56:48","28","2016-07-24 19:56:48","28","1","1","0"),
("54188","2","1","","16SO054168","5000","1.25","0","0","0","2016-07-24","2016-07-24","","2016-07-24 20:02:22","28","2016-07-24 20:02:22","28","1","1","0"),
("54189","2","1","","16SO054169","3000","0.75","0","0","0","2016-07-24","2016-07-24","","2016-07-24 20:04:46","28","2016-07-24 20:04:46","28","1","1","0"),
("54190","2","1","","16SO054170","11500","2.875","0","0","0","2016-07-24","2016-07-24","","2016-07-24 20:06:51","28","2016-07-24 20:06:51","28","1","1","0"),
("54191","2","1","","16SO054171","2000","0.5","0","0","0","2016-07-24","2016-07-24","","2016-07-24 20:07:36","28","2016-07-24 20:07:36","28","1","1","0"),
("54192","2","1","","16SO054172","3000","0.75","0","0","0","2016-07-24","2016-07-24","","2016-07-24 20:09:17","28","2016-07-24 20:09:17","28","1","1","0"),
("54193","2","1","","16SO054173","2500","0.625","0","0","0","2016-07-24","2016-07-24","","2016-07-24 20:13:17","28","2016-07-24 20:13:17","28","1","1","0"),
("54194","2","1","","16SO054174","4900","1.225","0","0","0","2016-07-24","2016-07-24","","2016-07-24 20:20:16","28","2016-07-24 20:20:16","28","1","1","0"),
("54195","2","1","","16SO054175","4900","1.225","0","0","0","2016-07-24","2016-07-24","","2016-07-24 20:20:56","28","2016-07-24 20:20:56","28","1","1","0"),
("54196","2","1","","16SO054176","1400","0.35","0","0","0","2016-07-24","2016-07-24","","2016-07-24 20:21:17","28","2016-07-24 20:21:17","28","1","1","0"),
("54197","2","1","","16SO054177","10000","2.5","0","0","0","2016-07-24","2016-07-24","","2016-07-24 20:21:28","28","2016-07-24 20:21:28","28","1","1","0"),
("54198","2","1","","16SO054178","4900","1.225","0","0","0","2016-07-24","2016-07-24","","2016-07-24 20:21:47","28","2016-07-24 20:21:47","28","1","1","0"),
("54199","2","1","","16SO054179","2500","0.625","0","0","0","2016-07-24","2016-07-24","","2016-07-24 20:21:57","28","2016-07-24 20:21:57","28","1","1","0"),
("54200","2","1","","16SO054180","7000","1.75","0","0","0","2016-07-24","2016-07-24","","2016-07-24 20:22:29","28","2016-07-24 20:22:29","28","1","1","0"),
("54201","2","1","","16SO054181","3500","0.875","0","0","0","2016-07-24","2016-07-24","","2016-07-24 20:22:51","28","2016-07-24 20:22:51","28","1","1","0"),
("54202","2","1","","16SO054182","4900","1.225","0","0","0","2016-07-24","2016-07-24","","2016-07-24 20:23:11","28","2016-07-24 20:23:11","28","1","1","0"),
("54203","2","1","","16SO054183","5000","1.25","0","0","0","2016-07-24","2016-07-24","","2016-07-24 20:23:56","28","2016-07-24 20:23:56","28","1","1","0"),
("54204","2","1","","16SO054184","2000","0.5","0","0","0","2016-07-24","2016-07-24","","2016-07-24 20:24:13","28","2016-07-24 20:24:13","28","1","1","0"),
("54205","2","1","","16SO054185","3000","0.75","0","0","0","2016-07-24","2016-07-24","","2016-07-24 20:24:41","28","2016-07-24 20:24:41","28","1","1","0"),
("54206","2","1","","16SO054186","2500","0.625","0","0","0","2016-07-24","2016-07-24","","2016-07-24 20:25:12","28","2016-07-24 20:25:12","28","1","1","0"),
("54207","2","1","","16SO054187","6000","1.5","0","0","0","2016-07-24","2016-07-24","","2016-07-24 20:25:44","28","2016-07-24 20:25:44","28","1","1","0"),
("54208","2","1","","16SO054188","2500","0.625","0","0","0","2016-07-24","2016-07-24","","2016-07-24 20:26:04","28","2016-07-24 20:26:04","28","1","1","0"),
("54209","2","1","","16SO054189","5000","1.25","0","0","0","2016-07-24","2016-07-24","","2016-07-24 20:26:10","28","2016-07-24 20:26:10","28","1","1","0"),
("54210","2","1","","16SO054190","2000","0.5","0","0","0","2016-07-24","2016-07-24","","2016-07-24 20:26:38","28","2016-07-24 20:26:38","28","1","1","0"),
("54211","2","1","","16SO054191","11000","2.75","0","0","0","2016-07-24","2016-07-24","","2016-07-24 20:27:08","28","2016-07-24 20:27:08","28","1","1","0"),
("54212","2","1","","16SO054192","5000","1.25","0","0","0","2016-07-24","2016-07-24","","2016-07-24 20:27:23","28","2016-07-24 20:27:23","28","1","1","0"),
("54213","2","1","","16SO054193","3000","0.75","0","0","0","2016-07-24","2016-07-24","","2016-07-24 20:27:31","28","2016-07-24 20:27:31","28","1","1","0"),
("54214","2","1","","16SO054194","2000","0.5","0","0","0","2016-07-24","2016-07-24","","2016-07-24 20:27:39","28","2016-07-24 20:27:39","28","1","1","0"),
("54215","2","1","","16SO054195","2500","0.625","0","0","0","2016-07-24","2016-07-24","","2016-07-24 20:27:59","28","2016-07-24 20:27:59","28","1","1","0"),
("54216","2","1","","16SO054196","5500","1.375","0","0","0","2016-07-24","2016-07-24","","2016-07-24 20:28:16","28","2016-07-24 20:28:16","28","1","1","0"),
("54217","2","1","","16SO054197","1000","0.25","0","0","0","2016-07-24","2016-07-24","","2016-07-24 20:28:33","28","2016-07-24 20:28:33","28","1","1","0"),
("54218","2","1","","16SO054198","1000","0.25","0","0","0","2016-07-24","2016-07-24","","2016-07-24 20:30:08","28","2016-07-24 20:30:08","28","1","1","0"),
("54219","2","1","","16SO054199","10000","2.5","0","0","0","2016-07-24","2016-07-24","","2016-07-24 20:32:36","28","2016-07-24 20:32:36","28","1","1","0"),
("54220","2","1","","16SO054200","1000","0.25","0","0","0","2016-07-24","2016-07-24","","2016-07-24 20:38:42","28","2016-07-24 20:38:42","28","1","1","0"),
("54221","2","1","","16SO054201","1000","0.25","0","0","0","2016-07-24","2016-07-24","","2016-07-24 20:39:24","28","2016-07-24 20:39:24","28","1","1","0"),
("54222","2","1","","16SO054202","4000","1","0","0","0","2016-07-24","2016-07-24","","2016-07-24 20:49:10","28","2016-07-24 20:49:10","28","1","1","0"),
("54223","2","1","","16SO054203","4000","1","0","0","0","2016-07-24","2016-07-24","","2016-07-24 20:51:31","28","2016-07-24 20:51:31","28","1","1","0"),
("54224","2","1","","16SO054204","1000","0.25","0","0","0","2016-07-24","2016-07-24","","2016-07-24 20:52:30","28","2016-07-24 20:52:30","28","1","1","0");

INSERT INTO sales_order_details VALUES("71840","54090","0","2064","1","1","1","2000","2000","","","0","0","2016-07-24 18:02:52","2016-07-24 18:02:52"),
("71841","54091","0","2065","2","1","1","1000","2000","","","0","0","2016-07-24 18:03:15","2016-07-24 18:03:15"),
("71842","54092","0","2228","2","1","1","500","1000","","","0","0","2016-07-24 18:03:35","2016-07-24 18:03:35"),
("71843","54093","0","2228","8","1","1","500","4000","","","0","0","2016-07-24 18:04:44","2016-07-24 18:04:44"),
("71844","54094","0","2228","20","1","1","500","10000","","","0","0","2016-07-24 18:08:19","2016-07-24 18:08:19"),
("71845","54095","0","2231","2","1","1","1500","3000","","","0","0","2016-07-24 18:08:57","2016-07-24 18:08:57"),
("71846","54096","0","2172","1","1","1","2500","2500","","","0","0","2016-07-24 18:09:27","2016-07-24 18:09:27"),
("71847","54096","0","2231","1","1","1","1500","1500","","","0","0","2016-07-24 18:09:27","2016-07-24 18:09:27"),
("71848","54097","0","2110","1","1","1","2500","2500","","","0","0","2016-07-24 18:09:35","2016-07-24 18:09:35"),
("71849","54097","0","2240","1","1","1","5000","5000","","","0","0","2016-07-24 18:09:35","2016-07-24 18:09:35"),
("71850","54097","0","2231","2","1","1","1500","3000","","","0","0","2016-07-24 18:09:35","2016-07-24 18:09:35"),
("71851","54097","0","2104","2","1","1","5500","11000","","","0","0","2016-07-24 18:09:35","2016-07-24 18:09:35"),
("71852","54097","0","2164","5","1","1","3000","15000","","","0","0","2016-07-24 18:09:35","2016-07-24 18:09:35"),
("71853","54098","0","2228","3","1","1","500","1500","","","0","0","2016-07-24 18:09:41","2016-07-24 18:09:41"),
("71854","54099","0","2076","1","1","1","2000","2000","","","0","0","2016-07-24 18:12:50","2016-07-24 18:12:50"),
("71855","54099","0","2071","1","1","1","1000","1000","","","0","0","2016-07-24 18:12:50","2016-07-24 18:12:50"),
("71856","54100","0","2231","1","1","1","1500","1500","","","0","0","2016-07-24 18:13:15","2016-07-24 18:13:15"),
("71857","54101","0","2229","3","1","1","700","2100","","","0","0","2016-07-24 18:14:23","2016-07-24 18:14:23"),
("71858","54102","0","2118","1","1","1","6500","6500","","","0","0","2016-07-24 18:16:38","2016-07-24 18:16:38"),
("71859","54103","0","2228","6","1","1","500","3000","","","0","0","2016-07-24 18:17:57","2016-07-24 18:17:57"),
("71860","54104","0","2228","5","1","1","500","2500","","","0","0","2016-07-24 18:18:58","2016-07-24 18:18:58"),
("71861","54105","0","2228","1","1","1","500","500","","","0","0","2016-07-24 18:19:15","2016-07-24 18:19:15"),
("71862","54106","0","2228","7","1","1","500","3500","","","0","0","2016-07-24 18:19:43","2016-07-24 18:19:43"),
("71863","54107","0","2228","8","1","1","500","4000","","","0","0","2016-07-24 18:21:28","2016-07-24 18:21:28"),
("71864","54108","0","2228","4","1","1","500","2000","","","0","0","2016-07-24 18:22:05","2016-07-24 18:22:05"),
("71865","54109","0","2076","1","1","1","2000","2000","","","0","0","2016-07-24 18:22:17","2016-07-24 18:22:17"),
("71866","54110","0","2240","1","1","1","5000","5000","","","0","0","2016-07-24 18:23:51","2016-07-24 18:23:51"),
("71867","54111","0","2228","5","1","1","500","2500","","","0","0","2016-07-24 18:26:38","2016-07-24 18:26:38"),
("71868","54112","0","2146","1","1","1","3500","3500","","","0","0","2016-07-24 18:27:20","2016-07-24 18:27:20"),
("71869","54112","0","2095","1","1","1","4000","4000","","","0","0","2016-07-24 18:27:20","2016-07-24 18:27:20"),
("71870","54113","0","2164","1","1","1","3000","3000","","","0","0","2016-07-24 18:31:08","2016-07-24 18:31:08"),
("71871","54114","0","2133","5","1","1","6000","30000","","","0","0","2016-07-24 18:36:51","2016-07-24 18:36:51"),
("71872","54115","0","2231","2","1","1","1500","3000","","","0","0","2016-07-24 18:37:08","2016-07-24 18:37:08"),
("71873","54116","0","2228","10","1","1","500","5000","","","0","0","2016-07-24 18:37:34","2016-07-24 18:37:34"),
("71874","54117","0","2104","1","1","1","5500","5500","","","0","0","2016-07-24 18:38:03","2016-07-24 18:38:03"),
("71875","54118","0","2228","5","1","1","500","2500","","","0","0","2016-07-24 18:38:09","2016-07-24 18:38:09"),
("71876","54119","0","2228","5","1","1","500","2500","","","0","0","2016-07-24 18:39:18","2016-07-24 18:39:18"),
("71877","54120","0","2250","2","1","1","500","1000","","","0","0","2016-07-24 18:39:29","2016-07-24 18:39:29"),
("71878","54120","0","2083","2","1","1","2500","5000","","","0","0","2016-07-24 18:39:29","2016-07-24 18:39:29"),
("71879","54121","0","2231","10","1","1","1500","15000","","","0","0","2016-07-24 18:40:58","2016-07-24 18:40:58"),
("71880","54122","0","2229","5","1","1","700","3500","","","0","0","2016-07-24 18:41:46","2016-07-24 18:41:46"),
("71881","54123","0","2093","1","1","1","3000","3000","","","0","0","2016-07-24 18:42:16","2016-07-24 18:42:16"),
("71882","54124","0","2231","1","1","1","1500","1500","","","0","0","2016-07-24 18:43:54","2016-07-24 18:43:54"),
("71883","54125","0","2228","7","1","1","500","3500","","","0","0","2016-07-24 18:47:47","2016-07-24 18:47:47"),
("71884","54126","0","2065","2","1","1","1000","2000","","","0","0","2016-07-24 18:48:41","2016-07-24 18:48:41"),
("71885","54127","0","2082","2","1","1","2500","5000","","","0","0","2016-07-24 18:49:34","2016-07-24 18:49:34"),
("71886","54128","0","2164","1","1","1","3000","3000","","","0","0","2016-07-24 18:50:41","2016-07-24 18:50:41"),
("71887","54128","0","2075","1","1","1","1500","1500","","","0","0","2016-07-24 18:50:41","2016-07-24 18:50:41"),
("71888","54129","0","2229","8","1","1","700","5600","","","0","0","2016-07-24 18:51:39","2016-07-24 18:51:39"),
("71889","54130","0","2095","2","1","1","4000","8000","","","0","0","2016-07-24 18:52:25","2016-07-24 18:52:25"),
("71890","54131","0","2228","10","1","1","500","5000","","","0","0","2016-07-24 18:53:43","2016-07-24 18:53:43"),
("71891","54132","0","2065","2","1","1","1000","2000","","","0","0","2016-07-24 18:54:31","2016-07-24 18:54:31"),
("71892","54132","0","2236","1","1","1","2000","2000","","","0","0","2016-07-24 18:54:31","2016-07-24 18:54:31"),
("71893","54132","0","2226","1","1","1","3000","3000","","","0","0","2016-07-24 18:54:31","2016-07-24 18:54:31"),
("71894","54133","0","2083","2","1","1","2500","5000","","","0","0","2016-07-24 18:55:43","2016-07-24 18:55:43"),
("71895","54134","0","2139","1","1","1","28000","28000","","","0","0","2016-07-24 18:56:23","2016-07-24 18:56:23"),
("71896","54135","0","2136","1","1","1","3000","3000","","","0","0","2016-07-24 18:57:45","2016-07-24 18:57:45"),
("71897","54135","0","2182","1","1","1","1500","1500","","","0","0","2016-07-24 18:57:45","2016-07-24 18:57:45"),
("71898","54135","0","2134","3","1","1","1000","3000","","","0","0","2016-07-24 18:57:45","2016-07-24 18:57:45"),
("71899","54136","0","2095","1","1","1","4000","4000","","","0","0","2016-07-24 18:58:55","2016-07-24 18:58:55"),
("71900","54137","0","2082","1","1","1","2500","2500","","","0","0","2016-07-24 18:59:37","2016-07-24 18:59:37"),
("71901","54138","0","2228","2","1","1","500","1000","","","0","0","2016-07-24 19:01:13","2016-07-24 19:01:13"),
("71902","54139","0","2228","4","1","1","500","2000","","","0","0","2016-07-24 19:01:58","2016-07-24 19:01:58"),
("71903","54140","0","2240","1","1","1","5000","5000","","","0","0","2016-07-24 19:02:44","2016-07-24 19:02:44"),
("71904","54141","0","2231","2","1","1","1500","3000","","","0","0","2016-07-24 19:03:27","2016-07-24 19:03:27"),
("71905","54142","0","2228","2","1","1","500","1000","","","0","0","2016-07-24 19:05:30","2016-07-24 19:05:30"),
("71906","54143","0","2065","2","1","1","1000","2000","","","0","0","2016-07-24 19:06:40","2016-07-24 19:06:40"),
("71907","54143","0","2240","1","1","1","5000","5000","","","0","0","2016-07-24 19:06:40","2016-07-24 19:06:40"),
("71908","54144","0","2228","10","1","1","500","5000","","","0","0","2016-07-24 19:07:05","2016-07-24 19:07:05"),
("71909","54145","0","2228","6","1","1","500","3000","","","0","0","2016-07-24 19:08:59","2016-07-24 19:08:59"),
("71910","54146","0","2250","2","1","1","500","1000","","","0","0","2016-07-24 19:10:15","2016-07-24 19:10:15"),
("71911","54146","0","2071","5","1","1","1000","5000","","","0","0","2016-07-24 19:10:15","2016-07-24 19:10:15"),
("71912","54147","0","2095","1","1","1","4000","4000","","","0","0","2016-07-24 19:10:42","2016-07-24 19:10:42"),
("71913","54147","0","2166","10","1","1","700","7000","","","0","0","2016-07-24 19:10:42","2016-07-24 19:10:42"),
("71914","54148","0","2107","3","1","1","6000","18000","","","0","0","2016-07-24 19:11:36","2016-07-24 19:11:36"),
("71915","54149","0","2125","1","1","1","1000","1000","","","0","0","2016-07-24 19:11:49","2016-07-24 19:11:49"),
("71916","54149","0","2064","1","1","1","2000","2000","","","0","0","2016-07-24 19:11:49","2016-07-24 19:11:49"),
("71917","54150","0","2099","1","1","1","2000","2000","","","0","0","2016-07-24 19:11:49","2016-07-24 19:11:49"),
("71918","54150","0","2104","1","1","1","5500","5500","","","0","0","2016-07-24 19:11:49","2016-07-24 19:11:49"),
("71919","54151","0","2228","3","1","1","500","1500","","","0","0","2016-07-24 19:13:02","2016-07-24 19:13:02"),
("71920","54152","0","2228","4","1","1","500","2000","","","0","0","2016-07-24 19:13:11","2016-07-24 19:13:11"),
("71921","54153","0","2228","2","1","1","500","1000","","","0","0","2016-07-24 19:13:24","2016-07-24 19:13:24"),
("71922","54154","0","2228","20","1","1","500","10000","","","0","0","2016-07-24 19:13:46","2016-07-24 19:13:46"),
("71923","54155","0","2172","2","1","1","2500","5000","","","0","0","2016-07-24 19:14:03","2016-07-24 19:14:03"),
("71924","54156","0","2067","2","1","1","1000","2000","","","0","0","2016-07-24 19:15:10","2016-07-24 19:15:10"),
("71925","54156","0","2095","1","1","1","4000","4000","","","0","0","2016-07-24 19:15:10","2016-07-24 19:15:10"),
("71926","54157","0","2125","2","1","1","1000","2000","","","0","0","2016-07-24 19:15:19","2016-07-24 19:15:19"),
("71927","54158","0","2228","2","1","1","500","1000","","","0","0","2016-07-24 19:15:27","2016-07-24 19:15:27"),
("71928","54158","0","2229","2","1","1","700","1400","","","0","0","2016-07-24 19:15:27","2016-07-24 19:15:27"),
("71929","54158","0","2075","1","1","1","1500","1500","","","0","0","2016-07-24 19:15:27","2016-07-24 19:15:27"),
("71930","54158","0","2172","1","1","1","2500","2500","","","0","0","2016-07-24 19:15:27","2016-07-24 19:15:27"),
("71931","54159","0","2093","1","1","1","3000","3000","","","0","0","2016-07-24 19:16:29","2016-07-24 19:16:29"),
("71932","54160","0","2110","1","1","1","2500","2500","","","0","0","2016-07-24 19:17:30","2016-07-24 19:17:30"),
("71933","54160","0","2235","3","1","1","2500","7500","","","0","0","2016-07-24 19:17:30","2016-07-24 19:17:30"),
("71934","54161","0","2118","1","1","1","6500","6500","","","0","0","2016-07-24 19:17:55","2016-07-24 19:17:55"),
("71935","54161","0","2240","1","1","1","5000","5000","","","0","0","2016-07-24 19:17:55","2016-07-24 19:17:55"),
("71936","54162","0","2228","6","1","1","500","3000","","","0","0","2016-07-24 19:20:40","2016-07-24 19:20:40"),
("71937","54163","0","2104","1","1","1","5500","5500","","","0","0","2016-07-24 19:21:38","2016-07-24 19:21:38"),
("71938","54164","0","2228","2","1","1","500","1000","","","0","0","2016-07-24 19:22:18","2016-07-24 19:22:18"),
("71939","54165","0","2104","1","1","1","5500","5500","","","0","0","2016-07-24 19:23:02","2016-07-24 19:23:02"),
("71940","54166","0","2104","1","1","1","5500","5500","","","0","0","2016-07-24 19:23:37","2016-07-24 19:23:37"),
("71941","54167","0","2084","2","1","1","2500","5000","","","0","0","2016-07-24 19:24:49","2016-07-24 19:24:49"),
("71942","54168","0","2107","1","1","1","6000","6000","","","0","0","2016-07-24 19:25:01","2016-07-24 19:25:01"),
("71943","54169","0","2125","1","1","1","1000","1000","","","0","0","2016-07-24 19:25:35","2016-07-24 19:25:35"),
("71944","54170","0","2228","1","1","1","500","500","","","0","0","2016-07-24 19:26:24","2016-07-24 19:26:24"),
("71945","54170","0","2172","1","1","1","2500","2500","","","0","0","2016-07-24 19:26:24","2016-07-24 19:26:24"),
("71946","54171","0","2228","1","1","1","500","500","","","0","0","2016-07-24 19:27:46","2016-07-24 19:27:46"),
("71947","54171","0","2231","1","1","1","1500","1500","","","0","0","2016-07-24 19:27:46","2016-07-24 19:27:46"),
("71948","54172","0","2229","15","1","1","700","10500","","","0","0","2016-07-24 19:29:46","2016-07-24 19:29:46"),
("71949","54173","0","2095","1","1","1","4000","4000","","","0","0","2016-07-24 19:30:07","2016-07-24 19:30:07"),
("71950","54173","0","2231","2","1","1","1500","3000","","","0","0","2016-07-24 19:30:07","2016-07-24 19:30:07"),
("71951","54174","0","2085","1","1","1","2000","2000","","","0","0","2016-07-24 19:30:35","2016-07-24 19:30:35"),
("71952","54174","0","2075","1","1","1","1500","1500","","","0","0","2016-07-24 19:30:35","2016-07-24 19:30:35"),
("71953","54174","0","2090","1","1","1","2500","2500","","","0","0","2016-07-24 19:30:35","2016-07-24 19:30:35"),
("71954","54175","0","2228","5","1","1","500","2500","","","0","0","2016-07-24 19:30:40","2016-07-24 19:30:40"),
("71955","54176","0","2140","1","1","1","40000","40000","","","0","0","2016-07-24 19:32:33","2016-07-24 19:32:33"),
("71956","54177","0","2229","1","1","1","700","700","","","0","0","2016-07-24 19:33:13","2016-07-24 19:33:13"),
("71957","54178","0","2240","1","1","1","5000","5000","","","0","0","2016-07-24 19:37:56","2016-07-24 19:37:56"),
("71958","54179","0","2172","1","1","1","2500","2500","","","0","0","2016-07-24 19:41:16","2016-07-24 19:41:16"),
("71959","54180","0","2172","1","1","1","2500","2500","","","0","0","2016-07-24 19:41:35","2016-07-24 19:41:35"),
("71960","54181","0","2228","3","1","1","500","1500","","","0","0","2016-07-24 19:44:28","2016-07-24 19:44:28"),
("71961","54182","0","2228","6","1","1","500","3000","","","0","0","2016-07-24 19:45:06","2016-07-24 19:45:06"),
("71962","54183","0","2095","2","1","1","4000","8000","","","0","0","2016-07-24 19:46:38","2016-07-24 19:46:38"),
("71963","54184","0","2172","1","1","1","2500","2500","","","0","0","2016-07-24 19:46:59","2016-07-24 19:46:59"),
("71964","54185","0","2228","3","1","1","500","1500","","","0","0","2016-07-24 19:51:51","2016-07-24 19:51:51"),
("71965","54185","0","2083","2","1","1","2500","5000","","","0","0","2016-07-24 19:51:51","2016-07-24 19:51:51"),
("71966","54186","0","2135","1","1","1","12000","12000","","","0","0","2016-07-24 19:52:49","2016-07-24 19:52:49"),
("71967","54186","0","2163","1","1","1","2500","2500","","","0","0","2016-07-24 19:52:49","2016-07-24 19:52:49"),
("71968","54187","0","2229","4","1","1","700","2800","","","0","0","2016-07-24 19:56:48","2016-07-24 19:56:48"),
("71969","54188","0","2172","2","1","1","2500","5000","","","0","0","2016-07-24 20:02:22","2016-07-24 20:02:22"),
("71970","54189","0","2065","3","1","1","1000","3000","","","0","0","2016-07-24 20:04:46","2016-07-24 20:04:46"),
("71971","54190","0","2172","1","1","1","2500","2500","","","0","0","2016-07-24 20:06:51","2016-07-24 20:06:51"),
("71972","54190","0","2119","1","1","1","8000","8000","","","0","0","2016-07-24 20:06:51","2016-07-24 20:06:51"),
("71973","54190","0","2125","1","1","1","1000","1000","","","0","0","2016-07-24 20:06:51","2016-07-24 20:06:51"),
("71974","54191","0","2125","2","1","1","1000","2000","","","0","0","2016-07-24 20:07:36","2016-07-24 20:07:36"),
("71975","54192","0","2093","1","1","1","3000","3000","","","0","0","2016-07-24 20:09:17","2016-07-24 20:09:17"),
("71976","54193","0","2228","5","1","1","500","2500","","","0","0","2016-07-24 20:13:17","2016-07-24 20:13:17"),
("71977","54194","0","2166","7","1","1","700","4900","","","0","0","2016-07-24 20:20:16","2016-07-24 20:20:16"),
("71978","54195","0","2166","7","1","1","700","4900","","","0","0","2016-07-24 20:20:56","2016-07-24 20:20:56"),
("71979","54196","0","2166","2","1","1","700","1400","","","0","0","2016-07-24 20:21:17","2016-07-24 20:21:17"),
("71980","54197","0","2236","5","1","1","2000","10000","","","0","0","2016-07-24 20:21:28","2016-07-24 20:21:28"),
("71981","54198","0","2166","7","1","1","700","4900","","","0","0","2016-07-24 20:21:47","2016-07-24 20:21:47"),
("71982","54199","0","2083","1","1","1","2500","2500","","","0","0","2016-07-24 20:21:57","2016-07-24 20:21:57"),
("71983","54200","0","2166","10","1","1","700","7000","","","0","0","2016-07-24 20:22:29","2016-07-24 20:22:29"),
("71984","54201","0","2166","5","1","1","700","3500","","","0","0","2016-07-24 20:22:51","2016-07-24 20:22:51"),
("71985","54202","0","2166","7","1","1","700","4900","","","0","0","2016-07-24 20:23:11","2016-07-24 20:23:11"),
("71986","54203","0","2228","10","1","1","500","5000","","","0","0","2016-07-24 20:23:56","2016-07-24 20:23:56"),
("71987","54204","0","2228","4","1","1","500","2000","","","0","0","2016-07-24 20:24:13","2016-07-24 20:24:13"),
("71988","54205","0","2241","1","1","1","3000","3000","","","0","0","2016-07-24 20:24:41","2016-07-24 20:24:41"),
("71989","54206","0","2110","1","1","1","2500","2500","","","0","0","2016-07-24 20:25:12","2016-07-24 20:25:12"),
("71990","54207","0","2259","1","1","1","6000","6000","","","0","0","2016-07-24 20:25:44","2016-07-24 20:25:44"),
("71991","54208","0","2110","1","1","1","2500","2500","","","0","0","2016-07-24 20:26:04","2016-07-24 20:26:04"),
("71992","54209","0","2228","10","1","1","500","5000","","","0","0","2016-07-24 20:26:10","2016-07-24 20:26:10"),
("71993","54210","0","2126","1","1","1","2000","2000","","","0","0","2016-07-24 20:26:38","2016-07-24 20:26:38"),
("71994","54211","0","2070","1","1","1","1000","1000","","","0","0","2016-07-24 20:27:08","2016-07-24 20:27:08"),
("71995","54211","0","2071","10","1","1","1000","10000","","","0","0","2016-07-24 20:27:08","2016-07-24 20:27:08"),
("71996","54212","0","2077","2","1","1","1500","3000","","","0","0","2016-07-24 20:27:23","2016-07-24 20:27:23"),
("71997","54212","0","2076","1","1","1","2000","2000","","","0","0","2016-07-24 20:27:23","2016-07-24 20:27:23"),
("71998","54213","0","2228","6","1","1","500","3000","","","0","0","2016-07-24 20:27:32","2016-07-24 20:27:32"),
("71999","54214","0","2228","4","1","1","500","2000","","","0","0","2016-07-24 20:27:39","2016-07-24 20:27:39"),
("72000","54215","0","2083","1","1","1","2500","2500","","","0","0","2016-07-24 20:27:59","2016-07-24 20:27:59"),
("72001","54216","0","2104","1","1","1","5500","5500","","","0","0","2016-07-24 20:28:16","2016-07-24 20:28:16"),
("72002","54217","0","2250","2","1","1","500","1000","","","0","0","2016-07-24 20:28:33","2016-07-24 20:28:33"),
("72003","54218","0","2250","2","1","1","500","1000","","","0","0","2016-07-24 20:30:08","2016-07-24 20:30:08"),
("72004","54219","0","2083","4","1","1","2500","10000","","","0","0","2016-07-24 20:32:36","2016-07-24 20:32:36"),
("72005","54220","0","2228","2","1","1","500","1000","","","0","0","2016-07-24 20:38:42","2016-07-24 20:38:42"),
("72006","54221","0","2228","2","1","1","500","1000","","","0","0","2016-07-24 20:39:24","2016-07-24 20:39:24"),
("72007","54222","0","2228","8","1","1","500","4000","","","0","0","2016-07-24 20:49:10","2016-07-24 20:49:10"),
("72008","54223","0","2228","8","1","1","500","4000","","","0","0","2016-07-24 20:51:31","2016-07-24 20:51:31"),
("72009","54224","0","2228","2","1","1","500","1000","","","0","0","2016-07-24 20:52:30","2016-07-24 20:52:30");

INSERT INTO sales_order_receipts VALUES("54210","54090","7","16RE054208","0","2000","2000","0","2016-07-24","2016-07-24","2016-07-24 18:02:52","28","2016-07-24 18:02:52","28","1"),
("54211","54091","7","16RE054209","0","2000","2000","0","2016-07-24","2016-07-24","2016-07-24 18:03:15","28","2016-07-24 18:03:15","28","1"),
("54212","54092","7","16RE054210","0","1000","1000","0","2016-07-24","2016-07-24","2016-07-24 18:03:35","28","2016-07-24 18:03:35","28","1"),
("54213","54093","7","16RE054211","0","4000","4000","0","2016-07-24","2016-07-24","2016-07-24 18:04:44","28","2016-07-24 18:04:44","28","1"),
("54214","54094","7","16RE054212","0","10000","10000","0","2016-07-24","2016-07-24","2016-07-24 18:08:19","28","2016-07-24 18:08:19","28","1"),
("54215","54095","7","16RE054213","0","3000","3000","0","2016-07-24","2016-07-24","2016-07-24 18:08:56","28","2016-07-24 18:08:56","28","1"),
("54216","54096","7","16RE054214","0","4000","4000","0","2016-07-24","2016-07-24","2016-07-24 18:09:27","28","2016-07-24 18:09:27","28","1"),
("54217","54097","7","16RE054215","0","36500","36500","0","2016-07-24","2016-07-24","2016-07-24 18:09:35","32","2016-07-24 18:09:35","32","1"),
("54218","54098","7","16RE054216","0","1500","1500","0","2016-07-24","2016-07-24","2016-07-24 18:09:41","28","2016-07-24 18:09:41","28","1"),
("54219","54099","7","16RE054217","0","3000","3000","0","2016-07-24","2016-07-24","2016-07-24 18:12:50","32","2016-07-24 18:12:50","32","1"),
("54220","54100","7","16RE054218","0","1500","1500","0","2016-07-24","2016-07-24","2016-07-24 18:13:15","28","2016-07-24 18:13:15","28","1"),
("54221","54101","7","16RE054219","0","2100","2100","0","2016-07-24","2016-07-24","2016-07-24 18:14:23","28","2016-07-24 18:14:23","28","1"),
("54222","54102","7","16RE054220","0","6500","6500","0","2016-07-24","2016-07-24","2016-07-24 18:16:38","32","2016-07-24 18:16:38","32","1"),
("54223","54103","7","16RE054221","0","3000","3000","0","2016-07-24","2016-07-24","2016-07-24 18:17:57","32","2016-07-24 18:17:57","32","1"),
("54224","54104","7","16RE054222","0","2500","2500","0","2016-07-24","2016-07-24","2016-07-24 18:18:58","28","2016-07-24 18:18:58","28","1"),
("54225","54105","7","16RE054223","0","500","500","0","2016-07-24","2016-07-24","2016-07-24 18:19:15","28","2016-07-24 18:19:15","28","1"),
("54226","54106","7","16RE054224","0","3500","3500","0","2016-07-24","2016-07-24","2016-07-24 18:19:43","32","2016-07-24 18:19:43","32","1"),
("54227","54107","7","16RE054225","0","4000","4000","0","2016-07-24","2016-07-24","2016-07-24 18:21:28","32","2016-07-24 18:21:28","32","1"),
("54228","54108","7","16RE054226","0","2000","2000","0","2016-07-24","2016-07-24","2016-07-24 18:22:05","28","2016-07-24 18:22:05","28","1"),
("54229","54109","7","16RE054227","0","2000","2000","0","2016-07-24","2016-07-24","2016-07-24 18:22:17","32","2016-07-24 18:22:17","32","1"),
("54230","54110","7","16RE054228","0","5000","5000","0","2016-07-24","2016-07-24","2016-07-24 18:23:51","32","2016-07-24 18:23:51","32","1"),
("54231","54111","7","16RE054229","0","2500","2500","0","2016-07-24","2016-07-24","2016-07-24 18:26:38","32","2016-07-24 18:26:38","32","1"),
("54232","54112","7","16RE054230","0","7500","7500","0","2016-07-24","2016-07-24","2016-07-24 18:27:20","32","2016-07-24 18:27:20","32","1"),
("54233","54113","7","16RE054231","0","3000","3000","0","2016-07-24","2016-07-24","2016-07-24 18:31:08","32","2016-07-24 18:31:08","32","1"),
("54234","54114","7","16RE054232","0","30000","30000","0","2016-07-24","2016-07-24","2016-07-24 18:36:51","32","2016-07-24 18:36:51","32","1"),
("54235","54115","7","16RE054233","0","3000","3000","0","2016-07-24","2016-07-24","2016-07-24 18:37:08","32","2016-07-24 18:37:08","32","1"),
("54236","54116","7","16RE054234","0","5000","5000","0","2016-07-24","2016-07-24","2016-07-24 18:37:33","32","2016-07-24 18:37:33","32","1"),
("54237","54117","7","16RE054235","0","5500","5500","0","2016-07-24","2016-07-24","2016-07-24 18:38:03","32","2016-07-24 18:38:03","32","1"),
("54238","54118","7","16RE054236","0","2500","2500","0","2016-07-24","2016-07-24","2016-07-24 18:38:08","32","2016-07-24 18:38:08","32","1"),
("54239","54119","7","16RE054237","0","2500","2500","0","2016-07-24","2016-07-24","2016-07-24 18:39:18","32","2016-07-24 18:39:18","32","1"),
("54240","54120","7","16RE054238","0","6000","6000","0","2016-07-24","2016-07-24","2016-07-24 18:39:29","32","2016-07-24 18:39:29","32","1"),
("54241","54121","7","16RE054239","0","15000","15000","0","2016-07-24","2016-07-24","2016-07-24 18:40:58","32","2016-07-24 18:40:58","32","1"),
("54242","54122","7","16RE054240","0","3500","3500","0","2016-07-24","2016-07-24","2016-07-24 18:41:46","32","2016-07-24 18:41:46","32","1"),
("54243","54123","7","16RE054241","0","3000","3000","0","2016-07-24","2016-07-24","2016-07-24 18:42:16","32","2016-07-24 18:42:16","32","1"),
("54244","54124","7","16RE054242","0","1500","1500","0","2016-07-24","2016-07-24","2016-07-24 18:43:54","32","2016-07-24 18:43:54","32","1"),
("54245","54125","7","16RE054243","0","3500","3500","0","2016-07-24","2016-07-24","2016-07-24 18:47:47","32","2016-07-24 18:47:47","32","1"),
("54246","54126","7","16RE054244","0","2000","2000","0","2016-07-24","2016-07-24","2016-07-24 18:48:41","32","2016-07-24 18:48:41","32","1"),
("54247","54127","7","16RE054245","0","5000","5000","0","2016-07-24","2016-07-24","2016-07-24 18:49:34","32","2016-07-24 18:49:34","32","1"),
("54248","54128","7","16RE054246","0","4500","4500","0","2016-07-24","2016-07-24","2016-07-24 18:50:41","32","2016-07-24 18:50:41","32","1"),
("54249","54129","7","16RE054247","0","5600","5600","0","2016-07-24","2016-07-24","2016-07-24 18:51:39","32","2016-07-24 18:51:39","32","1"),
("54250","54130","7","16RE054248","0","8000","8000","0","2016-07-24","2016-07-24","2016-07-24 18:52:25","32","2016-07-24 18:52:25","32","1"),
("54251","54131","7","16RE054249","0","5000","5000","0","2016-07-24","2016-07-24","2016-07-24 18:53:43","32","2016-07-24 18:53:43","32","1"),
("54252","54132","7","16RE054250","0","7000","7000","0","2016-07-24","2016-07-24","2016-07-24 18:54:31","32","2016-07-24 18:54:31","32","1"),
("54253","54133","7","16RE054251","0","5000","5000","0","2016-07-24","2016-07-24","2016-07-24 18:55:43","28","2016-07-24 18:55:43","28","1"),
("54254","54134","7","16RE054252","0","28000","28000","0","2016-07-24","2016-07-24","2016-07-24 18:56:23","32","2016-07-24 18:56:23","32","1"),
("54255","54135","7","16RE054253","0","7500","7500","0","2016-07-24","2016-07-24","2016-07-24 18:57:45","32","2016-07-24 18:57:45","32","1"),
("54256","54136","7","16RE054254","0","4000","4000","0","2016-07-24","2016-07-24","2016-07-24 18:58:55","28","2016-07-24 18:58:55","28","1"),
("54257","54137","7","16RE054255","0","2500","2500","0","2016-07-24","2016-07-24","2016-07-24 18:59:37","32","2016-07-24 18:59:37","32","1"),
("54258","54138","7","16RE054256","0","1000","1000","0","2016-07-24","2016-07-24","2016-07-24 19:01:13","28","2016-07-24 19:01:13","28","1"),
("54259","54139","7","16RE054257","0","2000","2000","0","2016-07-24","2016-07-24","2016-07-24 19:01:58","28","2016-07-24 19:01:58","28","1"),
("54260","54140","7","16RE054258","0","5000","5000","0","2016-07-24","2016-07-24","2016-07-24 19:02:44","28","2016-07-24 19:02:44","28","1"),
("54261","54141","7","16RE054259","0","3000","3000","0","2016-07-24","2016-07-24","2016-07-24 19:03:27","28","2016-07-24 19:03:27","28","1"),
("54262","54142","7","16RE054260","0","1000","1000","0","2016-07-24","2016-07-24","2016-07-24 19:05:30","28","2016-07-24 19:05:30","28","1"),
("54263","54143","7","16RE054261","0","7000","7000","0","2016-07-24","2016-07-24","2016-07-24 19:06:40","28","2016-07-24 19:06:40","28","1"),
("54264","54144","7","16RE054262","0","5000","5000","0","2016-07-24","2016-07-24","2016-07-24 19:07:05","32","2016-07-24 19:07:05","32","1"),
("54265","54145","7","16RE054263","0","3000","3000","0","2016-07-24","2016-07-24","2016-07-24 19:08:59","28","2016-07-24 19:08:59","28","1"),
("54266","54146","7","16RE054264","0","6000","6000","0","2016-07-24","2016-07-24","2016-07-24 19:10:15","32","2016-07-24 19:10:15","32","1"),
("54267","54147","7","16RE054265","0","11000","11000","0","2016-07-24","2016-07-24","2016-07-24 19:10:42","28","2016-07-24 19:10:42","28","1"),
("54268","54148","7","16RE054266","0","18000","18000","0","2016-07-24","2016-07-24","2016-07-24 19:11:36","32","2016-07-24 19:11:36","32","1"),
("54269","54149","7","16RE054267","0","3000","3000","0","2016-07-24","2016-07-24","2016-07-24 19:11:49","32","2016-07-24 19:11:49","32","1"),
("54270","54150","7","16RE054268","0","7500","7500","0","2016-07-24","2016-07-24","2016-07-24 19:11:49","28","2016-07-24 19:11:49","28","1"),
("54271","54151","7","16RE054269","0","1500","1500","0","2016-07-24","2016-07-24","2016-07-24 19:13:02","28","2016-07-24 19:13:02","28","1"),
("54272","54152","7","16RE054270","0","2000","2000","0","2016-07-24","2016-07-24","2016-07-24 19:13:11","32","2016-07-24 19:13:11","32","1"),
("54273","54153","7","16RE054271","0","1000","1000","0","2016-07-24","2016-07-24","2016-07-24 19:13:24","28","2016-07-24 19:13:24","28","1"),
("54274","54154","7","16RE054272","0","10000","10000","0","2016-07-24","2016-07-24","2016-07-24 19:13:46","32","2016-07-24 19:13:46","32","1"),
("54275","54155","7","16RE054273","0","5000","5000","0","2016-07-24","2016-07-24","2016-07-24 19:14:03","28","2016-07-24 19:14:03","28","1"),
("54276","54156","7","16RE054274","0","6000","6000","0","2016-07-24","2016-07-24","2016-07-24 19:15:10","28","2016-07-24 19:15:10","28","1"),
("54277","54157","7","16RE054275","0","2000","2000","0","2016-07-24","2016-07-24","2016-07-24 19:15:19","28","2016-07-24 19:15:19","28","1"),
("54278","54158","7","16RE054276","0","6400","6400","0","2016-07-24","2016-07-24","2016-07-24 19:15:27","32","2016-07-24 19:15:27","32","1"),
("54279","54159","7","16RE054277","0","3000","3000","0","2016-07-24","2016-07-24","2016-07-24 19:16:29","32","2016-07-24 19:16:29","32","1"),
("54280","54160","7","16RE054278","0","10000","10000","0","2016-07-24","2016-07-24","2016-07-24 19:17:30","32","2016-07-24 19:17:30","32","1"),
("54281","54161","7","16RE054279","0","11500","11500","0","2016-07-24","2016-07-24","2016-07-24 19:17:55","32","2016-07-24 19:17:55","32","1"),
("54282","54162","7","16RE054280","0","3000","3000","0","2016-07-24","2016-07-24","2016-07-24 19:20:40","28","2016-07-24 19:20:40","28","1"),
("54283","54163","7","16RE054281","0","5500","5500","0","2016-07-24","2016-07-24","2016-07-24 19:21:38","28","2016-07-24 19:21:38","28","1"),
("54284","54164","7","16RE054282","0","1000","1000","0","2016-07-24","2016-07-24","2016-07-24 19:22:18","28","2016-07-24 19:22:18","28","1"),
("54285","54165","7","16RE054283","0","5500","5500","0","2016-07-24","2016-07-24","2016-07-24 19:23:02","28","2016-07-24 19:23:02","28","1"),
("54286","54166","7","16RE054284","0","5500","5500","0","2016-07-24","2016-07-24","2016-07-24 19:23:37","28","2016-07-24 19:23:37","28","1"),
("54287","54167","7","16RE054285","0","5000","5000","0","2016-07-24","2016-07-24","2016-07-24 19:24:49","28","2016-07-24 19:24:49","28","1"),
("54288","54168","7","16RE054286","0","6000","6000","0","2016-07-24","2016-07-24","2016-07-24 19:25:01","28","2016-07-24 19:25:01","28","1"),
("54289","54169","7","16RE054287","0","1000","1000","0","2016-07-24","2016-07-24","2016-07-24 19:25:35","28","2016-07-24 19:25:35","28","1"),
("54290","54170","7","16RE054288","0","3000","3000","0","2016-07-24","2016-07-24","2016-07-24 19:26:24","28","2016-07-24 19:26:24","28","1"),
("54291","54171","7","16RE054289","0","2000","2000","0","2016-07-24","2016-07-24","2016-07-24 19:27:46","28","2016-07-24 19:27:46","28","1"),
("54292","54172","7","16RE054290","0","10500","10500","0","2016-07-24","2016-07-24","2016-07-24 19:29:46","28","2016-07-24 19:29:46","28","1"),
("54293","54173","7","16RE054291","0","7000","7000","0","2016-07-24","2016-07-24","2016-07-24 19:30:07","28","2016-07-24 19:30:07","28","1"),
("54294","54174","7","16RE054292","0","6000","6000","0","2016-07-24","2016-07-24","2016-07-24 19:30:35","32","2016-07-24 19:30:35","32","1"),
("54295","54175","7","16RE054293","0","2500","2500","0","2016-07-24","2016-07-24","2016-07-24 19:30:39","28","2016-07-24 19:30:39","28","1"),
("54296","54176","7","16RE054294","0","40000","40000","0","2016-07-24","2016-07-24","2016-07-24 19:32:33","28","2016-07-24 19:32:33","28","1"),
("54297","54177","7","16RE054295","0","700","700","0","2016-07-24","2016-07-24","2016-07-24 19:33:13","28","2016-07-24 19:33:13","28","1"),
("54298","54178","7","16RE054296","0","5000","5000","0","2016-07-24","2016-07-24","2016-07-24 19:37:56","28","2016-07-24 19:37:56","28","1"),
("54299","54179","7","16RE054297","0","2500","2500","0","2016-07-24","2016-07-24","2016-07-24 19:41:16","28","2016-07-24 19:41:16","28","1"),
("54300","54180","7","16RE054298","0","2500","2500","0","2016-07-24","2016-07-24","2016-07-24 19:41:35","28","2016-07-24 19:41:35","28","1"),
("54301","54181","7","16RE054299","0","1500","1500","0","2016-07-24","2016-07-24","2016-07-24 19:44:28","28","2016-07-24 19:44:28","28","1"),
("54302","54182","7","16RE054300","0","3000","3000","0","2016-07-24","2016-07-24","2016-07-24 19:45:06","28","2016-07-24 19:45:06","28","1"),
("54303","54183","7","16RE054301","0","8000","8000","0","2016-07-24","2016-07-24","2016-07-24 19:46:38","28","2016-07-24 19:46:38","28","1"),
("54304","54184","7","16RE054302","0","2500","2500","0","2016-07-24","2016-07-24","2016-07-24 19:46:59","28","2016-07-24 19:46:59","28","1"),
("54305","54185","7","16RE054303","0","6500","6500","0","2016-07-24","2016-07-24","2016-07-24 19:51:51","28","2016-07-24 19:51:51","28","1"),
("54306","54186","7","16RE054304","0","14500","14500","0","2016-07-24","2016-07-24","2016-07-24 19:52:49","28","2016-07-24 19:52:49","28","1"),
("54307","54187","7","16RE054305","0","2800","2800","0","2016-07-24","2016-07-24","2016-07-24 19:56:48","28","2016-07-24 19:56:48","28","1"),
("54308","54188","7","16RE054306","0","5000","5000","0","2016-07-24","2016-07-24","2016-07-24 20:02:22","28","2016-07-24 20:02:22","28","1"),
("54309","54189","7","16RE054307","0","3000","3000","0","2016-07-24","2016-07-24","2016-07-24 20:04:46","28","2016-07-24 20:04:46","28","1"),
("54310","54190","7","16RE054308","0","11500","11500","0","2016-07-24","2016-07-24","2016-07-24 20:06:51","28","2016-07-24 20:06:51","28","1"),
("54311","54191","7","16RE054309","0","2000","2000","0","2016-07-24","2016-07-24","2016-07-24 20:07:36","28","2016-07-24 20:07:36","28","1"),
("54312","54192","7","16RE054310","0","3000","3000","0","2016-07-24","2016-07-24","2016-07-24 20:09:17","28","2016-07-24 20:09:17","28","1"),
("54313","54193","7","16RE054311","0","2500","2500","0","2016-07-24","2016-07-24","2016-07-24 20:13:17","28","2016-07-24 20:13:17","28","1"),
("54314","54194","7","16RE054312","0","4900","4900","0","2016-07-24","2016-07-24","2016-07-24 20:20:16","28","2016-07-24 20:20:16","28","1"),
("54315","54195","7","16RE054313","0","4900","4900","0","2016-07-24","2016-07-24","2016-07-24 20:20:56","28","2016-07-24 20:20:56","28","1"),
("54316","54196","7","16RE054314","0","1400","1400","0","2016-07-24","2016-07-24","2016-07-24 20:21:17","28","2016-07-24 20:21:17","28","1"),
("54317","54197","7","16RE054315","0","10000","10000","0","2016-07-24","2016-07-24","2016-07-24 20:21:28","28","2016-07-24 20:21:28","28","1"),
("54318","54198","7","16RE054316","0","4900","4900","0","2016-07-24","2016-07-24","2016-07-24 20:21:47","28","2016-07-24 20:21:47","28","1"),
("54319","54199","7","16RE054317","0","2500","2500","0","2016-07-24","2016-07-24","2016-07-24 20:21:57","28","2016-07-24 20:21:57","28","1"),
("54320","54200","7","16RE054318","0","7000","7000","0","2016-07-24","2016-07-24","2016-07-24 20:22:29","28","2016-07-24 20:22:29","28","1"),
("54321","54201","7","16RE054319","0","3500","3500","0","2016-07-24","2016-07-24","2016-07-24 20:22:51","28","2016-07-24 20:22:51","28","1"),
("54322","54202","7","16RE054320","0","4900","4900","0","2016-07-24","2016-07-24","2016-07-24 20:23:11","28","2016-07-24 20:23:11","28","1"),
("54323","54203","7","16RE054321","0","5000","5000","0","2016-07-24","2016-07-24","2016-07-24 20:23:56","28","2016-07-24 20:23:56","28","1"),
("54324","54204","7","16RE054322","0","2000","2000","0","2016-07-24","2016-07-24","2016-07-24 20:24:13","28","2016-07-24 20:24:13","28","1"),
("54325","54205","7","16RE054323","0","3000","3000","0","2016-07-24","2016-07-24","2016-07-24 20:24:41","28","2016-07-24 20:24:41","28","1"),
("54326","54206","7","16RE054324","0","2500","2500","0","2016-07-24","2016-07-24","2016-07-24 20:25:12","28","2016-07-24 20:25:12","28","1"),
("54327","54207","7","16RE054325","0","6000","6000","0","2016-07-24","2016-07-24","2016-07-24 20:25:44","28","2016-07-24 20:25:44","28","1"),
("54328","54208","7","16RE054326","0","2500","2500","0","2016-07-24","2016-07-24","2016-07-24 20:26:04","28","2016-07-24 20:26:04","28","1"),
("54329","54209","7","16RE054327","0","5000","5000","0","2016-07-24","2016-07-24","2016-07-24 20:26:10","28","2016-07-24 20:26:10","28","1"),
("54330","54210","7","16RE054328","0","2000","2000","0","2016-07-24","2016-07-24","2016-07-24 20:26:38","28","2016-07-24 20:26:38","28","1"),
("54331","54211","7","16RE054329","0","11000","11000","0","2016-07-24","2016-07-24","2016-07-24 20:27:08","28","2016-07-24 20:27:08","28","1"),
("54332","54212","7","16RE054330","0","5000","5000","0","2016-07-24","2016-07-24","2016-07-24 20:27:23","28","2016-07-24 20:27:23","28","1"),
("54333","54213","7","16RE054331","0","3000","3000","0","2016-07-24","2016-07-24","2016-07-24 20:27:32","28","2016-07-24 20:27:32","28","1"),
("54334","54214","7","16RE054332","0","2000","2000","0","2016-07-24","2016-07-24","2016-07-24 20:27:39","28","2016-07-24 20:27:39","28","1"),
("54335","54215","7","16RE054333","0","2500","2500","0","2016-07-24","2016-07-24","2016-07-24 20:27:59","28","2016-07-24 20:27:59","28","1"),
("54336","54216","7","16RE054334","0","5500","5500","0","2016-07-24","2016-07-24","2016-07-24 20:28:16","28","2016-07-24 20:28:16","28","1"),
("54337","54217","7","16RE054335","0","1000","1000","0","2016-07-24","2016-07-24","2016-07-24 20:28:33","28","2016-07-24 20:28:33","28","1"),
("54338","54218","7","16RE054336","0","1000","1000","0","2016-07-24","2016-07-24","2016-07-24 20:30:08","28","2016-07-24 20:30:08","28","1"),
("54339","54219","7","16RE054337","0","10000","10000","0","2016-07-24","2016-07-24","2016-07-24 20:32:36","28","2016-07-24 20:32:36","28","1"),
("54340","54220","7","16RE054338","0","1000","1000","0","2016-07-24","2016-07-24","2016-07-24 20:38:42","28","2016-07-24 20:38:42","28","1"),
("54341","54221","7","16RE054339","0","1000","1000","0","2016-07-24","2016-07-24","2016-07-24 20:39:24","28","2016-07-24 20:39:24","28","1"),
("54342","54222","7","16RE054340","0","4000","4000","0","2016-07-24","2016-07-24","2016-07-24 20:49:10","28","2016-07-24 20:49:10","28","1"),
("54343","54223","7","16RE054341","0","4000","4000","0","2016-07-24","2016-07-24","2016-07-24 20:51:31","28","2016-07-24 20:51:31","28","1"),
("54344","54224","7","16RE054342","0","1000","1000","0","2016-07-24","2016-07-24","2016-07-24 20:52:30","28","2016-07-24 20:52:30","28","1");

