INSERT INTO inventories VALUES("74215","","","","55887","","","2164","2","1","0","3000","2016-07-26","0000-00-00","","2016-07-26 15:01:45","26","2016-07-26 15:01:45","26","1"),
("74216","","","","55888","","","2228","2","3","0","500","2016-07-26","0000-00-00","","2016-07-26 15:07:53","28","2016-07-26 15:07:53","28","1"),
("74217","","","","55889","","","2095","2","2","0","4000","2016-07-26","0000-00-00","","2016-07-26 15:08:20","28","2016-07-26 15:08:20","28","1"),
("74218","","","","55889","","","2065","2","8","0","1000","2016-07-26","0000-00-00","","2016-07-26 15:08:20","28","2016-07-26 15:08:20","28","1"),
("74219","","","","55890","","","2231","2","4","0","1500","2016-07-26","0000-00-00","","2016-07-26 15:09:30","28","2016-07-26 15:09:30","28","1"),
("74220","","","","55891","","","2075","2","2","0","1500","2016-07-26","0000-00-00","","2016-07-26 15:10:11","28","2016-07-26 15:10:11","28","1"),
("74221","","","","55891","","","2228","2","20","0","500","2016-07-26","0000-00-00","","2016-07-26 15:10:12","28","2016-07-26 15:10:12","28","1"),
("74222","","","","55891","","","2240","2","1","0","5000","2016-07-26","0000-00-00","","2016-07-26 15:10:12","28","2016-07-26 15:10:12","28","1"),
("74223","","","","55892","","","2228","2","8","0","500","2016-07-26","0000-00-00","","2016-07-26 15:11:00","28","2016-07-26 15:11:00","28","1"),
("74224","","","","55893","","","2228","2","3","0","500","2016-07-26","0000-00-00","","2016-07-26 15:11:18","28","2016-07-26 15:11:18","28","1"),
("74225","","","","55894","","","2166","2","15","0","700","2016-07-26","0000-00-00","","2016-07-26 15:11:48","28","2016-07-26 15:11:48","28","1"),
("74226","","","","55895","","","2166","2","10","0","700","2016-07-26","0000-00-00","","2016-07-26 15:12:30","28","2016-07-26 15:12:30","28","1"),
("74227","","","","55896","","","2231","2","1","0","1500","2016-07-26","0000-00-00","","2016-07-26 15:12:54","28","2016-07-26 15:12:54","28","1"),
("74228","","","","55896","","","2233","2","1","0","2000","2016-07-26","0000-00-00","","2016-07-26 15:12:54","28","2016-07-26 15:12:54","28","1"),
("74229","","","","55897","","","2083","2","8","0","2500","2016-07-26","0000-00-00","","2016-07-26 15:14:32","28","2016-07-26 15:14:32","28","1"),
("74230","","","","55898","","","2071","2","1","0","1000","2016-07-26","0000-00-00","","2016-07-26 15:14:56","28","2016-07-26 15:14:56","28","1"),
("74231","","","","55898","","","2082","2","1","0","2500","2016-07-26","0000-00-00","","2016-07-26 15:14:56","28","2016-07-26 15:14:56","28","1"),
("74232","","","","55899","","","2166","2","5","0","700","2016-07-26","0000-00-00","","2016-07-26 15:16:39","28","2016-07-26 15:16:39","28","1"),
("74233","","","","55900","","","2093","2","1","0","3000","2016-07-26","0000-00-00","","2016-07-26 15:17:03","28","2016-07-26 15:17:03","28","1"),
("74234","","","","55900","","","2231","2","5","0","1500","2016-07-26","0000-00-00","","2016-07-26 15:17:03","28","2016-07-26 15:17:03","28","1"),
("74235","","","","55901","","","2228","2","3","0","500","2016-07-26","0000-00-00","","2016-07-26 15:18:11","28","2016-07-26 15:18:11","28","1"),
("74236","","","","55902","","","2228","2","6","0","500","2016-07-26","0000-00-00","","2016-07-26 15:19:49","28","2016-07-26 15:19:49","28","1"),
("74237","","","","55903","","","2099","2","2","0","2000","2016-07-26","0000-00-00","","2016-07-26 15:21:50","28","2016-07-26 15:21:50","28","1"),
("74238","","","","55904","","","2235","2","3","0","2500","2016-07-26","0000-00-00","","2016-07-26 15:22:48","28","2016-07-26 15:22:48","28","1"),
("74239","","","","55904","","","2118","2","1","0","6500","2016-07-26","0000-00-00","","2016-07-26 15:22:48","28","2016-07-26 15:22:48","28","1"),
("74240","","","","55905","","","2229","2","2","0","700","2016-07-26","0000-00-00","","2016-07-26 15:23:55","28","2016-07-26 15:23:55","28","1"),
("74241","","","","55906","","","2229","2","3","0","700","2016-07-26","0000-00-00","","2016-07-26 15:25:19","28","2016-07-26 15:25:19","28","1"),
("74242","","","","55907","","","2231","2","1","0","1500","2016-07-26","0000-00-00","","2016-07-26 15:25:37","28","2016-07-26 15:25:37","28","1"),
("74243","","","","55908","","","2228","2","10","0","500","2016-07-26","0000-00-00","","2016-07-26 15:28:21","28","2016-07-26 15:28:21","28","1"),
("74244","","","","55909","","","2228","2","2","0","500","2016-07-26","0000-00-00","","2016-07-26 15:30:32","32","2016-07-26 15:30:32","32","1"),
("74245","","","","55910","","","2228","2","10","0","500","2016-07-26","0000-00-00","","2016-07-26 15:30:34","28","2016-07-26 15:30:34","28","1"),
("74246","","","","55911","","","2166","2","1","0","700","2016-07-26","0000-00-00","","2016-07-26 15:30:47","32","2016-07-26 15:30:47","32","1"),
("74247","","","","55912","","","2119","2","1","0","8000","2016-07-26","0000-00-00","","2016-07-26 15:32:02","32","2016-07-26 15:32:02","32","1"),
("74248","","","","55913","","","2228","2","7","0","500","2016-07-26","0000-00-00","","2016-07-26 15:33:27","32","2016-07-26 15:33:27","32","1"),
("74249","","","","55914","","","2075","2","2","0","1500","2016-07-26","0000-00-00","","2016-07-26 15:33:27","28","2016-07-26 15:33:27","28","1"),
("74250","","","","55914","","","2240","2","1","0","5000","2016-07-26","0000-00-00","","2016-07-26 15:33:27","28","2016-07-26 15:33:27","28","1"),
("74251","","","","55914","","","2088","2","1","0","5000","2016-07-26","0000-00-00","","2016-07-26 15:33:27","28","2016-07-26 15:33:27","28","1"),
("74252","","","","55915","","","2125","2","1","0","1000","2016-07-26","0000-00-00","","2016-07-26 15:34:20","32","2016-07-26 15:34:20","32","1"),
("74253","","","","55916","","","2228","2","5","0","500","2016-07-26","0000-00-00","","2016-07-26 15:36:21","28","2016-07-26 15:36:21","28","1"),
("74254","","","","55917","","","2228","2","1","0","500","2016-07-26","0000-00-00","","2016-07-26 15:38:26","28","2016-07-26 15:38:26","28","1"),
("74255","","","","55917","","","2231","2","1","0","1500","2016-07-26","0000-00-00","","2016-07-26 15:38:26","28","2016-07-26 15:38:26","28","1"),
("74256","","","","55918","","","2083","2","1","0","2500","2016-07-26","0000-00-00","","2016-07-26 15:40:18","28","2016-07-26 15:40:18","28","1"),
("74257","","","","55919","","","2228","2","1","0","500","2016-07-26","0000-00-00","","2016-07-26 15:40:42","28","2016-07-26 15:40:42","28","1"),
("74258","","","","55920","","","2090","2","1","0","2500","2016-07-26","0000-00-00","","2016-07-26 15:41:42","28","2016-07-26 15:41:42","28","1"),
("74259","","","","55921","","","2099","2","2","0","2000","2016-07-26","0000-00-00","","2016-07-26 15:42:15","28","2016-07-26 15:42:15","28","1"),
("74260","","","","55922","","","2233","2","1","0","2000","2016-07-26","0000-00-00","","2016-07-26 15:43:20","28","2016-07-26 15:43:20","28","1"),
("74261","","","","55922","","","2107","2","1","0","6000","2016-07-26","0000-00-00","","2016-07-26 15:43:21","28","2016-07-26 15:43:21","28","1"),
("74262","","","","55923","","","2125","2","1","0","1000","2016-07-26","0000-00-00","","2016-07-26 15:43:41","28","2016-07-26 15:43:41","28","1"),
("74263","","","","55923","","","2164","2","2","0","3000","2016-07-26","0000-00-00","","2016-07-26 15:43:41","28","2016-07-26 15:43:41","28","1"),
("74264","","","","55923","","","2240","2","2","0","5000","2016-07-26","0000-00-00","","2016-07-26 15:43:41","28","2016-07-26 15:43:41","28","1"),
("74265","","","","55924","","","2228","2","10","0","500","2016-07-26","0000-00-00","","2016-07-26 15:44:18","28","2016-07-26 15:44:18","28","1"),
("74266","","","","55924","","","2139","2","1","0","28000","2016-07-26","0000-00-00","","2016-07-26 15:44:18","28","2016-07-26 15:44:18","28","1"),
("74267","","","","55925","","","2232","2","2","0","1000","2016-07-26","0000-00-00","","2016-07-26 15:44:28","28","2016-07-26 15:44:28","28","1"),
("74268","","","","55926","","","2083","2","1","0","2500","2016-07-26","0000-00-00","","2016-07-26 15:49:51","32","2016-07-26 15:49:51","32","1"),
("74269","","","","55927","","","2182","2","1","0","1500","2016-07-26","0000-00-00","","2016-07-26 15:50:42","28","2016-07-26 15:50:42","28","1"),
("74270","","","","55928","","","2228","2","2","0","500","2016-07-26","0000-00-00","","2016-07-26 15:50:46","32","2016-07-26 15:50:46","32","1"),
("74271","","","","55929","","","2134","2","2","0","1000","2016-07-26","0000-00-00","","2016-07-26 15:51:36","28","2016-07-26 15:51:36","28","1"),
("74272","","","","55930","","","2233","2","1","0","2000","2016-07-26","0000-00-00","","2016-07-26 15:52:44","32","2016-07-26 15:52:44","32","1"),
("74273","","","","55931","","","2166","2","6","0","700","2016-07-26","0000-00-00","","2016-07-26 15:53:07","32","2016-07-26 15:53:07","32","1"),
("74274","","","","55932","","","2075","2","1","0","1500","2016-07-26","0000-00-00","","2016-07-26 15:54:21","32","2016-07-26 15:54:21","32","1"),
("74275","","","","55932","","","2231","2","2","0","1500","2016-07-26","0000-00-00","","2016-07-26 15:54:21","32","2016-07-26 15:54:21","32","1"),
("74276","","","","55933","","","2228","2","10","0","500","2016-07-26","0000-00-00","","2016-07-26 15:54:36","32","2016-07-26 15:54:36","32","1"),
("74277","","","","55934","","","2146","2","1","0","3500","2016-07-26","0000-00-00","","2016-07-26 15:55:05","32","2016-07-26 15:55:05","32","1"),
("74278","","","","55934","","","2228","2","6","0","500","2016-07-26","0000-00-00","","2016-07-26 15:55:05","32","2016-07-26 15:55:05","32","1"),
("74279","","","","55935","","","2078","2","2","0","1500","2016-07-26","0000-00-00","","2016-07-26 15:56:57","32","2016-07-26 15:56:57","32","1"),
("74280","","","","55936","","","2075","2","2","0","1500","2016-07-26","0000-00-00","","2016-07-26 15:57:56","32","2016-07-26 15:57:56","32","1"),
("74281","","","","55936","","","2165","2","3","0","1000","2016-07-26","0000-00-00","","2016-07-26 15:57:56","32","2016-07-26 15:57:56","32","1"),
("74282","","","","55936","","","2078","2","2","0","1500","2016-07-26","0000-00-00","","2016-07-26 15:57:56","32","2016-07-26 15:57:56","32","1"),
("74283","","","","55936","","","2164","2","3","0","3000","2016-07-26","0000-00-00","","2016-07-26 15:57:56","32","2016-07-26 15:57:56","32","1"),
("74284","","","","55936","","","2070","2","4","0","1000","2016-07-26","0000-00-00","","2016-07-26 15:57:56","32","2016-07-26 15:57:56","32","1"),
("74285","","","","55937","","","2228","2","4","0","500","2016-07-26","0000-00-00","","2016-07-26 15:58:11","32","2016-07-26 15:58:11","32","1"),
("74286","","","","55938","","","2228","2","10","0","500","2016-07-26","0000-00-00","","2016-07-26 15:58:16","32","2016-07-26 15:58:16","32","1"),
("74287","","","","55939","","","2228","2","6","0","500","2016-07-26","0000-00-00","","2016-07-26 15:58:42","32","2016-07-26 15:58:42","32","1"),
("74288","","","","55940","","","2228","2","5","0","500","2016-07-26","0000-00-00","","2016-07-26 15:58:58","32","2016-07-26 15:58:58","32","1"),
("74289","","","","55941","","","2228","2","3","0","500","2016-07-26","0000-00-00","","2016-07-26 15:59:26","32","2016-07-26 15:59:26","32","1"),
("74290","","","","55942","","","2125","2","1","0","1000","2016-07-26","0000-00-00","","2016-07-26 15:59:47","32","2016-07-26 15:59:47","32","1"),
("74291","","","","55943","","","2121","2","1","0","13000","2016-07-26","0000-00-00","","2016-07-26 16:00:43","32","2016-07-26 16:00:43","32","1"),
("74292","","","","55943","","","2067","2","2","0","1000","2016-07-26","0000-00-00","","2016-07-26 16:00:43","32","2016-07-26 16:00:43","32","1"),
("74293","","","","55943","","","2231","2","2","0","1500","2016-07-26","0000-00-00","","2016-07-26 16:00:43","32","2016-07-26 16:00:43","32","1"),
("74294","","","","55943","","","2172","2","2","0","2500","2016-07-26","0000-00-00","","2016-07-26 16:00:43","32","2016-07-26 16:00:43","32","1"),
("74295","","","","55943","","","2089","2","2","0","2500","2016-07-26","0000-00-00","","2016-07-26 16:00:43","32","2016-07-26 16:00:43","32","1"),
("74296","","","","55944","","","2228","2","2","0","500","2016-07-26","0000-00-00","","2016-07-26 16:03:23","28","2016-07-26 16:03:23","28","1"),
("74297","","","","55945","","","2113","2","1","0","5500","2016-07-26","0000-00-00","","2016-07-26 16:05:58","28","2016-07-26 16:05:58","28","1"),
("74298","","","","55946","","","2228","2","5","0","500","2016-07-26","0000-00-00","","2016-07-26 16:08:15","28","2016-07-26 16:08:15","28","1"),
("74299","","","","55946","","","2231","2","30","0","1500","2016-07-26","0000-00-00","","2016-07-26 16:08:15","28","2016-07-26 16:08:15","28","1"),
("74300","","","","55947","","","2228","2","10","0","500","2016-07-26","0000-00-00","","2016-07-26 16:08:39","28","2016-07-26 16:08:39","28","1"),
("74301","","","","55948","","","2104","2","1","0","5500","2016-07-26","0000-00-00","","2016-07-26 16:09:27","32","2016-07-26 16:09:27","32","1"),
("74302","","","","55948","","","2172","2","1","0","2500","2016-07-26","0000-00-00","","2016-07-26 16:09:27","32","2016-07-26 16:09:27","32","1"),
("74303","","","","55948","","","2118","2","1","0","6500","2016-07-26","0000-00-00","","2016-07-26 16:09:27","32","2016-07-26 16:09:27","32","1"),
("74304","","","","55948","","","2121","2","1","0","13000","2016-07-26","0000-00-00","","2016-07-26 16:09:27","32","2016-07-26 16:09:27","32","1"),
("74305","","","","55949","","","2233","2","5","0","2000","2016-07-26","0000-00-00","","2016-07-26 16:11:22","32","2016-07-26 16:11:22","32","1"),
("74306","","","","55950","","","2070","2","4","0","1000","2016-07-26","0000-00-00","","2016-07-26 16:11:36","32","2016-07-26 16:11:36","32","1"),
("74307","","","","55951","","","2229","2","5","0","700","2016-07-26","0000-00-00","","2016-07-26 16:11:43","32","2016-07-26 16:11:43","32","1"),
("74308","","","","55952","","","2118","2","1","0","6500","2016-07-26","0000-00-00","","2016-07-26 16:11:50","28","2016-07-26 16:11:50","28","1"),
("74309","","","","55953","","","2231","2","2","0","1500","2016-07-26","0000-00-00","","2016-07-26 16:12:00","28","2016-07-26 16:12:00","28","1"),
("74310","","","","55954","","","2228","2","10","0","500","2016-07-26","0000-00-00","","2016-07-26 16:13:30","28","2016-07-26 16:13:30","28","1"),
("74311","","","","55955","","","2126","2","1","0","2000","2016-07-26","0000-00-00","","2016-07-26 16:13:36","32","2016-07-26 16:13:36","32","1"),
("74312","","","","55955","","","2083","2","1","0","2500","2016-07-26","0000-00-00","","2016-07-26 16:13:36","32","2016-07-26 16:13:36","32","1"),
("74313","","","","55956","","","2231","2","2","0","1500","2016-07-26","0000-00-00","","2016-07-26 16:13:49","28","2016-07-26 16:13:49","28","1"),
("74314","","","","55957","","","2231","2","1","0","1500","2016-07-26","0000-00-00","","2016-07-26 16:14:48","28","2016-07-26 16:14:48","28","1"),
("74315","","","","55958","","","2231","2","4","0","1500","2016-07-26","0000-00-00","","2016-07-26 16:16:05","32","2016-07-26 16:16:05","32","1"),
("74316","","","","55958","","","2067","2","1","0","1000","2016-07-26","0000-00-00","","2016-07-26 16:16:05","32","2016-07-26 16:16:05","32","1"),
("74317","","","","55958","","","2070","2","2","0","1000","2016-07-26","0000-00-00","","2016-07-26 16:16:05","32","2016-07-26 16:16:05","32","1"),
("74318","","","","55959","","","2250","2","1","0","500","2016-07-26","0000-00-00","","2016-07-26 16:16:27","32","2016-07-26 16:16:27","32","1"),
("74319","","","","55960","","","2228","2","1","0","500","2016-07-26","0000-00-00","","2016-07-26 16:16:44","32","2016-07-26 16:16:44","32","1"),
("74320","","","","55961","","","2064","2","1","0","2000","2016-07-26","0000-00-00","","2016-07-26 16:17:31","28","2016-07-26 16:17:31","28","1"),
("74321","","","","55962","","","2240","2","1","0","5000","2016-07-26","0000-00-00","","2016-07-26 16:19:08","32","2016-07-26 16:19:08","32","1"),
("74322","","","","55963","","","2233","2","2","0","2000","2016-07-26","0000-00-00","","2016-07-26 16:19:35","28","2016-07-26 16:19:35","28","1"),
("74323","","","","55964","","","2229","2","2","0","700","2016-07-26","0000-00-00","","2016-07-26 16:20:31","32","2016-07-26 16:20:31","32","1"),
("74324","","","","55965","","","2228","2","30","0","500","2016-07-26","0000-00-00","","2016-07-26 16:20:43","32","2016-07-26 16:20:43","32","1"),
("74325","","","","55966","","","2172","2","2","0","2500","2016-07-26","0000-00-00","","2016-07-26 16:20:44","28","2016-07-26 16:20:44","28","1"),
("74326","","","","55966","","","2083","2","2","0","2500","2016-07-26","0000-00-00","","2016-07-26 16:20:44","28","2016-07-26 16:20:44","28","1"),
("74327","","","","55967","","","2229","2","4","0","700","2016-07-26","0000-00-00","","2016-07-26 16:20:54","28","2016-07-26 16:20:54","28","1"),
("74328","","","","55968","","","2146","2","1","0","3500","2016-07-26","0000-00-00","","2016-07-26 16:21:09","28","2016-07-26 16:21:09","28","1"),
("74329","","","","55969","","","2071","2","5","0","1000","2016-07-26","0000-00-00","","2016-07-26 16:21:26","32","2016-07-26 16:21:26","32","1"),
("74330","","","","55969","","","2231","2","4","0","1500","2016-07-26","0000-00-00","","2016-07-26 16:21:26","32","2016-07-26 16:21:26","32","1"),
("74331","","","","55969","","","2243","2","1","0","5500","2016-07-26","0000-00-00","","2016-07-26 16:21:26","32","2016-07-26 16:21:26","32","1"),
("74332","","","","55970","","","2231","2","2","0","1500","2016-07-26","0000-00-00","","2016-07-26 16:22:35","32","2016-07-26 16:22:35","32","1"),
("74333","","","","55971","","","2231","2","1","0","1500","2016-07-26","0000-00-00","","2016-07-26 16:25:18","32","2016-07-26 16:25:18","32","1"),
("74334","","","","55972","","","2164","2","1","0","3000","2016-07-26","0000-00-00","","2016-07-26 16:26:28","32","2016-07-26 16:26:28","32","1"),
("74335","","","","55972","","","2231","2","1","0","1500","2016-07-26","0000-00-00","","2016-07-26 16:26:28","32","2016-07-26 16:26:28","32","1"),
("74336","","","","55972","","","2219","2","1","0","2500","2016-07-26","0000-00-00","","2016-07-26 16:26:28","32","2016-07-26 16:26:28","32","1"),
("74337","","","","55973","","","2228","2","4","0","500","2016-07-26","0000-00-00","","2016-07-26 16:26:46","32","2016-07-26 16:26:46","32","1"),
("74338","","","","55974","","","2240","2","1","0","5000","2016-07-26","0000-00-00","","2016-07-26 16:27:29","32","2016-07-26 16:27:29","32","1"),
("74339","","","","55975","","","2231","2","2","0","1500","2016-07-26","0000-00-00","","2016-07-26 16:28:29","32","2016-07-26 16:28:29","32","1"),
("74340","","","","55976","","","2228","2","4","0","500","2016-07-26","0000-00-00","","2016-07-26 16:29:38","32","2016-07-26 16:29:38","32","1"),
("74341","","","","55977","","","2065","2","3","0","1000","2016-07-26","0000-00-00","","2016-07-26 16:31:04","32","2016-07-26 16:31:04","32","1"),
("74342","","","","55978","","","2228","2","5","0","500","2016-07-26","0000-00-00","","2016-07-26 16:31:11","32","2016-07-26 16:31:11","32","1"),
("74343","","","","55979","","","2228","2","6","0","500","2016-07-26","0000-00-00","","2016-07-26 16:31:29","32","2016-07-26 16:31:29","32","1"),
("74344","","","","55980","","","2228","2","2","0","500","2016-07-26","0000-00-00","","2016-07-26 16:31:54","32","2016-07-26 16:31:54","32","1"),
("74345","","","","55981","","","2083","2","2","0","2500","2016-07-26","0000-00-00","","2016-07-26 16:32:48","32","2016-07-26 16:32:48","32","1"),
("74346","","","","55982","","","2228","2","4","0","500","2016-07-26","0000-00-00","","2016-07-26 16:33:28","28","2016-07-26 16:33:28","28","1"),
("74347","","","","55983","","","2228","2","5","0","500","2016-07-26","0000-00-00","","2016-07-26 16:33:50","28","2016-07-26 16:33:50","28","1"),
("74348","","","","55984","","","2083","2","1","0","2500","2016-07-26","0000-00-00","","2016-07-26 16:34:25","32","2016-07-26 16:34:25","32","1"),
("74349","","","","55984","","","2164","2","3","0","3000","2016-07-26","0000-00-00","","2016-07-26 16:34:25","32","2016-07-26 16:34:25","32","1"),
("74350","","","","55985","","","2228","2","4","0","500","2016-07-26","0000-00-00","","2016-07-26 16:34:50","32","2016-07-26 16:34:50","32","1"),
("74351","","","","55986","","","2073","2","1","0","1000","2016-07-26","0000-00-00","","2016-07-26 16:34:55","28","2016-07-26 16:34:55","28","1"),
("74352","","","","55986","","","2076","2","1","0","2000","2016-07-26","0000-00-00","","2016-07-26 16:34:55","28","2016-07-26 16:34:55","28","1"),
("74353","","","","55987","","","2241","2","1","0","3000","2016-07-26","0000-00-00","","2016-07-26 16:37:42","32","2016-07-26 16:37:42","32","1"),
("74354","","","","55987","","","2235","2","1","0","2500","2016-07-26","0000-00-00","","2016-07-26 16:37:43","32","2016-07-26 16:37:43","32","1"),
("74355","","","","55988","","","2228","2","2","0","500","2016-07-26","0000-00-00","","2016-07-26 16:38:27","32","2016-07-26 16:38:27","32","1"),
("74356","","","","55988","","","2229","2","100","0","700","2016-07-26","0000-00-00","","2016-07-26 16:38:27","32","2016-07-26 16:38:27","32","1"),
("74357","","","","55989","","","2228","2","10","0","500","2016-07-26","0000-00-00","","2016-07-26 16:38:44","28","2016-07-26 16:38:44","28","1"),
("74358","","","","55990","","","2228","2","4","0","500","2016-07-26","0000-00-00","","2016-07-26 16:40:19","28","2016-07-26 16:40:19","28","1"),
("74359","","","","55991","","","2228","2","3","0","500","2016-07-26","0000-00-00","","2016-07-26 16:41:51","28","2016-07-26 16:41:51","28","1"),
("74360","","","","55992","","","2231","2","3","0","1500","2016-07-26","0000-00-00","","2016-07-26 16:44:34","28","2016-07-26 16:44:34","28","1"),
("74361","","","","55993","","","2095","2","1","0","4000","2016-07-26","0000-00-00","","2016-07-26 16:44:39","28","2016-07-26 16:44:39","28","1"),
("74362","","","","55994","","","2231","2","2","0","1500","2016-07-26","0000-00-00","","2016-07-26 16:45:16","32","2016-07-26 16:45:16","32","1"),
("74363","","","","55994","","","2228","2","3","0","500","2016-07-26","0000-00-00","","2016-07-26 16:45:16","32","2016-07-26 16:45:16","32","1"),
("74364","","","","55995","","","2076","2","2","0","2000","2016-07-26","0000-00-00","","2016-07-26 16:45:36","28","2016-07-26 16:45:36","28","1"),
("74365","","","","55995","","","2228","2","3","0","500","2016-07-26","0000-00-00","","2016-07-26 16:45:36","28","2016-07-26 16:45:36","28","1"),
("74366","","","","55996","","","2250","2","1","0","500","2016-07-26","0000-00-00","","2016-07-26 16:46:00","32","2016-07-26 16:46:00","32","1"),
("74367","","","","55997","","","2229","2","5","0","700","2016-07-26","0000-00-00","","2016-07-26 16:46:05","28","2016-07-26 16:46:05","28","1"),
("74368","","","","55998","","","2228","2","10","0","500","2016-07-26","0000-00-00","","2016-07-26 16:46:37","28","2016-07-26 16:46:37","28","1"),
("74369","","","","55999","","","2228","2","3","0","500","2016-07-26","0000-00-00","","2016-07-26 16:47:20","32","2016-07-26 16:47:20","32","1"),
("74370","","","","56000","","","2237","2","1","0","2500","2016-07-26","0000-00-00","","2016-07-26 16:47:29","28","2016-07-26 16:47:29","28","1"),
("74371","","","","56000","","","2229","2","2","0","700","2016-07-26","0000-00-00","","2016-07-26 16:47:29","28","2016-07-26 16:47:29","28","1"),
("74372","","","","56001","","","2107","2","2","0","6000","2016-07-26","0000-00-00","","2016-07-26 16:47:51","28","2016-07-26 16:47:51","28","1"),
("74373","","","","56002","","","2235","2","1","0","2500","2016-07-26","0000-00-00","","2016-07-26 16:48:09","28","2016-07-26 16:48:09","28","1"),
("74374","","","","56003","","","2235","2","1","0","2500","2016-07-26","0000-00-00","","2016-07-26 16:48:45","28","2016-07-26 16:48:45","28","1"),
("74375","","","","56003","","","2095","2","1","0","4000","2016-07-26","0000-00-00","","2016-07-26 16:48:45","28","2016-07-26 16:48:45","28","1"),
("74376","","","","56004","","","2102","2","1","0","5000","2016-07-26","0000-00-00","","2016-07-26 16:49:28","32","2016-07-26 16:49:28","32","1"),
("74377","","","","56004","","","2164","2","2","0","3000","2016-07-26","0000-00-00","","2016-07-26 16:49:28","32","2016-07-26 16:49:28","32","1"),
("74378","","","","56004","","","2235","2","1","0","2500","2016-07-26","0000-00-00","","2016-07-26 16:49:28","32","2016-07-26 16:49:28","32","1"),
("74379","","","","56005","","","2104","2","1","0","5500","2016-07-26","0000-00-00","","2016-07-26 16:49:47","32","2016-07-26 16:49:47","32","1"),
("74380","","","","56006","","","2257","2","1","0","2500","2016-07-26","0000-00-00","","2016-07-26 16:50:18","28","2016-07-26 16:50:18","28","1"),
("74381","","","","56007","","","2228","2","4","0","500","2016-07-26","0000-00-00","","2016-07-26 16:50:21","32","2016-07-26 16:50:21","32","1"),
("74382","","","","56008","","","2104","2","2","0","5500","2016-07-26","0000-00-00","","2016-07-26 16:50:27","28","2016-07-26 16:50:27","28","1"),
("74383","","","","56008","","","2229","2","10","0","700","2016-07-26","0000-00-00","","2016-07-26 16:50:27","28","2016-07-26 16:50:27","28","1"),
("74384","","","","56009","","","2228","2","3","0","500","2016-07-26","0000-00-00","","2016-07-26 16:51:05","28","2016-07-26 16:51:05","28","1"),
("74385","","","","56010","","","2228","2","3","0","500","2016-07-26","0000-00-00","","2016-07-26 16:52:03","28","2016-07-26 16:52:03","28","1"),
("74386","","","","56011","","","2228","2","2","0","500","2016-07-26","0000-00-00","","2016-07-26 16:52:51","32","2016-07-26 16:52:51","32","1"),
("74387","","","","56011","","","2164","2","2","0","3000","2016-07-26","0000-00-00","","2016-07-26 16:52:51","32","2016-07-26 16:52:51","32","1"),
("74388","","","","56011","","","2075","2","1","0","1500","2016-07-26","0000-00-00","","2016-07-26 16:52:51","32","2016-07-26 16:52:51","32","1"),
("74389","","","","56011","","","2090","2","2","0","2500","2016-07-26","0000-00-00","","2016-07-26 16:52:51","32","2016-07-26 16:52:51","32","1"),
("74390","","","","56012","","","2165","2","1","0","1000","2016-07-26","0000-00-00","","2016-07-26 16:53:36","28","2016-07-26 16:53:36","28","1"),
("74391","","","","56012","","","2095","2","1","0","4000","2016-07-26","0000-00-00","","2016-07-26 16:53:36","28","2016-07-26 16:53:36","28","1"),
("74392","","","","56012","","","2240","2","1","0","5000","2016-07-26","0000-00-00","","2016-07-26 16:53:36","28","2016-07-26 16:53:36","28","1"),
("74393","","","","56012","","","2065","2","2","0","1000","2016-07-26","0000-00-00","","2016-07-26 16:53:36","28","2016-07-26 16:53:36","28","1"),
("74394","","","","56013","","","2255","2","6","0","500","2016-07-26","0000-00-00","","2016-07-26 16:53:53","32","2016-07-26 16:53:53","32","1"),
("74395","","","","56013","","","2165","2","1","0","1000","2016-07-26","0000-00-00","","2016-07-26 16:53:53","32","2016-07-26 16:53:53","32","1"),
("74396","","","","56013","","","2065","2","1","0","1000","2016-07-26","0000-00-00","","2016-07-26 16:53:53","32","2016-07-26 16:53:53","32","1"),
("74397","","","","56013","","","2098","2","1","0","2500","2016-07-26","0000-00-00","","2016-07-26 16:53:53","32","2016-07-26 16:53:53","32","1"),
("74398","","","","56013","","","2084","2","2","0","2500","2016-07-26","0000-00-00","","2016-07-26 16:53:53","32","2016-07-26 16:53:53","32","1"),
("74399","","","","56014","","","2228","2","4","0","500","2016-07-26","0000-00-00","","2016-07-26 16:54:35","32","2016-07-26 16:54:35","32","1"),
("74400","","","","56015","","","2228","2","8","0","500","2016-07-26","0000-00-00","","2016-07-26 16:54:56","32","2016-07-26 16:54:56","32","1"),
("74401","","","","56016","","","2075","2","2","0","1500","2016-07-26","0000-00-00","","2016-07-26 16:56:48","32","2016-07-26 16:56:48","32","1"),
("74402","","","","56017","","","2166","2","2","0","700","2016-07-26","0000-00-00","","2016-07-26 16:57:12","28","2016-07-26 16:57:12","28","1"),
("74403","","","","56018","","","2235","2","2","0","2500","2016-07-26","0000-00-00","","2016-07-26 16:57:12","32","2016-07-26 16:57:12","32","1"),
("74404","","","","56019","","","2228","2","4","0","500","2016-07-26","0000-00-00","","2016-07-26 16:57:21","28","2016-07-26 16:57:21","28","1"),
("74405","","","","56020","","","2243","2","1","0","5500","2016-07-26","0000-00-00","","2016-07-26 16:57:30","32","2016-07-26 16:57:30","32","1"),
("74406","","","","56021","","","2107","2","3","0","6000","2016-07-26","0000-00-00","","2016-07-26 16:57:49","32","2016-07-26 16:57:49","32","1"),
("74407","","","","56022","","","2107","2","2","0","6000","2016-07-26","0000-00-00","","2016-07-26 16:58:17","32","2016-07-26 16:58:17","32","1"),
("74408","","","","56023","","","2107","2","2","0","6000","2016-07-26","0000-00-00","","2016-07-26 16:58:25","32","2016-07-26 16:58:25","32","1"),
("74409","","","","56024","","","2164","2","1","0","3000","2016-07-26","0000-00-00","","2016-07-26 16:58:38","32","2016-07-26 16:58:38","32","1"),
("74410","","","","56025","","","2107","2","2","0","6000","2016-07-26","0000-00-00","","2016-07-26 17:00:21","28","2016-07-26 17:00:21","28","1"),
("74411","","","","56026","","","2107","2","1","0","6000","2016-07-26","0000-00-00","","2016-07-26 17:00:24","32","2016-07-26 17:00:24","32","1"),
("74412","","","","56027","","","2107","2","2","0","6000","2016-07-26","0000-00-00","","2016-07-26 17:00:27","28","2016-07-26 17:00:27","28","1"),
("74413","","","","56028","","","2107","2","1","0","6000","2016-07-26","0000-00-00","","2016-07-26 17:00:57","32","2016-07-26 17:00:57","32","1"),
("74414","","","","56029","","","2228","2","5","0","500","2016-07-26","0000-00-00","","2016-07-26 17:00:58","28","2016-07-26 17:00:58","28","1"),
("74415","","","","56030","","","2095","2","1","0","4000","2016-07-26","0000-00-00","","2016-07-26 17:01:44","28","2016-07-26 17:01:44","28","1"),
("74416","","","","56031","","","2250","2","1","0","500","2016-07-26","0000-00-00","","2016-07-26 17:01:55","32","2016-07-26 17:01:55","32","1"),
("74417","","","","56032","","","2228","2","5","0","500","2016-07-26","0000-00-00","","2016-07-26 17:02:39","28","2016-07-26 17:02:39","28","1"),
("74418","","","","56033","","","2095","2","1","0","4000","2016-07-26","0000-00-00","","2016-07-26 17:03:16","28","2016-07-26 17:03:16","28","1"),
("74419","","","","56034","","","2164","2","1","0","3000","2016-07-26","0000-00-00","","2016-07-26 17:04:16","28","2016-07-26 17:04:16","28","1"),
("74420","","","","56035","","","2164","2","1","0","3000","2016-07-26","0000-00-00","","2016-07-26 17:04:32","28","2016-07-26 17:04:32","28","1"),
("74421","","","","56036","","","2071","2","1","0","1000","2016-07-26","0000-00-00","","2016-07-26 17:04:56","32","2016-07-26 17:04:56","32","1"),
("74422","","","","56037","","","2095","2","1","0","4000","2016-07-26","0000-00-00","","2016-07-26 17:07:48","28","2016-07-26 17:07:48","28","1"),
("74423","","","","56038","","","2228","2","2","0","500","2016-07-26","0000-00-00","","2016-07-26 17:08:09","28","2016-07-26 17:08:09","28","1"),
("74424","","","","56039","","","2228","2","5","0","500","2016-07-26","0000-00-00","","2016-07-26 17:09:35","28","2016-07-26 17:09:35","28","1"),
("74425","","","","56040","","","2231","2","1","0","1500","2016-07-26","0000-00-00","","2016-07-26 17:09:49","28","2016-07-26 17:09:49","28","1"),
("74426","","","","56040","","","2228","2","6","0","500","2016-07-26","0000-00-00","","2016-07-26 17:09:49","28","2016-07-26 17:09:49","28","1"),
("74427","","","","56041","","","2228","2","2","0","500","2016-07-26","0000-00-00","","2016-07-26 17:11:15","28","2016-07-26 17:11:15","28","1"),
("74428","","","","56042","","","2095","2","1","0","4000","2016-07-26","0000-00-00","","2016-07-26 17:11:42","28","2016-07-26 17:11:42","28","1"),
("74429","","","","56043","","","2228","2","4","0","500","2016-07-26","0000-00-00","","2016-07-26 17:12:45","28","2016-07-26 17:12:45","28","1"),
("74430","","","","56044","","","2083","2","1","0","2500","2016-07-26","0000-00-00","","2016-07-26 17:13:21","28","2016-07-26 17:13:21","28","1"),
("74431","","","","56045","","","2228","2","4","0","500","2016-07-26","0000-00-00","","2016-07-26 17:13:35","28","2016-07-26 17:13:35","28","1"),
("74432","","","","56046","","","2228","2","2","0","500","2016-07-26","0000-00-00","","2016-07-26 17:13:46","28","2016-07-26 17:13:46","28","1"),
("74433","","","","56047","","","2228","2","10","0","500","2016-07-26","0000-00-00","","2016-07-26 17:13:51","28","2016-07-26 17:13:51","28","1"),
("74434","","","","56048","","","2228","2","1","0","500","2016-07-26","0000-00-00","","2016-07-26 17:14:17","28","2016-07-26 17:14:17","28","1"),
("74435","","","","56049","","","2229","2","1","0","700","2016-07-26","0000-00-00","","2016-07-26 17:14:47","28","2016-07-26 17:14:47","28","1"),
("74436","","","","56050","","","2164","2","5","0","3000","2016-07-26","0000-00-00","","2016-07-26 17:17:45","28","2016-07-26 17:17:45","28","1"),
("74437","","","","56051","","","2229","2","40","0","500","2016-07-26","0000-00-00","","2016-07-26 17:18:29","28","2016-07-26 17:18:29","28","1"),
("74438","","","","56052","","","2229","2","2","0","700","2016-07-26","0000-00-00","","2016-07-26 17:18:46","28","2016-07-26 17:18:46","28","1"),
("74439","","","","56052","","","2090","2","2","0","2500","2016-07-26","0000-00-00","","2016-07-26 17:18:46","28","2016-07-26 17:18:46","28","1"),
("74440","","","","56053","","","2228","2","2","0","500","2016-07-26","0000-00-00","","2016-07-26 17:18:54","28","2016-07-26 17:18:54","28","1"),
("74441","","","","56054","","","2229","2","3","0","700","2016-07-26","0000-00-00","","2016-07-26 17:20:03","28","2016-07-26 17:20:03","28","1"),
("74442","","","","56054","","","2099","2","3","0","2000","2016-07-26","0000-00-00","","2016-07-26 17:20:03","28","2016-07-26 17:20:03","28","1"),
("74443","","","","56055","","","2228","2","25","0","500","2016-07-26","0000-00-00","","2016-07-26 17:20:21","28","2016-07-26 17:20:21","28","1"),
("74444","","","","56056","","","2231","2","1","0","1500","2016-07-26","0000-00-00","","2016-07-26 17:20:32","28","2016-07-26 17:20:32","28","1"),
("74445","","","","56057","","","2164","2","1","0","3000","2016-07-26","0000-00-00","","2016-07-26 17:20:35","32","2016-07-26 17:20:35","32","1"),
("74446","","","","56058","","","2231","2","1","0","1500","2016-07-26","0000-00-00","","2016-07-26 17:21:12","32","2016-07-26 17:21:12","32","1"),
("74447","","","","56058","","","2172","2","1","0","2500","2016-07-26","0000-00-00","","2016-07-26 17:21:12","32","2016-07-26 17:21:12","32","1"),
("74448","","","","56059","","","2164","2","1","0","3000","2016-07-26","0000-00-00","","2016-07-26 17:25:05","32","2016-07-26 17:25:05","32","1"),
("74449","","","","56060","","","2229","2","5","0","700","2016-07-26","0000-00-00","","2016-07-26 17:25:05","28","2016-07-26 17:25:05","28","1"),
("74450","","","","56061","","","2095","2","3","0","3500","2016-07-26","0000-00-00","","2016-07-26 17:25:42","28","2016-07-26 17:25:42","28","1"),
("74451","","","","56062","","","2228","2","4","0","500","2016-07-26","0000-00-00","","2016-07-26 17:25:53","28","2016-07-26 17:25:53","28","1"),
("74452","","","","56063","","","2228","2","3","0","500","2016-07-26","0000-00-00","","2016-07-26 17:26:28","28","2016-07-26 17:26:28","28","1"),
("74453","","","","56064","","","2228","2","4","0","500","2016-07-26","0000-00-00","","2016-07-26 17:28:27","28","2016-07-26 17:28:27","28","1"),
("74454","","","","56065","","","2228","2","2","0","500","2016-07-26","0000-00-00","","2016-07-26 17:29:09","28","2016-07-26 17:29:09","28","1"),
("74455","","","","56066","","","2231","2","3","0","1500","2016-07-26","0000-00-00","","2016-07-26 17:29:38","28","2016-07-26 17:29:38","28","1"),
("74456","","","","56067","","","2231","2","5","0","1500","2016-07-26","0000-00-00","","2016-07-26 17:32:59","28","2016-07-26 17:32:59","28","1"),
("74457","","","","56067","","","2095","2","1","0","4000","2016-07-26","0000-00-00","","2016-07-26 17:32:59","28","2016-07-26 17:32:59","28","1"),
("74458","","","","56067","","","2172","2","2","0","2500","2016-07-26","0000-00-00","","2016-07-26 17:32:59","28","2016-07-26 17:32:59","28","1"),
("74459","","","","56068","","","2228","2","6","0","500","2016-07-26","0000-00-00","","2016-07-26 17:35:49","28","2016-07-26 17:35:49","28","1"),
("74460","","","","56069","","","2228","2","5","0","500","2016-07-26","0000-00-00","","2016-07-26 17:36:27","28","2016-07-26 17:36:27","28","1"),
("74461","","","","56070","","","2172","2","2","0","2500","2016-07-26","0000-00-00","","2016-07-26 17:36:42","28","2016-07-26 17:36:42","28","1"),
("74462","","","","56070","","","2071","2","3","0","1000","2016-07-26","0000-00-00","","2016-07-26 17:36:42","28","2016-07-26 17:36:42","28","1"),
("74463","","","","56070","","","2065","2","5","0","1000","2016-07-26","0000-00-00","","2016-07-26 17:36:42","28","2016-07-26 17:36:42","28","1"),
("74464","","","","56071","","","2243","2","4","0","5500","2016-07-26","0000-00-00","","2016-07-26 17:36:57","28","2016-07-26 17:36:57","28","1"),
("74465","","","","56072","","","2243","2","1","0","5500","2016-07-26","0000-00-00","","2016-07-26 17:37:22","28","2016-07-26 17:37:22","28","1"),
("74466","","","","56073","","","2231","2","2","0","1500","2016-07-26","0000-00-00","","2016-07-26 17:37:54","28","2016-07-26 17:37:54","28","1"),
("74467","","","","56074","","","2228","2","2","0","500","2016-07-26","0000-00-00","","2016-07-26 17:38:16","28","2016-07-26 17:38:16","28","1"),
("74468","","","","56075","","","2228","2","1","0","500","2016-07-26","0000-00-00","","2016-07-26 17:38:29","28","2016-07-26 17:38:29","28","1"),
("74469","","","","56076","","","2228","2","1","0","500","2016-07-26","0000-00-00","","2016-07-26 17:38:39","28","2016-07-26 17:38:39","28","1"),
("74470","","","","56077","","","2228","2","5","0","500","2016-07-26","0000-00-00","","2016-07-26 17:38:46","28","2016-07-26 17:38:46","28","1"),
("74471","","","","56078","","","2165","2","1","0","1000","2016-07-26","0000-00-00","","2016-07-26 17:39:08","28","2016-07-26 17:39:08","28","1"),
("74472","","","","56079","","","2228","2","5","0","500","2016-07-26","0000-00-00","","2016-07-26 17:39:36","28","2016-07-26 17:39:36","28","1"),
("74473","","","","56080","","","2228","2","2","0","500","2016-07-26","0000-00-00","","2016-07-26 17:39:51","28","2016-07-26 17:39:51","28","1"),
("74474","","","","56081","","","2083","2","1","0","2500","2016-07-26","0000-00-00","","2016-07-26 17:40:44","28","2016-07-26 17:40:44","28","1"),
("74475","","","","56082","","","2228","2","3","0","500","2016-07-26","0000-00-00","","2016-07-26 17:40:53","28","2016-07-26 17:40:53","28","1"),
("74476","","","","56083","","","2164","2","2","0","3000","2016-07-26","0000-00-00","","2016-07-26 17:41:24","28","2016-07-26 17:41:24","28","1"),
("74477","","","","56084","","","2089","2","1","0","2500","2016-07-26","0000-00-00","","2016-07-26 17:42:29","28","2016-07-26 17:42:29","28","1"),
("74478","","","","56084","","","2076","2","1","0","2000","2016-07-26","0000-00-00","","2016-07-26 17:42:29","28","2016-07-26 17:42:29","28","1"),
("74479","","","","56084","","","2075","2","2","0","1500","2016-07-26","0000-00-00","","2016-07-26 17:42:29","28","2016-07-26 17:42:29","28","1"),
("74480","","","","56085","","","2231","2","1","0","1500","2016-07-26","0000-00-00","","2016-07-26 17:44:48","28","2016-07-26 17:44:48","28","1"),
("74481","","","","56085","","","2228","2","4","0","500","2016-07-26","0000-00-00","","2016-07-26 17:44:48","28","2016-07-26 17:44:48","28","1"),
("74482","","","","56086","","","2071","2","1","0","1000","2016-07-26","0000-00-00","","2016-07-26 17:45:56","28","2016-07-26 17:45:56","28","1"),
("74483","","","","56086","","","2082","2","1","0","2500","2016-07-26","0000-00-00","","2016-07-26 17:45:56","28","2016-07-26 17:45:56","28","1"),
("74484","","","","56086","","","2074","2","1","0","1500","2016-07-26","0000-00-00","","2016-07-26 17:45:56","28","2016-07-26 17:45:56","28","1"),
("74485","","","","56087","","","2083","2","1","0","2500","2016-07-26","0000-00-00","","2016-07-26 17:46:08","28","2016-07-26 17:46:08","28","1"),
("74486","","","","56088","","","2228","2","5","0","500","2016-07-26","0000-00-00","","2016-07-26 17:46:14","28","2016-07-26 17:46:14","28","1"),
("74487","","","","56089","","","2228","2","10","0","500","2016-07-26","0000-00-00","","2016-07-26 17:47:26","28","2016-07-26 17:47:26","28","1"),
("74488","","","","56090","","","2228","2","10","0","500","2016-07-26","0000-00-00","","2016-07-26 17:47:51","28","2016-07-26 17:47:51","28","1"),
("74489","","","","56091","","","2228","2","2","0","500","2016-07-26","0000-00-00","","2016-07-26 17:48:12","28","2016-07-26 17:48:12","28","1"),
("74490","","","","56092","","","2228","2","5","0","500","2016-07-26","0000-00-00","","2016-07-26 17:51:08","28","2016-07-26 17:51:08","28","1"),
("74491","","","","56093","","","2074","2","1","0","1500","2016-07-26","0000-00-00","","2016-07-26 17:51:16","28","2016-07-26 17:51:16","28","1"),
("74492","","","","56094","","","2084","2","1","0","2500","2016-07-26","0000-00-00","","2016-07-26 17:52:08","28","2016-07-26 17:52:08","28","1"),
("74493","","","","56095","","","2233","2","1","0","2000","2016-07-26","0000-00-00","","2016-07-26 17:52:44","28","2016-07-26 17:52:44","28","1"),
("74494","","","","56095","","","2231","2","2","0","1500","2016-07-26","0000-00-00","","2016-07-26 17:52:44","28","2016-07-26 17:52:44","28","1"),
("74495","","","","56096","","","2231","2","1","0","1500","2016-07-26","0000-00-00","","2016-07-26 17:53:27","28","2016-07-26 17:53:27","28","1"),
("74496","","","","56097","","","2228","2","4","0","500","2016-07-26","0000-00-00","","2016-07-26 17:55:37","28","2016-07-26 17:55:37","28","1"),
("74497","","","","56098","","","2072","2","1","0","1000","2016-07-26","0000-00-00","","2016-07-26 17:55:46","28","2016-07-26 17:55:46","28","1"),
("74498","","","","56098","","","2075","2","1","0","1500","2016-07-26","0000-00-00","","2016-07-26 17:55:46","28","2016-07-26 17:55:46","28","1"),
("74499","","","","56099","","","2228","2","2","0","500","2016-07-26","0000-00-00","","2016-07-26 17:56:05","28","2016-07-26 17:56:05","28","1"),
("74500","","","","56100","","","2228","2","4","0","500","2016-07-26","0000-00-00","","2016-07-26 17:59:17","28","2016-07-26 17:59:17","28","1");

DROP TABLE inventory_totals;

CREATE TABLE `inventory_totals` (
  `product_id` bigint(20) NOT NULL,
  `location_id` bigint(20) NOT NULL,
  `total_qty` double DEFAULT '0',
  `created_at` datetime NOT NULL,
  `created_by` bigint(11) NOT NULL,
  `updated_at` datetime NOT NULL,
  `updated_by` bigint(11) NOT NULL,
  PRIMARY KEY (`product_id`,`location_id`),
  KEY `product_id` (`product_id`),
  KEY `location_id` (`location_id`)
) ENGINE=InnoDB DEFAULT CHARSET=utf8 COLLATE=utf8_unicode_ci;

INSERT INTO inventory_totals VALUES("2064","2","-987","2016-05-30 20:44:40","28","2016-07-26 16:17:31","28");
INSERT INTO inventory_totals VALUES("2065","2","-10354","2016-05-30 17:12:37","28","2016-07-26 17:36:42","28");
INSERT INTO inventory_totals VALUES("2067","2","-934","2016-05-30 20:12:19","32","2016-07-26 16:16:05","32");
INSERT INTO inventory_totals VALUES("2070","2","-1461","2016-05-30 19:12:04","32","2016-07-26 16:16:05","32");
INSERT INTO inventory_totals VALUES("2071","2","-2825","2016-05-30 20:20:55","28","2016-07-26 17:45:56","28");
INSERT INTO inventory_totals VALUES("2072","2","-561","2016-06-01 10:24:38","28","2016-07-26 17:55:46","28");
INSERT INTO inventory_totals VALUES("2073","2","-1606","2016-05-30 17:09:35","28","2016-07-26 16:34:55","28");
INSERT INTO inventory_totals VALUES("2074","2","-741","2016-05-30 17:09:50","28","2016-07-26 17:51:16","28");
INSERT INTO inventory_totals VALUES("2075","2","-1454","2016-05-30 19:40:28","28","2016-07-26 17:55:46","28");
INSERT INTO inventory_totals VALUES("2076","2","-643","2016-05-30 17:15:10","28","2016-07-26 17:42:29","28");
INSERT INTO inventory_totals VALUES("2077","2","-187","2016-06-02 16:11:58","28","2016-07-26 07:35:24","28");
INSERT INTO inventory_totals VALUES("2078","2","-511","2016-05-31 07:51:51","32","2016-07-26 15:57:56","32");
INSERT INTO inventory_totals VALUES("2079","2","-358","2016-05-30 17:34:03","32","2016-07-26 10:07:18","32");
INSERT INTO inventory_totals VALUES("2082","2","-277","2016-05-30 20:35:30","28","2016-07-26 17:45:56","28");
INSERT INTO inventory_totals VALUES("2083","2","-3681","2016-05-30 17:13:02","28","2016-07-26 17:46:08","28");
INSERT INTO inventory_totals VALUES("2084","2","-483","2016-05-30 17:13:26","28","2016-07-26 17:52:08","28");
INSERT INTO inventory_totals VALUES("2085","2","-473","2016-05-30 18:17:34","28","2016-07-26 09:10:52","28");
INSERT INTO inventory_totals VALUES("2088","2","-217","2016-05-31 08:25:04","28","2016-07-26 15:33:27","28");
INSERT INTO inventory_totals VALUES("2089","2","-170","2016-06-06 07:55:52","28","2016-07-26 17:42:29","28");
INSERT INTO inventory_totals VALUES("2090","2","-358","2016-06-03 07:53:09","28","2016-07-26 17:18:46","28");
INSERT INTO inventory_totals VALUES("2092","2","-22","2016-06-05 13:07:45","32","2016-06-26 17:13:30","32");
INSERT INTO inventory_totals VALUES("2093","2","-1335","2016-05-31 08:55:09","28","2016-07-26 15:17:03","28");
INSERT INTO inventory_totals VALUES("2095","2","-3476","2016-05-30 16:57:46","28","2016-07-26 17:32:59","28");
INSERT INTO inventory_totals VALUES("2097","2","-154","2016-05-31 11:50:36","32","2016-07-26 09:51:21","32");
INSERT INTO inventory_totals VALUES("2098","2","-145","2016-05-31 11:48:59","32","2016-07-26 16:53:53","32");
INSERT INTO inventory_totals VALUES("2099","2","-821","2016-05-30 19:54:32","28","2016-07-26 17:20:03","28");
INSERT INTO inventory_totals VALUES("2100","2","-127","2016-06-01 11:05:58","26","2016-07-24 14:33:10","26");
INSERT INTO inventory_totals VALUES("2101","2","-4","2016-06-04 16:36:48","28","2016-06-15 08:23:32","28");
INSERT INTO inventory_totals VALUES("2102","2","-250","2016-05-30 18:50:51","32","2016-07-26 16:49:28","32");
INSERT INTO inventory_totals VALUES("2103","2","-166","2016-05-30 18:21:22","28","2016-07-25 19:25:58","28");
INSERT INTO inventory_totals VALUES("2104","2","-2127","2016-05-30 18:45:00","28","2016-07-26 16:50:27","28");
INSERT INTO inventory_totals VALUES("2105","2","-99","2016-05-31 04:27:09","26","2016-07-25 15:24:40","26");
INSERT INTO inventory_totals VALUES("2107","2","-1248","2016-05-30 17:13:44","32","2016-07-26 17:00:57","32");
INSERT INTO inventory_totals VALUES("2108","2","-2","2016-06-22 07:31:24","26","2016-07-16 06:34:13","26");
INSERT INTO inventory_totals VALUES("2109","2","-4","2016-06-02 11:24:48","26","2016-07-14 13:26:17","26");
INSERT INTO inventory_totals VALUES("2110","2","-551","2016-05-31 09:56:02","26","2016-07-26 14:55:32","26");
INSERT INTO inventory_totals VALUES("2111","2","-101","2016-05-31 06:44:27","28","2016-07-25 20:03:16","28");
INSERT INTO inventory_totals VALUES("2112","2","-222","2016-05-31 17:42:17","28","2016-07-25 16:52:33","28");
INSERT INTO inventory_totals VALUES("2113","2","-401","2016-05-31 06:07:51","28","2016-07-26 16:05:58","28");
INSERT INTO inventory_totals VALUES("2114","2","-49","2016-05-31 17:05:12","32","2016-07-25 10:05:59","32");
INSERT INTO inventory_totals VALUES("2116","2","-110","2016-05-30 19:09:50","28","2016-07-26 11:39:26","28");
INSERT INTO inventory_totals VALUES("2117","2","-125","2016-05-31 15:15:55","28","2016-07-26 11:39:26","28");
INSERT INTO inventory_totals VALUES("2118","2","-1224","2016-05-30 17:25:00","28","2016-07-26 16:11:50","28");
INSERT INTO inventory_totals VALUES("2119","2","-116","2016-05-31 04:10:53","32","2016-07-26 15:32:02","32");
INSERT INTO inventory_totals VALUES("2120","2","-23","2016-06-01 15:07:34","28","2016-06-24 08:28:25","28");
INSERT INTO inventory_totals VALUES("2121","2","-440","2016-05-30 16:56:09","32","2016-07-26 16:09:27","32");
INSERT INTO inventory_totals VALUES("2125","2","-2450","2016-05-30 17:14:38","32","2016-07-26 15:59:47","32");
INSERT INTO inventory_totals VALUES("2126","2","-1156","2016-05-30 17:17:44","32","2016-07-26 16:13:36","32");
INSERT INTO inventory_totals VALUES("2127","2","-1","2016-06-01 09:16:57","28","2016-06-01 09:16:57","28");
INSERT INTO inventory_totals VALUES("2128","2","-3","2016-05-30 17:17:34","27","2016-05-31 08:21:59","27");
INSERT INTO inventory_totals VALUES("2129","2","-85","2016-05-31 08:02:05","28","2016-07-26 07:24:59","28");
INSERT INTO inventory_totals VALUES("2130","2","-2","2016-05-31 11:51:20","28","2016-05-31 12:08:32","28");
INSERT INTO inventory_totals VALUES("2131","2","-5","2016-06-02 09:48:54","28","2016-06-11 08:04:29","28");
INSERT INTO inventory_totals VALUES("2133","2","-245","2016-05-30 20:04:42","32","2016-07-25 12:56:04","32");
INSERT INTO inventory_totals VALUES("2134","2","-1147","2016-05-30 17:16:20","28","2016-07-26 15:51:36","28");
INSERT INTO inventory_totals VALUES("2135","2","-160","2016-05-31 18:50:40","32","2016-07-25 16:44:51","32");
INSERT INTO inventory_totals VALUES("2136","2","-440","2016-05-30 17:16:20","32","2016-07-25 18:20:02","32");
INSERT INTO inventory_totals VALUES("2137","2","-176","2016-05-30 17:00:35","28","2016-07-25 17:50:07","28");
INSERT INTO inventory_totals VALUES("2138","2","-66","2016-06-01 18:10:15","28","2016-07-25 11:28:57","28");
INSERT INTO inventory_totals VALUES("2139","2","-102","2016-05-30 19:37:44","28","2016-07-26 15:44:18","28");
INSERT INTO inventory_totals VALUES("2140","2","-251","2016-05-30 17:16:20","32","2016-07-26 12:54:43","32");
INSERT INTO inventory_totals VALUES("2141","2","-93","2016-05-31 16:15:13","26","2016-07-25 14:50:46","26");
INSERT INTO inventory_totals VALUES("2142","2","-12","2016-06-04 12:04:34","28","2016-07-16 14:20:54","28");
INSERT INTO inventory_totals VALUES("2143","2","-16","2016-06-01 14:37:00","28","2016-07-22 10:31:42","28");
INSERT INTO inventory_totals VALUES("2144","2","-6","2016-06-02 16:28:24","28","2016-07-22 18:41:13","28");
INSERT INTO inventory_totals VALUES("2146","2","-787","2016-05-31 04:25:13","28","2016-07-26 16:21:09","28");
INSERT INTO inventory_totals VALUES("2163","2","-839","2016-05-30 19:12:04","28","2016-07-26 11:39:25","28");
INSERT INTO inventory_totals VALUES("2164","2","-3537","2016-05-30 16:53:06","28","2016-07-26 17:41:24","28");
INSERT INTO inventory_totals VALUES("2165","2","-738","2016-05-30 17:13:26","28","2016-07-26 17:39:08","28");
INSERT INTO inventory_totals VALUES("2166","2","-12285","2016-05-30 15:16:51","28","2016-07-26 16:57:12","28");
INSERT INTO inventory_totals VALUES("2172","2","-1078","2016-05-30 17:07:00","28","2016-07-26 17:36:42","28");
INSERT INTO inventory_totals VALUES("2173","2","-165","2016-05-31 10:33:36","26","2016-07-25 13:59:43","26");
INSERT INTO inventory_totals VALUES("2174","2","-65","2016-05-31 09:21:36","28","2016-07-26 12:32:51","28");
INSERT INTO inventory_totals VALUES("2178","2","-29","2016-06-02 05:19:47","26","2016-07-23 15:37:22","26");
INSERT INTO inventory_totals VALUES("2179","2","-2","2016-06-19 13:01:57","26","2016-06-22 13:15:45","26");
INSERT INTO inventory_totals VALUES("2182","2","-277","2016-05-30 18:50:52","28","2016-07-26 15:50:42","28");
INSERT INTO inventory_totals VALUES("2183","2","-5","2016-06-17 08:39:20","28","2016-07-10 20:20:53","28");
INSERT INTO inventory_totals VALUES("2188","2","-34","2016-06-02 05:19:47","26","2016-07-23 15:37:22","26");
INSERT INTO inventory_totals VALUES("2197","2","-1122","2016-05-31 05:33:48","26","2016-07-26 14:13:13","26");
INSERT INTO inventory_totals VALUES("2198","2","-51","2016-05-31 06:32:11","26","2016-07-23 14:07:35","26");
INSERT INTO inventory_totals VALUES("2199","2","-80","2016-05-30 20:45:32","32","2016-07-15 11:38:49","32");
INSERT INTO inventory_totals VALUES("2201","2","-1","2016-07-22 07:59:15","28","2016-07-22 07:59:15","28");
INSERT INTO inventory_totals VALUES("2202","2","-12","2016-06-05 05:43:31","26","2016-07-14 06:04:21","26");
INSERT INTO inventory_totals VALUES("2203","2","-27","2016-06-01 18:10:15","28","2016-07-14 12:28:33","28");
INSERT INTO inventory_totals VALUES("2204","2","-14","2016-06-05 15:46:14","28","2016-07-25 11:28:56","28");
INSERT INTO inventory_totals VALUES("2206","2","-6","2016-06-11 18:11:55","32","2016-07-19 18:21:51","32");
INSERT INTO inventory_totals VALUES("2207","2","-67","2016-06-05 20:28:13","28","2016-07-24 08:45:28","28");
INSERT INTO inventory_totals VALUES("2208","2","-9","2016-06-03 12:29:19","28","2016-07-22 16:13:30","28");
INSERT INTO inventory_totals VALUES("2209","2","-3","2016-06-01 15:42:51","28","2016-07-13 20:12:25","28");
INSERT INTO inventory_totals VALUES("2213","2","-45","2016-06-08 08:14:22","28","2016-07-22 19:09:38","28");
INSERT INTO inventory_totals VALUES("2217","2","-24","2016-06-03 19:05:30","28","2016-07-25 16:08:27","28");
INSERT INTO inventory_totals VALUES("2218","2","-105","2016-05-31 10:46:14","28","2016-07-26 12:30:39","28");
INSERT INTO inventory_totals VALUES("2219","2","-303","2016-06-02 07:11:01","32","2016-07-26 16:26:28","32");
INSERT INTO inventory_totals VALUES("2220","2","-1150","2016-06-06 12:05:02","28","2016-07-12 17:18:00","28");
INSERT INTO inventory_totals VALUES("2226","2","-754","2016-05-30 20:29:24","26","2016-07-26 07:14:41","26");
INSERT INTO inventory_totals VALUES("2228","2","-153481","2016-05-30 16:53:06","28","2016-07-26 17:59:17","28");
INSERT INTO inventory_totals VALUES("2229","2","-81163","2016-05-30 18:02:49","28","2016-07-26 17:25:05","28");
INSERT INTO inventory_totals VALUES("2231","2","-29877","2016-05-30 16:58:22","28","2016-07-26 17:53:27","28");
INSERT INTO inventory_totals VALUES("2232","2","-3027","2016-05-30 18:38:35","28","2016-07-26 15:44:28","28");
INSERT INTO inventory_totals VALUES("2233","2","-6537","2016-05-30 19:34:27","28","2016-07-26 17:52:44","28");
INSERT INTO inventory_totals VALUES("2235","2","-1397","2016-05-30 19:37:44","32","2016-07-26 16:57:12","32");
INSERT INTO inventory_totals VALUES("2236","2","-821","2016-05-30 20:25:09","26","2016-07-26 13:48:54","26");
INSERT INTO inventory_totals VALUES("2237","2","-57","2016-06-06 07:55:52","28","2016-07-26 16:47:29","28");
INSERT INTO inventory_totals VALUES("2238","2","-189","2016-05-31 06:54:44","28","2016-07-26 11:05:38","28");
INSERT INTO inventory_totals VALUES("2239","2","-458","2016-05-31 11:09:13","32","2016-07-19 08:38:36","32");
INSERT INTO inventory_totals VALUES("2240","2","-1778","2016-05-30 16:58:52","28","2016-07-26 16:53:36","28");
INSERT INTO inventory_totals VALUES("2241","2","-145","2016-05-31 13:05:46","32","2016-07-26 16:37:42","32");
INSERT INTO inventory_totals VALUES("2243","2","-133","2016-05-30 17:15:34","28","2016-07-26 17:37:22","28");
INSERT INTO inventory_totals VALUES("2250","2","-5097","2016-05-30 17:14:11","32","2016-07-26 17:01:55","32");
INSERT INTO inventory_totals VALUES("2251","2","-1","2016-07-09 18:58:52","28","2016-07-09 18:58:52","28");
INSERT INTO inventory_totals VALUES("2252","2","-90","2016-06-04 16:15:52","28","2016-07-24 15:12:07","28");
INSERT INTO inventory_totals VALUES("2253","2","-127","2016-05-31 13:24:22","26","2016-07-26 07:55:32","26");
INSERT INTO inventory_totals VALUES("2254","2","-899","2016-05-31 18:14:09","28","2016-07-25 06:19:48","28");
INSERT INTO inventory_totals VALUES("2255","2","-398","2016-06-02 18:24:09","32","2016-07-26 16:53:53","32");
INSERT INTO inventory_totals VALUES("2256","2","-28","2016-06-02 17:07:21","28","2016-07-07 23:27:23","28");
INSERT INTO inventory_totals VALUES("2257","2","-246","2016-06-02 18:53:00","28","2016-07-26 16:50:18","28");
INSERT INTO inventory_totals VALUES("2258","2","-52","2016-06-06 11:06:36","28","2016-07-25 11:34:29","28");
INSERT INTO inventory_totals VALUES("2259","2","-74","2016-06-22 14:12:02","28","2016-07-25 20:53:07","28");
INSERT INTO inventory_totals VALUES("2260","2","-22","2016-07-11 05:45:45","28","2016-07-25 17:09:36","28");
INSERT INTO inventory_totals VALUES("2262","2","-1","2016-07-21 07:37:38","26","2016-07-21 07:37:38","26");



DROP TABLE inventory_total_details;

CREATE TABLE `inventory_total_details` (
  `product_id` bigint(20) NOT NULL,
  `location_id` bigint(20) NOT NULL,
  `total_cycle` double DEFAULT '0',
  `total_so` double DEFAULT '0',
  `total_pos` double DEFAULT '0',
  `total_cm` double DEFAULT '0',
  `total_to_in` double DEFAULT '0',
  `total_to_out` double DEFAULT '0',
  `date` date NOT NULL,
  `created_at` datetime NOT NULL,
  `created_by` bigint(11) NOT NULL,
  `updated_at` datetime NOT NULL,
  `updated_by` bigint(11) NOT NULL,
  PRIMARY KEY (`product_id`,`location_id`,`date`),
  KEY `product_id` (`product_id`),
  KEY `location_id` (`location_id`),
  KEY `date` (`date`)
) ENGINE=InnoDB DEFAULT CHARSET=utf8 COLLATE=utf8_unicode_ci;

INSERT INTO inventory_total_details VALUES("2064","2","0","0","-1","0","0","0","2016-05-30","2016-05-30 20:44:40","24","2016-05-30 20:44:40","24");
INSERT INTO inventory_total_details VALUES("2065","2","0","0","-2","0","0","0","2016-05-30","2016-05-30 17:12:37","24","2016-05-30 21:01:14","24");
INSERT INTO inventory_total_details VALUES("2067","2","0","0","-2","0","0","0","2016-05-30","2016-05-30 20:12:19","24","2016-05-30 20:37:06","24");
INSERT INTO inventory_total_details VALUES("2070","2","0","0","-3","0","0","0","2016-05-30","2016-05-30 19:12:04","27","2016-05-30 19:12:04","27");
INSERT INTO inventory_total_details VALUES("2071","2","0","0","-1","0","0","0","2016-05-30","2016-05-30 20:20:55","24","2016-05-30 20:20:55","24");
INSERT INTO inventory_total_details VALUES("2072","2","0","0","-5","0","0","0","2016-06-01","2016-06-01 10:24:38","27","2016-06-01 17:19:29","27");
INSERT INTO inventory_total_details VALUES("2073","2","0","0","-2","0","0","0","2016-05-30","2016-05-30 17:09:35","24","2016-05-30 20:20:55","24");
INSERT INTO inventory_total_details VALUES("2074","2","0","0","-1","0","0","0","2016-05-30","2016-05-30 17:09:51","1","2016-05-30 17:09:51","1");
INSERT INTO inventory_total_details VALUES("2075","2","0","0","-2","0","0","0","2016-05-30","2016-05-30 19:40:28","27","2016-05-30 19:40:28","27");
INSERT INTO inventory_total_details VALUES("2076","2","0","0","-1","0","0","0","2016-05-30","2016-05-30 17:15:10","27","2016-05-30 19:40:28","27");
INSERT INTO inventory_total_details VALUES("2077","2","0","0","-2","0","0","0","2016-06-02","2016-06-02 16:11:58","27","2016-06-02 16:11:58","27");
INSERT INTO inventory_total_details VALUES("2078","2","0","0","-1","0","0","0","2016-05-31","2016-05-31 07:51:51","1","2016-05-31 13:22:44","1");
INSERT INTO inventory_total_details VALUES("2079","2","0","0","-1","0","0","0","2016-05-30","2016-05-30 17:34:03","1","2016-05-30 17:34:03","1");
INSERT INTO inventory_total_details VALUES("2082","2","0","0","-1","0","0","0","2016-05-30","2016-05-30 20:35:30","24","2016-05-30 20:35:30","24");
INSERT INTO inventory_total_details VALUES("2083","2","0","0","-2","0","0","0","2016-05-30","2016-05-30 17:13:02","24","2016-05-30 20:44:10","24");
INSERT INTO inventory_total_details VALUES("2084","2","0","0","-1","0","0","0","2016-05-30","2016-05-30 17:13:26","24","2016-05-30 20:36:29","24");
INSERT INTO inventory_total_details VALUES("2085","2","0","0","-1","0","0","0","2016-05-30","2016-05-30 18:17:35","24","2016-05-30 18:17:35","24");
INSERT INTO inventory_total_details VALUES("2088","2","0","0","-1","0","0","0","2016-05-31","2016-05-31 08:25:04","1","2016-05-31 15:55:07","1");
INSERT INTO inventory_total_details VALUES("2089","2","0","0","-1","0","0","0","2016-06-06","2016-06-06 07:55:52","28","2016-06-06 20:21:02","28");
INSERT INTO inventory_total_details VALUES("2090","2","0","0","-3","0","0","0","2016-06-03","2016-06-03 07:53:09","28","2016-06-03 17:42:59","28");
INSERT INTO inventory_total_details VALUES("2092","2","0","0","-2","0","0","0","2016-06-05","2016-06-05 13:07:45","26","2016-06-05 13:07:45","26");
INSERT INTO inventory_total_details VALUES("2093","2","0","0","-2","0","0","0","2016-05-31","2016-05-31 08:55:09","24","2016-05-31 18:27:26","24");
INSERT INTO inventory_total_details VALUES("2095","2","0","0","-1","0","0","0","2016-05-30","2016-05-30 16:57:46","24","2016-05-30 21:01:14","24");
INSERT INTO inventory_total_details VALUES("2097","2","0","0","-2","0","0","0","2016-05-31","2016-05-31 11:50:36","1","2016-05-31 11:57:30","1");
INSERT INTO inventory_total_details VALUES("2098","2","0","0","-1","0","0","0","2016-05-31","2016-05-31 11:48:59","1","2016-05-31 16:06:30","1");
INSERT INTO inventory_total_details VALUES("2099","2","0","0","-1","0","0","0","2016-05-30","2016-05-30 19:54:32","24","2016-05-30 20:46:56","24");
INSERT INTO inventory_total_details VALUES("2100","2","0","0","-6","0","0","0","2016-06-01","2016-06-01 11:05:58","28","2016-06-01 11:05:58","28");
INSERT INTO inventory_total_details VALUES("2101","2","0","0","-1","0","0","0","2016-06-04","2016-06-04 16:36:48","27","2016-06-04 16:36:48","27");
INSERT INTO inventory_total_details VALUES("2102","2","0","0","-1","0","0","0","2016-05-30","2016-05-30 18:50:51","27","2016-05-30 19:01:27","27");
INSERT INTO inventory_total_details VALUES("2103","2","0","0","-1","0","0","0","2016-05-30","2016-05-30 18:21:22","24","2016-05-30 18:21:22","24");
INSERT INTO inventory_total_details VALUES("2104","2","0","0","-1","0","0","0","2016-05-30","2016-05-30 18:45:00","24","2016-05-30 20:35:30","24");
INSERT INTO inventory_total_details VALUES("2105","2","0","0","-2","0","0","0","2016-05-31","2016-05-31 04:27:09","28","2016-05-31 11:08:37","28");
INSERT INTO inventory_total_details VALUES("2107","2","0","0","-2","0","0","0","2016-05-30","2016-05-30 17:13:44","1","2016-05-30 17:13:44","1");
INSERT INTO inventory_total_details VALUES("2108","2","0","0","-1","0","0","0","2016-06-22","2016-06-22 07:31:24","26","2016-06-22 07:31:24","26");
INSERT INTO inventory_total_details VALUES("2109","2","0","0","-1","0","0","0","2016-06-02","2016-06-02 11:24:48","28","2016-06-02 11:24:48","28");
INSERT INTO inventory_total_details VALUES("2110","2","0","0","-2","0","0","0","2016-05-31","2016-05-31 09:56:02","1","2016-05-31 16:59:11","1");
INSERT INTO inventory_total_details VALUES("2111","2","0","0","-1","0","0","0","2016-05-31","2016-05-31 06:44:27","1","2016-05-31 15:24:34","1");
INSERT INTO inventory_total_details VALUES("2112","2","0","0","-1","0","0","0","2016-05-31","2016-05-31 17:42:17","28","2016-05-31 17:42:17","28");
INSERT INTO inventory_total_details VALUES("2113","2","0","0","-1","0","0","0","2016-05-31","2016-05-31 06:07:51","28","2016-05-31 10:55:17","28");
INSERT INTO inventory_total_details VALUES("2114","2","0","0","-1","0","0","0","2016-05-31","2016-05-31 17:05:12","1","2016-05-31 17:05:12","1");
INSERT INTO inventory_total_details VALUES("2116","2","0","0","-1","0","0","0","2016-05-30","2016-05-30 19:09:50","27","2016-05-30 19:09:50","27");
INSERT INTO inventory_total_details VALUES("2117","2","0","0","-1","0","0","0","2016-05-31","2016-05-31 15:15:55","28","2016-05-31 15:15:55","28");
INSERT INTO inventory_total_details VALUES("2118","2","0","0","-2","0","0","0","2016-05-30","2016-05-30 17:25:00","24","2016-05-30 20:35:09","24");
INSERT INTO inventory_total_details VALUES("2119","2","0","0","-1","0","0","0","2016-05-31","2016-05-31 04:10:53","28","2016-05-31 19:23:07","28");
INSERT INTO inventory_total_details VALUES("2120","2","0","0","-4","0","0","0","2016-06-01","2016-06-01 15:07:34","28","2016-06-01 15:07:34","28");
INSERT INTO inventory_total_details VALUES("2121","2","0","0","-1","0","0","0","2016-05-30","2016-05-30 16:56:09","24","2016-05-30 17:57:00","24");
INSERT INTO inventory_total_details VALUES("2125","2","0","0","-1","0","0","0","2016-05-30","2016-05-30 17:14:38","24","2016-05-30 20:45:32","24");
INSERT INTO inventory_total_details VALUES("2126","2","0","0","-1","0","0","0","2016-05-30","2016-05-30 17:17:44","24","2016-05-30 20:46:56","24");
INSERT INTO inventory_total_details VALUES("2127","2","0","0","-1","0","0","0","2016-06-01","2016-06-01 09:16:57","28","2016-06-01 09:16:57","28");
INSERT INTO inventory_total_details VALUES("2128","2","0","0","-1","0","0","0","2016-05-30","2016-05-30 17:17:34","27","2016-05-30 18:49:32","27");
INSERT INTO inventory_total_details VALUES("2129","2","0","0","-1","0","0","0","2016-05-31","2016-05-31 08:02:05","28","2016-05-31 12:43:49","28");
INSERT INTO inventory_total_details VALUES("2130","2","0","0","-1","0","0","0","2016-05-31","2016-05-31 11:51:20","28","2016-05-31 12:08:32","28");
INSERT INTO inventory_total_details VALUES("2131","2","0","0","-1","0","0","0","2016-06-02","2016-06-02 09:48:54","28","2016-06-02 09:48:54","28");
INSERT INTO inventory_total_details VALUES("2133","2","0","0","-1","0","0","0","2016-05-30","2016-05-30 20:04:42","24","2016-05-30 20:04:42","24");
INSERT INTO inventory_total_details VALUES("2134","2","0","0","-2","0","0","0","2016-05-30","2016-05-30 17:16:20","27","2016-05-30 18:50:52","27");
INSERT INTO inventory_total_details VALUES("2135","2","0","0","-2","0","0","0","2016-05-31","2016-05-31 18:50:40","24","2016-05-31 18:50:40","24");
INSERT INTO inventory_total_details VALUES("2136","2","0","0","-2","0","0","0","2016-05-30","2016-05-30 17:16:20","27","2016-05-30 18:50:52","27");
INSERT INTO inventory_total_details VALUES("2137","2","0","0","-1","0","0","0","2016-05-30","2016-05-30 17:00:35","1","2016-05-30 17:00:35","1");
INSERT INTO inventory_total_details VALUES("2138","2","0","0","-1","0","0","0","2016-06-01","2016-06-01 18:10:15","27","2016-06-01 18:10:15","27");
INSERT INTO inventory_total_details VALUES("2139","2","0","0","-1","0","0","0","2016-05-30","2016-05-30 19:37:44","27","2016-05-30 19:37:44","27");
INSERT INTO inventory_total_details VALUES("2140","2","0","0","-1","0","0","0","2016-05-30","2016-05-30 17:16:20","27","2016-05-30 18:50:52","27");
INSERT INTO inventory_total_details VALUES("2141","2","0","0","-1","0","0","0","2016-05-31","2016-05-31 16:15:13","1","2016-05-31 16:15:13","1");
INSERT INTO inventory_total_details VALUES("2142","2","0","0","-1","0","0","0","2016-06-04","2016-06-04 12:04:34","27","2016-06-04 16:08:30","27");
INSERT INTO inventory_total_details VALUES("2143","2","0","0","-1","0","0","0","2016-06-01","2016-06-01 14:37:00","24","2016-06-01 14:37:00","24");
INSERT INTO inventory_total_details VALUES("2144","2","0","0","-1","0","0","0","2016-06-02","2016-06-02 16:28:24","27","2016-06-02 16:28:24","27");
INSERT INTO inventory_total_details VALUES("2146","2","0","0","-1","0","0","0","2016-05-31","2016-05-31 04:25:13","28","2016-05-31 19:18:40","28");
INSERT INTO inventory_total_details VALUES("2163","2","0","0","-1","0","0","0","2016-05-30","2016-05-30 19:12:04","24","2016-05-30 20:36:29","24");
INSERT INTO inventory_total_details VALUES("2164","2","0","0","-1","0","0","0","2016-05-30","2016-05-30 16:53:06","27","2016-05-30 19:14:29","27");
INSERT INTO inventory_total_details VALUES("2165","2","0","0","-1","0","0","0","2016-05-30","2016-05-30 17:13:26","1","2016-05-30 17:13:26","1");
INSERT INTO inventory_total_details VALUES("2166","2","0","0","-8","0","0","0","2016-05-30","2016-05-30 15:16:51","1","2016-05-30 16:55:10","1");
INSERT INTO inventory_total_details VALUES("2172","2","0","0","-1","0","0","0","2016-05-30","2016-05-30 17:07:00","24","2016-05-30 20:45:07","24");
INSERT INTO inventory_total_details VALUES("2173","2","0","0","-1","0","0","0","2016-05-31","2016-05-31 10:33:37","28","2016-05-31 11:09:13","28");
INSERT INTO inventory_total_details VALUES("2174","2","0","0","-1","0","0","0","2016-05-31","2016-05-31 09:21:37","24","2016-05-31 09:21:37","24");
INSERT INTO inventory_total_details VALUES("2178","2","0","0","-1","0","0","0","2016-06-02","2016-06-02 05:19:47","24","2016-06-02 05:19:47","24");
INSERT INTO inventory_total_details VALUES("2179","2","0","0","-1","0","0","0","2016-06-19","2016-06-19 13:01:57","26","2016-06-19 13:01:57","26");
INSERT INTO inventory_total_details VALUES("2182","2","0","0","-1","0","0","0","2016-05-30","2016-05-30 18:50:52","27","2016-05-30 18:50:52","27");
INSERT INTO inventory_total_details VALUES("2183","2","0","0","-1","0","0","0","2016-06-17","2016-06-17 08:39:20","26","2016-06-17 08:39:20","26");
INSERT INTO inventory_total_details VALUES("2188","2","0","0","-1","0","0","0","2016-06-02","2016-06-02 05:19:47","27","2016-06-02 19:29:45","27");
INSERT INTO inventory_total_details VALUES("2197","2","0","0","-2","0","0","0","2016-05-31","2016-05-31 05:33:48","24","2016-05-31 18:01:04","24");
INSERT INTO inventory_total_details VALUES("2198","2","0","0","-1","0","0","0","2016-05-31","2016-05-31 06:32:11","28","2016-05-31 15:18:23","28");
INSERT INTO inventory_total_details VALUES("2199","2","0","0","-1","0","0","0","2016-05-30","2016-05-30 20:45:32","24","2016-05-30 20:45:32","24");
INSERT INTO inventory_total_details VALUES("2201","2","0","0","-1","0","0","0","2016-07-22","2016-07-22 07:59:15","28","2016-07-22 07:59:15","28");
INSERT INTO inventory_total_details VALUES("2202","2","0","0","-1","0","0","0","2016-06-05","2016-06-05 05:43:31","24","2016-06-05 05:43:31","24");
INSERT INTO inventory_total_details VALUES("2203","2","0","0","-2","0","0","0","2016-06-01","2016-06-01 18:10:15","27","2016-06-01 18:10:15","27");
INSERT INTO inventory_total_details VALUES("2204","2","0","0","-1","0","0","0","2016-06-05","2016-06-05 15:46:14","24","2016-06-05 15:46:14","24");
INSERT INTO inventory_total_details VALUES("2206","2","0","0","-2","0","0","0","2016-06-11","2016-06-11 18:11:55","26","2016-06-11 18:11:55","26");
INSERT INTO inventory_total_details VALUES("2207","2","0","0","-1","0","0","0","2016-06-05","2016-06-05 20:28:13","28","2016-06-05 20:28:13","28");
INSERT INTO inventory_total_details VALUES("2208","2","0","0","-1","0","0","0","2016-06-03","2016-06-03 12:29:19","24","2016-06-03 12:29:19","24");
INSERT INTO inventory_total_details VALUES("2209","2","0","0","-1","0","0","0","2016-06-01","2016-06-01 15:42:51","24","2016-06-01 15:42:51","24");
INSERT INTO inventory_total_details VALUES("2213","2","0","0","-1","0","0","0","2016-06-08","2016-06-08 08:14:22","28","2016-06-08 08:14:22","28");
INSERT INTO inventory_total_details VALUES("2217","2","0","0","-2","0","0","0","2016-06-03","2016-06-03 19:05:30","28","2016-06-03 19:05:30","28");
INSERT INTO inventory_total_details VALUES("2218","2","0","0","-1","0","0","0","2016-05-31","2016-05-31 10:46:14","28","2016-05-31 18:18:24","28");
INSERT INTO inventory_total_details VALUES("2219","2","0","0","-1","0","0","0","2016-06-02","2016-06-02 07:11:01","27","2016-06-02 20:39:25","27");
INSERT INTO inventory_total_details VALUES("2220","2","0","0","-120","0","0","0","2016-06-06","2016-06-06 12:05:02","28","2016-06-06 12:05:02","28");
INSERT INTO inventory_total_details VALUES("2226","2","0","0","-1","0","0","0","2016-05-30","2016-05-30 20:29:24","24","2016-05-30 20:29:24","24");
INSERT INTO inventory_total_details VALUES("2228","2","0","0","-1","0","0","0","2016-05-30","2016-05-30 16:53:07","24","2016-05-30 20:52:03","24");
INSERT INTO inventory_total_details VALUES("2229","2","0","0","-10","0","0","0","2016-05-30","2016-05-30 18:02:49","24","2016-05-30 20:49:46","24");
INSERT INTO inventory_total_details VALUES("2231","2","0","0","-3","0","0","0","2016-05-30","2016-05-30 16:58:22","24","2016-05-30 21:01:14","24");
INSERT INTO inventory_total_details VALUES("2232","2","0","0","-2","0","0","0","2016-05-30","2016-05-30 18:38:35","27","2016-05-30 18:38:35","27");
INSERT INTO inventory_total_details VALUES("2233","2","0","0","-3","0","0","0","2016-05-30","2016-05-30 19:34:27","27","2016-05-30 19:51:04","27");
INSERT INTO inventory_total_details VALUES("2235","2","0","0","-1","0","0","0","2016-05-30","2016-05-30 19:37:45","27","2016-05-30 19:55:59","27");
INSERT INTO inventory_total_details VALUES("2236","2","0","0","-1","0","0","0","2016-05-30","2016-05-30 20:25:09","24","2016-05-30 20:25:09","24");
INSERT INTO inventory_total_details VALUES("2237","2","0","0","-2","0","0","0","2016-06-06","2016-06-06 07:55:52","26","2016-06-06 07:55:52","26");
INSERT INTO inventory_total_details VALUES("2238","2","0","0","-2","0","0","0","2016-05-31","2016-05-31 06:54:44","28","2016-05-31 18:18:35","28");
INSERT INTO inventory_total_details VALUES("2239","2","0","0","-1","0","0","0","2016-05-31","2016-05-31 11:09:13","28","2016-05-31 19:15:47","28");
INSERT INTO inventory_total_details VALUES("2240","2","0","0","-1","0","0","0","2016-05-30","2016-05-30 16:58:52","27","2016-05-30 19:23:13","27");
INSERT INTO inventory_total_details VALUES("2241","2","0","0","-1","0","0","0","2016-05-31","2016-05-31 13:05:46","28","2016-05-31 18:12:43","28");
INSERT INTO inventory_total_details VALUES("2243","2","0","0","-2","0","0","0","2016-05-30","2016-05-30 17:15:34","1","2016-05-30 17:15:34","1");
INSERT INTO inventory_total_details VALUES("2250","2","0","0","-1","0","0","0","2016-05-30","2016-05-30 17:14:12","24","2016-05-30 20:46:56","24");
INSERT INTO inventory_total_details VALUES("2251","2","0","0","-1","0","0","0","2016-07-09","2016-07-09 18:58:52","28","2016-07-09 18:58:52","28");
INSERT INTO inventory_total_details VALUES("2252","2","0","0","-3","0","0","0","2016-06-04","2016-06-04 16:15:52","28","2016-06-04 20:22:10","28");
INSERT INTO inventory_total_details VALUES("2253","2","0","0","-1","0","0","0","2016-05-31","2016-05-31 13:24:22","28","2016-05-31 13:24:22","28");
INSERT INTO inventory_total_details VALUES("2254","2","0","0","-5","0","0","0","2016-05-31","2016-05-31 18:14:09","28","2016-05-31 20:17:14","28");
INSERT INTO inventory_total_details VALUES("2255","2","0","0","-5","0","0","0","2016-06-02","2016-06-02 18:24:09","24","2016-06-02 18:24:09","24");
INSERT INTO inventory_total_details VALUES("2256","2","0","0","-1","0","0","0","2016-06-02","2016-06-02 17:07:21","28","2016-06-02 18:40:44","28");
INSERT INTO inventory_total_details VALUES("2257","2","0","0","-1","0","0","0","2016-06-02","2016-06-02 18:53:00","28","2016-06-02 18:53:00","28");
INSERT INTO inventory_total_details VALUES("2258","2","0","0","-1","0","0","0","2016-06-06","2016-06-06 11:06:36","26","2016-06-06 11:06:36","26");
INSERT INTO inventory_total_details VALUES("2259","2","0","0","-2","0","0","0","2016-06-22","2016-06-22 14:12:02","28","2016-06-22 19:30:07","28");
INSERT INTO inventory_total_details VALUES("2260","2","0","0","-1","0","0","0","2016-07-11","2016-07-11 05:45:45","26","2016-07-11 05:45:45","26");
INSERT INTO inventory_total_details VALUES("2262","2","0","0","-1","0","0","0","2016-07-21","2016-07-21 07:37:38","26","2016-07-21 07:37:38","26");



INSERT INTO sales_orders VALUES("55887","2","1","","16SO055865","3000","0.75","0","0","0","2016-07-26","2016-07-26","","2016-07-26 15:01:45","26","2016-07-26 15:01:45","26","1","1","0"),
("55888","2","1","","16SO055866","1500","0.375","0","0","0","2016-07-26","2016-07-26","","2016-07-26 15:07:53","28","2016-07-26 15:07:53","28","1","1","0"),
("55889","2","1","","16SO055867","16000","4","0","0","0","2016-07-26","2016-07-26","","2016-07-26 15:08:20","28","2016-07-26 15:08:20","28","1","1","0"),
("55890","2","1","","16SO055868","6000","1.5","0","0","0","2016-07-26","2016-07-26","","2016-07-26 15:09:30","28","2016-07-26 15:09:30","28","1","1","0"),
("55891","2","1","","16SO055869","18000","4.5","0","0","0","2016-07-26","2016-07-26","","2016-07-26 15:10:11","28","2016-07-26 15:10:11","28","1","1","0"),
("55892","2","1","","16SO055870","4000","1","0","0","0","2016-07-26","2016-07-26","","2016-07-26 15:10:59","28","2016-07-26 15:10:59","28","1","1","0"),
("55893","2","1","","16SO055871","1500","0.375","0","0","0","2016-07-26","2016-07-26","","2016-07-26 15:11:18","28","2016-07-26 15:11:18","28","1","1","0"),
("55894","2","1","","16SO055872","10500","2.625","0","0","0","2016-07-26","2016-07-26","","2016-07-26 15:11:47","28","2016-07-26 15:11:47","28","1","1","0"),
("55895","2","1","","16SO055873","7000","1.75","0","0","0","2016-07-26","2016-07-26","","2016-07-26 15:12:30","28","2016-07-26 15:12:30","28","1","1","0"),
("55896","2","1","","16SO055874","3500","0.875","0","0","0","2016-07-26","2016-07-26","","2016-07-26 15:12:54","28","2016-07-26 15:12:54","28","1","1","0"),
("55897","2","1","","16SO055875","20000","5","0","0","0","2016-07-26","2016-07-26","","2016-07-26 15:14:32","28","2016-07-26 15:14:32","28","1","1","0"),
("55898","2","1","","16SO055876","3500","0.875","0","0","0","2016-07-26","2016-07-26","","2016-07-26 15:14:56","28","2016-07-26 15:14:56","28","1","1","0"),
("55899","2","1","","16SO055877","3500","0.875","0","0","0","2016-07-26","2016-07-26","","2016-07-26 15:16:39","28","2016-07-26 15:16:39","28","1","1","0"),
("55900","2","1","","16SO055878","10500","2.625","0","0","0","2016-07-26","2016-07-26","","2016-07-26 15:17:02","28","2016-07-26 15:17:02","28","1","1","0"),
("55901","2","1","","16SO055879","1500","0.375","0","0","0","2016-07-26","2016-07-26","","2016-07-26 15:18:11","28","2016-07-26 15:18:11","28","1","1","0"),
("55902","2","1","","16SO055880","3000","0.75","0","0","0","2016-07-26","2016-07-26","","2016-07-26 15:19:49","28","2016-07-26 15:19:49","28","1","1","0"),
("55903","2","1","","16SO055881","4000","1","0","0","0","2016-07-26","2016-07-26","","2016-07-26 15:21:50","28","2016-07-26 15:21:50","28","1","1","0"),
("55904","2","1","","16SO055882","14000","3.5","0","0","0","2016-07-26","2016-07-26","","2016-07-26 15:22:48","28","2016-07-26 15:22:48","28","1","1","0"),
("55905","2","1","","16SO055883","1400","0.35","0","0","0","2016-07-26","2016-07-26","","2016-07-26 15:23:55","28","2016-07-26 15:23:55","28","1","1","0"),
("55906","2","1","","16SO055884","2100","0.525","0","0","0","2016-07-26","2016-07-26","","2016-07-26 15:25:19","28","2016-07-26 15:25:19","28","1","1","0"),
("55907","2","1","","16SO055885","1500","0.375","0","0","0","2016-07-26","2016-07-26","","2016-07-26 15:25:37","28","2016-07-26 15:25:37","28","1","1","0"),
("55908","2","1","","16SO055886","5000","1.25","0","0","0","2016-07-26","2016-07-26","","2016-07-26 15:28:21","28","2016-07-26 15:28:21","28","1","1","0"),
("55909","2","1","","16SO055887","1000","0.25","0","0","0","2016-07-26","2016-07-26","","2016-07-26 15:30:32","32","2016-07-26 15:30:32","32","1","1","0"),
("55910","2","1","","16SO055888","5000","1.25","0","0","0","2016-07-26","2016-07-26","","2016-07-26 15:30:34","28","2016-07-26 15:30:34","28","1","1","0"),
("55911","2","1","","16SO055889","700","0.175","0","0","0","2016-07-26","2016-07-26","","2016-07-26 15:30:46","32","2016-07-26 15:30:46","32","1","1","0"),
("55912","2","1","","16SO055890","8000","2","0","0","0","2016-07-26","2016-07-26","","2016-07-26 15:32:02","32","2016-07-26 15:32:02","32","1","1","0"),
("55913","2","1","","16SO055891","3500","0.875","0","0","0","2016-07-26","2016-07-26","","2016-07-26 15:33:27","32","2016-07-26 15:33:27","32","1","1","0"),
("55914","2","1","","16SO055892","13000","3.25","0","0","0","2016-07-26","2016-07-26","","2016-07-26 15:33:27","28","2016-07-26 15:33:27","28","1","1","0"),
("55915","2","1","","16SO055893","1000","0.25","0","0","0","2016-07-26","2016-07-26","","2016-07-26 15:34:20","32","2016-07-26 15:34:20","32","1","1","0"),
("55916","2","1","","16SO055894","2500","0.625","0","0","0","2016-07-26","2016-07-26","","2016-07-26 15:36:21","28","2016-07-26 15:36:21","28","1","1","0"),
("55917","2","1","","16SO055895","2000","0.5","0","0","0","2016-07-26","2016-07-26","","2016-07-26 15:38:26","28","2016-07-26 15:38:26","28","1","1","0"),
("55918","2","1","","16SO055896","2500","0.625","0","0","0","2016-07-26","2016-07-26","","2016-07-26 15:40:18","28","2016-07-26 15:40:18","28","1","1","0"),
("55919","2","1","","16SO055897","500","0.125","0","0","0","2016-07-26","2016-07-26","","2016-07-26 15:40:42","28","2016-07-26 15:40:42","28","1","1","0"),
("55920","2","1","","16SO055898","2500","0.625","0","0","0","2016-07-26","2016-07-26","","2016-07-26 15:41:42","28","2016-07-26 15:41:42","28","1","1","0"),
("55921","2","1","","16SO055899","4000","1","0","0","0","2016-07-26","2016-07-26","","2016-07-26 15:42:14","28","2016-07-26 15:42:14","28","1","1","0"),
("55922","2","1","","16SO055900","8000","2","0","0","0","2016-07-26","2016-07-26","","2016-07-26 15:43:20","28","2016-07-26 15:43:20","28","1","1","0"),
("55923","2","1","","16SO055901","17000","4.25","0","0","0","2016-07-26","2016-07-26","","2016-07-26 15:43:41","28","2016-07-26 15:43:41","28","1","1","0"),
("55924","2","1","","16SO055902","33000","8.25","0","0","0","2016-07-26","2016-07-26","","2016-07-26 15:44:18","28","2016-07-26 15:44:18","28","1","1","0"),
("55925","2","1","","16SO055903","2000","0.5","0","0","0","2016-07-26","2016-07-26","","2016-07-26 15:44:27","28","2016-07-26 15:44:27","28","1","1","0"),
("55926","2","1","","16SO055904","2500","0.625","0","0","0","2016-07-26","2016-07-26","","2016-07-26 15:49:51","32","2016-07-26 15:49:51","32","1","1","0"),
("55927","2","1","","16SO055905","1500","0.375","0","0","0","2016-07-26","2016-07-26","","2016-07-26 15:50:42","28","2016-07-26 15:50:42","28","1","1","0"),
("55928","2","1","","16SO055906","1000","0.25","0","0","0","2016-07-26","2016-07-26","","2016-07-26 15:50:45","32","2016-07-26 15:50:45","32","1","1","0"),
("55929","2","1","","16SO055907","2000","0.5","0","0","0","2016-07-26","2016-07-26","","2016-07-26 15:51:36","28","2016-07-26 15:51:36","28","1","1","0"),
("55930","2","1","","16SO055908","2000","0.5","0","0","0","2016-07-26","2016-07-26","","2016-07-26 15:52:44","32","2016-07-26 15:52:44","32","1","1","0"),
("55931","2","1","","16SO055909","4200","1.05","0","0","0","2016-07-26","2016-07-26","","2016-07-26 15:53:07","32","2016-07-26 15:53:07","32","1","1","0"),
("55932","2","1","","16SO055910","4500","1.125","0","0","0","2016-07-26","2016-07-26","","2016-07-26 15:54:21","32","2016-07-26 15:54:21","32","1","1","0"),
("55933","2","1","","16SO055911","5000","1.25","0","0","0","2016-07-26","2016-07-26","","2016-07-26 15:54:36","32","2016-07-26 15:54:36","32","1","1","0"),
("55934","2","1","","16SO055912","6500","1.625","0","0","0","2016-07-26","2016-07-26","","2016-07-26 15:55:05","32","2016-07-26 15:55:05","32","1","1","0"),
("55935","2","1","","16SO055913","3000","0.75","0","0","0","2016-07-26","2016-07-26","","2016-07-26 15:56:57","32","2016-07-26 15:56:57","32","1","1","0"),
("55936","2","1","","16SO055914","22000","5.5","0","0","0","2016-07-26","2016-07-26","","2016-07-26 15:57:55","32","2016-07-26 15:57:55","32","1","1","0"),
("55937","2","1","","16SO055915","2000","0.5","0","0","0","2016-07-26","2016-07-26","","2016-07-26 15:58:11","32","2016-07-26 15:58:11","32","1","1","0"),
("55938","2","1","","16SO055916","5000","1.25","0","0","0","2016-07-26","2016-07-26","","2016-07-26 15:58:16","32","2016-07-26 15:58:16","32","1","1","0"),
("55939","2","1","","16SO055917","3000","0.75","0","0","0","2016-07-26","2016-07-26","","2016-07-26 15:58:42","32","2016-07-26 15:58:42","32","1","1","0"),
("55940","2","1","","16SO055918","2500","0.625","0","0","0","2016-07-26","2016-07-26","","2016-07-26 15:58:58","32","2016-07-26 15:58:58","32","1","1","0"),
("55941","2","1","","16SO055919","1500","0.375","0","0","0","2016-07-26","2016-07-26","","2016-07-26 15:59:26","32","2016-07-26 15:59:26","32","1","1","0"),
("55942","2","1","","16SO055920","1000","0.25","0","0","0","2016-07-26","2016-07-26","","2016-07-26 15:59:47","32","2016-07-26 15:59:47","32","1","1","0"),
("55943","2","1","","16SO055921","28000","7","0","0","0","2016-07-26","2016-07-26","","2016-07-26 16:00:43","32","2016-07-26 16:00:43","32","1","1","0"),
("55944","2","1","","16SO055922","1000","0.25","0","0","0","2016-07-26","2016-07-26","","2016-07-26 16:03:23","28","2016-07-26 16:03:23","28","1","1","0"),
("55945","2","1","","16SO055923","5500","1.375","0","0","0","2016-07-26","2016-07-26","","2016-07-26 16:05:58","28","2016-07-26 16:05:58","28","1","1","0"),
("55946","2","1","","16SO055924","47500","11.875","0","0","0","2016-07-26","2016-07-26","","2016-07-26 16:08:14","28","2016-07-26 16:08:14","28","1","1","0"),
("55947","2","1","","16SO055925","5000","1.25","0","0","0","2016-07-26","2016-07-26","","2016-07-26 16:08:39","28","2016-07-26 16:08:39","28","1","1","0"),
("55948","2","1","","16SO055926","27500","6.875","0","0","0","2016-07-26","2016-07-26","","2016-07-26 16:09:26","32","2016-07-26 16:09:26","32","1","1","0"),
("55949","2","1","","16SO055927","10000","2.5","0","0","0","2016-07-26","2016-07-26","","2016-07-26 16:11:22","32","2016-07-26 16:11:22","32","1","1","0"),
("55950","2","1","","16SO055928","4000","1","0","0","0","2016-07-26","2016-07-26","","2016-07-26 16:11:36","32","2016-07-26 16:11:36","32","1","1","0"),
("55951","2","1","","16SO055929","3500","0.875","0","0","0","2016-07-26","2016-07-26","","2016-07-26 16:11:43","32","2016-07-26 16:11:43","32","1","1","0"),
("55952","2","1","","16SO055930","6500","1.625","0","0","0","2016-07-26","2016-07-26","","2016-07-26 16:11:50","28","2016-07-26 16:11:50","28","1","1","0"),
("55953","2","1","","16SO055931","3000","0.75","0","0","0","2016-07-26","2016-07-26","","2016-07-26 16:12:00","28","2016-07-26 16:12:00","28","1","1","0"),
("55954","2","1","","16SO055932","5000","1.25","0","0","0","2016-07-26","2016-07-26","","2016-07-26 16:13:30","28","2016-07-26 16:13:30","28","1","1","0"),
("55955","2","1","","16SO055933","4500","1.125","0","0","0","2016-07-26","2016-07-26","","2016-07-26 16:13:36","32","2016-07-26 16:13:36","32","1","1","0"),
("55956","2","1","","16SO055934","3000","0.75","0","0","0","2016-07-26","2016-07-26","","2016-07-26 16:13:49","28","2016-07-26 16:13:49","28","1","1","0"),
("55957","2","1","","16SO055935","1500","0.375","0","0","0","2016-07-26","2016-07-26","","2016-07-26 16:14:48","28","2016-07-26 16:14:48","28","1","1","0"),
("55958","2","1","","16SO055936","9000","2.25","0","0","0","2016-07-26","2016-07-26","","2016-07-26 16:16:05","32","2016-07-26 16:16:05","32","1","1","0"),
("55959","2","1","","16SO055937","500","0.125","0","0","0","2016-07-26","2016-07-26","","2016-07-26 16:16:27","32","2016-07-26 16:16:27","32","1","1","0"),
("55960","2","1","","16SO055938","500","0.125","0","0","0","2016-07-26","2016-07-26","","2016-07-26 16:16:44","32","2016-07-26 16:16:44","32","1","1","0"),
("55961","2","1","","16SO055939","2000","0.5","0","0","0","2016-07-26","2016-07-26","","2016-07-26 16:17:30","28","2016-07-26 16:17:30","28","1","1","0"),
("55962","2","1","","16SO055940","5000","1.25","0","0","0","2016-07-26","2016-07-26","","2016-07-26 16:19:08","32","2016-07-26 16:19:08","32","1","1","0"),
("55963","2","1","","16SO055941","4000","1","0","0","0","2016-07-26","2016-07-26","","2016-07-26 16:19:35","28","2016-07-26 16:19:35","28","1","1","0"),
("55964","2","1","","16SO055942","1400","0.35","0","0","0","2016-07-26","2016-07-26","","2016-07-26 16:20:31","32","2016-07-26 16:20:31","32","1","1","0"),
("55965","2","1","","16SO055943","15000","3.75","0","0","0","2016-07-26","2016-07-26","","2016-07-26 16:20:43","32","2016-07-26 16:20:43","32","1","1","0"),
("55966","2","1","","16SO055944","10000","2.5","0","0","0","2016-07-26","2016-07-26","","2016-07-26 16:20:44","28","2016-07-26 16:20:44","28","1","1","0"),
("55967","2","1","","16SO055945","2800","0.7","0","0","0","2016-07-26","2016-07-26","","2016-07-26 16:20:53","28","2016-07-26 16:20:53","28","1","1","0"),
("55968","2","1","","16SO055946","3500","0.875","0","0","0","2016-07-26","2016-07-26","","2016-07-26 16:21:09","28","2016-07-26 16:21:09","28","1","1","0"),
("55969","2","1","","16SO055947","16500","4.125","0","0","0","2016-07-26","2016-07-26","","2016-07-26 16:21:26","32","2016-07-26 16:21:26","32","1","1","0"),
("55970","2","1","","16SO055948","3000","0.75","0","0","0","2016-07-26","2016-07-26","","2016-07-26 16:22:35","32","2016-07-26 16:22:35","32","1","1","0"),
("55971","2","1","","16SO055949","1500","0.375","0","0","0","2016-07-26","2016-07-26","","2016-07-26 16:25:18","32","2016-07-26 16:25:18","32","1","1","0"),
("55972","2","1","","16SO055950","7000","1.75","0","0","0","2016-07-26","2016-07-26","","2016-07-26 16:26:28","32","2016-07-26 16:26:28","32","1","1","0"),
("55973","2","1","","16SO055951","2000","0.5","0","0","0","2016-07-26","2016-07-26","","2016-07-26 16:26:46","32","2016-07-26 16:26:46","32","1","1","0"),
("55974","2","1","","16SO055952","5000","1.25","0","0","0","2016-07-26","2016-07-26","","2016-07-26 16:27:29","32","2016-07-26 16:27:29","32","1","1","0"),
("55975","2","1","","16SO055953","3000","0.75","0","0","0","2016-07-26","2016-07-26","","2016-07-26 16:28:28","32","2016-07-26 16:28:28","32","1","1","0"),
("55976","2","1","","16SO055954","2000","0.5","0","0","0","2016-07-26","2016-07-26","","2016-07-26 16:29:38","32","2016-07-26 16:29:38","32","1","1","0"),
("55977","2","1","","16SO055955","3000","0.75","0","0","0","2016-07-26","2016-07-26","","2016-07-26 16:31:04","32","2016-07-26 16:31:04","32","1","1","0"),
("55978","2","1","","16SO055956","2500","0.625","0","0","0","2016-07-26","2016-07-26","","2016-07-26 16:31:11","32","2016-07-26 16:31:11","32","1","1","0"),
("55979","2","1","","16SO055957","3000","0.75","0","0","0","2016-07-26","2016-07-26","","2016-07-26 16:31:29","32","2016-07-26 16:31:29","32","1","1","0"),
("55980","2","1","","16SO055958","1000","0.25","0","0","0","2016-07-26","2016-07-26","","2016-07-26 16:31:54","32","2016-07-26 16:31:54","32","1","1","0"),
("55981","2","1","","16SO055959","5000","1.25","0","0","0","2016-07-26","2016-07-26","","2016-07-26 16:32:48","32","2016-07-26 16:32:48","32","1","1","0"),
("55982","2","1","","16SO055960","2000","0.5","0","0","0","2016-07-26","2016-07-26","","2016-07-26 16:33:28","28","2016-07-26 16:33:28","28","1","1","0"),
("55983","2","1","","16SO055961","2500","0.625","0","0","0","2016-07-26","2016-07-26","","2016-07-26 16:33:50","28","2016-07-26 16:33:50","28","1","1","0"),
("55984","2","1","","16SO055962","11500","2.875","0","0","0","2016-07-26","2016-07-26","","2016-07-26 16:34:25","32","2016-07-26 16:34:25","32","1","1","0"),
("55985","2","1","","16SO055963","2000","0.5","0","0","0","2016-07-26","2016-07-26","","2016-07-26 16:34:50","32","2016-07-26 16:34:50","32","1","1","0"),
("55986","2","1","","16SO055964","3000","0.75","0","0","0","2016-07-26","2016-07-26","","2016-07-26 16:34:55","28","2016-07-26 16:34:55","28","1","1","0"),
("55987","2","1","","16SO055965","5500","1.375","0","0","0","2016-07-26","2016-07-26","","2016-07-26 16:37:42","32","2016-07-26 16:37:42","32","1","1","0"),
("55988","2","1","","16SO055966","71000","17.75","0","0","0","2016-07-26","2016-07-26","","2016-07-26 16:38:27","32","2016-07-26 16:38:27","32","1","1","0"),
("55989","2","1","","16SO055967","5000","1.25","0","0","0","2016-07-26","2016-07-26","","2016-07-26 16:38:44","28","2016-07-26 16:38:44","28","1","1","0"),
("55990","2","1","","16SO055968","2000","0.5","0","0","0","2016-07-26","2016-07-26","","2016-07-26 16:40:19","28","2016-07-26 16:40:19","28","1","1","0"),
("55991","2","1","","16SO055969","1500","0.375","0","0","0","2016-07-26","2016-07-26","","2016-07-26 16:41:51","28","2016-07-26 16:41:51","28","1","1","0"),
("55992","2","1","","16SO055970","4500","1.125","0","0","0","2016-07-26","2016-07-26","","2016-07-26 16:44:34","28","2016-07-26 16:44:34","28","1","1","0"),
("55993","2","1","","16SO055971","4000","1","0","0","0","2016-07-26","2016-07-26","","2016-07-26 16:44:39","28","2016-07-26 16:44:39","28","1","1","0"),
("55994","2","1","","16SO055972","4500","1.125","0","0","0","2016-07-26","2016-07-26","","2016-07-26 16:45:16","32","2016-07-26 16:45:16","32","1","1","0"),
("55995","2","1","","16SO055973","5500","1.375","0","0","0","2016-07-26","2016-07-26","","2016-07-26 16:45:36","28","2016-07-26 16:45:36","28","1","1","0"),
("55996","2","1","","16SO055974","500","0.125","0","0","0","2016-07-26","2016-07-26","","2016-07-26 16:46:00","32","2016-07-26 16:46:00","32","1","1","0"),
("55997","2","1","","16SO055975","3500","0.875","0","0","0","2016-07-26","2016-07-26","","2016-07-26 16:46:05","28","2016-07-26 16:46:05","28","1","1","0"),
("55998","2","1","","16SO055976","5000","1.25","0","0","0","2016-07-26","2016-07-26","","2016-07-26 16:46:37","28","2016-07-26 16:46:37","28","1","1","0"),
("55999","2","1","","16SO055977","1500","0.375","0","0","0","2016-07-26","2016-07-26","","2016-07-26 16:47:20","32","2016-07-26 16:47:20","32","1","1","0"),
("56000","2","1","","16SO055978","3900","0.975","0","0","0","2016-07-26","2016-07-26","","2016-07-26 16:47:29","28","2016-07-26 16:47:29","28","1","1","0"),
("56001","2","1","","16SO055979","12000","3","0","0","0","2016-07-26","2016-07-26","","2016-07-26 16:47:51","28","2016-07-26 16:47:51","28","1","1","0"),
("56002","2","1","","16SO055980","2500","0.625","0","0","0","2016-07-26","2016-07-26","","2016-07-26 16:48:09","28","2016-07-26 16:48:09","28","1","1","0"),
("56003","2","1","","16SO055981","6500","1.625","0","0","0","2016-07-26","2016-07-26","","2016-07-26 16:48:45","28","2016-07-26 16:48:45","28","1","1","0"),
("56004","2","1","","16SO055982","13500","3.375","0","0","0","2016-07-26","2016-07-26","","2016-07-26 16:49:28","32","2016-07-26 16:49:28","32","1","1","0"),
("56005","2","1","","16SO055983","5500","1.375","0","0","0","2016-07-26","2016-07-26","","2016-07-26 16:49:46","32","2016-07-26 16:49:46","32","1","1","0"),
("56006","2","1","","16SO055984","2500","0.625","0","0","0","2016-07-26","2016-07-26","","2016-07-26 16:50:17","28","2016-07-26 16:50:17","28","1","1","0"),
("56007","2","1","","16SO055985","2000","0.5","0","0","0","2016-07-26","2016-07-26","","2016-07-26 16:50:21","32","2016-07-26 16:50:21","32","1","1","0"),
("56008","2","1","","16SO055986","18000","4.5","0","0","0","2016-07-26","2016-07-26","","2016-07-26 16:50:27","28","2016-07-26 16:50:27","28","1","1","0"),
("56009","2","1","","16SO055987","1500","0.375","0","0","0","2016-07-26","2016-07-26","","2016-07-26 16:51:05","28","2016-07-26 16:51:05","28","1","1","0"),
("56010","2","1","","16SO055988","1500","0.375","0","0","0","2016-07-26","2016-07-26","","2016-07-26 16:52:03","28","2016-07-26 16:52:03","28","1","1","0"),
("56011","2","1","","16SO055989","13500","3.375","0","0","0","2016-07-26","2016-07-26","","2016-07-26 16:52:51","32","2016-07-26 16:52:51","32","1","1","0"),
("56012","2","1","","16SO055990","12000","3","0","0","0","2016-07-26","2016-07-26","","2016-07-26 16:53:36","28","2016-07-26 16:53:36","28","1","1","0"),
("56013","2","1","","16SO055991","12500","3.125","0","0","0","2016-07-26","2016-07-26","","2016-07-26 16:53:53","32","2016-07-26 16:53:53","32","1","1","0"),
("56014","2","1","","16SO055992","2000","0.5","0","0","0","2016-07-26","2016-07-26","","2016-07-26 16:54:35","32","2016-07-26 16:54:35","32","1","1","0"),
("56015","2","1","","16SO055993","4000","1","0","0","0","2016-07-26","2016-07-26","","2016-07-26 16:54:56","32","2016-07-26 16:54:56","32","1","1","0"),
("56016","2","1","","16SO055994","3000","0.75","0","0","0","2016-07-26","2016-07-26","","2016-07-26 16:56:48","32","2016-07-26 16:56:48","32","1","1","0"),
("56017","2","1","","16SO055995","1400","0.35","0","0","0","2016-07-26","2016-07-26","","2016-07-26 16:57:11","28","2016-07-26 16:57:11","28","1","1","0"),
("56018","2","1","","16SO055996","5000","1.25","0","0","0","2016-07-26","2016-07-26","","2016-07-26 16:57:12","32","2016-07-26 16:57:12","32","1","1","0"),
("56019","2","1","","16SO055997","2000","0.5","0","0","0","2016-07-26","2016-07-26","","2016-07-26 16:57:21","28","2016-07-26 16:57:21","28","1","1","0"),
("56020","2","1","","16SO055998","5500","1.375","0","0","0","2016-07-26","2016-07-26","","2016-07-26 16:57:30","32","2016-07-26 16:57:30","32","1","1","0"),
("56021","2","1","","16SO055999","18000","4.5","0","0","0","2016-07-26","2016-07-26","","2016-07-26 16:57:49","32","2016-07-26 16:57:49","32","1","1","0"),
("56022","2","1","","16SO056000","12000","3","0","0","0","2016-07-26","2016-07-26","","2016-07-26 16:58:17","32","2016-07-26 16:58:17","32","1","1","0"),
("56023","2","1","","16SO056001","12000","3","0","0","0","2016-07-26","2016-07-26","","2016-07-26 16:58:25","32","2016-07-26 16:58:25","32","1","1","0"),
("56024","2","1","","16SO056002","3000","0.75","0","0","0","2016-07-26","2016-07-26","","2016-07-26 16:58:38","32","2016-07-26 16:58:38","32","1","1","0"),
("56025","2","1","","16SO056003","12000","3","0","0","0","2016-07-26","2016-07-26","","2016-07-26 17:00:21","28","2016-07-26 17:00:21","28","1","1","0"),
("56026","2","1","","16SO056004","6000","1.5","0","0","0","2016-07-26","2016-07-26","","2016-07-26 17:00:24","32","2016-07-26 17:00:24","32","1","1","0"),
("56027","2","1","","16SO056005","12000","3","0","0","0","2016-07-26","2016-07-26","","2016-07-26 17:00:27","28","2016-07-26 17:00:27","28","1","1","0"),
("56028","2","1","","16SO056006","6000","1.5","0","0","0","2016-07-26","2016-07-26","","2016-07-26 17:00:57","32","2016-07-26 17:00:57","32","1","1","0"),
("56029","2","1","","16SO056007","2500","0.625","0","0","0","2016-07-26","2016-07-26","","2016-07-26 17:00:57","28","2016-07-26 17:00:57","28","1","1","0"),
("56030","2","1","","16SO056008","4000","1","0","0","0","2016-07-26","2016-07-26","","2016-07-26 17:01:44","28","2016-07-26 17:01:44","28","1","1","0"),
("56031","2","1","","16SO056009","500","0.125","0","0","0","2016-07-26","2016-07-26","","2016-07-26 17:01:55","32","2016-07-26 17:01:55","32","1","1","0"),
("56032","2","1","","16SO056010","2500","0.625","0","0","0","2016-07-26","2016-07-26","","2016-07-26 17:02:39","28","2016-07-26 17:02:39","28","1","1","0"),
("56033","2","1","","16SO056011","4000","1","0","0","0","2016-07-26","2016-07-26","","2016-07-26 17:03:16","28","2016-07-26 17:03:16","28","1","1","0"),
("56034","2","1","","16SO056012","3000","0.75","0","0","0","2016-07-26","2016-07-26","","2016-07-26 17:04:16","28","2016-07-26 17:04:16","28","1","1","0"),
("56035","2","1","","16SO056013","3000","0.75","0","0","0","2016-07-26","2016-07-26","","2016-07-26 17:04:32","28","2016-07-26 17:04:32","28","1","1","0"),
("56036","2","1","","16SO056014","1000","0.25","0","0","0","2016-07-26","2016-07-26","","2016-07-26 17:04:56","32","2016-07-26 17:04:56","32","1","1","0"),
("56037","2","1","","16SO056015","4000","1","0","0","0","2016-07-26","2016-07-26","","2016-07-26 17:07:48","28","2016-07-26 17:07:48","28","1","1","0"),
("56038","2","1","","16SO056016","1000","0.25","0","0","0","2016-07-26","2016-07-26","","2016-07-26 17:08:09","28","2016-07-26 17:08:09","28","1","1","0"),
("56039","2","1","","16SO056017","2500","0.625","0","0","0","2016-07-26","2016-07-26","","2016-07-26 17:09:35","28","2016-07-26 17:09:35","28","1","1","0"),
("56040","2","1","","16SO056018","4500","1.125","0","0","0","2016-07-26","2016-07-26","","2016-07-26 17:09:49","28","2016-07-26 17:09:49","28","1","1","0"),
("56041","2","1","","16SO056019","1000","0.25","0","0","0","2016-07-26","2016-07-26","","2016-07-26 17:11:15","28","2016-07-26 17:11:15","28","1","1","0"),
("56042","2","1","","16SO056020","4000","1","0","0","0","2016-07-26","2016-07-26","","2016-07-26 17:11:41","28","2016-07-26 17:11:41","28","1","1","0"),
("56043","2","1","","16SO056021","2000","0.5","0","0","0","2016-07-26","2016-07-26","","2016-07-26 17:12:45","28","2016-07-26 17:12:45","28","1","1","0"),
("56044","2","1","","16SO056022","2500","0.625","0","0","0","2016-07-26","2016-07-26","","2016-07-26 17:13:21","28","2016-07-26 17:13:21","28","1","1","0"),
("56045","2","1","","16SO056023","2000","0.5","0","0","0","2016-07-26","2016-07-26","","2016-07-26 17:13:35","28","2016-07-26 17:13:35","28","1","1","0"),
("56046","2","1","","16SO056024","1000","0.25","0","0","0","2016-07-26","2016-07-26","","2016-07-26 17:13:46","28","2016-07-26 17:13:46","28","1","1","0"),
("56047","2","1","","16SO056025","5000","1.25","0","0","0","2016-07-26","2016-07-26","","2016-07-26 17:13:51","28","2016-07-26 17:13:51","28","1","1","0"),
("56048","2","1","","16SO056026","500","0.125","0","0","0","2016-07-26","2016-07-26","","2016-07-26 17:14:17","28","2016-07-26 17:14:17","28","1","1","0"),
("56049","2","1","","16SO056027","700","0.175","0","0","0","2016-07-26","2016-07-26","","2016-07-26 17:14:46","28","2016-07-26 17:14:46","28","1","1","0"),
("56050","2","1","","16SO056028","15000","3.75","0","0","0","2016-07-26","2016-07-26","","2016-07-26 17:17:45","28","2016-07-26 17:17:45","28","1","1","0"),
("56051","2","1","","16SO056029","20000","5","0","0","0","2016-07-26","2016-07-26","","2016-07-26 17:18:29","28","2016-07-26 17:18:29","28","1","1","0"),
("56052","2","1","","16SO056030","6400","1.6","0","0","0","2016-07-26","2016-07-26","","2016-07-26 17:18:46","28","2016-07-26 17:18:46","28","1","1","0"),
("56053","2","1","","16SO056031","1000","0.25","0","0","0","2016-07-26","2016-07-26","","2016-07-26 17:18:54","28","2016-07-26 17:18:54","28","1","1","0"),
("56054","2","1","","16SO056032","8100","2.025","0","0","0","2016-07-26","2016-07-26","","2016-07-26 17:20:03","28","2016-07-26 17:20:03","28","1","1","0"),
("56055","2","1","","16SO056033","12500","3.125","0","0","0","2016-07-26","2016-07-26","","2016-07-26 17:20:21","28","2016-07-26 17:20:21","28","1","1","0"),
("56056","2","1","","16SO056034","1500","0.375","0","0","0","2016-07-26","2016-07-26","","2016-07-26 17:20:32","28","2016-07-26 17:20:32","28","1","1","0"),
("56057","2","1","","16SO056035","3000","0.75","0","0","0","2016-07-26","2016-07-26","","2016-07-26 17:20:35","32","2016-07-26 17:20:35","32","1","1","0"),
("56058","2","1","","16SO056036","4000","1","0","0","0","2016-07-26","2016-07-26","","2016-07-26 17:21:12","32","2016-07-26 17:21:12","32","1","1","0"),
("56059","2","1","","16SO056037","3000","0.75","0","0","0","2016-07-26","2016-07-26","","2016-07-26 17:25:04","32","2016-07-26 17:25:04","32","1","1","0"),
("56060","2","1","","16SO056038","3500","0.875","0","0","0","2016-07-26","2016-07-26","","2016-07-26 17:25:05","28","2016-07-26 17:25:05","28","1","1","0"),
("56061","2","1","","16SO056039","10500","2.625","0","0","0","2016-07-26","2016-07-26","","2016-07-26 17:25:42","28","2016-07-26 17:25:42","28","1","1","0"),
("56062","2","1","","16SO056040","2000","0.5","0","0","0","2016-07-26","2016-07-26","","2016-07-26 17:25:53","28","2016-07-26 17:25:53","28","1","1","0"),
("56063","2","1","","16SO056041","1500","0.375","0","0","0","2016-07-26","2016-07-26","","2016-07-26 17:26:28","28","2016-07-26 17:26:28","28","1","1","0"),
("56064","2","1","","16SO056042","2000","0.5","0","0","0","2016-07-26","2016-07-26","","2016-07-26 17:28:27","28","2016-07-26 17:28:27","28","1","1","0"),
("56065","2","1","","16SO056043","1000","0.25","0","0","0","2016-07-26","2016-07-26","","2016-07-26 17:29:09","28","2016-07-26 17:29:09","28","1","1","0"),
("56066","2","1","","16SO056044","4500","1.125","0","0","0","2016-07-26","2016-07-26","","2016-07-26 17:29:38","28","2016-07-26 17:29:38","28","1","1","0"),
("56067","2","1","","16SO056045","16500","4.125","0","0","0","2016-07-26","2016-07-26","","2016-07-26 17:32:59","28","2016-07-26 17:32:59","28","1","1","0"),
("56068","2","1","","16SO056046","3000","0.75","0","0","0","2016-07-26","2016-07-26","","2016-07-26 17:35:48","28","2016-07-26 17:35:48","28","1","1","0"),
("56069","2","1","","16SO056047","2500","0.625","0","0","0","2016-07-26","2016-07-26","","2016-07-26 17:36:27","28","2016-07-26 17:36:27","28","1","1","0"),
("56070","2","1","","16SO056048","13000","3.25","0","0","0","2016-07-26","2016-07-26","","2016-07-26 17:36:42","28","2016-07-26 17:36:42","28","1","1","0"),
("56071","2","1","","16SO056049","22000","5.5","0","0","0","2016-07-26","2016-07-26","","2016-07-26 17:36:57","28","2016-07-26 17:36:57","28","1","1","0"),
("56072","2","1","","16SO056050","5500","1.375","0","0","0","2016-07-26","2016-07-26","","2016-07-26 17:37:22","28","2016-07-26 17:37:22","28","1","1","0"),
("56073","2","1","","16SO056051","3000","0.75","0","0","0","2016-07-26","2016-07-26","","2016-07-26 17:37:54","28","2016-07-26 17:37:54","28","1","1","0"),
("56074","2","1","","16SO056052","1000","0.25","0","0","0","2016-07-26","2016-07-26","","2016-07-26 17:38:16","28","2016-07-26 17:38:16","28","1","1","0"),
("56075","2","1","","16SO056053","500","0.125","0","0","0","2016-07-26","2016-07-26","","2016-07-26 17:38:29","28","2016-07-26 17:38:29","28","1","1","0"),
("56076","2","1","","16SO056054","500","0.125","0","0","0","2016-07-26","2016-07-26","","2016-07-26 17:38:38","28","2016-07-26 17:38:38","28","1","1","0"),
("56077","2","1","","16SO056055","2500","0.625","0","0","0","2016-07-26","2016-07-26","","2016-07-26 17:38:46","28","2016-07-26 17:38:46","28","1","1","0"),
("56078","2","1","","16SO056056","1000","0.25","0","0","0","2016-07-26","2016-07-26","","2016-07-26 17:39:07","28","2016-07-26 17:39:07","28","1","1","0"),
("56079","2","1","","16SO056057","2500","0.625","0","0","0","2016-07-26","2016-07-26","","2016-07-26 17:39:36","28","2016-07-26 17:39:36","28","1","1","0"),
("56080","2","1","","16SO056058","1000","0.25","0","0","0","2016-07-26","2016-07-26","","2016-07-26 17:39:51","28","2016-07-26 17:39:51","28","1","1","0"),
("56081","2","1","","16SO056059","2500","0.625","0","0","0","2016-07-26","2016-07-26","","2016-07-26 17:40:44","28","2016-07-26 17:40:44","28","1","1","0"),
("56082","2","1","","16SO056060","1500","0.375","0","0","0","2016-07-26","2016-07-26","","2016-07-26 17:40:53","28","2016-07-26 17:40:53","28","1","1","0"),
("56083","2","1","","16SO056061","6000","1.5","0","0","0","2016-07-26","2016-07-26","","2016-07-26 17:41:24","28","2016-07-26 17:41:24","28","1","1","0"),
("56084","2","1","","16SO056062","7500","1.875","0","0","0","2016-07-26","2016-07-26","","2016-07-26 17:42:29","28","2016-07-26 17:42:29","28","1","1","0"),
("56085","2","1","","16SO056063","3500","0.875","0","0","0","2016-07-26","2016-07-26","","2016-07-26 17:44:48","28","2016-07-26 17:44:48","28","1","1","0"),
("56086","2","1","","16SO056064","5000","1.25","0","0","0","2016-07-26","2016-07-26","","2016-07-26 17:45:56","28","2016-07-26 17:45:56","28","1","1","0"),
("56087","2","1","","16SO056065","2500","0.625","0","0","0","2016-07-26","2016-07-26","","2016-07-26 17:46:08","28","2016-07-26 17:46:08","28","1","1","0"),
("56088","2","1","","16SO056066","2500","0.625","0","0","0","2016-07-26","2016-07-26","","2016-07-26 17:46:14","28","2016-07-26 17:46:14","28","1","1","0"),
("56089","2","1","","16SO056067","5000","1.25","0","0","0","2016-07-26","2016-07-26","","2016-07-26 17:47:26","28","2016-07-26 17:47:26","28","1","1","0"),
("56090","2","1","","16SO056068","5000","1.25","0","0","0","2016-07-26","2016-07-26","","2016-07-26 17:47:50","28","2016-07-26 17:47:50","28","1","1","0"),
("56091","2","1","","16SO056069","1000","0.25","0","0","0","2016-07-26","2016-07-26","","2016-07-26 17:48:12","28","2016-07-26 17:48:12","28","1","1","0"),
("56092","2","1","","16SO056070","2500","0.625","0","0","0","2016-07-26","2016-07-26","","2016-07-26 17:51:08","28","2016-07-26 17:51:08","28","1","1","0"),
("56093","2","1","","16SO056071","1500","0.375","0","0","0","2016-07-26","2016-07-26","","2016-07-26 17:51:15","28","2016-07-26 17:51:15","28","1","1","0"),
("56094","2","1","","16SO056072","2500","0.625","0","0","0","2016-07-26","2016-07-26","","2016-07-26 17:52:08","28","2016-07-26 17:52:08","28","1","1","0"),
("56095","2","1","","16SO056073","5000","1.25","0","0","0","2016-07-26","2016-07-26","","2016-07-26 17:52:44","28","2016-07-26 17:52:44","28","1","1","0"),
("56096","2","1","","16SO056074","1500","0.375","0","0","0","2016-07-26","2016-07-26","","2016-07-26 17:53:27","28","2016-07-26 17:53:27","28","1","1","0"),
("56097","2","1","","16SO056075","2000","0.5","0","0","0","2016-07-26","2016-07-26","","2016-07-26 17:55:37","28","2016-07-26 17:55:37","28","1","1","0"),
("56098","2","1","","16SO056076","2500","0.625","0","0","0","2016-07-26","2016-07-26","","2016-07-26 17:55:46","28","2016-07-26 17:55:46","28","1","1","0"),
("56099","2","1","","16SO056077","1000","0.25","0","0","0","2016-07-26","2016-07-26","","2016-07-26 17:56:05","28","2016-07-26 17:56:05","28","1","1","0"),
("56100","2","1","","16SO056078","2000","0.5","0","0","0","2016-07-26","2016-07-26","","2016-07-26 17:59:17","28","2016-07-26 17:59:17","28","1","1","0");

INSERT INTO sales_order_details VALUES("74215","55887","0","2164","1","1","1","3000","3000","","","0","0","2016-07-26 15:01:45","2016-07-26 15:01:45"),
("74216","55888","0","2228","3","1","1","500","1500","","","0","0","2016-07-26 15:07:53","2016-07-26 15:07:53"),
("74217","55889","0","2095","2","1","1","4000","8000","","","0","0","2016-07-26 15:08:20","2016-07-26 15:08:20"),
("74218","55889","0","2065","8","1","1","1000","8000","","","0","0","2016-07-26 15:08:20","2016-07-26 15:08:20"),
("74219","55890","0","2231","4","1","1","1500","6000","","","0","0","2016-07-26 15:09:30","2016-07-26 15:09:30"),
("74220","55891","0","2075","2","1","1","1500","3000","","","0","0","2016-07-26 15:10:11","2016-07-26 15:10:11"),
("74221","55891","0","2228","20","1","1","500","10000","","","0","0","2016-07-26 15:10:11","2016-07-26 15:10:11"),
("74222","55891","0","2240","1","1","1","5000","5000","","","0","0","2016-07-26 15:10:11","2016-07-26 15:10:11"),
("74223","55892","0","2228","8","1","1","500","4000","","","0","0","2016-07-26 15:11:00","2016-07-26 15:11:00"),
("74224","55893","0","2228","3","1","1","500","1500","","","0","0","2016-07-26 15:11:18","2016-07-26 15:11:18"),
("74225","55894","0","2166","15","1","1","700","10500","","","0","0","2016-07-26 15:11:48","2016-07-26 15:11:48"),
("74226","55895","0","2166","10","1","1","700","7000","","","0","0","2016-07-26 15:12:30","2016-07-26 15:12:30"),
("74227","55896","0","2231","1","1","1","1500","1500","","","0","0","2016-07-26 15:12:54","2016-07-26 15:12:54"),
("74228","55896","0","2233","1","1","1","2000","2000","","","0","0","2016-07-26 15:12:54","2016-07-26 15:12:54"),
("74229","55897","0","2083","8","1","1","2500","20000","","","0","0","2016-07-26 15:14:32","2016-07-26 15:14:32"),
("74230","55898","0","2071","1","1","1","1000","1000","","","0","0","2016-07-26 15:14:56","2016-07-26 15:14:56"),
("74231","55898","0","2082","1","1","1","2500","2500","","","0","0","2016-07-26 15:14:56","2016-07-26 15:14:56"),
("74232","55899","0","2166","5","1","1","700","3500","","","0","0","2016-07-26 15:16:39","2016-07-26 15:16:39"),
("74233","55900","0","2093","1","1","1","3000","3000","","","0","0","2016-07-26 15:17:03","2016-07-26 15:17:03"),
("74234","55900","0","2231","5","1","1","1500","7500","","","0","0","2016-07-26 15:17:03","2016-07-26 15:17:03"),
("74235","55901","0","2228","3","1","1","500","1500","","","0","0","2016-07-26 15:18:11","2016-07-26 15:18:11"),
("74236","55902","0","2228","6","1","1","500","3000","","","0","0","2016-07-26 15:19:49","2016-07-26 15:19:49"),
("74237","55903","0","2099","2","1","1","2000","4000","","","0","0","2016-07-26 15:21:50","2016-07-26 15:21:50"),
("74238","55904","0","2235","3","1","1","2500","7500","","","0","0","2016-07-26 15:22:48","2016-07-26 15:22:48"),
("74239","55904","0","2118","1","1","1","6500","6500","","","0","0","2016-07-26 15:22:48","2016-07-26 15:22:48"),
("74240","55905","0","2229","2","1","1","700","1400","","","0","0","2016-07-26 15:23:55","2016-07-26 15:23:55"),
("74241","55906","0","2229","3","1","1","700","2100","","","0","0","2016-07-26 15:25:19","2016-07-26 15:25:19"),
("74242","55907","0","2231","1","1","1","1500","1500","","","0","0","2016-07-26 15:25:37","2016-07-26 15:25:37"),
("74243","55908","0","2228","10","1","1","500","5000","","","0","0","2016-07-26 15:28:21","2016-07-26 15:28:21"),
("74244","55909","0","2228","2","1","1","500","1000","","","0","0","2016-07-26 15:30:32","2016-07-26 15:30:32"),
("74245","55910","0","2228","10","1","1","500","5000","","","0","0","2016-07-26 15:30:34","2016-07-26 15:30:34"),
("74246","55911","0","2166","1","1","1","700","700","","","0","0","2016-07-26 15:30:47","2016-07-26 15:30:47"),
("74247","55912","0","2119","1","1","1","8000","8000","","","0","0","2016-07-26 15:32:02","2016-07-26 15:32:02"),
("74248","55913","0","2228","7","1","1","500","3500","","","0","0","2016-07-26 15:33:27","2016-07-26 15:33:27"),
("74249","55914","0","2075","2","1","1","1500","3000","","","0","0","2016-07-26 15:33:27","2016-07-26 15:33:27"),
("74250","55914","0","2240","1","1","1","5000","5000","","","0","0","2016-07-26 15:33:27","2016-07-26 15:33:27"),
("74251","55914","0","2088","1","1","1","5000","5000","","","0","0","2016-07-26 15:33:27","2016-07-26 15:33:27"),
("74252","55915","0","2125","1","1","1","1000","1000","","","0","0","2016-07-26 15:34:20","2016-07-26 15:34:20"),
("74253","55916","0","2228","5","1","1","500","2500","","","0","0","2016-07-26 15:36:21","2016-07-26 15:36:21"),
("74254","55917","0","2228","1","1","1","500","500","","","0","0","2016-07-26 15:38:26","2016-07-26 15:38:26"),
("74255","55917","0","2231","1","1","1","1500","1500","","","0","0","2016-07-26 15:38:26","2016-07-26 15:38:26"),
("74256","55918","0","2083","1","1","1","2500","2500","","","0","0","2016-07-26 15:40:18","2016-07-26 15:40:18"),
("74257","55919","0","2228","1","1","1","500","500","","","0","0","2016-07-26 15:40:42","2016-07-26 15:40:42"),
("74258","55920","0","2090","1","1","1","2500","2500","","","0","0","2016-07-26 15:41:42","2016-07-26 15:41:42"),
("74259","55921","0","2099","2","1","1","2000","4000","","","0","0","2016-07-26 15:42:14","2016-07-26 15:42:14"),
("74260","55922","0","2233","1","1","1","2000","2000","","","0","0","2016-07-26 15:43:20","2016-07-26 15:43:20"),
("74261","55922","0","2107","1","1","1","6000","6000","","","0","0","2016-07-26 15:43:20","2016-07-26 15:43:20"),
("74262","55923","0","2125","1","1","1","1000","1000","","","0","0","2016-07-26 15:43:41","2016-07-26 15:43:41"),
("74263","55923","0","2164","2","1","1","3000","6000","","","0","0","2016-07-26 15:43:41","2016-07-26 15:43:41"),
("74264","55923","0","2240","2","1","1","5000","10000","","","0","0","2016-07-26 15:43:41","2016-07-26 15:43:41"),
("74265","55924","0","2228","10","1","1","500","5000","","","0","0","2016-07-26 15:44:18","2016-07-26 15:44:18"),
("74266","55924","0","2139","1","1","1","28000","28000","","","0","0","2016-07-26 15:44:18","2016-07-26 15:44:18"),
("74267","55925","0","2232","2","1","1","1000","2000","","","0","0","2016-07-26 15:44:28","2016-07-26 15:44:28"),
("74268","55926","0","2083","1","1","1","2500","2500","","","0","0","2016-07-26 15:49:51","2016-07-26 15:49:51"),
("74269","55927","0","2182","1","1","1","1500","1500","","","0","0","2016-07-26 15:50:42","2016-07-26 15:50:42"),
("74270","55928","0","2228","2","1","1","500","1000","","","0","0","2016-07-26 15:50:46","2016-07-26 15:50:46"),
("74271","55929","0","2134","2","1","1","1000","2000","","","0","0","2016-07-26 15:51:36","2016-07-26 15:51:36"),
("74272","55930","0","2233","1","1","1","2000","2000","","","0","0","2016-07-26 15:52:44","2016-07-26 15:52:44"),
("74273","55931","0","2166","6","1","1","700","4200","","","0","0","2016-07-26 15:53:07","2016-07-26 15:53:07"),
("74274","55932","0","2075","1","1","1","1500","1500","","","0","0","2016-07-26 15:54:21","2016-07-26 15:54:21"),
("74275","55932","0","2231","2","1","1","1500","3000","","","0","0","2016-07-26 15:54:21","2016-07-26 15:54:21"),
("74276","55933","0","2228","10","1","1","500","5000","","","0","0","2016-07-26 15:54:36","2016-07-26 15:54:36"),
("74277","55934","0","2146","1","1","1","3500","3500","","","0","0","2016-07-26 15:55:05","2016-07-26 15:55:05"),
("74278","55934","0","2228","6","1","1","500","3000","","","0","0","2016-07-26 15:55:05","2016-07-26 15:55:05"),
("74279","55935","0","2078","2","1","1","1500","3000","","","0","0","2016-07-26 15:56:57","2016-07-26 15:56:57"),
("74280","55936","0","2075","2","1","1","1500","3000","","","0","0","2016-07-26 15:57:55","2016-07-26 15:57:55"),
("74281","55936","0","2165","3","1","1","1000","3000","","","0","0","2016-07-26 15:57:55","2016-07-26 15:57:55"),
("74282","55936","0","2078","2","1","1","1500","3000","","","0","0","2016-07-26 15:57:55","2016-07-26 15:57:55"),
("74283","55936","0","2164","3","1","1","3000","9000","","","0","0","2016-07-26 15:57:56","2016-07-26 15:57:56"),
("74284","55936","0","2070","4","1","1","1000","4000","","","0","0","2016-07-26 15:57:56","2016-07-26 15:57:56"),
("74285","55937","0","2228","4","1","1","500","2000","","","0","0","2016-07-26 15:58:11","2016-07-26 15:58:11"),
("74286","55938","0","2228","10","1","1","500","5000","","","0","0","2016-07-26 15:58:16","2016-07-26 15:58:16"),
("74287","55939","0","2228","6","1","1","500","3000","","","0","0","2016-07-26 15:58:42","2016-07-26 15:58:42"),
("74288","55940","0","2228","5","1","1","500","2500","","","0","0","2016-07-26 15:58:58","2016-07-26 15:58:58"),
("74289","55941","0","2228","3","1","1","500","1500","","","0","0","2016-07-26 15:59:26","2016-07-26 15:59:26"),
("74290","55942","0","2125","1","1","1","1000","1000","","","0","0","2016-07-26 15:59:47","2016-07-26 15:59:47"),
("74291","55943","0","2121","1","1","1","13000","13000","","","0","0","2016-07-26 16:00:43","2016-07-26 16:00:43"),
("74292","55943","0","2067","2","1","1","1000","2000","","","0","0","2016-07-26 16:00:43","2016-07-26 16:00:43"),
("74293","55943","0","2231","2","1","1","1500","3000","","","0","0","2016-07-26 16:00:43","2016-07-26 16:00:43"),
("74294","55943","0","2172","2","1","1","2500","5000","","","0","0","2016-07-26 16:00:43","2016-07-26 16:00:43"),
("74295","55943","0","2089","2","1","1","2500","5000","","","0","0","2016-07-26 16:00:43","2016-07-26 16:00:43"),
("74296","55944","0","2228","2","1","1","500","1000","","","0","0","2016-07-26 16:03:23","2016-07-26 16:03:23"),
("74297","55945","0","2113","1","1","1","5500","5500","","","0","0","2016-07-26 16:05:58","2016-07-26 16:05:58"),
("74298","55946","0","2228","5","1","1","500","2500","","","0","0","2016-07-26 16:08:15","2016-07-26 16:08:15"),
("74299","55946","0","2231","30","1","1","1500","45000","","","0","0","2016-07-26 16:08:15","2016-07-26 16:08:15"),
("74300","55947","0","2228","10","1","1","500","5000","","","0","0","2016-07-26 16:08:39","2016-07-26 16:08:39"),
("74301","55948","0","2104","1","1","1","5500","5500","","","0","0","2016-07-26 16:09:27","2016-07-26 16:09:27"),
("74302","55948","0","2172","1","1","1","2500","2500","","","0","0","2016-07-26 16:09:27","2016-07-26 16:09:27"),
("74303","55948","0","2118","1","1","1","6500","6500","","","0","0","2016-07-26 16:09:27","2016-07-26 16:09:27"),
("74304","55948","0","2121","1","1","1","13000","13000","","","0","0","2016-07-26 16:09:27","2016-07-26 16:09:27"),
("74305","55949","0","2233","5","1","1","2000","10000","","","0","0","2016-07-26 16:11:22","2016-07-26 16:11:22"),
("74306","55950","0","2070","4","1","1","1000","4000","","","0","0","2016-07-26 16:11:36","2016-07-26 16:11:36"),
("74307","55951","0","2229","5","1","1","700","3500","","","0","0","2016-07-26 16:11:43","2016-07-26 16:11:43"),
("74308","55952","0","2118","1","1","1","6500","6500","","","0","0","2016-07-26 16:11:50","2016-07-26 16:11:50"),
("74309","55953","0","2231","2","1","1","1500","3000","","","0","0","2016-07-26 16:12:00","2016-07-26 16:12:00"),
("74310","55954","0","2228","10","1","1","500","5000","","","0","0","2016-07-26 16:13:30","2016-07-26 16:13:30"),
("74311","55955","0","2126","1","1","1","2000","2000","","","0","0","2016-07-26 16:13:36","2016-07-26 16:13:36"),
("74312","55955","0","2083","1","1","1","2500","2500","","","0","0","2016-07-26 16:13:36","2016-07-26 16:13:36"),
("74313","55956","0","2231","2","1","1","1500","3000","","","0","0","2016-07-26 16:13:49","2016-07-26 16:13:49"),
("74314","55957","0","2231","1","1","1","1500","1500","","","0","0","2016-07-26 16:14:48","2016-07-26 16:14:48"),
("74315","55958","0","2231","4","1","1","1500","6000","","","0","0","2016-07-26 16:16:05","2016-07-26 16:16:05"),
("74316","55958","0","2067","1","1","1","1000","1000","","","0","0","2016-07-26 16:16:05","2016-07-26 16:16:05"),
("74317","55958","0","2070","2","1","1","1000","2000","","","0","0","2016-07-26 16:16:05","2016-07-26 16:16:05"),
("74318","55959","0","2250","1","1","1","500","500","","","0","0","2016-07-26 16:16:27","2016-07-26 16:16:27"),
("74319","55960","0","2228","1","1","1","500","500","","","0","0","2016-07-26 16:16:44","2016-07-26 16:16:44"),
("74320","55961","0","2064","1","1","1","2000","2000","","","0","0","2016-07-26 16:17:30","2016-07-26 16:17:30"),
("74321","55962","0","2240","1","1","1","5000","5000","","","0","0","2016-07-26 16:19:08","2016-07-26 16:19:08"),
("74322","55963","0","2233","2","1","1","2000","4000","","","0","0","2016-07-26 16:19:35","2016-07-26 16:19:35"),
("74323","55964","0","2229","2","1","1","700","1400","","","0","0","2016-07-26 16:20:31","2016-07-26 16:20:31"),
("74324","55965","0","2228","30","1","1","500","15000","","","0","0","2016-07-26 16:20:43","2016-07-26 16:20:43"),
("74325","55966","0","2172","2","1","1","2500","5000","","","0","0","2016-07-26 16:20:44","2016-07-26 16:20:44"),
("74326","55966","0","2083","2","1","1","2500","5000","","","0","0","2016-07-26 16:20:44","2016-07-26 16:20:44"),
("74327","55967","0","2229","4","1","1","700","2800","","","0","0","2016-07-26 16:20:54","2016-07-26 16:20:54"),
("74328","55968","0","2146","1","1","1","3500","3500","","","0","0","2016-07-26 16:21:09","2016-07-26 16:21:09"),
("74329","55969","0","2071","5","1","1","1000","5000","","","0","0","2016-07-26 16:21:26","2016-07-26 16:21:26"),
("74330","55969","0","2231","4","1","1","1500","6000","","","0","0","2016-07-26 16:21:26","2016-07-26 16:21:26"),
("74331","55969","0","2243","1","1","1","5500","5500","","","0","0","2016-07-26 16:21:26","2016-07-26 16:21:26"),
("74332","55970","0","2231","2","1","1","1500","3000","","","0","0","2016-07-26 16:22:35","2016-07-26 16:22:35"),
("74333","55971","0","2231","1","1","1","1500","1500","","","0","0","2016-07-26 16:25:18","2016-07-26 16:25:18"),
("74334","55972","0","2164","1","1","1","3000","3000","","","0","0","2016-07-26 16:26:28","2016-07-26 16:26:28"),
("74335","55972","0","2231","1","1","1","1500","1500","","","0","0","2016-07-26 16:26:28","2016-07-26 16:26:28"),
("74336","55972","0","2219","1","1","1","2500","2500","","","0","0","2016-07-26 16:26:28","2016-07-26 16:26:28"),
("74337","55973","0","2228","4","1","1","500","2000","","","0","0","2016-07-26 16:26:46","2016-07-26 16:26:46"),
("74338","55974","0","2240","1","1","1","5000","5000","","","0","0","2016-07-26 16:27:29","2016-07-26 16:27:29"),
("74339","55975","0","2231","2","1","1","1500","3000","","","0","0","2016-07-26 16:28:29","2016-07-26 16:28:29"),
("74340","55976","0","2228","4","1","1","500","2000","","","0","0","2016-07-26 16:29:38","2016-07-26 16:29:38"),
("74341","55977","0","2065","3","1","1","1000","3000","","","0","0","2016-07-26 16:31:04","2016-07-26 16:31:04"),
("74342","55978","0","2228","5","1","1","500","2500","","","0","0","2016-07-26 16:31:11","2016-07-26 16:31:11"),
("74343","55979","0","2228","6","1","1","500","3000","","","0","0","2016-07-26 16:31:29","2016-07-26 16:31:29"),
("74344","55980","0","2228","2","1","1","500","1000","","","0","0","2016-07-26 16:31:54","2016-07-26 16:31:54"),
("74345","55981","0","2083","2","1","1","2500","5000","","","0","0","2016-07-26 16:32:48","2016-07-26 16:32:48"),
("74346","55982","0","2228","4","1","1","500","2000","","","0","0","2016-07-26 16:33:28","2016-07-26 16:33:28"),
("74347","55983","0","2228","5","1","1","500","2500","","","0","0","2016-07-26 16:33:50","2016-07-26 16:33:50"),
("74348","55984","0","2083","1","1","1","2500","2500","","","0","0","2016-07-26 16:34:25","2016-07-26 16:34:25"),
("74349","55984","0","2164","3","1","1","3000","9000","","","0","0","2016-07-26 16:34:25","2016-07-26 16:34:25"),
("74350","55985","0","2228","4","1","1","500","2000","","","0","0","2016-07-26 16:34:50","2016-07-26 16:34:50"),
("74351","55986","0","2073","1","1","1","1000","1000","","","0","0","2016-07-26 16:34:55","2016-07-26 16:34:55"),
("74352","55986","0","2076","1","1","1","2000","2000","","","0","0","2016-07-26 16:34:55","2016-07-26 16:34:55"),
("74353","55987","0","2241","1","1","1","3000","3000","","","0","0","2016-07-26 16:37:42","2016-07-26 16:37:42"),
("74354","55987","0","2235","1","1","1","2500","2500","","","0","0","2016-07-26 16:37:42","2016-07-26 16:37:42"),
("74355","55988","0","2228","2","1","1","500","1000","","","0","0","2016-07-26 16:38:27","2016-07-26 16:38:27"),
("74356","55988","0","2229","100","1","1","700","70000","","","0","0","2016-07-26 16:38:27","2016-07-26 16:38:27"),
("74357","55989","0","2228","10","1","1","500","5000","","","0","0","2016-07-26 16:38:44","2016-07-26 16:38:44"),
("74358","55990","0","2228","4","1","1","500","2000","","","0","0","2016-07-26 16:40:19","2016-07-26 16:40:19"),
("74359","55991","0","2228","3","1","1","500","1500","","","0","0","2016-07-26 16:41:51","2016-07-26 16:41:51"),
("74360","55992","0","2231","3","1","1","1500","4500","","","0","0","2016-07-26 16:44:34","2016-07-26 16:44:34"),
("74361","55993","0","2095","1","1","1","4000","4000","","","0","0","2016-07-26 16:44:39","2016-07-26 16:44:39"),
("74362","55994","0","2231","2","1","1","1500","3000","","","0","0","2016-07-26 16:45:16","2016-07-26 16:45:16"),
("74363","55994","0","2228","3","1","1","500","1500","","","0","0","2016-07-26 16:45:16","2016-07-26 16:45:16"),
("74364","55995","0","2076","2","1","1","2000","4000","","","0","0","2016-07-26 16:45:36","2016-07-26 16:45:36"),
("74365","55995","0","2228","3","1","1","500","1500","","","0","0","2016-07-26 16:45:36","2016-07-26 16:45:36"),
("74366","55996","0","2250","1","1","1","500","500","","","0","0","2016-07-26 16:46:00","2016-07-26 16:46:00"),
("74367","55997","0","2229","5","1","1","700","3500","","","0","0","2016-07-26 16:46:05","2016-07-26 16:46:05"),
("74368","55998","0","2228","10","1","1","500","5000","","","0","0","2016-07-26 16:46:37","2016-07-26 16:46:37"),
("74369","55999","0","2228","3","1","1","500","1500","","","0","0","2016-07-26 16:47:20","2016-07-26 16:47:20"),
("74370","56000","0","2237","1","1","1","2500","2500","","","0","0","2016-07-26 16:47:29","2016-07-26 16:47:29"),
("74371","56000","0","2229","2","1","1","700","1400","","","0","0","2016-07-26 16:47:29","2016-07-26 16:47:29"),
("74372","56001","0","2107","2","1","1","6000","12000","","","0","0","2016-07-26 16:47:51","2016-07-26 16:47:51"),
("74373","56002","0","2235","1","1","1","2500","2500","","","0","0","2016-07-26 16:48:09","2016-07-26 16:48:09"),
("74374","56003","0","2235","1","1","1","2500","2500","","","0","0","2016-07-26 16:48:45","2016-07-26 16:48:45"),
("74375","56003","0","2095","1","1","1","4000","4000","","","0","0","2016-07-26 16:48:45","2016-07-26 16:48:45"),
("74376","56004","0","2102","1","1","1","5000","5000","","","0","0","2016-07-26 16:49:28","2016-07-26 16:49:28"),
("74377","56004","0","2164","2","1","1","3000","6000","","","0","0","2016-07-26 16:49:28","2016-07-26 16:49:28"),
("74378","56004","0","2235","1","1","1","2500","2500","","","0","0","2016-07-26 16:49:28","2016-07-26 16:49:28"),
("74379","56005","0","2104","1","1","1","5500","5500","","","0","0","2016-07-26 16:49:46","2016-07-26 16:49:46"),
("74380","56006","0","2257","1","1","1","2500","2500","","","0","0","2016-07-26 16:50:18","2016-07-26 16:50:18"),
("74381","56007","0","2228","4","1","1","500","2000","","","0","0","2016-07-26 16:50:21","2016-07-26 16:50:21"),
("74382","56008","0","2104","2","1","1","5500","11000","","","0","0","2016-07-26 16:50:27","2016-07-26 16:50:27"),
("74383","56008","0","2229","10","1","1","700","7000","","","0","0","2016-07-26 16:50:27","2016-07-26 16:50:27"),
("74384","56009","0","2228","3","1","1","500","1500","","","0","0","2016-07-26 16:51:05","2016-07-26 16:51:05"),
("74385","56010","0","2228","3","1","1","500","1500","","","0","0","2016-07-26 16:52:03","2016-07-26 16:52:03"),
("74386","56011","0","2228","2","1","1","500","1000","","","0","0","2016-07-26 16:52:51","2016-07-26 16:52:51"),
("74387","56011","0","2164","2","1","1","3000","6000","","","0","0","2016-07-26 16:52:51","2016-07-26 16:52:51"),
("74388","56011","0","2075","1","1","1","1500","1500","","","0","0","2016-07-26 16:52:51","2016-07-26 16:52:51"),
("74389","56011","0","2090","2","1","1","2500","5000","","","0","0","2016-07-26 16:52:51","2016-07-26 16:52:51"),
("74390","56012","0","2165","1","1","1","1000","1000","","","0","0","2016-07-26 16:53:36","2016-07-26 16:53:36"),
("74391","56012","0","2095","1","1","1","4000","4000","","","0","0","2016-07-26 16:53:36","2016-07-26 16:53:36"),
("74392","56012","0","2240","1","1","1","5000","5000","","","0","0","2016-07-26 16:53:36","2016-07-26 16:53:36"),
("74393","56012","0","2065","2","1","1","1000","2000","","","0","0","2016-07-26 16:53:36","2016-07-26 16:53:36"),
("74394","56013","0","2255","6","1","1","500","3000","","","0","0","2016-07-26 16:53:53","2016-07-26 16:53:53"),
("74395","56013","0","2165","1","1","1","1000","1000","","","0","0","2016-07-26 16:53:53","2016-07-26 16:53:53"),
("74396","56013","0","2065","1","1","1","1000","1000","","","0","0","2016-07-26 16:53:53","2016-07-26 16:53:53"),
("74397","56013","0","2098","1","1","1","2500","2500","","","0","0","2016-07-26 16:53:53","2016-07-26 16:53:53"),
("74398","56013","0","2084","2","1","1","2500","5000","","","0","0","2016-07-26 16:53:53","2016-07-26 16:53:53"),
("74399","56014","0","2228","4","1","1","500","2000","","","0","0","2016-07-26 16:54:35","2016-07-26 16:54:35"),
("74400","56015","0","2228","8","1","1","500","4000","","","0","0","2016-07-26 16:54:56","2016-07-26 16:54:56"),
("74401","56016","0","2075","2","1","1","1500","3000","","","0","0","2016-07-26 16:56:48","2016-07-26 16:56:48"),
("74402","56017","0","2166","2","1","1","700","1400","","","0","0","2016-07-26 16:57:12","2016-07-26 16:57:12"),
("74403","56018","0","2235","2","1","1","2500","5000","","","0","0","2016-07-26 16:57:12","2016-07-26 16:57:12"),
("74404","56019","0","2228","4","1","1","500","2000","","","0","0","2016-07-26 16:57:21","2016-07-26 16:57:21"),
("74405","56020","0","2243","1","1","1","5500","5500","","","0","0","2016-07-26 16:57:30","2016-07-26 16:57:30"),
("74406","56021","0","2107","3","1","1","6000","18000","","","0","0","2016-07-26 16:57:49","2016-07-26 16:57:49"),
("74407","56022","0","2107","2","1","1","6000","12000","","","0","0","2016-07-26 16:58:17","2016-07-26 16:58:17"),
("74408","56023","0","2107","2","1","1","6000","12000","","","0","0","2016-07-26 16:58:25","2016-07-26 16:58:25"),
("74409","56024","0","2164","1","1","1","3000","3000","","","0","0","2016-07-26 16:58:38","2016-07-26 16:58:38"),
("74410","56025","0","2107","2","1","1","6000","12000","","","0","0","2016-07-26 17:00:21","2016-07-26 17:00:21"),
("74411","56026","0","2107","1","1","1","6000","6000","","","0","0","2016-07-26 17:00:24","2016-07-26 17:00:24"),
("74412","56027","0","2107","2","1","1","6000","12000","","","0","0","2016-07-26 17:00:27","2016-07-26 17:00:27"),
("74413","56028","0","2107","1","1","1","6000","6000","","","0","0","2016-07-26 17:00:57","2016-07-26 17:00:57"),
("74414","56029","0","2228","5","1","1","500","2500","","","0","0","2016-07-26 17:00:58","2016-07-26 17:00:58"),
("74415","56030","0","2095","1","1","1","4000","4000","","","0","0","2016-07-26 17:01:44","2016-07-26 17:01:44"),
("74416","56031","0","2250","1","1","1","500","500","","","0","0","2016-07-26 17:01:55","2016-07-26 17:01:55"),
("74417","56032","0","2228","5","1","1","500","2500","","","0","0","2016-07-26 17:02:39","2016-07-26 17:02:39"),
("74418","56033","0","2095","1","1","1","4000","4000","","","0","0","2016-07-26 17:03:16","2016-07-26 17:03:16"),
("74419","56034","0","2164","1","1","1","3000","3000","","","0","0","2016-07-26 17:04:16","2016-07-26 17:04:16"),
("74420","56035","0","2164","1","1","1","3000","3000","","","0","0","2016-07-26 17:04:32","2016-07-26 17:04:32"),
("74421","56036","0","2071","1","1","1","1000","1000","","","0","0","2016-07-26 17:04:56","2016-07-26 17:04:56"),
("74422","56037","0","2095","1","1","1","4000","4000","","","0","0","2016-07-26 17:07:48","2016-07-26 17:07:48"),
("74423","56038","0","2228","2","1","1","500","1000","","","0","0","2016-07-26 17:08:09","2016-07-26 17:08:09"),
("74424","56039","0","2228","5","1","1","500","2500","","","0","0","2016-07-26 17:09:35","2016-07-26 17:09:35"),
("74425","56040","0","2231","1","1","1","1500","1500","","","0","0","2016-07-26 17:09:49","2016-07-26 17:09:49"),
("74426","56040","0","2228","6","1","1","500","3000","","","0","0","2016-07-26 17:09:49","2016-07-26 17:09:49"),
("74427","56041","0","2228","2","1","1","500","1000","","","0","0","2016-07-26 17:11:15","2016-07-26 17:11:15"),
("74428","56042","0","2095","1","1","1","4000","4000","","","0","0","2016-07-26 17:11:42","2016-07-26 17:11:42"),
("74429","56043","0","2228","4","1","1","500","2000","","","0","0","2016-07-26 17:12:45","2016-07-26 17:12:45"),
("74430","56044","0","2083","1","1","1","2500","2500","","","0","0","2016-07-26 17:13:21","2016-07-26 17:13:21"),
("74431","56045","0","2228","4","1","1","500","2000","","","0","0","2016-07-26 17:13:35","2016-07-26 17:13:35"),
("74432","56046","0","2228","2","1","1","500","1000","","","0","0","2016-07-26 17:13:46","2016-07-26 17:13:46"),
("74433","56047","0","2228","10","1","1","500","5000","","","0","0","2016-07-26 17:13:51","2016-07-26 17:13:51"),
("74434","56048","0","2228","1","1","1","500","500","","","0","0","2016-07-26 17:14:17","2016-07-26 17:14:17"),
("74435","56049","0","2229","1","1","1","700","700","","","0","0","2016-07-26 17:14:47","2016-07-26 17:14:47"),
("74436","56050","0","2164","5","1","1","3000","15000","","","0","0","2016-07-26 17:17:45","2016-07-26 17:17:45"),
("74437","56051","0","2229","40","1","1","500","20000","","","0","0","2016-07-26 17:18:29","2016-07-26 17:18:29"),
("74438","56052","0","2229","2","1","1","700","1400","","","0","0","2016-07-26 17:18:46","2016-07-26 17:18:46"),
("74439","56052","0","2090","2","1","1","2500","5000","","","0","0","2016-07-26 17:18:46","2016-07-26 17:18:46"),
("74440","56053","0","2228","2","1","1","500","1000","","","0","0","2016-07-26 17:18:54","2016-07-26 17:18:54"),
("74441","56054","0","2229","3","1","1","700","2100","","","0","0","2016-07-26 17:20:03","2016-07-26 17:20:03"),
("74442","56054","0","2099","3","1","1","2000","6000","","","0","0","2016-07-26 17:20:03","2016-07-26 17:20:03"),
("74443","56055","0","2228","25","1","1","500","12500","","","0","0","2016-07-26 17:20:21","2016-07-26 17:20:21"),
("74444","56056","0","2231","1","1","1","1500","1500","","","0","0","2016-07-26 17:20:32","2016-07-26 17:20:32"),
("74445","56057","0","2164","1","1","1","3000","3000","","","0","0","2016-07-26 17:20:35","2016-07-26 17:20:35"),
("74446","56058","0","2231","1","1","1","1500","1500","","","0","0","2016-07-26 17:21:12","2016-07-26 17:21:12"),
("74447","56058","0","2172","1","1","1","2500","2500","","","0","0","2016-07-26 17:21:12","2016-07-26 17:21:12"),
("74448","56059","0","2164","1","1","1","3000","3000","","","0","0","2016-07-26 17:25:04","2016-07-26 17:25:04"),
("74449","56060","0","2229","5","1","1","700","3500","","","0","0","2016-07-26 17:25:05","2016-07-26 17:25:05"),
("74450","56061","0","2095","3","1","1","3500","10500","","","0","0","2016-07-26 17:25:42","2016-07-26 17:25:42"),
("74451","56062","0","2228","4","1","1","500","2000","","","0","0","2016-07-26 17:25:53","2016-07-26 17:25:53"),
("74452","56063","0","2228","3","1","1","500","1500","","","0","0","2016-07-26 17:26:28","2016-07-26 17:26:28"),
("74453","56064","0","2228","4","1","1","500","2000","","","0","0","2016-07-26 17:28:27","2016-07-26 17:28:27"),
("74454","56065","0","2228","2","1","1","500","1000","","","0","0","2016-07-26 17:29:09","2016-07-26 17:29:09"),
("74455","56066","0","2231","3","1","1","1500","4500","","","0","0","2016-07-26 17:29:38","2016-07-26 17:29:38"),
("74456","56067","0","2231","5","1","1","1500","7500","","","0","0","2016-07-26 17:32:59","2016-07-26 17:32:59"),
("74457","56067","0","2095","1","1","1","4000","4000","","","0","0","2016-07-26 17:32:59","2016-07-26 17:32:59"),
("74458","56067","0","2172","2","1","1","2500","5000","","","0","0","2016-07-26 17:32:59","2016-07-26 17:32:59"),
("74459","56068","0","2228","6","1","1","500","3000","","","0","0","2016-07-26 17:35:49","2016-07-26 17:35:49"),
("74460","56069","0","2228","5","1","1","500","2500","","","0","0","2016-07-26 17:36:27","2016-07-26 17:36:27"),
("74461","56070","0","2172","2","1","1","2500","5000","","","0","0","2016-07-26 17:36:42","2016-07-26 17:36:42"),
("74462","56070","0","2071","3","1","1","1000","3000","","","0","0","2016-07-26 17:36:42","2016-07-26 17:36:42"),
("74463","56070","0","2065","5","1","1","1000","5000","","","0","0","2016-07-26 17:36:42","2016-07-26 17:36:42"),
("74464","56071","0","2243","4","1","1","5500","22000","","","0","0","2016-07-26 17:36:57","2016-07-26 17:36:57"),
("74465","56072","0","2243","1","1","1","5500","5500","","","0","0","2016-07-26 17:37:22","2016-07-26 17:37:22"),
("74466","56073","0","2231","2","1","1","1500","3000","","","0","0","2016-07-26 17:37:54","2016-07-26 17:37:54"),
("74467","56074","0","2228","2","1","1","500","1000","","","0","0","2016-07-26 17:38:16","2016-07-26 17:38:16"),
("74468","56075","0","2228","1","1","1","500","500","","","0","0","2016-07-26 17:38:29","2016-07-26 17:38:29"),
("74469","56076","0","2228","1","1","1","500","500","","","0","0","2016-07-26 17:38:39","2016-07-26 17:38:39"),
("74470","56077","0","2228","5","1","1","500","2500","","","0","0","2016-07-26 17:38:46","2016-07-26 17:38:46"),
("74471","56078","0","2165","1","1","1","1000","1000","","","0","0","2016-07-26 17:39:08","2016-07-26 17:39:08"),
("74472","56079","0","2228","5","1","1","500","2500","","","0","0","2016-07-26 17:39:36","2016-07-26 17:39:36"),
("74473","56080","0","2228","2","1","1","500","1000","","","0","0","2016-07-26 17:39:51","2016-07-26 17:39:51"),
("74474","56081","0","2083","1","1","1","2500","2500","","","0","0","2016-07-26 17:40:44","2016-07-26 17:40:44"),
("74475","56082","0","2228","3","1","1","500","1500","","","0","0","2016-07-26 17:40:53","2016-07-26 17:40:53"),
("74476","56083","0","2164","2","1","1","3000","6000","","","0","0","2016-07-26 17:41:24","2016-07-26 17:41:24"),
("74477","56084","0","2089","1","1","1","2500","2500","","","0","0","2016-07-26 17:42:29","2016-07-26 17:42:29"),
("74478","56084","0","2076","1","1","1","2000","2000","","","0","0","2016-07-26 17:42:29","2016-07-26 17:42:29"),
("74479","56084","0","2075","2","1","1","1500","3000","","","0","0","2016-07-26 17:42:29","2016-07-26 17:42:29"),
("74480","56085","0","2231","1","1","1","1500","1500","","","0","0","2016-07-26 17:44:48","2016-07-26 17:44:48"),
("74481","56085","0","2228","4","1","1","500","2000","","","0","0","2016-07-26 17:44:48","2016-07-26 17:44:48"),
("74482","56086","0","2071","1","1","1","1000","1000","","","0","0","2016-07-26 17:45:56","2016-07-26 17:45:56"),
("74483","56086","0","2082","1","1","1","2500","2500","","","0","0","2016-07-26 17:45:56","2016-07-26 17:45:56"),
("74484","56086","0","2074","1","1","1","1500","1500","","","0","0","2016-07-26 17:45:56","2016-07-26 17:45:56"),
("74485","56087","0","2083","1","1","1","2500","2500","","","0","0","2016-07-26 17:46:08","2016-07-26 17:46:08"),
("74486","56088","0","2228","5","1","1","500","2500","","","0","0","2016-07-26 17:46:14","2016-07-26 17:46:14"),
("74487","56089","0","2228","10","1","1","500","5000","","","0","0","2016-07-26 17:47:26","2016-07-26 17:47:26"),
("74488","56090","0","2228","10","1","1","500","5000","","","0","0","2016-07-26 17:47:50","2016-07-26 17:47:50"),
("74489","56091","0","2228","2","1","1","500","1000","","","0","0","2016-07-26 17:48:12","2016-07-26 17:48:12"),
("74490","56092","0","2228","5","1","1","500","2500","","","0","0","2016-07-26 17:51:08","2016-07-26 17:51:08"),
("74491","56093","0","2074","1","1","1","1500","1500","","","0","0","2016-07-26 17:51:15","2016-07-26 17:51:15"),
("74492","56094","0","2084","1","1","1","2500","2500","","","0","0","2016-07-26 17:52:08","2016-07-26 17:52:08"),
("74493","56095","0","2233","1","1","1","2000","2000","","","0","0","2016-07-26 17:52:44","2016-07-26 17:52:44"),
("74494","56095","0","2231","2","1","1","1500","3000","","","0","0","2016-07-26 17:52:44","2016-07-26 17:52:44"),
("74495","56096","0","2231","1","1","1","1500","1500","","","0","0","2016-07-26 17:53:27","2016-07-26 17:53:27"),
("74496","56097","0","2228","4","1","1","500","2000","","","0","0","2016-07-26 17:55:37","2016-07-26 17:55:37"),
("74497","56098","0","2072","1","1","1","1000","1000","","","0","0","2016-07-26 17:55:46","2016-07-26 17:55:46"),
("74498","56098","0","2075","1","1","1","1500","1500","","","0","0","2016-07-26 17:55:46","2016-07-26 17:55:46"),
("74499","56099","0","2228","2","1","1","500","1000","","","0","0","2016-07-26 17:56:05","2016-07-26 17:56:05"),
("74500","56100","0","2228","4","1","1","500","2000","","","0","0","2016-07-26 17:59:17","2016-07-26 17:59:17");

INSERT INTO sales_order_receipts VALUES("56008","55887","7","16RE056005","0","3000","3000","0","2016-07-26","2016-07-26","2016-07-26 15:01:45","26","2016-07-26 15:01:45","26","1"),
("56009","55888","7","16RE056006","0","1500","1500","0","2016-07-26","2016-07-26","2016-07-26 15:07:53","28","2016-07-26 15:07:53","28","1"),
("56010","55889","7","16RE056007","0","16000","16000","0","2016-07-26","2016-07-26","2016-07-26 15:08:20","28","2016-07-26 15:08:20","28","1"),
("56011","55890","7","16RE056008","0","6000","6000","0","2016-07-26","2016-07-26","2016-07-26 15:09:30","28","2016-07-26 15:09:30","28","1"),
("56012","55891","7","16RE056009","0","18000","18000","0","2016-07-26","2016-07-26","2016-07-26 15:10:11","28","2016-07-26 15:10:11","28","1"),
("56013","55892","7","16RE056010","0","4000","4000","0","2016-07-26","2016-07-26","2016-07-26 15:11:00","28","2016-07-26 15:11:00","28","1"),
("56014","55893","7","16RE056011","0","1500","1500","0","2016-07-26","2016-07-26","2016-07-26 15:11:18","28","2016-07-26 15:11:18","28","1"),
("56015","55894","7","16RE056012","0","10500","10500","0","2016-07-26","2016-07-26","2016-07-26 15:11:47","28","2016-07-26 15:11:47","28","1"),
("56016","55895","7","16RE056013","0","7000","7000","0","2016-07-26","2016-07-26","2016-07-26 15:12:30","28","2016-07-26 15:12:30","28","1"),
("56017","55896","7","16RE056014","0","3500","3500","0","2016-07-26","2016-07-26","2016-07-26 15:12:54","28","2016-07-26 15:12:54","28","1"),
("56018","55897","7","16RE056015","0","20000","20000","0","2016-07-26","2016-07-26","2016-07-26 15:14:32","28","2016-07-26 15:14:32","28","1"),
("56019","55898","7","16RE056016","0","3500","3500","0","2016-07-26","2016-07-26","2016-07-26 15:14:56","28","2016-07-26 15:14:56","28","1"),
("56020","55899","7","16RE056017","0","3500","3500","0","2016-07-26","2016-07-26","2016-07-26 15:16:39","28","2016-07-26 15:16:39","28","1"),
("56021","55900","7","16RE056018","0","10500","10500","0","2016-07-26","2016-07-26","2016-07-26 15:17:02","28","2016-07-26 15:17:02","28","1"),
("56022","55901","7","16RE056019","0","1500","1500","0","2016-07-26","2016-07-26","2016-07-26 15:18:11","28","2016-07-26 15:18:11","28","1"),
("56023","55902","7","16RE056020","0","3000","3000","0","2016-07-26","2016-07-26","2016-07-26 15:19:49","28","2016-07-26 15:19:49","28","1"),
("56024","55903","7","16RE056021","0","4000","4000","0","2016-07-26","2016-07-26","2016-07-26 15:21:50","28","2016-07-26 15:21:50","28","1"),
("56025","55904","7","16RE056022","0","14000","14000","0","2016-07-26","2016-07-26","2016-07-26 15:22:48","28","2016-07-26 15:22:48","28","1"),
("56026","55905","7","16RE056023","0","1400","1400","0","2016-07-26","2016-07-26","2016-07-26 15:23:55","28","2016-07-26 15:23:55","28","1"),
("56027","55906","7","16RE056024","0","2100","2100","0","2016-07-26","2016-07-26","2016-07-26 15:25:19","28","2016-07-26 15:25:19","28","1"),
("56028","55907","7","16RE056025","0","1500","1500","0","2016-07-26","2016-07-26","2016-07-26 15:25:37","28","2016-07-26 15:25:37","28","1"),
("56029","55908","7","16RE056026","0","5000","5000","0","2016-07-26","2016-07-26","2016-07-26 15:28:21","28","2016-07-26 15:28:21","28","1"),
("56030","55909","7","16RE056027","0","1000","1000","0","2016-07-26","2016-07-26","2016-07-26 15:30:32","32","2016-07-26 15:30:32","32","1"),
("56031","55910","7","16RE056028","0","5000","5000","0","2016-07-26","2016-07-26","2016-07-26 15:30:34","28","2016-07-26 15:30:34","28","1"),
("56032","55911","7","16RE056029","0","700","700","0","2016-07-26","2016-07-26","2016-07-26 15:30:46","32","2016-07-26 15:30:46","32","1"),
("56033","55912","7","16RE056030","0","8000","8000","0","2016-07-26","2016-07-26","2016-07-26 15:32:02","32","2016-07-26 15:32:02","32","1"),
("56034","55913","7","16RE056031","0","3500","3500","0","2016-07-26","2016-07-26","2016-07-26 15:33:27","32","2016-07-26 15:33:27","32","1"),
("56035","55914","7","16RE056032","0","13000","13000","0","2016-07-26","2016-07-26","2016-07-26 15:33:27","28","2016-07-26 15:33:27","28","1"),
("56036","55915","7","16RE056033","0","1000","1000","0","2016-07-26","2016-07-26","2016-07-26 15:34:20","32","2016-07-26 15:34:20","32","1"),
("56037","55916","7","16RE056034","0","2500","2500","0","2016-07-26","2016-07-26","2016-07-26 15:36:21","28","2016-07-26 15:36:21","28","1"),
("56038","55917","7","16RE056035","0","2000","2000","0","2016-07-26","2016-07-26","2016-07-26 15:38:26","28","2016-07-26 15:38:26","28","1"),
("56039","55918","7","16RE056036","0","2500","2500","0","2016-07-26","2016-07-26","2016-07-26 15:40:18","28","2016-07-26 15:40:18","28","1"),
("56040","55919","7","16RE056037","0","500","500","0","2016-07-26","2016-07-26","2016-07-26 15:40:42","28","2016-07-26 15:40:42","28","1"),
("56041","55920","7","16RE056038","0","2500","2500","0","2016-07-26","2016-07-26","2016-07-26 15:41:42","28","2016-07-26 15:41:42","28","1"),
("56042","55921","7","16RE056039","0","4000","4000","0","2016-07-26","2016-07-26","2016-07-26 15:42:14","28","2016-07-26 15:42:14","28","1"),
("56043","55922","7","16RE056040","0","8000","8000","0","2016-07-26","2016-07-26","2016-07-26 15:43:20","28","2016-07-26 15:43:20","28","1"),
("56044","55923","7","16RE056041","0","17000","17000","0","2016-07-26","2016-07-26","2016-07-26 15:43:41","28","2016-07-26 15:43:41","28","1"),
("56045","55924","7","16RE056042","0","33000","33000","0","2016-07-26","2016-07-26","2016-07-26 15:44:18","28","2016-07-26 15:44:18","28","1"),
("56046","55925","7","16RE056043","0","2000","2000","0","2016-07-26","2016-07-26","2016-07-26 15:44:27","28","2016-07-26 15:44:27","28","1"),
("56047","55926","7","16RE056044","0","2500","2500","0","2016-07-26","2016-07-26","2016-07-26 15:49:51","32","2016-07-26 15:49:51","32","1"),
("56048","55927","7","16RE056045","0","1500","1500","0","2016-07-26","2016-07-26","2016-07-26 15:50:42","28","2016-07-26 15:50:42","28","1"),
("56049","55928","7","16RE056046","0","1000","1000","0","2016-07-26","2016-07-26","2016-07-26 15:50:45","32","2016-07-26 15:50:45","32","1"),
("56050","55929","7","16RE056047","0","2000","2000","0","2016-07-26","2016-07-26","2016-07-26 15:51:36","28","2016-07-26 15:51:36","28","1"),
("56051","55930","7","16RE056048","0","2000","2000","0","2016-07-26","2016-07-26","2016-07-26 15:52:44","32","2016-07-26 15:52:44","32","1"),
("56052","55931","7","16RE056049","0","4200","4200","0","2016-07-26","2016-07-26","2016-07-26 15:53:07","32","2016-07-26 15:53:07","32","1"),
("56053","55932","7","16RE056050","0","4500","4500","0","2016-07-26","2016-07-26","2016-07-26 15:54:21","32","2016-07-26 15:54:21","32","1"),
("56054","55933","7","16RE056051","0","5000","5000","0","2016-07-26","2016-07-26","2016-07-26 15:54:36","32","2016-07-26 15:54:36","32","1"),
("56055","55934","7","16RE056052","0","6500","6500","0","2016-07-26","2016-07-26","2016-07-26 15:55:05","32","2016-07-26 15:55:05","32","1"),
("56056","55935","7","16RE056053","0","3000","3000","0","2016-07-26","2016-07-26","2016-07-26 15:56:57","32","2016-07-26 15:56:57","32","1"),
("56057","55936","7","16RE056054","0","22000","22000","0","2016-07-26","2016-07-26","2016-07-26 15:57:55","32","2016-07-26 15:57:55","32","1"),
("56058","55937","7","16RE056055","0","2000","2000","0","2016-07-26","2016-07-26","2016-07-26 15:58:11","32","2016-07-26 15:58:11","32","1"),
("56059","55938","7","16RE056056","0","5000","5000","0","2016-07-26","2016-07-26","2016-07-26 15:58:16","32","2016-07-26 15:58:16","32","1"),
("56060","55939","7","16RE056057","0","3000","3000","0","2016-07-26","2016-07-26","2016-07-26 15:58:42","32","2016-07-26 15:58:42","32","1"),
("56061","55940","7","16RE056058","0","2500","2500","0","2016-07-26","2016-07-26","2016-07-26 15:58:58","32","2016-07-26 15:58:58","32","1"),
("56062","55941","7","16RE056059","0","1500","1500","0","2016-07-26","2016-07-26","2016-07-26 15:59:26","32","2016-07-26 15:59:26","32","1"),
("56063","55942","7","16RE056060","0","1000","1000","0","2016-07-26","2016-07-26","2016-07-26 15:59:47","32","2016-07-26 15:59:47","32","1"),
("56064","55943","7","16RE056061","0","28000","28000","0","2016-07-26","2016-07-26","2016-07-26 16:00:43","32","2016-07-26 16:00:43","32","1"),
("56065","55944","7","16RE056062","0","1000","1000","0","2016-07-26","2016-07-26","2016-07-26 16:03:23","28","2016-07-26 16:03:23","28","1"),
("56066","55945","7","16RE056063","0","5500","5500","0","2016-07-26","2016-07-26","2016-07-26 16:05:58","28","2016-07-26 16:05:58","28","1"),
("56067","55946","7","16RE056064","0","47500","47500","0","2016-07-26","2016-07-26","2016-07-26 16:08:15","28","2016-07-26 16:08:15","28","1"),
("56068","55947","7","16RE056065","0","5000","5000","0","2016-07-26","2016-07-26","2016-07-26 16:08:39","28","2016-07-26 16:08:39","28","1"),
("56069","55948","7","16RE056066","0","27500","27500","0","2016-07-26","2016-07-26","2016-07-26 16:09:26","32","2016-07-26 16:09:26","32","1"),
("56070","55949","7","16RE056067","0","10000","10000","0","2016-07-26","2016-07-26","2016-07-26 16:11:22","32","2016-07-26 16:11:22","32","1"),
("56071","55950","7","16RE056068","0","4000","4000","0","2016-07-26","2016-07-26","2016-07-26 16:11:36","32","2016-07-26 16:11:36","32","1"),
("56072","55951","7","16RE056069","0","3500","3500","0","2016-07-26","2016-07-26","2016-07-26 16:11:43","32","2016-07-26 16:11:43","32","1"),
("56073","55952","7","16RE056070","0","6500","6500","0","2016-07-26","2016-07-26","2016-07-26 16:11:50","28","2016-07-26 16:11:50","28","1"),
("56074","55953","7","16RE056071","0","3000","3000","0","2016-07-26","2016-07-26","2016-07-26 16:12:00","28","2016-07-26 16:12:00","28","1"),
("56075","55954","7","16RE056072","0","5000","5000","0","2016-07-26","2016-07-26","2016-07-26 16:13:30","28","2016-07-26 16:13:30","28","1"),
("56076","55955","7","16RE056073","0","4500","4500","0","2016-07-26","2016-07-26","2016-07-26 16:13:36","32","2016-07-26 16:13:36","32","1"),
("56077","55956","7","16RE056074","0","3000","3000","0","2016-07-26","2016-07-26","2016-07-26 16:13:49","28","2016-07-26 16:13:49","28","1"),
("56078","55957","7","16RE056075","0","1500","1500","0","2016-07-26","2016-07-26","2016-07-26 16:14:48","28","2016-07-26 16:14:48","28","1"),
("56079","55958","7","16RE056076","0","9000","9000","0","2016-07-26","2016-07-26","2016-07-26 16:16:05","32","2016-07-26 16:16:05","32","1"),
("56080","55959","7","16RE056077","0","500","500","0","2016-07-26","2016-07-26","2016-07-26 16:16:27","32","2016-07-26 16:16:27","32","1"),
("56081","55960","7","16RE056078","0","500","500","0","2016-07-26","2016-07-26","2016-07-26 16:16:44","32","2016-07-26 16:16:44","32","1"),
("56082","55961","7","16RE056079","0","2000","2000","0","2016-07-26","2016-07-26","2016-07-26 16:17:30","28","2016-07-26 16:17:30","28","1"),
("56083","55962","7","16RE056080","0","5000","5000","0","2016-07-26","2016-07-26","2016-07-26 16:19:08","32","2016-07-26 16:19:08","32","1"),
("56084","55963","7","16RE056081","0","4000","4000","0","2016-07-26","2016-07-26","2016-07-26 16:19:35","28","2016-07-26 16:19:35","28","1"),
("56085","55964","7","16RE056082","0","1400","1400","0","2016-07-26","2016-07-26","2016-07-26 16:20:31","32","2016-07-26 16:20:31","32","1"),
("56086","55965","7","16RE056083","0","15000","15000","0","2016-07-26","2016-07-26","2016-07-26 16:20:43","32","2016-07-26 16:20:43","32","1"),
("56087","55966","7","16RE056084","0","10000","10000","0","2016-07-26","2016-07-26","2016-07-26 16:20:44","28","2016-07-26 16:20:44","28","1"),
("56088","55967","7","16RE056085","0","2800","2800","0","2016-07-26","2016-07-26","2016-07-26 16:20:53","28","2016-07-26 16:20:53","28","1"),
("56089","55968","7","16RE056086","0","3500","3500","0","2016-07-26","2016-07-26","2016-07-26 16:21:09","28","2016-07-26 16:21:09","28","1"),
("56090","55969","7","16RE056087","0","16500","16500","0","2016-07-26","2016-07-26","2016-07-26 16:21:26","32","2016-07-26 16:21:26","32","1"),
("56091","55970","7","16RE056088","0","3000","3000","0","2016-07-26","2016-07-26","2016-07-26 16:22:35","32","2016-07-26 16:22:35","32","1"),
("56092","55971","7","16RE056089","0","1500","1500","0","2016-07-26","2016-07-26","2016-07-26 16:25:18","32","2016-07-26 16:25:18","32","1"),
("56093","55972","7","16RE056090","0","7000","7000","0","2016-07-26","2016-07-26","2016-07-26 16:26:28","32","2016-07-26 16:26:28","32","1"),
("56094","55973","7","16RE056091","0","2000","2000","0","2016-07-26","2016-07-26","2016-07-26 16:26:46","32","2016-07-26 16:26:46","32","1"),
("56095","55974","7","16RE056092","0","5000","5000","0","2016-07-26","2016-07-26","2016-07-26 16:27:29","32","2016-07-26 16:27:29","32","1"),
("56096","55975","7","16RE056093","0","3000","3000","0","2016-07-26","2016-07-26","2016-07-26 16:28:29","32","2016-07-26 16:28:29","32","1"),
("56097","55976","7","16RE056094","0","2000","2000","0","2016-07-26","2016-07-26","2016-07-26 16:29:38","32","2016-07-26 16:29:38","32","1"),
("56098","55977","7","16RE056095","0","3000","3000","0","2016-07-26","2016-07-26","2016-07-26 16:31:04","32","2016-07-26 16:31:04","32","1"),
("56099","55978","7","16RE056096","0","2500","2500","0","2016-07-26","2016-07-26","2016-07-26 16:31:11","32","2016-07-26 16:31:11","32","1"),
("56100","55979","7","16RE056097","0","3000","3000","0","2016-07-26","2016-07-26","2016-07-26 16:31:29","32","2016-07-26 16:31:29","32","1"),
("56101","55980","7","16RE056098","0","1000","1000","0","2016-07-26","2016-07-26","2016-07-26 16:31:54","32","2016-07-26 16:31:54","32","1"),
("56102","55981","7","16RE056099","0","5000","5000","0","2016-07-26","2016-07-26","2016-07-26 16:32:48","32","2016-07-26 16:32:48","32","1"),
("56103","55982","7","16RE056100","0","2000","2000","0","2016-07-26","2016-07-26","2016-07-26 16:33:28","28","2016-07-26 16:33:28","28","1"),
("56104","55983","7","16RE056101","0","2500","2500","0","2016-07-26","2016-07-26","2016-07-26 16:33:50","28","2016-07-26 16:33:50","28","1"),
("56105","55984","7","16RE056102","0","11500","11500","0","2016-07-26","2016-07-26","2016-07-26 16:34:25","32","2016-07-26 16:34:25","32","1"),
("56106","55985","7","16RE056103","0","2000","2000","0","2016-07-26","2016-07-26","2016-07-26 16:34:50","32","2016-07-26 16:34:50","32","1"),
("56107","55986","7","16RE056104","0","3000","3000","0","2016-07-26","2016-07-26","2016-07-26 16:34:55","28","2016-07-26 16:34:55","28","1"),
("56108","55987","7","16RE056105","0","5500","5500","0","2016-07-26","2016-07-26","2016-07-26 16:37:42","32","2016-07-26 16:37:42","32","1"),
("56109","55988","7","16RE056106","0","71000","71000","0","2016-07-26","2016-07-26","2016-07-26 16:38:27","32","2016-07-26 16:38:27","32","1"),
("56110","55989","7","16RE056107","0","5000","5000","0","2016-07-26","2016-07-26","2016-07-26 16:38:44","28","2016-07-26 16:38:44","28","1"),
("56111","55990","7","16RE056108","0","2000","2000","0","2016-07-26","2016-07-26","2016-07-26 16:40:19","28","2016-07-26 16:40:19","28","1"),
("56112","55991","7","16RE056109","0","1500","1500","0","2016-07-26","2016-07-26","2016-07-26 16:41:51","28","2016-07-26 16:41:51","28","1"),
("56113","55992","7","16RE056110","0","4500","4500","0","2016-07-26","2016-07-26","2016-07-26 16:44:34","28","2016-07-26 16:44:34","28","1"),
("56114","55993","7","16RE056111","0","4000","4000","0","2016-07-26","2016-07-26","2016-07-26 16:44:39","28","2016-07-26 16:44:39","28","1"),
("56115","55994","7","16RE056112","0","4500","4500","0","2016-07-26","2016-07-26","2016-07-26 16:45:16","32","2016-07-26 16:45:16","32","1"),
("56116","55995","7","16RE056113","0","5500","5500","0","2016-07-26","2016-07-26","2016-07-26 16:45:36","28","2016-07-26 16:45:36","28","1"),
("56117","55996","7","16RE056114","0","500","500","0","2016-07-26","2016-07-26","2016-07-26 16:46:00","32","2016-07-26 16:46:00","32","1"),
("56118","55997","7","16RE056115","0","3500","3500","0","2016-07-26","2016-07-26","2016-07-26 16:46:05","28","2016-07-26 16:46:05","28","1"),
("56119","55998","7","16RE056116","0","5000","5000","0","2016-07-26","2016-07-26","2016-07-26 16:46:37","28","2016-07-26 16:46:37","28","1"),
("56120","55999","7","16RE056117","0","1500","1500","0","2016-07-26","2016-07-26","2016-07-26 16:47:20","32","2016-07-26 16:47:20","32","1"),
("56121","56000","7","16RE056118","0","3900","3900","0","2016-07-26","2016-07-26","2016-07-26 16:47:29","28","2016-07-26 16:47:29","28","1"),
("56122","56001","7","16RE056119","0","12000","12000","0","2016-07-26","2016-07-26","2016-07-26 16:47:51","28","2016-07-26 16:47:51","28","1"),
("56123","56002","7","16RE056120","0","2500","2500","0","2016-07-26","2016-07-26","2016-07-26 16:48:09","28","2016-07-26 16:48:09","28","1"),
("56124","56003","7","16RE056121","0","6500","6500","0","2016-07-26","2016-07-26","2016-07-26 16:48:45","28","2016-07-26 16:48:45","28","1"),
("56125","56004","7","16RE056122","0","13500","13500","0","2016-07-26","2016-07-26","2016-07-26 16:49:28","32","2016-07-26 16:49:28","32","1"),
("56126","56005","7","16RE056123","0","5500","5500","0","2016-07-26","2016-07-26","2016-07-26 16:49:46","32","2016-07-26 16:49:46","32","1"),
("56127","56006","7","16RE056124","0","2500","2500","0","2016-07-26","2016-07-26","2016-07-26 16:50:18","28","2016-07-26 16:50:18","28","1"),
("56128","56007","7","16RE056125","0","2000","2000","0","2016-07-26","2016-07-26","2016-07-26 16:50:21","32","2016-07-26 16:50:21","32","1"),
("56129","56008","7","16RE056126","0","18000","18000","0","2016-07-26","2016-07-26","2016-07-26 16:50:27","28","2016-07-26 16:50:27","28","1"),
("56130","56009","7","16RE056127","0","1500","1500","0","2016-07-26","2016-07-26","2016-07-26 16:51:05","28","2016-07-26 16:51:05","28","1"),
("56131","56010","7","16RE056128","0","1500","1500","0","2016-07-26","2016-07-26","2016-07-26 16:52:03","28","2016-07-26 16:52:03","28","1"),
("56132","56011","7","16RE056129","0","13500","13500","0","2016-07-26","2016-07-26","2016-07-26 16:52:51","32","2016-07-26 16:52:51","32","1"),
("56133","56012","7","16RE056130","0","12000","12000","0","2016-07-26","2016-07-26","2016-07-26 16:53:36","28","2016-07-26 16:53:36","28","1"),
("56134","56013","7","16RE056131","0","12500","12500","0","2016-07-26","2016-07-26","2016-07-26 16:53:53","32","2016-07-26 16:53:53","32","1"),
("56135","56014","7","16RE056132","0","2000","2000","0","2016-07-26","2016-07-26","2016-07-26 16:54:35","32","2016-07-26 16:54:35","32","1"),
("56136","56015","7","16RE056133","0","4000","4000","0","2016-07-26","2016-07-26","2016-07-26 16:54:56","32","2016-07-26 16:54:56","32","1"),
("56137","56016","7","16RE056134","0","3000","3000","0","2016-07-26","2016-07-26","2016-07-26 16:56:48","32","2016-07-26 16:56:48","32","1"),
("56138","56017","7","16RE056135","0","1400","1400","0","2016-07-26","2016-07-26","2016-07-26 16:57:11","28","2016-07-26 16:57:11","28","1"),
("56139","56018","7","16RE056136","0","5000","5000","0","2016-07-26","2016-07-26","2016-07-26 16:57:12","32","2016-07-26 16:57:12","32","1"),
("56140","56019","7","16RE056137","0","2000","2000","0","2016-07-26","2016-07-26","2016-07-26 16:57:21","28","2016-07-26 16:57:21","28","1"),
("56141","56020","7","16RE056138","0","5500","5500","0","2016-07-26","2016-07-26","2016-07-26 16:57:30","32","2016-07-26 16:57:30","32","1"),
("56142","56021","7","16RE056139","0","18000","18000","0","2016-07-26","2016-07-26","2016-07-26 16:57:49","32","2016-07-26 16:57:49","32","1"),
("56143","56022","7","16RE056140","0","12000","12000","0","2016-07-26","2016-07-26","2016-07-26 16:58:17","32","2016-07-26 16:58:17","32","1"),
("56144","56023","7","16RE056141","0","12000","12000","0","2016-07-26","2016-07-26","2016-07-26 16:58:25","32","2016-07-26 16:58:25","32","1"),
("56145","56024","7","16RE056142","0","3000","3000","0","2016-07-26","2016-07-26","2016-07-26 16:58:38","32","2016-07-26 16:58:38","32","1"),
("56146","56025","7","16RE056143","0","12000","12000","0","2016-07-26","2016-07-26","2016-07-26 17:00:21","28","2016-07-26 17:00:21","28","1"),
("56147","56026","7","16RE056144","0","6000","6000","0","2016-07-26","2016-07-26","2016-07-26 17:00:24","32","2016-07-26 17:00:24","32","1"),
("56148","56027","7","16RE056145","0","12000","12000","0","2016-07-26","2016-07-26","2016-07-26 17:00:27","28","2016-07-26 17:00:27","28","1"),
("56149","56028","7","16RE056146","0","6000","6000","0","2016-07-26","2016-07-26","2016-07-26 17:00:57","32","2016-07-26 17:00:57","32","1"),
("56150","56029","7","16RE056147","0","2500","2500","0","2016-07-26","2016-07-26","2016-07-26 17:00:57","28","2016-07-26 17:00:57","28","1"),
("56151","56030","7","16RE056148","0","4000","4000","0","2016-07-26","2016-07-26","2016-07-26 17:01:44","28","2016-07-26 17:01:44","28","1"),
("56152","56031","7","16RE056149","0","500","500","0","2016-07-26","2016-07-26","2016-07-26 17:01:55","32","2016-07-26 17:01:55","32","1"),
("56153","56032","7","16RE056150","0","2500","2500","0","2016-07-26","2016-07-26","2016-07-26 17:02:39","28","2016-07-26 17:02:39","28","1"),
("56154","56033","7","16RE056151","0","4000","4000","0","2016-07-26","2016-07-26","2016-07-26 17:03:16","28","2016-07-26 17:03:16","28","1"),
("56155","56034","7","16RE056152","0","3000","3000","0","2016-07-26","2016-07-26","2016-07-26 17:04:16","28","2016-07-26 17:04:16","28","1"),
("56156","56035","7","16RE056153","0","3000","3000","0","2016-07-26","2016-07-26","2016-07-26 17:04:32","28","2016-07-26 17:04:32","28","1"),
("56157","56036","7","16RE056154","0","1000","1000","0","2016-07-26","2016-07-26","2016-07-26 17:04:56","32","2016-07-26 17:04:56","32","1"),
("56158","56037","7","16RE056155","0","4000","4000","0","2016-07-26","2016-07-26","2016-07-26 17:07:48","28","2016-07-26 17:07:48","28","1"),
("56159","56038","7","16RE056156","0","1000","1000","0","2016-07-26","2016-07-26","2016-07-26 17:08:09","28","2016-07-26 17:08:09","28","1"),
("56160","56039","7","16RE056157","0","2500","2500","0","2016-07-26","2016-07-26","2016-07-26 17:09:35","28","2016-07-26 17:09:35","28","1"),
("56161","56040","7","16RE056158","0","4500","4500","0","2016-07-26","2016-07-26","2016-07-26 17:09:49","28","2016-07-26 17:09:49","28","1"),
("56162","56041","7","16RE056159","0","1000","1000","0","2016-07-26","2016-07-26","2016-07-26 17:11:15","28","2016-07-26 17:11:15","28","1"),
("56163","56042","7","16RE056160","0","4000","4000","0","2016-07-26","2016-07-26","2016-07-26 17:11:42","28","2016-07-26 17:11:42","28","1"),
("56164","56043","7","16RE056161","0","2000","2000","0","2016-07-26","2016-07-26","2016-07-26 17:12:45","28","2016-07-26 17:12:45","28","1"),
("56165","56044","7","16RE056162","0","2500","2500","0","2016-07-26","2016-07-26","2016-07-26 17:13:21","28","2016-07-26 17:13:21","28","1"),
("56166","56045","7","16RE056163","0","2000","2000","0","2016-07-26","2016-07-26","2016-07-26 17:13:35","28","2016-07-26 17:13:35","28","1"),
("56167","56046","7","16RE056164","0","1000","1000","0","2016-07-26","2016-07-26","2016-07-26 17:13:46","28","2016-07-26 17:13:46","28","1"),
("56168","56047","7","16RE056165","0","5000","5000","0","2016-07-26","2016-07-26","2016-07-26 17:13:51","28","2016-07-26 17:13:51","28","1"),
("56169","56048","7","16RE056166","0","500","500","0","2016-07-26","2016-07-26","2016-07-26 17:14:17","28","2016-07-26 17:14:17","28","1"),
("56170","56049","7","16RE056167","0","700","700","0","2016-07-26","2016-07-26","2016-07-26 17:14:47","28","2016-07-26 17:14:47","28","1"),
("56171","56050","7","16RE056168","0","15000","15000","0","2016-07-26","2016-07-26","2016-07-26 17:17:45","28","2016-07-26 17:17:45","28","1"),
("56172","56051","7","16RE056169","0","20000","20000","0","2016-07-26","2016-07-26","2016-07-26 17:18:29","28","2016-07-26 17:18:29","28","1"),
("56173","56052","7","16RE056170","0","6400","6400","0","2016-07-26","2016-07-26","2016-07-26 17:18:46","28","2016-07-26 17:18:46","28","1"),
("56174","56053","7","16RE056171","0","1000","1000","0","2016-07-26","2016-07-26","2016-07-26 17:18:54","28","2016-07-26 17:18:54","28","1"),
("56175","56054","7","16RE056172","0","8100","8100","0","2016-07-26","2016-07-26","2016-07-26 17:20:03","28","2016-07-26 17:20:03","28","1"),
("56176","56055","7","16RE056173","0","12500","12500","0","2016-07-26","2016-07-26","2016-07-26 17:20:21","28","2016-07-26 17:20:21","28","1"),
("56177","56056","7","16RE056174","0","1500","1500","0","2016-07-26","2016-07-26","2016-07-26 17:20:32","28","2016-07-26 17:20:32","28","1"),
("56178","56057","7","16RE056175","0","3000","3000","0","2016-07-26","2016-07-26","2016-07-26 17:20:35","32","2016-07-26 17:20:35","32","1"),
("56179","56058","7","16RE056176","0","4000","4000","0","2016-07-26","2016-07-26","2016-07-26 17:21:12","32","2016-07-26 17:21:12","32","1"),
("56180","56059","7","16RE056177","0","3000","3000","0","2016-07-26","2016-07-26","2016-07-26 17:25:04","32","2016-07-26 17:25:04","32","1"),
("56181","56060","7","16RE056178","0","3500","3500","0","2016-07-26","2016-07-26","2016-07-26 17:25:05","28","2016-07-26 17:25:05","28","1"),
("56182","56061","7","16RE056179","0","10500","10500","0","2016-07-26","2016-07-26","2016-07-26 17:25:42","28","2016-07-26 17:25:42","28","1"),
("56183","56062","7","16RE056180","0","2000","2000","0","2016-07-26","2016-07-26","2016-07-26 17:25:53","28","2016-07-26 17:25:53","28","1"),
("56184","56063","7","16RE056181","0","1500","1500","0","2016-07-26","2016-07-26","2016-07-26 17:26:28","28","2016-07-26 17:26:28","28","1"),
("56185","56064","7","16RE056182","0","2000","2000","0","2016-07-26","2016-07-26","2016-07-26 17:28:27","28","2016-07-26 17:28:27","28","1"),
("56186","56065","7","16RE056183","0","1000","1000","0","2016-07-26","2016-07-26","2016-07-26 17:29:09","28","2016-07-26 17:29:09","28","1"),
("56187","56066","7","16RE056184","0","4500","4500","0","2016-07-26","2016-07-26","2016-07-26 17:29:38","28","2016-07-26 17:29:38","28","1"),
("56188","56067","7","16RE056185","0","16500","16500","0","2016-07-26","2016-07-26","2016-07-26 17:32:59","28","2016-07-26 17:32:59","28","1"),
("56189","56068","7","16RE056186","0","3000","3000","0","2016-07-26","2016-07-26","2016-07-26 17:35:49","28","2016-07-26 17:35:49","28","1"),
("56190","56069","7","16RE056187","0","2500","2500","0","2016-07-26","2016-07-26","2016-07-26 17:36:27","28","2016-07-26 17:36:27","28","1"),
("56191","56070","7","16RE056188","0","13000","13000","0","2016-07-26","2016-07-26","2016-07-26 17:36:42","28","2016-07-26 17:36:42","28","1"),
("56192","56071","7","16RE056189","0","22000","22000","0","2016-07-26","2016-07-26","2016-07-26 17:36:57","28","2016-07-26 17:36:57","28","1"),
("56193","56072","7","16RE056190","0","5500","5500","0","2016-07-26","2016-07-26","2016-07-26 17:37:22","28","2016-07-26 17:37:22","28","1"),
("56194","56073","7","16RE056191","0","3000","3000","0","2016-07-26","2016-07-26","2016-07-26 17:37:54","28","2016-07-26 17:37:54","28","1"),
("56195","56074","7","16RE056192","0","1000","1000","0","2016-07-26","2016-07-26","2016-07-26 17:38:16","28","2016-07-26 17:38:16","28","1"),
("56196","56075","7","16RE056193","0","500","500","0","2016-07-26","2016-07-26","2016-07-26 17:38:29","28","2016-07-26 17:38:29","28","1"),
("56197","56076","7","16RE056194","0","500","500","0","2016-07-26","2016-07-26","2016-07-26 17:38:39","28","2016-07-26 17:38:39","28","1"),
("56198","56077","7","16RE056195","0","2500","2500","0","2016-07-26","2016-07-26","2016-07-26 17:38:46","28","2016-07-26 17:38:46","28","1"),
("56199","56078","7","16RE056196","0","1000","1000","0","2016-07-26","2016-07-26","2016-07-26 17:39:07","28","2016-07-26 17:39:07","28","1"),
("56200","56079","7","16RE056197","0","2500","2500","0","2016-07-26","2016-07-26","2016-07-26 17:39:36","28","2016-07-26 17:39:36","28","1"),
("56201","56080","7","16RE056198","0","1000","1000","0","2016-07-26","2016-07-26","2016-07-26 17:39:51","28","2016-07-26 17:39:51","28","1"),
("56202","56081","7","16RE056199","0","2500","2500","0","2016-07-26","2016-07-26","2016-07-26 17:40:44","28","2016-07-26 17:40:44","28","1"),
("56203","56082","7","16RE056200","0","1500","1500","0","2016-07-26","2016-07-26","2016-07-26 17:40:53","28","2016-07-26 17:40:53","28","1"),
("56204","56083","7","16RE056201","0","6000","6000","0","2016-07-26","2016-07-26","2016-07-26 17:41:24","28","2016-07-26 17:41:24","28","1"),
("56205","56084","7","16RE056202","0","7500","7500","0","2016-07-26","2016-07-26","2016-07-26 17:42:29","28","2016-07-26 17:42:29","28","1"),
("56206","56085","7","16RE056203","0","3500","3500","0","2016-07-26","2016-07-26","2016-07-26 17:44:48","28","2016-07-26 17:44:48","28","1"),
("56207","56086","7","16RE056204","0","5000","5000","0","2016-07-26","2016-07-26","2016-07-26 17:45:56","28","2016-07-26 17:45:56","28","1"),
("56208","56087","7","16RE056205","0","2500","2500","0","2016-07-26","2016-07-26","2016-07-26 17:46:08","28","2016-07-26 17:46:08","28","1"),
("56209","56088","7","16RE056206","0","2500","2500","0","2016-07-26","2016-07-26","2016-07-26 17:46:14","28","2016-07-26 17:46:14","28","1"),
("56210","56089","7","16RE056207","0","5000","5000","0","2016-07-26","2016-07-26","2016-07-26 17:47:26","28","2016-07-26 17:47:26","28","1"),
("56211","56090","7","16RE056208","0","5000","5000","0","2016-07-26","2016-07-26","2016-07-26 17:47:50","28","2016-07-26 17:47:50","28","1"),
("56212","56091","7","16RE056209","0","1000","1000","0","2016-07-26","2016-07-26","2016-07-26 17:48:12","28","2016-07-26 17:48:12","28","1"),
("56213","56092","7","16RE056210","0","2500","2500","0","2016-07-26","2016-07-26","2016-07-26 17:51:08","28","2016-07-26 17:51:08","28","1"),
("56214","56093","7","16RE056211","0","1500","1500","0","2016-07-26","2016-07-26","2016-07-26 17:51:15","28","2016-07-26 17:51:15","28","1"),
("56215","56094","7","16RE056212","0","2500","2500","0","2016-07-26","2016-07-26","2016-07-26 17:52:08","28","2016-07-26 17:52:08","28","1"),
("56216","56095","7","16RE056213","0","5000","5000","0","2016-07-26","2016-07-26","2016-07-26 17:52:44","28","2016-07-26 17:52:44","28","1"),
("56217","56096","7","16RE056214","0","1500","1500","0","2016-07-26","2016-07-26","2016-07-26 17:53:27","28","2016-07-26 17:53:27","28","1"),
("56218","56097","7","16RE056215","0","2000","2000","0","2016-07-26","2016-07-26","2016-07-26 17:55:37","28","2016-07-26 17:55:37","28","1"),
("56219","56098","7","16RE056216","0","2500","2500","0","2016-07-26","2016-07-26","2016-07-26 17:55:46","28","2016-07-26 17:55:46","28","1"),
("56220","56099","7","16RE056217","0","1000","1000","0","2016-07-26","2016-07-26","2016-07-26 17:56:05","28","2016-07-26 17:56:05","28","1"),
("56221","56100","7","16RE056218","0","2000","2000","0","2016-07-26","2016-07-26","2016-07-26 17:59:17","28","2016-07-26 17:59:17","28","1");

