INSERT INTO inventories VALUES("72622","","","","54684","","","2095","2","1","0","4000","2016-07-25","0000-00-00","","2016-07-25 12:00:56","32","2016-07-25 12:00:56","32","1"),
("72623","","","","54685","","","2104","2","1","0","5500","2016-07-25","0000-00-00","","2016-07-25 12:01:24","32","2016-07-25 12:01:24","32","1"),
("72624","","","","54686","","","2166","2","10","0","700","2016-07-25","0000-00-00","","2016-07-25 12:02:17","32","2016-07-25 12:02:17","32","1"),
("72625","","","","54687","","","2164","2","1","0","3000","2016-07-25","0000-00-00","","2016-07-25 12:03:00","32","2016-07-25 12:03:00","32","1"),
("72626","","","","54688","","","2126","2","1","0","2000","2016-07-25","0000-00-00","","2016-07-25 12:03:26","32","2016-07-25 12:03:26","32","1"),
("72627","","","","54688","","","2250","2","1","0","500","2016-07-25","0000-00-00","","2016-07-25 12:03:27","32","2016-07-25 12:03:27","32","1"),
("72628","","","","54689","","","2110","2","1","0","2500","2016-07-25","0000-00-00","","2016-07-25 12:05:40","32","2016-07-25 12:05:40","32","1"),
("72629","","","","54690","","","2083","2","2","0","2500","2016-07-25","0000-00-00","","2016-07-25 12:06:40","32","2016-07-25 12:06:40","32","1"),
("72630","","","","54691","","","2228","2","1","0","500","2016-07-25","0000-00-00","","2016-07-25 12:06:56","32","2016-07-25 12:06:56","32","1"),
("72631","","","","54692","","","2093","2","1","0","3000","2016-07-25","0000-00-00","","2016-07-25 12:07:25","32","2016-07-25 12:07:25","32","1"),
("72632","","","","54693","","","2121","2","1","0","13000","2016-07-25","0000-00-00","","2016-07-25 12:07:49","32","2016-07-25 12:07:49","32","1"),
("72633","","","","54694","","","2083","2","5","0","2500","2016-07-25","0000-00-00","","2016-07-25 12:08:09","32","2016-07-25 12:08:09","32","1"),
("72634","","","","54695","","","2228","2","4","0","500","2016-07-25","0000-00-00","","2016-07-25 12:08:19","32","2016-07-25 12:08:19","32","1"),
("72635","","","","54696","","","2228","2","1","0","500","2016-07-25","0000-00-00","","2016-07-25 12:08:42","32","2016-07-25 12:08:42","32","1"),
("72636","","","","54697","","","2231","2","1","0","1500","2016-07-25","0000-00-00","","2016-07-25 12:11:25","32","2016-07-25 12:11:25","32","1"),
("72637","","","","54697","","","2228","2","3","0","500","2016-07-25","0000-00-00","","2016-07-25 12:11:25","32","2016-07-25 12:11:25","32","1"),
("72638","","","","54698","","","2233","2","1","0","2000","2016-07-25","0000-00-00","","2016-07-25 12:13:04","32","2016-07-25 12:13:04","32","1"),
("72639","","","","54699","","","2064","2","1","0","2000","2016-07-25","0000-00-00","","2016-07-25 12:13:47","32","2016-07-25 12:13:47","32","1"),
("72640","","","","54699","","","2125","2","1","0","1000","2016-07-25","0000-00-00","","2016-07-25 12:13:47","32","2016-07-25 12:13:47","32","1"),
("72641","","","","54700","","","2250","2","1","0","500","2016-07-25","0000-00-00","","2016-07-25 12:14:28","28","2016-07-25 12:14:28","28","1"),
("72642","","","","54701","","","2125","2","1","0","1000","2016-07-25","0000-00-00","","2016-07-25 12:15:24","32","2016-07-25 12:15:24","32","1"),
("72643","","","","54702","","","2250","2","1","0","500","2016-07-25","0000-00-00","","2016-07-25 12:28:07","32","2016-07-25 12:28:07","32","1"),
("72644","","","","54703","","","2071","2","2","0","1000","2016-07-25","0000-00-00","","2016-07-25 12:28:35","32","2016-07-25 12:28:35","32","1"),
("72645","","","","54704","","","2088","2","1","0","5000","2016-07-25","0000-00-00","","2016-07-25 12:28:50","32","2016-07-25 12:28:50","32","1"),
("72646","","","","54705","","","2253","2","1","0","2500","2016-07-25","0000-00-00","","2016-07-25 12:29:38","32","2016-07-25 12:29:38","32","1"),
("72647","","","","54706","","","2238","2","2","0","2500","2016-07-25","0000-00-00","","2016-07-25 12:37:49","32","2016-07-25 12:37:49","32","1"),
("72648","","","","54707","","","2065","2","2","0","1000","2016-07-25","0000-00-00","","2016-07-25 12:38:59","32","2016-07-25 12:38:59","32","1"),
("72649","","","","54708","","","2228","2","4","0","500","2016-07-25","0000-00-00","","2016-07-25 12:39:24","32","2016-07-25 12:39:24","32","1"),
("72650","","","","54709","","","2163","2","1","0","2500","2016-07-25","0000-00-00","","2016-07-25 12:40:21","28","2016-07-25 12:40:21","28","1"),
("72651","","","","54709","","","2088","2","1","0","5000","2016-07-25","0000-00-00","","2016-07-25 12:40:21","28","2016-07-25 12:40:21","28","1"),
("72652","","","","54709","","","2118","2","1","0","6500","2016-07-25","0000-00-00","","2016-07-25 12:40:21","28","2016-07-25 12:40:21","28","1"),
("72653","","","","54710","","","2071","2","2","0","1000","2016-07-25","0000-00-00","","2016-07-25 12:40:38","32","2016-07-25 12:40:38","32","1"),
("72654","","","","54710","","","2076","2","1","0","2000","2016-07-25","0000-00-00","","2016-07-25 12:40:38","32","2016-07-25 12:40:38","32","1"),
("72655","","","","54710","","","2228","2","3","0","500","2016-07-25","0000-00-00","","2016-07-25 12:40:38","32","2016-07-25 12:40:38","32","1"),
("72656","","","","54711","","","2228","2","10","0","500","2016-07-25","0000-00-00","","2016-07-25 12:40:55","32","2016-07-25 12:40:55","32","1"),
("72657","","","","54712","","","2228","2","1","0","500","2016-07-25","0000-00-00","","2016-07-25 12:41:28","32","2016-07-25 12:41:28","32","1"),
("72658","","","","54713","","","2166","2","15","0","700","2016-07-25","0000-00-00","","2016-07-25 12:42:20","32","2016-07-25 12:42:20","32","1"),
("72659","","","","54713","","","2231","2","10","0","1500","2016-07-25","0000-00-00","","2016-07-25 12:42:20","32","2016-07-25 12:42:20","32","1"),
("72660","","","","54714","","","2231","2","3","0","1500","2016-07-25","0000-00-00","","2016-07-25 12:47:50","32","2016-07-25 12:47:50","32","1"),
("72661","","","","54714","","","2228","2","10","0","500","2016-07-25","0000-00-00","","2016-07-25 12:47:50","32","2016-07-25 12:47:50","32","1"),
("72662","","","","54715","","","2240","2","1","0","5000","2016-07-25","0000-00-00","","2016-07-25 12:47:52","28","2016-07-25 12:47:52","28","1"),
("72663","","","","54715","","","2083","2","2","0","2500","2016-07-25","0000-00-00","","2016-07-25 12:47:52","28","2016-07-25 12:47:52","28","1"),
("72664","","","","54716","","","2231","2","1","0","1500","2016-07-25","0000-00-00","","2016-07-25 12:47:56","32","2016-07-25 12:47:56","32","1"),
("72665","","","","54717","","","2065","2","10","0","700","2016-07-25","0000-00-00","","2016-07-25 12:48:25","28","2016-07-25 12:48:25","28","1"),
("72666","","","","54717","","","2231","2","10","0","1200","2016-07-25","0000-00-00","","2016-07-25 12:48:25","28","2016-07-25 12:48:25","28","1"),
("72667","","","","54717","","","2229","2","40","0","500","2016-07-25","0000-00-00","","2016-07-25 12:48:25","28","2016-07-25 12:48:25","28","1"),
("72668","","","","54718","","","2083","2","1","0","2500","2016-07-25","0000-00-00","","2016-07-25 12:48:41","32","2016-07-25 12:48:41","32","1"),
("72669","","","","54719","","","2146","2","1","0","3500","2016-07-25","0000-00-00","","2016-07-25 12:49:34","32","2016-07-25 12:49:34","32","1"),
("72670","","","","54719","","","2228","2","10","0","500","2016-07-25","0000-00-00","","2016-07-25 12:49:34","32","2016-07-25 12:49:34","32","1"),
("72671","","","","54720","","","2095","2","2","0","4000","2016-07-25","0000-00-00","","2016-07-25 12:49:55","32","2016-07-25 12:49:55","32","1"),
("72672","","","","54721","","","2073","2","1","0","1000","2016-07-25","0000-00-00","","2016-07-25 12:50:14","32","2016-07-25 12:50:14","32","1"),
("72673","","","","54721","","","2065","2","1","0","1000","2016-07-25","0000-00-00","","2016-07-25 12:50:14","32","2016-07-25 12:50:14","32","1"),
("72674","","","","54722","","","2118","2","1","0","6500","2016-07-25","0000-00-00","","2016-07-25 12:50:26","32","2016-07-25 12:50:26","32","1"),
("72675","","","","54723","","","2083","2","5","0","2500","2016-07-25","0000-00-00","","2016-07-25 12:50:28","28","2016-07-25 12:50:28","28","1"),
("72676","","","","54724","","","2090","2","1","0","2500","2016-07-25","0000-00-00","","2016-07-25 12:51:06","32","2016-07-25 12:51:06","32","1"),
("72677","","","","54725","","","2228","2","3","0","500","2016-07-25","0000-00-00","","2016-07-25 12:52:08","32","2016-07-25 12:52:08","32","1"),
("72678","","","","54726","","","2125","2","1","0","1000","2016-07-25","0000-00-00","","2016-07-25 12:52:32","28","2016-07-25 12:52:32","28","1"),
("72679","","","","54726","","","2076","2","2","0","2000","2016-07-25","0000-00-00","","2016-07-25 12:52:32","28","2016-07-25 12:52:32","28","1"),
("72680","","","","54727","","","2240","2","1","0","5000","2016-07-25","0000-00-00","","2016-07-25 12:52:38","32","2016-07-25 12:52:38","32","1"),
("72681","","","","54728","","","2075","2","5","0","1500","2016-07-25","0000-00-00","","2016-07-25 12:52:44","28","2016-07-25 12:52:44","28","1"),
("72682","","","","54729","","","2250","2","1","0","500","2016-07-25","0000-00-00","","2016-07-25 12:52:56","32","2016-07-25 12:52:56","32","1"),
("72683","","","","54730","","","2250","2","1","0","500","2016-07-25","0000-00-00","","2016-07-25 12:53:07","32","2016-07-25 12:53:07","32","1"),
("72684","","","","54731","","","2229","2","2","0","700","2016-07-25","0000-00-00","","2016-07-25 12:53:39","32","2016-07-25 12:53:39","32","1"),
("72685","","","","54731","","","2166","2","8","0","700","2016-07-25","0000-00-00","","2016-07-25 12:53:39","32","2016-07-25 12:53:39","32","1"),
("72686","","","","54732","","","2231","2","2","0","1500","2016-07-25","0000-00-00","","2016-07-25 12:53:57","32","2016-07-25 12:53:57","32","1"),
("72687","","","","54732","","","2125","2","2","0","1000","2016-07-25","0000-00-00","","2016-07-25 12:53:57","32","2016-07-25 12:53:57","32","1"),
("72688","","","","54733","","","2073","2","3","0","1000","2016-07-25","0000-00-00","","2016-07-25 12:54:13","28","2016-07-25 12:54:13","28","1"),
("72689","","","","54734","","","2228","2","5","0","500","2016-07-25","0000-00-00","","2016-07-25 12:54:38","32","2016-07-25 12:54:38","32","1"),
("72690","","","","54735","","","2065","2","5","0","1000","2016-07-25","0000-00-00","","2016-07-25 12:54:52","28","2016-07-25 12:54:52","28","1"),
("72691","","","","54736","","","2250","2","3","0","500","2016-07-25","0000-00-00","","2016-07-25 12:55:16","32","2016-07-25 12:55:16","32","1"),
("72692","","","","54737","","","2067","2","3","0","1000","2016-07-25","0000-00-00","","2016-07-25 12:55:21","28","2016-07-25 12:55:21","28","1"),
("72693","","","","54737","","","2065","2","2","0","1000","2016-07-25","0000-00-00","","2016-07-25 12:55:21","28","2016-07-25 12:55:21","28","1"),
("72694","","","","54738","","","2250","2","1","0","500","2016-07-25","0000-00-00","","2016-07-25 12:55:26","32","2016-07-25 12:55:26","32","1"),
("72695","","","","54739","","","2164","2","2","0","3000","2016-07-25","0000-00-00","","2016-07-25 12:55:34","28","2016-07-25 12:55:34","28","1"),
("72696","","","","54739","","","2235","2","2","0","2500","2016-07-25","0000-00-00","","2016-07-25 12:55:34","28","2016-07-25 12:55:34","28","1"),
("72697","","","","54739","","","2104","2","1","0","5500","2016-07-25","0000-00-00","","2016-07-25 12:55:34","28","2016-07-25 12:55:34","28","1"),
("72698","","","","54740","","","2119","2","1","0","8000","2016-07-25","0000-00-00","","2016-07-25 12:56:03","28","2016-07-25 12:56:03","28","1"),
("72699","","","","54741","","","2226","2","2","0","3000","2016-07-25","0000-00-00","","2016-07-25 12:56:03","32","2016-07-25 12:56:03","32","1"),
("72700","","","","54741","","","2133","2","2","0","6000","2016-07-25","0000-00-00","","2016-07-25 12:56:04","32","2016-07-25 12:56:04","32","1"),
("72701","","","","54742","","","2172","2","2","0","2500","2016-07-25","0000-00-00","","2016-07-25 12:56:13","28","2016-07-25 12:56:13","28","1"),
("72702","","","","54742","","","2164","2","1","0","3000","2016-07-25","0000-00-00","","2016-07-25 12:56:13","28","2016-07-25 12:56:13","28","1"),
("72703","","","","54743","","","2166","2","3","0","700","2016-07-25","0000-00-00","","2016-07-25 12:56:14","32","2016-07-25 12:56:14","32","1"),
("72704","","","","54744","","","2228","2","30","0","500","2016-07-25","0000-00-00","","2016-07-25 12:56:31","32","2016-07-25 12:56:31","32","1"),
("72705","","","","54745","","","2228","2","1","0","500","2016-07-25","0000-00-00","","2016-07-25 13:01:13","32","2016-07-25 13:01:13","32","1"),
("72706","","","","54745","","","2121","2","1","0","13000","2016-07-25","0000-00-00","","2016-07-25 13:01:13","32","2016-07-25 13:01:13","32","1"),
("72707","","","","54746","","","2228","2","10","0","500","2016-07-25","0000-00-00","","2016-07-25 13:01:37","32","2016-07-25 13:01:37","32","1"),
("72708","","","","54746","","","2083","2","3","0","2500","2016-07-25","0000-00-00","","2016-07-25 13:01:37","32","2016-07-25 13:01:37","32","1"),
("72709","","","","54747","","","2228","2","3","0","500","2016-07-25","0000-00-00","","2016-07-25 13:01:45","32","2016-07-25 13:01:45","32","1"),
("72710","","","","54748","","","2173","2","1","0","5500","2016-07-25","0000-00-00","","2016-07-25 13:04:19","32","2016-07-25 13:04:19","32","1"),
("72711","","","","54749","","","2228","2","4","0","500","2016-07-25","0000-00-00","","2016-07-25 13:05:38","32","2016-07-25 13:05:38","32","1"),
("72712","","","","54750","","","2073","2","1","0","1000","2016-07-25","0000-00-00","","2016-07-25 13:08:00","32","2016-07-25 13:08:00","32","1"),
("72713","","","","54750","","","2074","2","1","0","1500","2016-07-25","0000-00-00","","2016-07-25 13:08:00","32","2016-07-25 13:08:00","32","1"),
("72714","","","","54751","","","2231","2","2","0","1500","2016-07-25","0000-00-00","","2016-07-25 13:11:45","32","2016-07-25 13:11:45","32","1"),
("72715","","","","54752","","","2228","2","4","0","500","2016-07-25","0000-00-00","","2016-07-25 13:12:18","32","2016-07-25 13:12:18","32","1"),
("72716","","","","54752","","","2065","2","4","0","1000","2016-07-25","0000-00-00","","2016-07-25 13:12:18","32","2016-07-25 13:12:18","32","1"),
("72717","","","","54753","","","2065","2","2","0","1000","2016-07-25","0000-00-00","","2016-07-25 13:13:43","32","2016-07-25 13:13:43","32","1"),
("72718","","","","54753","","","2093","2","1","0","3000","2016-07-25","0000-00-00","","2016-07-25 13:13:43","32","2016-07-25 13:13:43","32","1"),
("72719","","","","54754","","","2110","2","1","0","2500","2016-07-25","0000-00-00","","2016-07-25 13:14:58","32","2016-07-25 13:14:58","32","1"),
("72720","","","","54755","","","2166","2","15","0","700","2016-07-25","0000-00-00","","2016-07-25 13:17:31","32","2016-07-25 13:17:31","32","1"),
("72721","","","","54756","","","2146","2","1","0","3500","2016-07-25","0000-00-00","","2016-07-25 13:17:36","32","2016-07-25 13:17:36","32","1"),
("72722","","","","54757","","","2065","2","2","0","1000","2016-07-25","0000-00-00","","2016-07-25 13:18:16","32","2016-07-25 13:18:16","32","1"),
("72723","","","","54757","","","2229","2","3","0","700","2016-07-25","0000-00-00","","2016-07-25 13:18:16","32","2016-07-25 13:18:16","32","1"),
("72724","","","","54758","","","2099","2","2","0","1500","2016-07-25","0000-00-00","","2016-07-25 13:19:12","26","2016-07-25 13:19:12","26","1"),
("72725","","","","54758","","","2231","2","15","0","1200","2016-07-25","0000-00-00","","2016-07-25 13:19:12","26","2016-07-25 13:19:12","26","1"),
("72726","","","","54758","","","2229","2","49","0","500","2016-07-25","0000-00-00","","2016-07-25 13:19:12","26","2016-07-25 13:19:12","26","1"),
("72727","","","","54758","","","2065","2","15","0","700","2016-07-25","0000-00-00","","2016-07-25 13:19:12","26","2016-07-25 13:19:12","26","1"),
("72728","","","","54759","","","2232","2","1","0","1000","2016-07-25","0000-00-00","","2016-07-25 13:19:22","32","2016-07-25 13:19:22","32","1"),
("72729","","","","54759","","","2226","2","5","0","3000","2016-07-25","0000-00-00","","2016-07-25 13:19:23","32","2016-07-25 13:19:23","32","1"),
("72730","","","","54760","","","2228","2","4","0","500","2016-07-25","0000-00-00","","2016-07-25 13:19:29","32","2016-07-25 13:19:29","32","1"),
("72731","","","","54761","","","2250","2","1","0","500","2016-07-25","0000-00-00","","2016-07-25 13:20:22","26","2016-07-25 13:20:22","26","1"),
("72732","","","","54761","","","2083","2","1","0","2500","2016-07-25","0000-00-00","","2016-07-25 13:20:22","26","2016-07-25 13:20:22","26","1"),
("72733","","","","54762","","","2125","2","1","0","1000","2016-07-25","0000-00-00","","2016-07-25 13:20:25","32","2016-07-25 13:20:25","32","1"),
("72734","","","","54763","","","2126","2","1","0","2000","2016-07-25","0000-00-00","","2016-07-25 13:20:47","26","2016-07-25 13:20:47","26","1"),
("72735","","","","54764","","","2125","2","2","0","1000","2016-07-25","0000-00-00","","2016-07-25 13:21:02","32","2016-07-25 13:21:02","32","1"),
("72736","","","","54765","","","2125","2","1","0","1000","2016-07-25","0000-00-00","","2016-07-25 13:21:08","26","2016-07-25 13:21:08","26","1"),
("72737","","","","54766","","","2231","2","1","0","1500","2016-07-25","0000-00-00","","2016-07-25 13:21:15","26","2016-07-25 13:21:15","26","1"),
("72738","","","","54767","","","2253","2","1","0","2500","2016-07-25","0000-00-00","","2016-07-25 13:21:35","32","2016-07-25 13:21:35","32","1"),
("72739","","","","54768","","","2228","2","8","0","500","2016-07-25","0000-00-00","","2016-07-25 13:24:46","32","2016-07-25 13:24:46","32","1"),
("72740","","","","54769","","","2126","2","1","0","2000","2016-07-25","0000-00-00","","2016-07-25 13:24:48","26","2016-07-25 13:24:48","26","1"),
("72741","","","","54769","","","2125","2","2","0","1000","2016-07-25","0000-00-00","","2016-07-25 13:24:48","26","2016-07-25 13:24:48","26","1"),
("72742","","","","54770","","","2240","2","1","0","5000","2016-07-25","0000-00-00","","2016-07-25 13:25:44","26","2016-07-25 13:25:44","26","1"),
("72743","","","","54771","","","2064","2","1","0","2000","2016-07-25","0000-00-00","","2016-07-25 13:31:54","26","2016-07-25 13:31:54","26","1"),
("72744","","","","54772","","","2228","2","6","0","500","2016-07-25","0000-00-00","","2016-07-25 13:33:24","32","2016-07-25 13:33:24","32","1"),
("72745","","","","54773","","","2083","2","10","0","2500","2016-07-25","0000-00-00","","2016-07-25 13:33:55","32","2016-07-25 13:33:55","32","1"),
("72746","","","","54773","","","2231","2","10","0","1500","2016-07-25","0000-00-00","","2016-07-25 13:33:55","32","2016-07-25 13:33:55","32","1"),
("72747","","","","54773","","","2228","2","20","0","500","2016-07-25","0000-00-00","","2016-07-25 13:33:55","32","2016-07-25 13:33:55","32","1"),
("72748","","","","54774","","","2228","2","5","0","500","2016-07-25","0000-00-00","","2016-07-25 13:34:02","26","2016-07-25 13:34:02","26","1"),
("72749","","","","54775","","","2166","2","10","0","700","2016-07-25","0000-00-00","","2016-07-25 13:34:05","32","2016-07-25 13:34:05","32","1"),
("72750","","","","54776","","","2125","2","2","0","1000","2016-07-25","0000-00-00","","2016-07-25 13:34:11","26","2016-07-25 13:34:11","26","1"),
("72751","","","","54777","","","2228","2","5","0","500","2016-07-25","0000-00-00","","2016-07-25 13:34:14","32","2016-07-25 13:34:14","32","1"),
("72752","","","","54778","","","2228","2","10","0","500","2016-07-25","0000-00-00","","2016-07-25 13:34:25","26","2016-07-25 13:34:25","26","1"),
("72753","","","","54779","","","2233","2","1","0","2000","2016-07-25","0000-00-00","","2016-07-25 13:34:50","26","2016-07-25 13:34:50","26","1"),
("72754","","","","54780","","","2226","2","1","0","3000","2016-07-25","0000-00-00","","2016-07-25 13:35:29","26","2016-07-25 13:35:29","26","1"),
("72755","","","","54780","","","2231","2","2","0","1500","2016-07-25","0000-00-00","","2016-07-25 13:35:29","26","2016-07-25 13:35:29","26","1"),
("72756","","","","54781","","","2232","2","2","0","1000","2016-07-25","0000-00-00","","2016-07-25 13:36:01","32","2016-07-25 13:36:01","32","1"),
("72757","","","","54781","","","2233","2","1","0","2000","2016-07-25","0000-00-00","","2016-07-25 13:36:01","32","2016-07-25 13:36:01","32","1"),
("72758","","","","54781","","","2231","2","2","0","1500","2016-07-25","0000-00-00","","2016-07-25 13:36:01","32","2016-07-25 13:36:01","32","1"),
("72759","","","","54782","","","2228","2","2","0","500","2016-07-25","0000-00-00","","2016-07-25 13:36:15","32","2016-07-25 13:36:15","32","1"),
("72760","","","","54783","","","2099","2","2","0","2000","2016-07-25","0000-00-00","","2016-07-25 13:36:30","26","2016-07-25 13:36:30","26","1"),
("72761","","","","54784","","","2250","2","2","0","500","2016-07-25","0000-00-00","","2016-07-25 13:37:00","32","2016-07-25 13:37:00","32","1"),
("72762","","","","54785","","","2228","2","2","0","500","2016-07-25","0000-00-00","","2016-07-25 13:37:19","32","2016-07-25 13:37:19","32","1"),
("72763","","","","54786","","","2231","2","10","0","1500","2016-07-25","0000-00-00","","2016-07-25 13:37:42","26","2016-07-25 13:37:42","26","1"),
("72764","","","","54787","","","2228","2","13","0","500","2016-07-25","0000-00-00","","2016-07-25 13:39:44","32","2016-07-25 13:39:44","32","1"),
("72765","","","","54788","","","2250","2","1","0","500","2016-07-25","0000-00-00","","2016-07-25 13:42:08","26","2016-07-25 13:42:08","26","1"),
("72766","","","","54789","","","2083","2","3","0","2500","2016-07-25","0000-00-00","","2016-07-25 13:45:00","26","2016-07-25 13:45:00","26","1"),
("72767","","","","54790","","","2228","2","10","0","500","2016-07-25","0000-00-00","","2016-07-25 13:45:35","26","2016-07-25 13:45:35","26","1"),
("72768","","","","54791","","","2250","2","2","0","500","2016-07-25","0000-00-00","","2016-07-25 13:46:50","26","2016-07-25 13:46:50","26","1"),
("72769","","","","54792","","","2229","2","2","0","700","2016-07-25","0000-00-00","","2016-07-25 13:46:54","32","2016-07-25 13:46:54","32","1"),
("72770","","","","54793","","","2231","2","2","0","1500","2016-07-25","0000-00-00","","2016-07-25 13:47:22","32","2016-07-25 13:47:22","32","1"),
("72771","","","","54794","","","2228","2","10","0","500","2016-07-25","0000-00-00","","2016-07-25 13:47:34","32","2016-07-25 13:47:34","32","1"),
("72772","","","","54795","","","2232","2","4","0","1000","2016-07-25","0000-00-00","","2016-07-25 13:47:41","26","2016-07-25 13:47:41","26","1"),
("72773","","","","54796","","","2250","2","4","0","500","2016-07-25","0000-00-00","","2016-07-25 13:47:51","32","2016-07-25 13:47:51","32","1"),
("72774","","","","54797","","","2228","2","3","0","500","2016-07-25","0000-00-00","","2016-07-25 13:48:50","26","2016-07-25 13:48:50","26","1"),
("72775","","","","54798","","","2228","2","5","0","500","2016-07-25","0000-00-00","","2016-07-25 13:49:07","26","2016-07-25 13:49:07","26","1"),
("72776","","","","54799","","","2093","2","2","0","3000","2016-07-25","0000-00-00","","2016-07-25 13:49:34","32","2016-07-25 13:49:34","32","1"),
("72777","","","","54800","","","2228","2","30","0","500","2016-07-25","0000-00-00","","2016-07-25 13:55:53","32","2016-07-25 13:55:53","32","1"),
("72778","","","","54801","","","2165","2","1","0","1000","2016-07-25","0000-00-00","","2016-07-25 13:58:03","26","2016-07-25 13:58:03","26","1"),
("72779","","","","54801","","","2067","2","1","0","1000","2016-07-25","0000-00-00","","2016-07-25 13:58:03","26","2016-07-25 13:58:03","26","1"),
("72780","","","","54802","","","2231","2","4","0","1500","2016-07-25","0000-00-00","","2016-07-25 13:58:26","32","2016-07-25 13:58:26","32","1"),
("72781","","","","54803","","","2173","2","1","0","5500","2016-07-25","0000-00-00","","2016-07-25 13:59:43","26","2016-07-25 13:59:43","26","1"),
("72782","","","","54803","","","2229","2","4","0","700","2016-07-25","0000-00-00","","2016-07-25 13:59:43","26","2016-07-25 13:59:43","26","1"),
("72783","","","","54803","","","2226","2","1","0","3000","2016-07-25","0000-00-00","","2016-07-25 13:59:43","26","2016-07-25 13:59:43","26","1"),
("72784","","","","54804","","","2250","2","1","0","500","2016-07-25","0000-00-00","","2016-07-25 13:59:54","32","2016-07-25 13:59:54","32","1"),
("72785","","","","54805","","","2067","2","2","0","1000","2016-07-25","0000-00-00","","2016-07-25 14:01:52","26","2016-07-25 14:01:52","26","1"),
("72786","","","","54805","","","2090","2","2","0","2500","2016-07-25","0000-00-00","","2016-07-25 14:01:52","26","2016-07-25 14:01:52","26","1"),
("72787","","","","54806","","","2083","2","1","0","2500","2016-07-25","0000-00-00","","2016-07-25 14:01:58","32","2016-07-25 14:01:58","32","1"),
("72788","","","","54806","","","2197","2","1","0","2500","2016-07-25","0000-00-00","","2016-07-25 14:01:58","32","2016-07-25 14:01:58","32","1"),
("72789","","","","54807","","","2228","2","10","0","500","2016-07-25","0000-00-00","","2016-07-25 14:03:07","32","2016-07-25 14:03:07","32","1"),
("72790","","","","54808","","","2228","2","5","0","500","2016-07-25","0000-00-00","","2016-07-25 14:05:31","32","2016-07-25 14:05:31","32","1"),
("72791","","","","54809","","","2075","2","1","0","1500","2016-07-25","0000-00-00","","2016-07-25 14:05:33","26","2016-07-25 14:05:33","26","1"),
("72792","","","","54810","","","2231","2","5","0","1500","2016-07-25","0000-00-00","","2016-07-25 14:07:09","32","2016-07-25 14:07:09","32","1"),
("72793","","","","54811","","","2233","2","2","0","2000","2016-07-25","0000-00-00","","2016-07-25 14:07:29","32","2016-07-25 14:07:29","32","1"),
("72794","","","","54812","","","2065","2","2","0","1000","2016-07-25","0000-00-00","","2016-07-25 14:08:10","32","2016-07-25 14:08:10","32","1"),
("72795","","","","54813","","","2229","2","3","0","700","2016-07-25","0000-00-00","","2016-07-25 14:08:20","32","2016-07-25 14:08:20","32","1"),
("72796","","","","54814","","","2228","2","4","0","500","2016-07-25","0000-00-00","","2016-07-25 14:08:56","32","2016-07-25 14:08:56","32","1"),
("72797","","","","54815","","","2250","2","2","0","500","2016-07-25","0000-00-00","","2016-07-25 14:08:59","26","2016-07-25 14:08:59","26","1"),
("72798","","","","54816","","","2083","2","1","0","2500","2016-07-25","0000-00-00","","2016-07-25 14:09:43","32","2016-07-25 14:09:43","32","1"),
("72799","","","","54816","","","2250","2","1","0","500","2016-07-25","0000-00-00","","2016-07-25 14:09:43","32","2016-07-25 14:09:43","32","1"),
("72800","","","","54817","","","2164","2","2","0","3000","2016-07-25","0000-00-00","","2016-07-25 14:09:47","26","2016-07-25 14:09:47","26","1"),
("72801","","","","54818","","","2228","2","10","0","500","2016-07-25","0000-00-00","","2016-07-25 14:09:52","26","2016-07-25 14:09:52","26","1"),
("72802","","","","54819","","","2250","2","1","0","500","2016-07-25","0000-00-00","","2016-07-25 14:09:54","32","2016-07-25 14:09:54","32","1"),
("72803","","","","54820","","","2228","2","2","0","500","2016-07-25","0000-00-00","","2016-07-25 14:10:01","32","2016-07-25 14:10:01","32","1"),
("72804","","","","54821","","","2126","2","1","0","2000","2016-07-25","0000-00-00","","2016-07-25 14:10:43","26","2016-07-25 14:10:43","26","1"),
("72805","","","","54822","","","2228","2","10","0","500","2016-07-25","0000-00-00","","2016-07-25 14:10:49","32","2016-07-25 14:10:49","32","1"),
("72806","","","","54823","","","2107","2","2","0","6000","2016-07-25","0000-00-00","","2016-07-25 14:11:17","26","2016-07-25 14:11:17","26","1"),
("72807","","","","54824","","","2228","2","6","0","500","2016-07-25","0000-00-00","","2016-07-25 14:11:24","32","2016-07-25 14:11:24","32","1"),
("72808","","","","54825","","","2228","2","5","0","500","2016-07-25","0000-00-00","","2016-07-25 14:11:40","32","2016-07-25 14:11:40","32","1"),
("72809","","","","54826","","","2231","2","1","0","1500","2016-07-25","0000-00-00","","2016-07-25 14:11:50","32","2016-07-25 14:11:50","32","1"),
("72810","","","","54827","","","2064","2","1","0","2000","2016-07-25","0000-00-00","","2016-07-25 14:13:01","32","2016-07-25 14:13:01","32","1"),
("72811","","","","54828","","","2231","2","5","0","1500","2016-07-25","0000-00-00","","2016-07-25 14:13:22","32","2016-07-25 14:13:22","32","1"),
("72812","","","","54829","","","2228","2","5","0","500","2016-07-25","0000-00-00","","2016-07-25 14:15:30","32","2016-07-25 14:15:30","32","1"),
("72813","","","","54829","","","2164","2","1","0","3000","2016-07-25","0000-00-00","","2016-07-25 14:15:30","32","2016-07-25 14:15:30","32","1"),
("72814","","","","54829","","","2110","2","1","0","2500","2016-07-25","0000-00-00","","2016-07-25 14:15:30","32","2016-07-25 14:15:30","32","1"),
("72815","","","","54830","","","2240","2","2","0","5000","2016-07-25","0000-00-00","","2016-07-25 14:16:45","26","2016-07-25 14:16:45","26","1"),
("72816","","","","54830","","","2226","2","3","0","3000","2016-07-25","0000-00-00","","2016-07-25 14:16:45","26","2016-07-25 14:16:45","26","1"),
("72817","","","","54831","","","2125","2","1","0","1000","2016-07-25","0000-00-00","","2016-07-25 14:22:56","26","2016-07-25 14:22:56","26","1"),
("72818","","","","54832","","","2250","2","1","0","500","2016-07-25","0000-00-00","","2016-07-25 14:26:05","28","2016-07-25 14:26:05","28","1"),
("72819","","","","54833","","","2137","2","1","0","20000","2016-07-25","0000-00-00","","2016-07-25 14:27:43","28","2016-07-25 14:27:43","28","1"),
("72820","","","","54834","","","2250","2","1","0","500","2016-07-25","0000-00-00","","2016-07-25 14:28:51","28","2016-07-25 14:28:51","28","1"),
("72821","","","","54835","","","2228","2","10","0","500","2016-07-25","0000-00-00","","2016-07-25 14:30:27","28","2016-07-25 14:30:27","28","1"),
("72822","","","","54836","","","2250","2","1","0","500","2016-07-25","0000-00-00","","2016-07-25 14:38:50","26","2016-07-25 14:38:50","26","1"),
("72823","","","","54837","","","2125","2","1","0","1000","2016-07-25","0000-00-00","","2016-07-25 14:39:16","26","2016-07-25 14:39:16","26","1"),
("72824","","","","54838","","","2229","2","10","0","700","2016-07-25","0000-00-00","","2016-07-25 14:40:36","28","2016-07-25 14:40:36","28","1"),
("72825","","","","54839","","","2228","2","2","0","500","2016-07-25","0000-00-00","","2016-07-25 14:40:44","26","2016-07-25 14:40:44","26","1"),
("72826","","","","54840","","","2228","2","4","0","500","2016-07-25","0000-00-00","","2016-07-25 14:40:48","28","2016-07-25 14:40:48","28","1"),
("72827","","","","54841","","","2229","2","5","0","700","2016-07-25","0000-00-00","","2016-07-25 14:42:46","28","2016-07-25 14:42:46","28","1"),
("72828","","","","54842","","","2228","2","5","0","500","2016-07-25","0000-00-00","","2016-07-25 14:43:43","28","2016-07-25 14:43:43","28","1"),
("72829","","","","54843","","","2067","2","1","0","1000","2016-07-25","0000-00-00","","2016-07-25 14:44:48","28","2016-07-25 14:44:48","28","1"),
("72830","","","","54844","","","2228","2","5","0","500","2016-07-25","0000-00-00","","2016-07-25 14:45:47","28","2016-07-25 14:45:47","28","1"),
("72831","","","","54845","","","2228","2","20","0","500","2016-07-25","0000-00-00","","2016-07-25 14:47:19","26","2016-07-25 14:47:19","26","1"),
("72832","","","","54846","","","2146","2","1","0","3500","2016-07-25","0000-00-00","","2016-07-25 14:47:46","26","2016-07-25 14:47:46","26","1"),
("72833","","","","54847","","","2141","2","1","0","60000","2016-07-25","0000-00-00","","2016-07-25 14:50:46","26","2016-07-25 14:50:46","26","1"),
("72834","","","","54848","","","2228","2","1","0","500","2016-07-25","0000-00-00","","2016-07-25 14:51:19","28","2016-07-25 14:51:19","28","1"),
("72835","","","","54849","","","2228","2","1","0","500","2016-07-25","0000-00-00","","2016-07-25 14:51:23","28","2016-07-25 14:51:23","28","1"),
("72836","","","","54850","","","2126","2","1","0","2000","2016-07-25","0000-00-00","","2016-07-25 14:51:34","26","2016-07-25 14:51:34","26","1"),
("72837","","","","54851","","","2229","2","1","0","700","2016-07-25","0000-00-00","","2016-07-25 14:51:35","28","2016-07-25 14:51:35","28","1"),
("72838","","","","54852","","","2231","2","1","0","1500","2016-07-25","0000-00-00","","2016-07-25 14:52:01","28","2016-07-25 14:52:01","28","1"),
("72839","","","","54853","","","2218","2","1","0","1000","2016-07-25","0000-00-00","","2016-07-25 14:52:13","28","2016-07-25 14:52:13","28","1"),
("72840","","","","54854","","","2228","2","3","0","500","2016-07-25","0000-00-00","","2016-07-25 14:53:29","28","2016-07-25 14:53:29","28","1"),
("72841","","","","54855","","","2164","2","2","0","3000","2016-07-25","0000-00-00","","2016-07-25 14:54:01","28","2016-07-25 14:54:01","28","1"),
("72842","","","","54856","","","2228","2","10","0","500","2016-07-25","0000-00-00","","2016-07-25 14:56:38","26","2016-07-25 14:56:38","26","1"),
("72843","","","","54857","","","2228","2","3","0","500","2016-07-25","0000-00-00","","2016-07-25 14:56:55","26","2016-07-25 14:56:55","26","1"),
("72844","","","","54858","","","2228","2","10","0","500","2016-07-25","0000-00-00","","2016-07-25 14:57:19","26","2016-07-25 14:57:19","26","1"),
("72845","","","","54859","","","2139","2","1","0","28000","2016-07-25","0000-00-00","","2016-07-25 14:57:31","28","2016-07-25 14:57:31","28","1"),
("72846","","","","54860","","","2118","2","1","0","6500","2016-07-25","0000-00-00","","2016-07-25 14:59:11","26","2016-07-25 14:59:11","26","1"),
("72847","","","","54861","","","2228","2","2","0","500","2016-07-25","0000-00-00","","2016-07-25 14:59:26","26","2016-07-25 14:59:26","26","1"),
("72848","","","","54861","","","2231","2","2","0","1500","2016-07-25","0000-00-00","","2016-07-25 14:59:26","26","2016-07-25 14:59:26","26","1");

DROP TABLE inventory_totals;

CREATE TABLE `inventory_totals` (
  `product_id` bigint(20) NOT NULL,
  `location_id` bigint(20) NOT NULL,
  `total_qty` double DEFAULT '0',
  `created_at` datetime NOT NULL,
  `created_by` bigint(11) NOT NULL,
  `updated_at` datetime NOT NULL,
  `updated_by` bigint(11) NOT NULL,
  PRIMARY KEY (`product_id`,`location_id`),
  KEY `product_id` (`product_id`),
  KEY `location_id` (`location_id`)
) ENGINE=InnoDB DEFAULT CHARSET=utf8 COLLATE=utf8_unicode_ci;

INSERT INTO inventory_totals VALUES("2064","2","-959","2016-05-30 20:44:40","32","2016-07-25 14:13:01","32");
INSERT INTO inventory_totals VALUES("2065","2","-10212","2016-05-30 17:12:37","32","2016-07-25 14:08:10","32");
INSERT INTO inventory_totals VALUES("2067","2","-905","2016-05-30 20:12:19","28","2016-07-25 14:44:48","28");
INSERT INTO inventory_totals VALUES("2070","2","-1411","2016-05-30 19:12:04","28","2016-07-25 11:38:20","28");
INSERT INTO inventory_totals VALUES("2071","2","-2769","2016-05-30 20:20:55","32","2016-07-25 12:40:38","32");
INSERT INTO inventory_totals VALUES("2072","2","-541","2016-06-01 10:24:38","26","2016-07-24 15:06:55","26");
INSERT INTO inventory_totals VALUES("2073","2","-1556","2016-05-30 17:09:35","32","2016-07-25 13:08:00","32");
INSERT INTO inventory_totals VALUES("2074","2","-728","2016-05-30 17:09:50","32","2016-07-25 13:08:00","32");
INSERT INTO inventory_totals VALUES("2075","2","-1419","2016-05-30 19:40:28","26","2016-07-25 14:05:33","26");
INSERT INTO inventory_totals VALUES("2076","2","-630","2016-05-30 17:15:10","28","2016-07-25 12:52:32","28");
INSERT INTO inventory_totals VALUES("2077","2","-185","2016-06-02 16:11:58","28","2016-07-24 20:27:23","28");
INSERT INTO inventory_totals VALUES("2078","2","-490","2016-05-31 07:51:51","26","2016-07-25 05:56:14","26");
INSERT INTO inventory_totals VALUES("2079","2","-352","2016-05-30 17:34:03","28","2016-07-25 11:43:56","28");
INSERT INTO inventory_totals VALUES("2082","2","-271","2016-05-30 20:35:30","32","2016-07-24 18:59:37","32");
INSERT INTO inventory_totals VALUES("2083","2","-3635","2016-05-30 17:13:02","32","2016-07-25 14:09:43","32");
INSERT INTO inventory_totals VALUES("2084","2","-476","2016-05-30 17:13:26","28","2016-07-25 10:28:01","28");
INSERT INTO inventory_totals VALUES("2085","2","-466","2016-05-30 18:17:34","28","2016-07-25 06:14:26","28");
INSERT INTO inventory_totals VALUES("2088","2","-208","2016-05-31 08:25:04","28","2016-07-25 12:40:21","28");
INSERT INTO inventory_totals VALUES("2089","2","-159","2016-06-06 07:55:52","32","2016-07-25 09:41:26","32");
INSERT INTO inventory_totals VALUES("2090","2","-350","2016-06-03 07:53:09","26","2016-07-25 14:01:52","26");
INSERT INTO inventory_totals VALUES("2092","2","-22","2016-06-05 13:07:45","32","2016-06-26 17:13:30","32");
INSERT INTO inventory_totals VALUES("2093","2","-1312","2016-05-31 08:55:09","32","2016-07-25 13:49:34","32");
INSERT INTO inventory_totals VALUES("2095","2","-3399","2016-05-30 16:57:46","32","2016-07-25 12:49:55","32");
INSERT INTO inventory_totals VALUES("2097","2","-152","2016-05-31 11:50:36","28","2016-07-23 07:56:38","28");
INSERT INTO inventory_totals VALUES("2098","2","-141","2016-05-31 11:48:59","26","2016-07-24 14:58:29","26");
INSERT INTO inventory_totals VALUES("2099","2","-802","2016-05-30 19:54:32","26","2016-07-25 13:36:30","26");
INSERT INTO inventory_totals VALUES("2100","2","-127","2016-06-01 11:05:58","26","2016-07-24 14:33:10","26");
INSERT INTO inventory_totals VALUES("2101","2","-4","2016-06-04 16:36:48","28","2016-06-15 08:23:32","28");
INSERT INTO inventory_totals VALUES("2102","2","-244","2016-05-30 18:50:51","28","2016-07-25 08:15:42","28");
INSERT INTO inventory_totals VALUES("2103","2","-162","2016-05-30 18:21:22","32","2016-07-25 11:49:04","32");
INSERT INTO inventory_totals VALUES("2104","2","-2087","2016-05-30 18:45:00","28","2016-07-25 12:55:34","28");
INSERT INTO inventory_totals VALUES("2105","2","-98","2016-05-31 04:27:09","28","2016-07-25 11:23:49","28");
INSERT INTO inventory_totals VALUES("2107","2","-1217","2016-05-30 17:13:44","26","2016-07-25 14:11:18","26");
INSERT INTO inventory_totals VALUES("2108","2","-2","2016-06-22 07:31:24","26","2016-07-16 06:34:13","26");
INSERT INTO inventory_totals VALUES("2109","2","-4","2016-06-02 11:24:48","26","2016-07-14 13:26:17","26");
INSERT INTO inventory_totals VALUES("2110","2","-532","2016-05-31 09:56:02","32","2016-07-25 14:15:30","32");
INSERT INTO inventory_totals VALUES("2111","2","-100","2016-05-31 06:44:27","26","2016-07-24 15:03:29","26");
INSERT INTO inventory_totals VALUES("2112","2","-221","2016-05-31 17:42:17","32","2016-07-24 16:25:39","32");
INSERT INTO inventory_totals VALUES("2113","2","-395","2016-05-31 06:07:51","32","2016-07-25 11:52:57","32");
INSERT INTO inventory_totals VALUES("2114","2","-49","2016-05-31 17:05:12","32","2016-07-25 10:05:59","32");
INSERT INTO inventory_totals VALUES("2116","2","-104","2016-05-30 19:09:50","26","2016-07-24 07:24:22","26");
INSERT INTO inventory_totals VALUES("2117","2","-120","2016-05-31 15:15:55","28","2016-07-24 14:11:36","28");
INSERT INTO inventory_totals VALUES("2118","2","-1201","2016-05-30 17:25:00","26","2016-07-25 14:59:11","26");
INSERT INTO inventory_totals VALUES("2119","2","-114","2016-05-31 04:10:53","28","2016-07-25 12:56:03","28");
INSERT INTO inventory_totals VALUES("2120","2","-23","2016-06-01 15:07:34","28","2016-06-24 08:28:25","28");
INSERT INTO inventory_totals VALUES("2121","2","-422","2016-05-30 16:56:09","32","2016-07-25 13:01:13","32");
INSERT INTO inventory_totals VALUES("2125","2","-2396","2016-05-30 17:14:38","26","2016-07-25 14:39:16","26");
INSERT INTO inventory_totals VALUES("2126","2","-1112","2016-05-30 17:17:44","26","2016-07-25 14:51:34","26");
INSERT INTO inventory_totals VALUES("2127","2","-1","2016-06-01 09:16:57","28","2016-06-01 09:16:57","28");
INSERT INTO inventory_totals VALUES("2128","2","-3","2016-05-30 17:17:34","27","2016-05-31 08:21:59","27");
INSERT INTO inventory_totals VALUES("2129","2","-82","2016-05-31 08:02:05","28","2016-07-24 15:28:43","28");
INSERT INTO inventory_totals VALUES("2130","2","-2","2016-05-31 11:51:20","28","2016-05-31 12:08:32","28");
INSERT INTO inventory_totals VALUES("2131","2","-5","2016-06-02 09:48:54","28","2016-06-11 08:04:29","28");
INSERT INTO inventory_totals VALUES("2133","2","-245","2016-05-30 20:04:42","32","2016-07-25 12:56:04","32");
INSERT INTO inventory_totals VALUES("2134","2","-1138","2016-05-30 17:16:20","28","2016-07-25 11:28:57","28");
INSERT INTO inventory_totals VALUES("2135","2","-159","2016-05-31 18:50:40","28","2016-07-24 19:52:49","28");
INSERT INTO inventory_totals VALUES("2136","2","-437","2016-05-30 17:16:20","28","2016-07-25 11:28:56","28");
INSERT INTO inventory_totals VALUES("2137","2","-175","2016-05-30 17:00:35","28","2016-07-25 14:27:43","28");
INSERT INTO inventory_totals VALUES("2138","2","-66","2016-06-01 18:10:15","28","2016-07-25 11:28:57","28");
INSERT INTO inventory_totals VALUES("2139","2","-100","2016-05-30 19:37:44","28","2016-07-25 14:57:31","28");
INSERT INTO inventory_totals VALUES("2140","2","-247","2016-05-30 17:16:20","28","2016-07-25 11:28:57","28");
INSERT INTO inventory_totals VALUES("2141","2","-93","2016-05-31 16:15:13","26","2016-07-25 14:50:46","26");
INSERT INTO inventory_totals VALUES("2142","2","-12","2016-06-04 12:04:34","28","2016-07-16 14:20:54","28");
INSERT INTO inventory_totals VALUES("2143","2","-16","2016-06-01 14:37:00","28","2016-07-22 10:31:42","28");
INSERT INTO inventory_totals VALUES("2144","2","-6","2016-06-02 16:28:24","28","2016-07-22 18:41:13","28");
INSERT INTO inventory_totals VALUES("2146","2","-765","2016-05-31 04:25:13","26","2016-07-25 14:47:46","26");
INSERT INTO inventory_totals VALUES("2163","2","-829","2016-05-30 19:12:04","28","2016-07-25 12:40:21","28");
INSERT INTO inventory_totals VALUES("2164","2","-3461","2016-05-30 16:53:06","28","2016-07-25 14:54:01","28");
INSERT INTO inventory_totals VALUES("2165","2","-709","2016-05-30 17:13:26","26","2016-07-25 13:58:03","26");
INSERT INTO inventory_totals VALUES("2166","2","-12004","2016-05-30 15:16:51","32","2016-07-25 13:34:05","32");
INSERT INTO inventory_totals VALUES("2172","2","-1058","2016-05-30 17:07:00","28","2016-07-25 12:56:13","28");
INSERT INTO inventory_totals VALUES("2173","2","-165","2016-05-31 10:33:36","26","2016-07-25 13:59:43","26");
INSERT INTO inventory_totals VALUES("2174","2","-63","2016-05-31 09:21:36","28","2016-07-25 08:18:02","28");
INSERT INTO inventory_totals VALUES("2178","2","-29","2016-06-02 05:19:47","26","2016-07-23 15:37:22","26");
INSERT INTO inventory_totals VALUES("2179","2","-2","2016-06-19 13:01:57","26","2016-06-22 13:15:45","26");
INSERT INTO inventory_totals VALUES("2182","2","-275","2016-05-30 18:50:52","28","2016-07-25 11:28:56","28");
INSERT INTO inventory_totals VALUES("2183","2","-5","2016-06-17 08:39:20","28","2016-07-10 20:20:53","28");
INSERT INTO inventory_totals VALUES("2188","2","-34","2016-06-02 05:19:47","26","2016-07-23 15:37:22","26");
INSERT INTO inventory_totals VALUES("2197","2","-1093","2016-05-31 05:33:48","32","2016-07-25 14:01:58","32");
INSERT INTO inventory_totals VALUES("2198","2","-51","2016-05-31 06:32:11","26","2016-07-23 14:07:35","26");
INSERT INTO inventory_totals VALUES("2199","2","-80","2016-05-30 20:45:32","32","2016-07-15 11:38:49","32");
INSERT INTO inventory_totals VALUES("2201","2","-1","2016-07-22 07:59:15","28","2016-07-22 07:59:15","28");
INSERT INTO inventory_totals VALUES("2202","2","-12","2016-06-05 05:43:31","26","2016-07-14 06:04:21","26");
INSERT INTO inventory_totals VALUES("2203","2","-27","2016-06-01 18:10:15","28","2016-07-14 12:28:33","28");
INSERT INTO inventory_totals VALUES("2204","2","-14","2016-06-05 15:46:14","28","2016-07-25 11:28:56","28");
INSERT INTO inventory_totals VALUES("2206","2","-6","2016-06-11 18:11:55","32","2016-07-19 18:21:51","32");
INSERT INTO inventory_totals VALUES("2207","2","-67","2016-06-05 20:28:13","28","2016-07-24 08:45:28","28");
INSERT INTO inventory_totals VALUES("2208","2","-9","2016-06-03 12:29:19","28","2016-07-22 16:13:30","28");
INSERT INTO inventory_totals VALUES("2209","2","-3","2016-06-01 15:42:51","28","2016-07-13 20:12:25","28");
INSERT INTO inventory_totals VALUES("2213","2","-45","2016-06-08 08:14:22","28","2016-07-22 19:09:38","28");
INSERT INTO inventory_totals VALUES("2217","2","-22","2016-06-03 19:05:30","32","2016-07-25 11:39:14","32");
INSERT INTO inventory_totals VALUES("2218","2","-104","2016-05-31 10:46:14","28","2016-07-25 14:52:13","28");
INSERT INTO inventory_totals VALUES("2219","2","-300","2016-06-02 07:11:01","28","2016-07-25 10:59:31","28");
INSERT INTO inventory_totals VALUES("2220","2","-1150","2016-06-06 12:05:02","28","2016-07-12 17:18:00","28");
INSERT INTO inventory_totals VALUES("2226","2","-748","2016-05-30 20:29:24","26","2016-07-25 14:16:45","26");
INSERT INTO inventory_totals VALUES("2228","2","-150348","2016-05-30 16:53:06","26","2016-07-25 14:59:26","26");
INSERT INTO inventory_totals VALUES("2229","2","-80045","2016-05-30 18:02:49","28","2016-07-25 14:51:35","28");
INSERT INTO inventory_totals VALUES("2231","2","-29335","2016-05-30 16:58:22","26","2016-07-25 14:59:26","26");
INSERT INTO inventory_totals VALUES("2232","2","-2978","2016-05-30 18:38:35","26","2016-07-25 13:47:41","26");
INSERT INTO inventory_totals VALUES("2233","2","-6413","2016-05-30 19:34:27","32","2016-07-25 14:07:29","32");
INSERT INTO inventory_totals VALUES("2235","2","-1354","2016-05-30 19:37:44","28","2016-07-25 12:55:34","28");
INSERT INTO inventory_totals VALUES("2236","2","-803","2016-05-30 20:25:09","28","2016-07-25 10:44:44","28");
INSERT INTO inventory_totals VALUES("2237","2","-55","2016-06-06 07:55:52","28","2016-07-25 11:02:16","28");
INSERT INTO inventory_totals VALUES("2238","2","-184","2016-05-31 06:54:44","32","2016-07-25 12:37:49","32");
INSERT INTO inventory_totals VALUES("2239","2","-458","2016-05-31 11:09:13","32","2016-07-19 08:38:36","32");
INSERT INTO inventory_totals VALUES("2240","2","-1730","2016-05-30 16:58:52","26","2016-07-25 14:16:45","26");
INSERT INTO inventory_totals VALUES("2241","2","-138","2016-05-31 13:05:46","28","2016-07-25 10:55:28","28");
INSERT INTO inventory_totals VALUES("2243","2","-126","2016-05-30 17:15:34","28","2016-07-20 08:54:05","28");
INSERT INTO inventory_totals VALUES("2250","2","-5012","2016-05-30 17:14:11","26","2016-07-25 14:38:50","26");
INSERT INTO inventory_totals VALUES("2251","2","-1","2016-07-09 18:58:52","28","2016-07-09 18:58:52","28");
INSERT INTO inventory_totals VALUES("2252","2","-90","2016-06-04 16:15:52","28","2016-07-24 15:12:07","28");
INSERT INTO inventory_totals VALUES("2253","2","-125","2016-05-31 13:24:22","32","2016-07-25 13:21:35","32");
INSERT INTO inventory_totals VALUES("2254","2","-899","2016-05-31 18:14:09","28","2016-07-25 06:19:48","28");
INSERT INTO inventory_totals VALUES("2255","2","-392","2016-06-02 18:24:09","28","2016-07-23 19:47:10","28");
INSERT INTO inventory_totals VALUES("2256","2","-28","2016-06-02 17:07:21","28","2016-07-07 23:27:23","28");
INSERT INTO inventory_totals VALUES("2257","2","-243","2016-06-02 18:53:00","28","2016-07-25 06:38:58","28");
INSERT INTO inventory_totals VALUES("2258","2","-52","2016-06-06 11:06:36","28","2016-07-25 11:34:29","28");
INSERT INTO inventory_totals VALUES("2259","2","-71","2016-06-22 14:12:02","28","2016-07-24 20:25:44","28");
INSERT INTO inventory_totals VALUES("2260","2","-19","2016-07-11 05:45:45","28","2016-07-25 10:59:31","28");
INSERT INTO inventory_totals VALUES("2262","2","-1","2016-07-21 07:37:38","26","2016-07-21 07:37:38","26");



DROP TABLE inventory_total_details;

CREATE TABLE `inventory_total_details` (
  `product_id` bigint(20) NOT NULL,
  `location_id` bigint(20) NOT NULL,
  `total_cycle` double DEFAULT '0',
  `total_so` double DEFAULT '0',
  `total_pos` double DEFAULT '0',
  `total_cm` double DEFAULT '0',
  `total_to_in` double DEFAULT '0',
  `total_to_out` double DEFAULT '0',
  `date` date NOT NULL,
  `created_at` datetime NOT NULL,
  `created_by` bigint(11) NOT NULL,
  `updated_at` datetime NOT NULL,
  `updated_by` bigint(11) NOT NULL,
  PRIMARY KEY (`product_id`,`location_id`,`date`),
  KEY `product_id` (`product_id`),
  KEY `location_id` (`location_id`),
  KEY `date` (`date`)
) ENGINE=InnoDB DEFAULT CHARSET=utf8 COLLATE=utf8_unicode_ci;

INSERT INTO inventory_total_details VALUES("2064","2","0","0","-1","0","0","0","2016-05-30","2016-05-30 20:44:40","24","2016-05-30 20:44:40","24");
INSERT INTO inventory_total_details VALUES("2065","2","0","0","-2","0","0","0","2016-05-30","2016-05-30 17:12:37","24","2016-05-30 21:01:14","24");
INSERT INTO inventory_total_details VALUES("2067","2","0","0","-2","0","0","0","2016-05-30","2016-05-30 20:12:19","24","2016-05-30 20:37:06","24");
INSERT INTO inventory_total_details VALUES("2070","2","0","0","-3","0","0","0","2016-05-30","2016-05-30 19:12:04","27","2016-05-30 19:12:04","27");
INSERT INTO inventory_total_details VALUES("2071","2","0","0","-1","0","0","0","2016-05-30","2016-05-30 20:20:55","24","2016-05-30 20:20:55","24");
INSERT INTO inventory_total_details VALUES("2072","2","0","0","-5","0","0","0","2016-06-01","2016-06-01 10:24:38","27","2016-06-01 17:19:29","27");
INSERT INTO inventory_total_details VALUES("2073","2","0","0","-2","0","0","0","2016-05-30","2016-05-30 17:09:35","24","2016-05-30 20:20:55","24");
INSERT INTO inventory_total_details VALUES("2074","2","0","0","-1","0","0","0","2016-05-30","2016-05-30 17:09:51","1","2016-05-30 17:09:51","1");
INSERT INTO inventory_total_details VALUES("2075","2","0","0","-2","0","0","0","2016-05-30","2016-05-30 19:40:28","27","2016-05-30 19:40:28","27");
INSERT INTO inventory_total_details VALUES("2076","2","0","0","-1","0","0","0","2016-05-30","2016-05-30 17:15:10","27","2016-05-30 19:40:28","27");
INSERT INTO inventory_total_details VALUES("2077","2","0","0","-2","0","0","0","2016-06-02","2016-06-02 16:11:58","27","2016-06-02 16:11:58","27");
INSERT INTO inventory_total_details VALUES("2078","2","0","0","-1","0","0","0","2016-05-31","2016-05-31 07:51:51","1","2016-05-31 13:22:44","1");
INSERT INTO inventory_total_details VALUES("2079","2","0","0","-1","0","0","0","2016-05-30","2016-05-30 17:34:03","1","2016-05-30 17:34:03","1");
INSERT INTO inventory_total_details VALUES("2082","2","0","0","-1","0","0","0","2016-05-30","2016-05-30 20:35:30","24","2016-05-30 20:35:30","24");
INSERT INTO inventory_total_details VALUES("2083","2","0","0","-2","0","0","0","2016-05-30","2016-05-30 17:13:02","24","2016-05-30 20:44:10","24");
INSERT INTO inventory_total_details VALUES("2084","2","0","0","-1","0","0","0","2016-05-30","2016-05-30 17:13:26","24","2016-05-30 20:36:29","24");
INSERT INTO inventory_total_details VALUES("2085","2","0","0","-1","0","0","0","2016-05-30","2016-05-30 18:17:35","24","2016-05-30 18:17:35","24");
INSERT INTO inventory_total_details VALUES("2088","2","0","0","-1","0","0","0","2016-05-31","2016-05-31 08:25:04","1","2016-05-31 15:55:07","1");
INSERT INTO inventory_total_details VALUES("2089","2","0","0","-1","0","0","0","2016-06-06","2016-06-06 07:55:52","28","2016-06-06 20:21:02","28");
INSERT INTO inventory_total_details VALUES("2090","2","0","0","-3","0","0","0","2016-06-03","2016-06-03 07:53:09","28","2016-06-03 17:42:59","28");
INSERT INTO inventory_total_details VALUES("2092","2","0","0","-2","0","0","0","2016-06-05","2016-06-05 13:07:45","26","2016-06-05 13:07:45","26");
INSERT INTO inventory_total_details VALUES("2093","2","0","0","-2","0","0","0","2016-05-31","2016-05-31 08:55:09","24","2016-05-31 18:27:26","24");
INSERT INTO inventory_total_details VALUES("2095","2","0","0","-1","0","0","0","2016-05-30","2016-05-30 16:57:46","24","2016-05-30 21:01:14","24");
INSERT INTO inventory_total_details VALUES("2097","2","0","0","-2","0","0","0","2016-05-31","2016-05-31 11:50:36","1","2016-05-31 11:57:30","1");
INSERT INTO inventory_total_details VALUES("2098","2","0","0","-1","0","0","0","2016-05-31","2016-05-31 11:48:59","1","2016-05-31 16:06:30","1");
INSERT INTO inventory_total_details VALUES("2099","2","0","0","-1","0","0","0","2016-05-30","2016-05-30 19:54:32","24","2016-05-30 20:46:56","24");
INSERT INTO inventory_total_details VALUES("2100","2","0","0","-6","0","0","0","2016-06-01","2016-06-01 11:05:58","28","2016-06-01 11:05:58","28");
INSERT INTO inventory_total_details VALUES("2101","2","0","0","-1","0","0","0","2016-06-04","2016-06-04 16:36:48","27","2016-06-04 16:36:48","27");
INSERT INTO inventory_total_details VALUES("2102","2","0","0","-1","0","0","0","2016-05-30","2016-05-30 18:50:51","27","2016-05-30 19:01:27","27");
INSERT INTO inventory_total_details VALUES("2103","2","0","0","-1","0","0","0","2016-05-30","2016-05-30 18:21:22","24","2016-05-30 18:21:22","24");
INSERT INTO inventory_total_details VALUES("2104","2","0","0","-1","0","0","0","2016-05-30","2016-05-30 18:45:00","24","2016-05-30 20:35:30","24");
INSERT INTO inventory_total_details VALUES("2105","2","0","0","-2","0","0","0","2016-05-31","2016-05-31 04:27:09","28","2016-05-31 11:08:37","28");
INSERT INTO inventory_total_details VALUES("2107","2","0","0","-2","0","0","0","2016-05-30","2016-05-30 17:13:44","1","2016-05-30 17:13:44","1");
INSERT INTO inventory_total_details VALUES("2108","2","0","0","-1","0","0","0","2016-06-22","2016-06-22 07:31:24","26","2016-06-22 07:31:24","26");
INSERT INTO inventory_total_details VALUES("2109","2","0","0","-1","0","0","0","2016-06-02","2016-06-02 11:24:48","28","2016-06-02 11:24:48","28");
INSERT INTO inventory_total_details VALUES("2110","2","0","0","-2","0","0","0","2016-05-31","2016-05-31 09:56:02","1","2016-05-31 16:59:11","1");
INSERT INTO inventory_total_details VALUES("2111","2","0","0","-1","0","0","0","2016-05-31","2016-05-31 06:44:27","1","2016-05-31 15:24:34","1");
INSERT INTO inventory_total_details VALUES("2112","2","0","0","-1","0","0","0","2016-05-31","2016-05-31 17:42:17","28","2016-05-31 17:42:17","28");
INSERT INTO inventory_total_details VALUES("2113","2","0","0","-1","0","0","0","2016-05-31","2016-05-31 06:07:51","28","2016-05-31 10:55:17","28");
INSERT INTO inventory_total_details VALUES("2114","2","0","0","-1","0","0","0","2016-05-31","2016-05-31 17:05:12","1","2016-05-31 17:05:12","1");
INSERT INTO inventory_total_details VALUES("2116","2","0","0","-1","0","0","0","2016-05-30","2016-05-30 19:09:50","27","2016-05-30 19:09:50","27");
INSERT INTO inventory_total_details VALUES("2117","2","0","0","-1","0","0","0","2016-05-31","2016-05-31 15:15:55","28","2016-05-31 15:15:55","28");
INSERT INTO inventory_total_details VALUES("2118","2","0","0","-2","0","0","0","2016-05-30","2016-05-30 17:25:00","24","2016-05-30 20:35:09","24");
INSERT INTO inventory_total_details VALUES("2119","2","0","0","-1","0","0","0","2016-05-31","2016-05-31 04:10:53","28","2016-05-31 19:23:07","28");
INSERT INTO inventory_total_details VALUES("2120","2","0","0","-4","0","0","0","2016-06-01","2016-06-01 15:07:34","28","2016-06-01 15:07:34","28");
INSERT INTO inventory_total_details VALUES("2121","2","0","0","-1","0","0","0","2016-05-30","2016-05-30 16:56:09","24","2016-05-30 17:57:00","24");
INSERT INTO inventory_total_details VALUES("2125","2","0","0","-1","0","0","0","2016-05-30","2016-05-30 17:14:38","24","2016-05-30 20:45:32","24");
INSERT INTO inventory_total_details VALUES("2126","2","0","0","-1","0","0","0","2016-05-30","2016-05-30 17:17:44","24","2016-05-30 20:46:56","24");
INSERT INTO inventory_total_details VALUES("2127","2","0","0","-1","0","0","0","2016-06-01","2016-06-01 09:16:57","28","2016-06-01 09:16:57","28");
INSERT INTO inventory_total_details VALUES("2128","2","0","0","-1","0","0","0","2016-05-30","2016-05-30 17:17:34","27","2016-05-30 18:49:32","27");
INSERT INTO inventory_total_details VALUES("2129","2","0","0","-1","0","0","0","2016-05-31","2016-05-31 08:02:05","28","2016-05-31 12:43:49","28");
INSERT INTO inventory_total_details VALUES("2130","2","0","0","-1","0","0","0","2016-05-31","2016-05-31 11:51:20","28","2016-05-31 12:08:32","28");
INSERT INTO inventory_total_details VALUES("2131","2","0","0","-1","0","0","0","2016-06-02","2016-06-02 09:48:54","28","2016-06-02 09:48:54","28");
INSERT INTO inventory_total_details VALUES("2133","2","0","0","-1","0","0","0","2016-05-30","2016-05-30 20:04:42","24","2016-05-30 20:04:42","24");
INSERT INTO inventory_total_details VALUES("2134","2","0","0","-2","0","0","0","2016-05-30","2016-05-30 17:16:20","27","2016-05-30 18:50:52","27");
INSERT INTO inventory_total_details VALUES("2135","2","0","0","-2","0","0","0","2016-05-31","2016-05-31 18:50:40","24","2016-05-31 18:50:40","24");
INSERT INTO inventory_total_details VALUES("2136","2","0","0","-2","0","0","0","2016-05-30","2016-05-30 17:16:20","27","2016-05-30 18:50:52","27");
INSERT INTO inventory_total_details VALUES("2137","2","0","0","-1","0","0","0","2016-05-30","2016-05-30 17:00:35","1","2016-05-30 17:00:35","1");
INSERT INTO inventory_total_details VALUES("2138","2","0","0","-1","0","0","0","2016-06-01","2016-06-01 18:10:15","27","2016-06-01 18:10:15","27");
INSERT INTO inventory_total_details VALUES("2139","2","0","0","-1","0","0","0","2016-05-30","2016-05-30 19:37:44","27","2016-05-30 19:37:44","27");
INSERT INTO inventory_total_details VALUES("2140","2","0","0","-1","0","0","0","2016-05-30","2016-05-30 17:16:20","27","2016-05-30 18:50:52","27");
INSERT INTO inventory_total_details VALUES("2141","2","0","0","-1","0","0","0","2016-05-31","2016-05-31 16:15:13","1","2016-05-31 16:15:13","1");
INSERT INTO inventory_total_details VALUES("2142","2","0","0","-1","0","0","0","2016-06-04","2016-06-04 12:04:34","27","2016-06-04 16:08:30","27");
INSERT INTO inventory_total_details VALUES("2143","2","0","0","-1","0","0","0","2016-06-01","2016-06-01 14:37:00","24","2016-06-01 14:37:00","24");
INSERT INTO inventory_total_details VALUES("2144","2","0","0","-1","0","0","0","2016-06-02","2016-06-02 16:28:24","27","2016-06-02 16:28:24","27");
INSERT INTO inventory_total_details VALUES("2146","2","0","0","-1","0","0","0","2016-05-31","2016-05-31 04:25:13","28","2016-05-31 19:18:40","28");
INSERT INTO inventory_total_details VALUES("2163","2","0","0","-1","0","0","0","2016-05-30","2016-05-30 19:12:04","24","2016-05-30 20:36:29","24");
INSERT INTO inventory_total_details VALUES("2164","2","0","0","-1","0","0","0","2016-05-30","2016-05-30 16:53:06","27","2016-05-30 19:14:29","27");
INSERT INTO inventory_total_details VALUES("2165","2","0","0","-1","0","0","0","2016-05-30","2016-05-30 17:13:26","1","2016-05-30 17:13:26","1");
INSERT INTO inventory_total_details VALUES("2166","2","0","0","-8","0","0","0","2016-05-30","2016-05-30 15:16:51","1","2016-05-30 16:55:10","1");
INSERT INTO inventory_total_details VALUES("2172","2","0","0","-1","0","0","0","2016-05-30","2016-05-30 17:07:00","24","2016-05-30 20:45:07","24");
INSERT INTO inventory_total_details VALUES("2173","2","0","0","-1","0","0","0","2016-05-31","2016-05-31 10:33:37","28","2016-05-31 11:09:13","28");
INSERT INTO inventory_total_details VALUES("2174","2","0","0","-1","0","0","0","2016-05-31","2016-05-31 09:21:37","24","2016-05-31 09:21:37","24");
INSERT INTO inventory_total_details VALUES("2178","2","0","0","-1","0","0","0","2016-06-02","2016-06-02 05:19:47","24","2016-06-02 05:19:47","24");
INSERT INTO inventory_total_details VALUES("2179","2","0","0","-1","0","0","0","2016-06-19","2016-06-19 13:01:57","26","2016-06-19 13:01:57","26");
INSERT INTO inventory_total_details VALUES("2182","2","0","0","-1","0","0","0","2016-05-30","2016-05-30 18:50:52","27","2016-05-30 18:50:52","27");
INSERT INTO inventory_total_details VALUES("2183","2","0","0","-1","0","0","0","2016-06-17","2016-06-17 08:39:20","26","2016-06-17 08:39:20","26");
INSERT INTO inventory_total_details VALUES("2188","2","0","0","-1","0","0","0","2016-06-02","2016-06-02 05:19:47","27","2016-06-02 19:29:45","27");
INSERT INTO inventory_total_details VALUES("2197","2","0","0","-2","0","0","0","2016-05-31","2016-05-31 05:33:48","24","2016-05-31 18:01:04","24");
INSERT INTO inventory_total_details VALUES("2198","2","0","0","-1","0","0","0","2016-05-31","2016-05-31 06:32:11","28","2016-05-31 15:18:23","28");
INSERT INTO inventory_total_details VALUES("2199","2","0","0","-1","0","0","0","2016-05-30","2016-05-30 20:45:32","24","2016-05-30 20:45:32","24");
INSERT INTO inventory_total_details VALUES("2201","2","0","0","-1","0","0","0","2016-07-22","2016-07-22 07:59:15","28","2016-07-22 07:59:15","28");
INSERT INTO inventory_total_details VALUES("2202","2","0","0","-1","0","0","0","2016-06-05","2016-06-05 05:43:31","24","2016-06-05 05:43:31","24");
INSERT INTO inventory_total_details VALUES("2203","2","0","0","-2","0","0","0","2016-06-01","2016-06-01 18:10:15","27","2016-06-01 18:10:15","27");
INSERT INTO inventory_total_details VALUES("2204","2","0","0","-1","0","0","0","2016-06-05","2016-06-05 15:46:14","24","2016-06-05 15:46:14","24");
INSERT INTO inventory_total_details VALUES("2206","2","0","0","-2","0","0","0","2016-06-11","2016-06-11 18:11:55","26","2016-06-11 18:11:55","26");
INSERT INTO inventory_total_details VALUES("2207","2","0","0","-1","0","0","0","2016-06-05","2016-06-05 20:28:13","28","2016-06-05 20:28:13","28");
INSERT INTO inventory_total_details VALUES("2208","2","0","0","-1","0","0","0","2016-06-03","2016-06-03 12:29:19","24","2016-06-03 12:29:19","24");
INSERT INTO inventory_total_details VALUES("2209","2","0","0","-1","0","0","0","2016-06-01","2016-06-01 15:42:51","24","2016-06-01 15:42:51","24");
INSERT INTO inventory_total_details VALUES("2213","2","0","0","-1","0","0","0","2016-06-08","2016-06-08 08:14:22","28","2016-06-08 08:14:22","28");
INSERT INTO inventory_total_details VALUES("2217","2","0","0","-2","0","0","0","2016-06-03","2016-06-03 19:05:30","28","2016-06-03 19:05:30","28");
INSERT INTO inventory_total_details VALUES("2218","2","0","0","-1","0","0","0","2016-05-31","2016-05-31 10:46:14","28","2016-05-31 18:18:24","28");
INSERT INTO inventory_total_details VALUES("2219","2","0","0","-1","0","0","0","2016-06-02","2016-06-02 07:11:01","27","2016-06-02 20:39:25","27");
INSERT INTO inventory_total_details VALUES("2220","2","0","0","-120","0","0","0","2016-06-06","2016-06-06 12:05:02","28","2016-06-06 12:05:02","28");
INSERT INTO inventory_total_details VALUES("2226","2","0","0","-1","0","0","0","2016-05-30","2016-05-30 20:29:24","24","2016-05-30 20:29:24","24");
INSERT INTO inventory_total_details VALUES("2228","2","0","0","-1","0","0","0","2016-05-30","2016-05-30 16:53:07","24","2016-05-30 20:52:03","24");
INSERT INTO inventory_total_details VALUES("2229","2","0","0","-10","0","0","0","2016-05-30","2016-05-30 18:02:49","24","2016-05-30 20:49:46","24");
INSERT INTO inventory_total_details VALUES("2231","2","0","0","-3","0","0","0","2016-05-30","2016-05-30 16:58:22","24","2016-05-30 21:01:14","24");
INSERT INTO inventory_total_details VALUES("2232","2","0","0","-2","0","0","0","2016-05-30","2016-05-30 18:38:35","27","2016-05-30 18:38:35","27");
INSERT INTO inventory_total_details VALUES("2233","2","0","0","-3","0","0","0","2016-05-30","2016-05-30 19:34:27","27","2016-05-30 19:51:04","27");
INSERT INTO inventory_total_details VALUES("2235","2","0","0","-1","0","0","0","2016-05-30","2016-05-30 19:37:45","27","2016-05-30 19:55:59","27");
INSERT INTO inventory_total_details VALUES("2236","2","0","0","-1","0","0","0","2016-05-30","2016-05-30 20:25:09","24","2016-05-30 20:25:09","24");
INSERT INTO inventory_total_details VALUES("2237","2","0","0","-2","0","0","0","2016-06-06","2016-06-06 07:55:52","26","2016-06-06 07:55:52","26");
INSERT INTO inventory_total_details VALUES("2238","2","0","0","-2","0","0","0","2016-05-31","2016-05-31 06:54:44","28","2016-05-31 18:18:35","28");
INSERT INTO inventory_total_details VALUES("2239","2","0","0","-1","0","0","0","2016-05-31","2016-05-31 11:09:13","28","2016-05-31 19:15:47","28");
INSERT INTO inventory_total_details VALUES("2240","2","0","0","-1","0","0","0","2016-05-30","2016-05-30 16:58:52","27","2016-05-30 19:23:13","27");
INSERT INTO inventory_total_details VALUES("2241","2","0","0","-1","0","0","0","2016-05-31","2016-05-31 13:05:46","28","2016-05-31 18:12:43","28");
INSERT INTO inventory_total_details VALUES("2243","2","0","0","-2","0","0","0","2016-05-30","2016-05-30 17:15:34","1","2016-05-30 17:15:34","1");
INSERT INTO inventory_total_details VALUES("2250","2","0","0","-1","0","0","0","2016-05-30","2016-05-30 17:14:12","24","2016-05-30 20:46:56","24");
INSERT INTO inventory_total_details VALUES("2251","2","0","0","-1","0","0","0","2016-07-09","2016-07-09 18:58:52","28","2016-07-09 18:58:52","28");
INSERT INTO inventory_total_details VALUES("2252","2","0","0","-3","0","0","0","2016-06-04","2016-06-04 16:15:52","28","2016-06-04 20:22:10","28");
INSERT INTO inventory_total_details VALUES("2253","2","0","0","-1","0","0","0","2016-05-31","2016-05-31 13:24:22","28","2016-05-31 13:24:22","28");
INSERT INTO inventory_total_details VALUES("2254","2","0","0","-5","0","0","0","2016-05-31","2016-05-31 18:14:09","28","2016-05-31 20:17:14","28");
INSERT INTO inventory_total_details VALUES("2255","2","0","0","-5","0","0","0","2016-06-02","2016-06-02 18:24:09","24","2016-06-02 18:24:09","24");
INSERT INTO inventory_total_details VALUES("2256","2","0","0","-1","0","0","0","2016-06-02","2016-06-02 17:07:21","28","2016-06-02 18:40:44","28");
INSERT INTO inventory_total_details VALUES("2257","2","0","0","-1","0","0","0","2016-06-02","2016-06-02 18:53:00","28","2016-06-02 18:53:00","28");
INSERT INTO inventory_total_details VALUES("2258","2","0","0","-1","0","0","0","2016-06-06","2016-06-06 11:06:36","26","2016-06-06 11:06:36","26");
INSERT INTO inventory_total_details VALUES("2259","2","0","0","-2","0","0","0","2016-06-22","2016-06-22 14:12:02","28","2016-06-22 19:30:07","28");
INSERT INTO inventory_total_details VALUES("2260","2","0","0","-1","0","0","0","2016-07-11","2016-07-11 05:45:45","26","2016-07-11 05:45:45","26");
INSERT INTO inventory_total_details VALUES("2262","2","0","0","-1","0","0","0","2016-07-21","2016-07-21 07:37:38","26","2016-07-21 07:37:38","26");



INSERT INTO sales_orders VALUES("54684","2","1","","16SO054663","4000","1","0","0","0","2016-07-25","2016-07-25","","2016-07-25 12:00:56","32","2016-07-25 12:00:56","32","1","1","0"),
("54685","2","1","","16SO054664","5500","1.375","0","0","0","2016-07-25","2016-07-25","","2016-07-25 12:01:24","32","2016-07-25 12:01:24","32","1","1","0"),
("54686","2","1","","16SO054665","7000","1.75","0","0","0","2016-07-25","2016-07-25","","2016-07-25 12:02:17","32","2016-07-25 12:02:17","32","1","1","0"),
("54687","2","1","","16SO054666","3000","0.75","0","0","0","2016-07-25","2016-07-25","","2016-07-25 12:03:00","32","2016-07-25 12:03:00","32","1","1","0"),
("54688","2","1","","16SO054667","2500","0.625","0","0","0","2016-07-25","2016-07-25","","2016-07-25 12:03:26","32","2016-07-25 12:03:26","32","1","1","0"),
("54689","2","1","","16SO054668","2500","0.625","0","0","0","2016-07-25","2016-07-25","","2016-07-25 12:05:40","32","2016-07-25 12:05:40","32","1","1","0"),
("54690","2","1","","16SO054669","5000","1.25","0","0","0","2016-07-25","2016-07-25","","2016-07-25 12:06:40","32","2016-07-25 12:06:40","32","1","1","0"),
("54691","2","1","","16SO054670","500","0.125","0","0","0","2016-07-25","2016-07-25","","2016-07-25 12:06:55","32","2016-07-25 12:06:55","32","1","1","0"),
("54692","2","1","","16SO054671","3000","0.75","0","0","0","2016-07-25","2016-07-25","","2016-07-25 12:07:25","32","2016-07-25 12:07:25","32","1","1","0"),
("54693","2","1","","16SO054672","13000","3.25","0","0","0","2016-07-25","2016-07-25","","2016-07-25 12:07:49","32","2016-07-25 12:07:49","32","1","1","0"),
("54694","2","1","","16SO054673","12500","3.125","0","0","0","2016-07-25","2016-07-25","","2016-07-25 12:08:09","32","2016-07-25 12:08:09","32","1","1","0"),
("54695","2","1","","16SO054674","2000","0.5","0","0","0","2016-07-25","2016-07-25","","2016-07-25 12:08:19","32","2016-07-25 12:08:19","32","1","1","0"),
("54696","2","1","","16SO054675","500","0.125","0","0","0","2016-07-25","2016-07-25","","2016-07-25 12:08:42","32","2016-07-25 12:08:42","32","1","1","0"),
("54697","2","1","","16SO054676","3000","0.75","0","0","0","2016-07-25","2016-07-25","","2016-07-25 12:11:24","32","2016-07-25 12:11:24","32","1","1","0"),
("54698","2","1","","16SO054677","2000","0.5","0","0","0","2016-07-25","2016-07-25","","2016-07-25 12:13:04","32","2016-07-25 12:13:04","32","1","1","0"),
("54699","2","1","","16SO054678","3000","0.75","0","0","0","2016-07-25","2016-07-25","","2016-07-25 12:13:47","32","2016-07-25 12:13:47","32","1","1","0"),
("54700","2","1","","16SO054679","500","0.125","0","0","0","2016-07-25","2016-07-25","","2016-07-25 12:14:28","28","2016-07-25 12:14:28","28","1","1","0"),
("54701","2","1","","16SO054680","1000","0.25","0","0","0","2016-07-25","2016-07-25","","2016-07-25 12:15:24","32","2016-07-25 12:15:24","32","1","1","0"),
("54702","2","1","","16SO054681","500","0.125","0","0","0","2016-07-25","2016-07-25","","2016-07-25 12:28:07","32","2016-07-25 12:28:07","32","1","1","0"),
("54703","2","1","","16SO054682","2000","0.5","0","0","0","2016-07-25","2016-07-25","","2016-07-25 12:28:35","32","2016-07-25 12:28:35","32","1","1","0"),
("54704","2","1","","16SO054683","5000","1.25","0","0","0","2016-07-25","2016-07-25","","2016-07-25 12:28:50","32","2016-07-25 12:28:50","32","1","1","0"),
("54705","2","1","","16SO054684","2500","0.625","0","0","0","2016-07-25","2016-07-25","","2016-07-25 12:29:38","32","2016-07-25 12:29:38","32","1","1","0"),
("54706","2","1","","16SO054685","5000","1.25","0","0","0","2016-07-25","2016-07-25","","2016-07-25 12:37:49","32","2016-07-25 12:37:49","32","1","1","0"),
("54707","2","1","","16SO054686","2000","0.5","0","0","0","2016-07-25","2016-07-25","","2016-07-25 12:38:59","32","2016-07-25 12:38:59","32","1","1","0"),
("54708","2","1","","16SO054687","2000","0.5","0","0","0","2016-07-25","2016-07-25","","2016-07-25 12:39:24","32","2016-07-25 12:39:24","32","1","1","0"),
("54709","2","1","","16SO054688","14000","3.5","0","0","0","2016-07-25","2016-07-25","","2016-07-25 12:40:20","28","2016-07-25 12:40:20","28","1","1","0"),
("54710","2","1","","16SO054689","5500","1.375","0","0","0","2016-07-25","2016-07-25","","2016-07-25 12:40:38","32","2016-07-25 12:40:38","32","1","1","0"),
("54711","2","1","","16SO054690","5000","1.25","0","0","0","2016-07-25","2016-07-25","","2016-07-25 12:40:54","32","2016-07-25 12:40:54","32","1","1","0"),
("54712","2","1","","16SO054691","500","0.125","0","0","0","2016-07-25","2016-07-25","","2016-07-25 12:41:27","32","2016-07-25 12:41:27","32","1","1","0"),
("54713","2","1","","16SO054692","25500","6.375","0","0","0","2016-07-25","2016-07-25","","2016-07-25 12:42:20","32","2016-07-25 12:42:20","32","1","1","0"),
("54714","2","1","","16SO054693","9500","2.375","0","0","0","2016-07-25","2016-07-25","","2016-07-25 12:47:50","32","2016-07-25 12:47:50","32","1","1","0"),
("54715","2","1","","16SO054694","10000","2.5","0","0","0","2016-07-25","2016-07-25","","2016-07-25 12:47:52","28","2016-07-25 12:47:52","28","1","1","0"),
("54716","2","1","","16SO054695","1500","0.375","0","0","0","2016-07-25","2016-07-25","","2016-07-25 12:47:56","32","2016-07-25 12:47:56","32","1","1","0"),
("54717","2","1","","16SO054696","39000","9.75","0","0","0","2016-07-25","2016-07-25","","2016-07-25 12:48:25","28","2016-07-25 12:48:25","28","1","1","0"),
("54718","2","1","","16SO054697","2500","0.625","0","0","0","2016-07-25","2016-07-25","","2016-07-25 12:48:41","32","2016-07-25 12:48:41","32","1","1","0"),
("54719","2","1","","16SO054698","8500","2.125","0","0","0","2016-07-25","2016-07-25","","2016-07-25 12:49:34","32","2016-07-25 12:49:34","32","1","1","0"),
("54720","2","1","","16SO054699","8000","2","0","0","0","2016-07-25","2016-07-25","","2016-07-25 12:49:55","32","2016-07-25 12:49:55","32","1","1","0"),
("54721","2","1","","16SO054700","2000","0.5","0","0","0","2016-07-25","2016-07-25","","2016-07-25 12:50:14","32","2016-07-25 12:50:14","32","1","1","0"),
("54722","2","1","","16SO054701","6500","1.625","0","0","0","2016-07-25","2016-07-25","","2016-07-25 12:50:26","32","2016-07-25 12:50:26","32","1","1","0"),
("54723","2","1","","16SO054702","12500","3.125","0","0","0","2016-07-25","2016-07-25","","2016-07-25 12:50:28","28","2016-07-25 12:50:28","28","1","1","0"),
("54724","2","1","","16SO054703","2500","0.625","0","0","0","2016-07-25","2016-07-25","","2016-07-25 12:51:06","32","2016-07-25 12:51:06","32","1","1","0"),
("54725","2","1","","16SO054704","1500","0.375","0","0","0","2016-07-25","2016-07-25","","2016-07-25 12:52:08","32","2016-07-25 12:52:08","32","1","1","0"),
("54726","2","1","","16SO054705","5000","1.25","0","0","0","2016-07-25","2016-07-25","","2016-07-25 12:52:32","28","2016-07-25 12:52:32","28","1","1","0"),
("54727","2","1","","16SO054706","5000","1.25","0","0","0","2016-07-25","2016-07-25","","2016-07-25 12:52:38","32","2016-07-25 12:52:38","32","1","1","0"),
("54728","2","1","","16SO054707","7500","1.875","0","0","0","2016-07-25","2016-07-25","","2016-07-25 12:52:44","28","2016-07-25 12:52:44","28","1","1","0"),
("54729","2","1","","16SO054708","500","0.125","0","0","0","2016-07-25","2016-07-25","","2016-07-25 12:52:56","32","2016-07-25 12:52:56","32","1","1","0"),
("54730","2","1","","16SO054709","500","0.125","0","0","0","2016-07-25","2016-07-25","","2016-07-25 12:53:07","32","2016-07-25 12:53:07","32","1","1","0"),
("54731","2","1","","16SO054710","7000","1.75","0","0","0","2016-07-25","2016-07-25","","2016-07-25 12:53:39","32","2016-07-25 12:53:39","32","1","1","0"),
("54732","2","1","","16SO054711","5000","1.25","0","0","0","2016-07-25","2016-07-25","","2016-07-25 12:53:57","32","2016-07-25 12:53:57","32","1","1","0"),
("54733","2","1","","16SO054712","3000","0.75","0","0","0","2016-07-25","2016-07-25","","2016-07-25 12:54:13","28","2016-07-25 12:54:13","28","1","1","0"),
("54734","2","1","","16SO054713","2500","0.625","0","0","0","2016-07-25","2016-07-25","","2016-07-25 12:54:38","32","2016-07-25 12:54:38","32","1","1","0"),
("54735","2","1","","16SO054714","5000","1.25","0","0","0","2016-07-25","2016-07-25","","2016-07-25 12:54:52","28","2016-07-25 12:54:52","28","1","1","0"),
("54736","2","1","","16SO054715","1500","0.375","0","0","0","2016-07-25","2016-07-25","","2016-07-25 12:55:16","32","2016-07-25 12:55:16","32","1","1","0"),
("54737","2","1","","16SO054716","5000","1.25","0","0","0","2016-07-25","2016-07-25","","2016-07-25 12:55:21","28","2016-07-25 12:55:21","28","1","1","0"),
("54738","2","1","","16SO054717","500","0.125","0","0","0","2016-07-25","2016-07-25","","2016-07-25 12:55:26","32","2016-07-25 12:55:26","32","1","1","0"),
("54739","2","1","","16SO054718","16500","4.125","0","0","0","2016-07-25","2016-07-25","","2016-07-25 12:55:34","28","2016-07-25 12:55:34","28","1","1","0"),
("54740","2","1","","16SO054719","8000","2","0","0","0","2016-07-25","2016-07-25","","2016-07-25 12:56:03","28","2016-07-25 12:56:03","28","1","1","0"),
("54741","2","1","","16SO054720","18000","4.5","0","0","0","2016-07-25","2016-07-25","","2016-07-25 12:56:03","32","2016-07-25 12:56:03","32","1","1","0"),
("54742","2","1","","16SO054721","8000","2","0","0","0","2016-07-25","2016-07-25","","2016-07-25 12:56:13","28","2016-07-25 12:56:13","28","1","1","0"),
("54743","2","1","","16SO054722","2100","0.525","0","0","0","2016-07-25","2016-07-25","","2016-07-25 12:56:14","32","2016-07-25 12:56:14","32","1","1","0"),
("54744","2","1","","16SO054723","15000","3.75","0","0","0","2016-07-25","2016-07-25","","2016-07-25 12:56:31","32","2016-07-25 12:56:31","32","1","1","0"),
("54745","2","1","","16SO054724","13500","3.375","0","0","0","2016-07-25","2016-07-25","","2016-07-25 13:01:13","32","2016-07-25 13:01:13","32","1","1","0"),
("54746","2","1","","16SO054725","12500","3.125","0","0","0","2016-07-25","2016-07-25","","2016-07-25 13:01:37","32","2016-07-25 13:01:37","32","1","1","0"),
("54747","2","1","","16SO054726","1500","0.375","0","0","0","2016-07-25","2016-07-25","","2016-07-25 13:01:45","32","2016-07-25 13:01:45","32","1","1","0"),
("54748","2","1","","16SO054727","5500","1.375","0","0","0","2016-07-25","2016-07-25","","2016-07-25 13:04:19","32","2016-07-25 13:04:19","32","1","1","0"),
("54749","2","1","","16SO054728","2000","0.5","0","0","0","2016-07-25","2016-07-25","","2016-07-25 13:05:38","32","2016-07-25 13:05:38","32","1","1","0"),
("54750","2","1","","16SO054729","2500","0.625","0","0","0","2016-07-25","2016-07-25","","2016-07-25 13:08:00","32","2016-07-25 13:08:00","32","1","1","0"),
("54751","2","1","","16SO054730","3000","0.75","0","0","0","2016-07-25","2016-07-25","","2016-07-25 13:11:44","32","2016-07-25 13:11:44","32","1","1","0"),
("54752","2","1","","16SO054731","6000","1.5","0","0","0","2016-07-25","2016-07-25","","2016-07-25 13:12:18","32","2016-07-25 13:12:18","32","1","1","0"),
("54753","2","1","","16SO054732","5000","1.25","0","0","0","2016-07-25","2016-07-25","","2016-07-25 13:13:43","32","2016-07-25 13:13:43","32","1","1","0"),
("54754","2","1","","16SO054733","2500","0.625","0","0","0","2016-07-25","2016-07-25","","2016-07-25 13:14:58","32","2016-07-25 13:14:58","32","1","1","0"),
("54755","2","1","","16SO054734","10500","2.625","0","0","0","2016-07-25","2016-07-25","","2016-07-25 13:17:31","32","2016-07-25 13:17:31","32","1","1","0"),
("54756","2","1","","16SO054735","3500","0.875","0","0","0","2016-07-25","2016-07-25","","2016-07-25 13:17:36","32","2016-07-25 13:17:36","32","1","1","0"),
("54757","2","1","","16SO054736","4100","1.025","0","0","0","2016-07-25","2016-07-25","","2016-07-25 13:18:16","32","2016-07-25 13:18:16","32","1","1","0"),
("54758","2","1","","16SO054737","56000","14","0","0","0","2016-07-25","2016-07-25","","2016-07-25 13:19:11","26","2016-07-25 13:19:11","26","1","1","0"),
("54759","2","1","","16SO054738","16000","4","0","0","0","2016-07-25","2016-07-25","","2016-07-25 13:19:22","32","2016-07-25 13:19:22","32","1","1","0"),
("54760","2","1","","16SO054739","2000","0.5","0","0","0","2016-07-25","2016-07-25","","2016-07-25 13:19:29","32","2016-07-25 13:19:29","32","1","1","0"),
("54761","2","1","","16SO054740","3000","0.75","0","0","0","2016-07-25","2016-07-25","","2016-07-25 13:20:22","26","2016-07-25 13:20:22","26","1","1","0"),
("54762","2","1","","16SO054741","1000","0.25","0","0","0","2016-07-25","2016-07-25","","2016-07-25 13:20:25","32","2016-07-25 13:20:25","32","1","1","0"),
("54763","2","1","","16SO054742","2000","0.5","0","0","0","2016-07-25","2016-07-25","","2016-07-25 13:20:47","26","2016-07-25 13:20:47","26","1","1","0"),
("54764","2","1","","16SO054743","2000","0.5","0","0","0","2016-07-25","2016-07-25","","2016-07-25 13:21:01","32","2016-07-25 13:21:01","32","1","1","0"),
("54765","2","1","","16SO054744","1000","0.25","0","0","0","2016-07-25","2016-07-25","","2016-07-25 13:21:07","26","2016-07-25 13:21:07","26","1","1","0"),
("54766","2","1","","16SO054745","1500","0.375","0","0","0","2016-07-25","2016-07-25","","2016-07-25 13:21:15","26","2016-07-25 13:21:15","26","1","1","0"),
("54767","2","1","","16SO054746","2500","0.625","0","0","0","2016-07-25","2016-07-25","","2016-07-25 13:21:34","32","2016-07-25 13:21:34","32","1","1","0"),
("54768","2","1","","16SO054747","4000","1","0","0","0","2016-07-25","2016-07-25","","2016-07-25 13:24:45","32","2016-07-25 13:24:45","32","1","1","0"),
("54769","2","1","","16SO054748","4000","1","0","0","0","2016-07-25","2016-07-25","","2016-07-25 13:24:48","26","2016-07-25 13:24:48","26","1","1","0"),
("54770","2","1","","16SO054749","5000","1.25","0","0","0","2016-07-25","2016-07-25","","2016-07-25 13:25:44","26","2016-07-25 13:25:44","26","1","1","0"),
("54771","2","1","","16SO054750","2000","0.5","0","0","0","2016-07-25","2016-07-25","","2016-07-25 13:31:54","26","2016-07-25 13:31:54","26","1","1","0"),
("54772","2","1","","16SO054751","3000","0.75","0","0","0","2016-07-25","2016-07-25","","2016-07-25 13:33:24","32","2016-07-25 13:33:24","32","1","1","0"),
("54773","2","1","","16SO054752","50000","12.5","0","0","0","2016-07-25","2016-07-25","","2016-07-25 13:33:55","32","2016-07-25 13:33:55","32","1","1","0"),
("54774","2","1","","16SO054753","2500","0.625","0","0","0","2016-07-25","2016-07-25","","2016-07-25 13:34:02","26","2016-07-25 13:34:02","26","1","1","0"),
("54775","2","1","","16SO054754","7000","1.75","0","0","0","2016-07-25","2016-07-25","","2016-07-25 13:34:05","32","2016-07-25 13:34:05","32","1","1","0"),
("54776","2","1","","16SO054755","2000","0.5","0","0","0","2016-07-25","2016-07-25","","2016-07-25 13:34:11","26","2016-07-25 13:34:11","26","1","1","0"),
("54777","2","1","","16SO054756","2500","0.625","0","0","0","2016-07-25","2016-07-25","","2016-07-25 13:34:14","32","2016-07-25 13:34:14","32","1","1","0"),
("54778","2","1","","16SO054757","5000","1.25","0","0","0","2016-07-25","2016-07-25","","2016-07-25 13:34:25","26","2016-07-25 13:34:25","26","1","1","0"),
("54779","2","1","","16SO054758","2000","0.5","0","0","0","2016-07-25","2016-07-25","","2016-07-25 13:34:50","26","2016-07-25 13:34:50","26","1","1","0"),
("54780","2","1","","16SO054759","6000","1.5","0","0","0","2016-07-25","2016-07-25","","2016-07-25 13:35:29","26","2016-07-25 13:35:29","26","1","1","0"),
("54781","2","1","","16SO054760","7000","1.75","0","0","0","2016-07-25","2016-07-25","","2016-07-25 13:36:00","32","2016-07-25 13:36:00","32","1","1","0"),
("54782","2","1","","16SO054761","1000","0.25","0","0","0","2016-07-25","2016-07-25","","2016-07-25 13:36:15","32","2016-07-25 13:36:15","32","1","1","0"),
("54783","2","1","","16SO054762","4000","1","0","0","0","2016-07-25","2016-07-25","","2016-07-25 13:36:30","26","2016-07-25 13:36:30","26","1","1","0"),
("54784","2","1","","16SO054763","1000","0.25","0","0","0","2016-07-25","2016-07-25","","2016-07-25 13:37:00","32","2016-07-25 13:37:00","32","1","1","0"),
("54785","2","1","","16SO054764","1000","0.25","0","0","0","2016-07-25","2016-07-25","","2016-07-25 13:37:19","32","2016-07-25 13:37:19","32","1","1","0"),
("54786","2","1","","16SO054765","15000","3.75","0","0","0","2016-07-25","2016-07-25","","2016-07-25 13:37:42","26","2016-07-25 13:37:42","26","1","1","0"),
("54787","2","1","","16SO054766","6500","1.625","0","0","0","2016-07-25","2016-07-25","","2016-07-25 13:39:44","32","2016-07-25 13:39:44","32","1","1","0"),
("54788","2","1","","16SO054767","500","0.125","0","0","0","2016-07-25","2016-07-25","","2016-07-25 13:42:08","26","2016-07-25 13:42:08","26","1","1","0"),
("54789","2","1","","16SO054768","7500","1.875","0","0","0","2016-07-25","2016-07-25","","2016-07-25 13:45:00","26","2016-07-25 13:45:00","26","1","1","0"),
("54790","2","1","","16SO054769","5000","1.25","0","0","0","2016-07-25","2016-07-25","","2016-07-25 13:45:35","26","2016-07-25 13:45:35","26","1","1","0"),
("54791","2","1","","16SO054770","1000","0.25","0","0","0","2016-07-25","2016-07-25","","2016-07-25 13:46:50","26","2016-07-25 13:46:50","26","1","1","0"),
("54792","2","1","","16SO054771","1400","0.35","0","0","0","2016-07-25","2016-07-25","","2016-07-25 13:46:54","32","2016-07-25 13:46:54","32","1","1","0"),
("54793","2","1","","16SO054772","3000","0.75","0","0","0","2016-07-25","2016-07-25","","2016-07-25 13:47:22","32","2016-07-25 13:47:22","32","1","1","0"),
("54794","2","1","","16SO054773","5000","1.25","0","0","0","2016-07-25","2016-07-25","","2016-07-25 13:47:34","32","2016-07-25 13:47:34","32","1","1","0"),
("54795","2","1","","16SO054774","4000","1","0","0","0","2016-07-25","2016-07-25","","2016-07-25 13:47:41","26","2016-07-25 13:47:41","26","1","1","0"),
("54796","2","1","","16SO054775","2000","0.5","0","0","0","2016-07-25","2016-07-25","","2016-07-25 13:47:51","32","2016-07-25 13:47:51","32","1","1","0"),
("54797","2","1","","16SO054776","1500","0.375","0","0","0","2016-07-25","2016-07-25","","2016-07-25 13:48:50","26","2016-07-25 13:48:50","26","1","1","0"),
("54798","2","1","","16SO054777","2500","0.625","0","0","0","2016-07-25","2016-07-25","","2016-07-25 13:49:06","26","2016-07-25 13:49:06","26","1","1","0"),
("54799","2","1","","16SO054778","6000","1.5","0","0","0","2016-07-25","2016-07-25","","2016-07-25 13:49:34","32","2016-07-25 13:49:34","32","1","1","0"),
("54800","2","1","","16SO054779","15000","3.75","0","0","0","2016-07-25","2016-07-25","","2016-07-25 13:55:53","32","2016-07-25 13:55:53","32","1","1","0"),
("54801","2","1","","16SO054780","2000","0.5","0","0","0","2016-07-25","2016-07-25","","2016-07-25 13:58:03","26","2016-07-25 13:58:03","26","1","1","0"),
("54802","2","1","","16SO054781","6000","1.5","0","0","0","2016-07-25","2016-07-25","","2016-07-25 13:58:26","32","2016-07-25 13:58:26","32","1","1","0"),
("54803","2","1","","16SO054782","11300","2.825","0","0","0","2016-07-25","2016-07-25","","2016-07-25 13:59:43","26","2016-07-25 13:59:43","26","1","1","0"),
("54804","2","1","","16SO054783","500","0.125","0","0","0","2016-07-25","2016-07-25","","2016-07-25 13:59:54","32","2016-07-25 13:59:54","32","1","1","0"),
("54805","2","1","","16SO054784","7000","1.75","0","0","0","2016-07-25","2016-07-25","","2016-07-25 14:01:52","26","2016-07-25 14:01:52","26","1","1","0"),
("54806","2","1","","16SO054785","5000","1.25","0","0","0","2016-07-25","2016-07-25","","2016-07-25 14:01:58","32","2016-07-25 14:01:58","32","1","1","0"),
("54807","2","1","","16SO054786","5000","1.25","0","0","0","2016-07-25","2016-07-25","","2016-07-25 14:03:07","32","2016-07-25 14:03:07","32","1","1","0"),
("54808","2","1","","16SO054787","2500","0.625","0","0","0","2016-07-25","2016-07-25","","2016-07-25 14:05:31","32","2016-07-25 14:05:31","32","1","1","0"),
("54809","2","1","","16SO054788","1500","0.375","0","0","0","2016-07-25","2016-07-25","","2016-07-25 14:05:33","26","2016-07-25 14:05:33","26","1","1","0"),
("54810","2","1","","16SO054789","7500","1.875","0","0","0","2016-07-25","2016-07-25","","2016-07-25 14:07:09","32","2016-07-25 14:07:09","32","1","1","0"),
("54811","2","1","","16SO054790","4000","1","0","0","0","2016-07-25","2016-07-25","","2016-07-25 14:07:29","32","2016-07-25 14:07:29","32","1","1","0"),
("54812","2","1","","16SO054791","2000","0.5","0","0","0","2016-07-25","2016-07-25","","2016-07-25 14:08:10","32","2016-07-25 14:08:10","32","1","1","0"),
("54813","2","1","","16SO054792","2100","0.525","0","0","0","2016-07-25","2016-07-25","","2016-07-25 14:08:20","32","2016-07-25 14:08:20","32","1","1","0"),
("54814","2","1","","16SO054793","2000","0.5","0","0","0","2016-07-25","2016-07-25","","2016-07-25 14:08:56","32","2016-07-25 14:08:56","32","1","1","0"),
("54815","2","1","","16SO054794","1000","0.25","0","0","0","2016-07-25","2016-07-25","","2016-07-25 14:08:59","26","2016-07-25 14:08:59","26","1","1","0"),
("54816","2","1","","16SO054795","3000","0.75","0","0","0","2016-07-25","2016-07-25","","2016-07-25 14:09:42","32","2016-07-25 14:09:42","32","1","1","0"),
("54817","2","1","","16SO054796","6000","1.5","0","0","0","2016-07-25","2016-07-25","","2016-07-25 14:09:47","26","2016-07-25 14:09:47","26","1","1","0"),
("54818","2","1","","16SO054797","5000","1.25","0","0","0","2016-07-25","2016-07-25","","2016-07-25 14:09:52","26","2016-07-25 14:09:52","26","1","1","0"),
("54819","2","1","","16SO054798","500","0.125","0","0","0","2016-07-25","2016-07-25","","2016-07-25 14:09:53","32","2016-07-25 14:09:53","32","1","1","0"),
("54820","2","1","","16SO054799","1000","0.25","0","0","0","2016-07-25","2016-07-25","","2016-07-25 14:10:01","32","2016-07-25 14:10:01","32","1","1","0"),
("54821","2","1","","16SO054800","2000","0.5","0","0","0","2016-07-25","2016-07-25","","2016-07-25 14:10:43","26","2016-07-25 14:10:43","26","1","1","0"),
("54822","2","1","","16SO054801","5000","1.25","0","0","0","2016-07-25","2016-07-25","","2016-07-25 14:10:49","32","2016-07-25 14:10:49","32","1","1","0"),
("54823","2","1","","16SO054802","12000","3","0","0","0","2016-07-25","2016-07-25","","2016-07-25 14:11:17","26","2016-07-25 14:11:17","26","1","1","0"),
("54824","2","1","","16SO054803","3000","0.75","0","0","0","2016-07-25","2016-07-25","","2016-07-25 14:11:24","32","2016-07-25 14:11:24","32","1","1","0"),
("54825","2","1","","16SO054804","2500","0.625","0","0","0","2016-07-25","2016-07-25","","2016-07-25 14:11:40","32","2016-07-25 14:11:40","32","1","1","0"),
("54826","2","1","","16SO054805","1500","0.375","0","0","0","2016-07-25","2016-07-25","","2016-07-25 14:11:50","32","2016-07-25 14:11:50","32","1","1","0"),
("54827","2","1","","16SO054806","2000","0.5","0","0","0","2016-07-25","2016-07-25","","2016-07-25 14:13:00","32","2016-07-25 14:13:00","32","1","1","0"),
("54828","2","1","","16SO054807","7500","1.875","0","0","0","2016-07-25","2016-07-25","","2016-07-25 14:13:21","32","2016-07-25 14:13:21","32","1","1","0"),
("54829","2","1","","16SO054808","8000","2","0","0","0","2016-07-25","2016-07-25","","2016-07-25 14:15:29","32","2016-07-25 14:15:29","32","1","1","0"),
("54830","2","1","","16SO054809","19000","4.75","0","0","0","2016-07-25","2016-07-25","","2016-07-25 14:16:45","26","2016-07-25 14:16:45","26","1","1","0"),
("54831","2","1","","16SO054810","1000","0.25","0","0","0","2016-07-25","2016-07-25","","2016-07-25 14:22:56","26","2016-07-25 14:22:56","26","1","1","0"),
("54832","2","1","","16SO054811","500","0.125","0","0","0","2016-07-25","2016-07-25","","2016-07-25 14:26:05","28","2016-07-25 14:26:05","28","1","1","0"),
("54833","2","1","","16SO054812","20000","5","0","0","0","2016-07-25","2016-07-25","","2016-07-25 14:27:42","28","2016-07-25 14:27:42","28","1","1","0"),
("54834","2","1","","16SO054813","500","0.125","0","0","0","2016-07-25","2016-07-25","","2016-07-25 14:28:51","28","2016-07-25 14:28:51","28","1","1","0"),
("54835","2","1","","16SO054814","5000","1.25","0","0","0","2016-07-25","2016-07-25","","2016-07-25 14:30:27","28","2016-07-25 14:30:27","28","1","1","0"),
("54836","2","1","","16SO054815","500","0.125","0","0","0","2016-07-25","2016-07-25","","2016-07-25 14:38:50","26","2016-07-25 14:38:50","26","1","1","0"),
("54837","2","1","","16SO054816","1000","0.25","0","0","0","2016-07-25","2016-07-25","","2016-07-25 14:39:16","26","2016-07-25 14:39:16","26","1","1","0"),
("54838","2","1","","16SO054817","7000","1.75","0","0","0","2016-07-25","2016-07-25","","2016-07-25 14:40:35","28","2016-07-25 14:40:35","28","1","1","0"),
("54839","2","1","","16SO054818","1000","0.25","0","0","0","2016-07-25","2016-07-25","","2016-07-25 14:40:44","26","2016-07-25 14:40:44","26","1","1","0"),
("54840","2","1","","16SO054819","2000","0.5","0","0","0","2016-07-25","2016-07-25","","2016-07-25 14:40:48","28","2016-07-25 14:40:48","28","1","1","0"),
("54841","2","1","","16SO054820","3500","0.875","0","0","0","2016-07-25","2016-07-25","","2016-07-25 14:42:46","28","2016-07-25 14:42:46","28","1","1","0"),
("54842","2","1","","16SO054821","2500","0.625","0","0","0","2016-07-25","2016-07-25","","2016-07-25 14:43:43","28","2016-07-25 14:43:43","28","1","1","0"),
("54843","2","1","","16SO054822","1000","0.25","0","0","0","2016-07-25","2016-07-25","","2016-07-25 14:44:48","28","2016-07-25 14:44:48","28","1","1","0"),
("54844","2","1","","16SO054823","2500","0.625","0","0","0","2016-07-25","2016-07-25","","2016-07-25 14:45:47","28","2016-07-25 14:45:47","28","1","1","0"),
("54845","2","1","","16SO054824","10000","2.5","0","0","0","2016-07-25","2016-07-25","","2016-07-25 14:47:18","26","2016-07-25 14:47:18","26","1","1","0"),
("54846","2","1","","16SO054825","3500","0.875","0","0","0","2016-07-25","2016-07-25","","2016-07-25 14:47:46","26","2016-07-25 14:47:46","26","1","1","0"),
("54847","2","1","","16SO054826","60000","15","0","0","0","2016-07-25","2016-07-25","","2016-07-25 14:50:46","26","2016-07-25 14:50:46","26","1","1","0"),
("54848","2","1","","16SO054827","500","0.125","0","0","0","2016-07-25","2016-07-25","","2016-07-25 14:51:19","28","2016-07-25 14:51:19","28","1","1","0"),
("54849","2","1","","16SO054828","500","0.125","0","0","0","2016-07-25","2016-07-25","","2016-07-25 14:51:23","28","2016-07-25 14:51:23","28","1","1","0"),
("54850","2","1","","16SO054829","2000","0.5","0","0","0","2016-07-25","2016-07-25","","2016-07-25 14:51:34","26","2016-07-25 14:51:34","26","1","1","0"),
("54851","2","1","","16SO054830","700","0.175","0","0","0","2016-07-25","2016-07-25","","2016-07-25 14:51:35","28","2016-07-25 14:51:35","28","1","1","0"),
("54852","2","1","","16SO054831","1500","0.375","0","0","0","2016-07-25","2016-07-25","","2016-07-25 14:52:01","28","2016-07-25 14:52:01","28","1","1","0"),
("54853","2","1","","16SO054832","1000","0.25","0","0","0","2016-07-25","2016-07-25","","2016-07-25 14:52:13","28","2016-07-25 14:52:13","28","1","1","0"),
("54854","2","1","","16SO054833","1500","0.375","0","0","0","2016-07-25","2016-07-25","","2016-07-25 14:53:29","28","2016-07-25 14:53:29","28","1","1","0"),
("54855","2","1","","16SO054834","6000","1.5","0","0","0","2016-07-25","2016-07-25","","2016-07-25 14:54:01","28","2016-07-25 14:54:01","28","1","1","0"),
("54856","2","1","","16SO054835","5000","1.25","0","0","0","2016-07-25","2016-07-25","","2016-07-25 14:56:38","26","2016-07-25 14:56:38","26","1","1","0"),
("54857","2","1","","16SO054836","1500","0.375","0","0","0","2016-07-25","2016-07-25","","2016-07-25 14:56:55","26","2016-07-25 14:56:55","26","1","1","0"),
("54858","2","1","","16SO054837","5000","1.25","0","0","0","2016-07-25","2016-07-25","","2016-07-25 14:57:18","26","2016-07-25 14:57:18","26","1","1","0"),
("54859","2","1","","16SO054838","28000","7","0","0","0","2016-07-25","2016-07-25","","2016-07-25 14:57:31","28","2016-07-25 14:57:31","28","1","1","0"),
("54860","2","1","","16SO054839","6500","1.625","0","0","0","2016-07-25","2016-07-25","","2016-07-25 14:59:11","26","2016-07-25 14:59:11","26","1","1","0"),
("54861","2","1","","16SO054840","4000","1","0","0","0","2016-07-25","2016-07-25","","2016-07-25 14:59:25","26","2016-07-25 14:59:25","26","1","1","0");

INSERT INTO sales_order_details VALUES("72622","54684","0","2095","1","1","1","4000","4000","","","0","0","2016-07-25 12:00:56","2016-07-25 12:00:56"),
("72623","54685","0","2104","1","1","1","5500","5500","","","0","0","2016-07-25 12:01:24","2016-07-25 12:01:24"),
("72624","54686","0","2166","10","1","1","700","7000","","","0","0","2016-07-25 12:02:17","2016-07-25 12:02:17"),
("72625","54687","0","2164","1","1","1","3000","3000","","","0","0","2016-07-25 12:03:00","2016-07-25 12:03:00"),
("72626","54688","0","2126","1","1","1","2000","2000","","","0","0","2016-07-25 12:03:26","2016-07-25 12:03:26"),
("72627","54688","0","2250","1","1","1","500","500","","","0","0","2016-07-25 12:03:26","2016-07-25 12:03:26"),
("72628","54689","0","2110","1","1","1","2500","2500","","","0","0","2016-07-25 12:05:40","2016-07-25 12:05:40"),
("72629","54690","0","2083","2","1","1","2500","5000","","","0","0","2016-07-25 12:06:40","2016-07-25 12:06:40"),
("72630","54691","0","2228","1","1","1","500","500","","","0","0","2016-07-25 12:06:56","2016-07-25 12:06:56"),
("72631","54692","0","2093","1","1","1","3000","3000","","","0","0","2016-07-25 12:07:25","2016-07-25 12:07:25"),
("72632","54693","0","2121","1","1","1","13000","13000","","","0","0","2016-07-25 12:07:49","2016-07-25 12:07:49"),
("72633","54694","0","2083","5","1","1","2500","12500","","","0","0","2016-07-25 12:08:09","2016-07-25 12:08:09"),
("72634","54695","0","2228","4","1","1","500","2000","","","0","0","2016-07-25 12:08:19","2016-07-25 12:08:19"),
("72635","54696","0","2228","1","1","1","500","500","","","0","0","2016-07-25 12:08:42","2016-07-25 12:08:42"),
("72636","54697","0","2231","1","1","1","1500","1500","","","0","0","2016-07-25 12:11:25","2016-07-25 12:11:25"),
("72637","54697","0","2228","3","1","1","500","1500","","","0","0","2016-07-25 12:11:25","2016-07-25 12:11:25"),
("72638","54698","0","2233","1","1","1","2000","2000","","","0","0","2016-07-25 12:13:04","2016-07-25 12:13:04"),
("72639","54699","0","2064","1","1","1","2000","2000","","","0","0","2016-07-25 12:13:47","2016-07-25 12:13:47"),
("72640","54699","0","2125","1","1","1","1000","1000","","","0","0","2016-07-25 12:13:47","2016-07-25 12:13:47"),
("72641","54700","0","2250","1","1","1","500","500","","","0","0","2016-07-25 12:14:28","2016-07-25 12:14:28"),
("72642","54701","0","2125","1","1","1","1000","1000","","","0","0","2016-07-25 12:15:24","2016-07-25 12:15:24"),
("72643","54702","0","2250","1","1","1","500","500","","","0","0","2016-07-25 12:28:07","2016-07-25 12:28:07"),
("72644","54703","0","2071","2","1","1","1000","2000","","","0","0","2016-07-25 12:28:35","2016-07-25 12:28:35"),
("72645","54704","0","2088","1","1","1","5000","5000","","","0","0","2016-07-25 12:28:50","2016-07-25 12:28:50"),
("72646","54705","0","2253","1","1","1","2500","2500","","","0","0","2016-07-25 12:29:38","2016-07-25 12:29:38"),
("72647","54706","0","2238","2","1","1","2500","5000","","","0","0","2016-07-25 12:37:49","2016-07-25 12:37:49"),
("72648","54707","0","2065","2","1","1","1000","2000","","","0","0","2016-07-25 12:38:59","2016-07-25 12:38:59"),
("72649","54708","0","2228","4","1","1","500","2000","","","0","0","2016-07-25 12:39:24","2016-07-25 12:39:24"),
("72650","54709","0","2163","1","1","1","2500","2500","","","0","0","2016-07-25 12:40:20","2016-07-25 12:40:20"),
("72651","54709","0","2088","1","1","1","5000","5000","","","0","0","2016-07-25 12:40:20","2016-07-25 12:40:20"),
("72652","54709","0","2118","1","1","1","6500","6500","","","0","0","2016-07-25 12:40:20","2016-07-25 12:40:20"),
("72653","54710","0","2071","2","1","1","1000","2000","","","0","0","2016-07-25 12:40:38","2016-07-25 12:40:38"),
("72654","54710","0","2076","1","1","1","2000","2000","","","0","0","2016-07-25 12:40:38","2016-07-25 12:40:38"),
("72655","54710","0","2228","3","1","1","500","1500","","","0","0","2016-07-25 12:40:38","2016-07-25 12:40:38"),
("72656","54711","0","2228","10","1","1","500","5000","","","0","0","2016-07-25 12:40:54","2016-07-25 12:40:54"),
("72657","54712","0","2228","1","1","1","500","500","","","0","0","2016-07-25 12:41:28","2016-07-25 12:41:28"),
("72658","54713","0","2166","15","1","1","700","10500","","","0","0","2016-07-25 12:42:20","2016-07-25 12:42:20"),
("72659","54713","0","2231","10","1","1","1500","15000","","","0","0","2016-07-25 12:42:20","2016-07-25 12:42:20"),
("72660","54714","0","2231","3","1","1","1500","4500","","","0","0","2016-07-25 12:47:50","2016-07-25 12:47:50"),
("72661","54714","0","2228","10","1","1","500","5000","","","0","0","2016-07-25 12:47:50","2016-07-25 12:47:50"),
("72662","54715","0","2240","1","1","1","5000","5000","","","0","0","2016-07-25 12:47:52","2016-07-25 12:47:52"),
("72663","54715","0","2083","2","1","1","2500","5000","","","0","0","2016-07-25 12:47:52","2016-07-25 12:47:52"),
("72664","54716","0","2231","1","1","1","1500","1500","","","0","0","2016-07-25 12:47:56","2016-07-25 12:47:56"),
("72665","54717","0","2065","10","1","1","700","7000","","","0","0","2016-07-25 12:48:25","2016-07-25 12:48:25"),
("72666","54717","0","2231","10","1","1","1200","12000","","","0","0","2016-07-25 12:48:25","2016-07-25 12:48:25"),
("72667","54717","0","2229","40","1","1","500","20000","","","0","0","2016-07-25 12:48:25","2016-07-25 12:48:25"),
("72668","54718","0","2083","1","1","1","2500","2500","","","0","0","2016-07-25 12:48:41","2016-07-25 12:48:41"),
("72669","54719","0","2146","1","1","1","3500","3500","","","0","0","2016-07-25 12:49:34","2016-07-25 12:49:34"),
("72670","54719","0","2228","10","1","1","500","5000","","","0","0","2016-07-25 12:49:34","2016-07-25 12:49:34"),
("72671","54720","0","2095","2","1","1","4000","8000","","","0","0","2016-07-25 12:49:55","2016-07-25 12:49:55"),
("72672","54721","0","2073","1","1","1","1000","1000","","","0","0","2016-07-25 12:50:14","2016-07-25 12:50:14"),
("72673","54721","0","2065","1","1","1","1000","1000","","","0","0","2016-07-25 12:50:14","2016-07-25 12:50:14"),
("72674","54722","0","2118","1","1","1","6500","6500","","","0","0","2016-07-25 12:50:26","2016-07-25 12:50:26"),
("72675","54723","0","2083","5","1","1","2500","12500","","","0","0","2016-07-25 12:50:28","2016-07-25 12:50:28"),
("72676","54724","0","2090","1","1","1","2500","2500","","","0","0","2016-07-25 12:51:06","2016-07-25 12:51:06"),
("72677","54725","0","2228","3","1","1","500","1500","","","0","0","2016-07-25 12:52:08","2016-07-25 12:52:08"),
("72678","54726","0","2125","1","1","1","1000","1000","","","0","0","2016-07-25 12:52:32","2016-07-25 12:52:32"),
("72679","54726","0","2076","2","1","1","2000","4000","","","0","0","2016-07-25 12:52:32","2016-07-25 12:52:32"),
("72680","54727","0","2240","1","1","1","5000","5000","","","0","0","2016-07-25 12:52:38","2016-07-25 12:52:38"),
("72681","54728","0","2075","5","1","1","1500","7500","","","0","0","2016-07-25 12:52:44","2016-07-25 12:52:44"),
("72682","54729","0","2250","1","1","1","500","500","","","0","0","2016-07-25 12:52:56","2016-07-25 12:52:56"),
("72683","54730","0","2250","1","1","1","500","500","","","0","0","2016-07-25 12:53:07","2016-07-25 12:53:07"),
("72684","54731","0","2229","2","1","1","700","1400","","","0","0","2016-07-25 12:53:39","2016-07-25 12:53:39"),
("72685","54731","0","2166","8","1","1","700","5600","","","0","0","2016-07-25 12:53:39","2016-07-25 12:53:39"),
("72686","54732","0","2231","2","1","1","1500","3000","","","0","0","2016-07-25 12:53:57","2016-07-25 12:53:57"),
("72687","54732","0","2125","2","1","1","1000","2000","","","0","0","2016-07-25 12:53:57","2016-07-25 12:53:57"),
("72688","54733","0","2073","3","1","1","1000","3000","","","0","0","2016-07-25 12:54:13","2016-07-25 12:54:13"),
("72689","54734","0","2228","5","1","1","500","2500","","","0","0","2016-07-25 12:54:38","2016-07-25 12:54:38"),
("72690","54735","0","2065","5","1","1","1000","5000","","","0","0","2016-07-25 12:54:52","2016-07-25 12:54:52"),
("72691","54736","0","2250","3","1","1","500","1500","","","0","0","2016-07-25 12:55:16","2016-07-25 12:55:16"),
("72692","54737","0","2067","3","1","1","1000","3000","","","0","0","2016-07-25 12:55:21","2016-07-25 12:55:21"),
("72693","54737","0","2065","2","1","1","1000","2000","","","0","0","2016-07-25 12:55:21","2016-07-25 12:55:21"),
("72694","54738","0","2250","1","1","1","500","500","","","0","0","2016-07-25 12:55:26","2016-07-25 12:55:26"),
("72695","54739","0","2164","2","1","1","3000","6000","","","0","0","2016-07-25 12:55:34","2016-07-25 12:55:34"),
("72696","54739","0","2235","2","1","1","2500","5000","","","0","0","2016-07-25 12:55:34","2016-07-25 12:55:34"),
("72697","54739","0","2104","1","1","1","5500","5500","","","0","0","2016-07-25 12:55:34","2016-07-25 12:55:34"),
("72698","54740","0","2119","1","1","1","8000","8000","","","0","0","2016-07-25 12:56:03","2016-07-25 12:56:03"),
("72699","54741","0","2226","2","1","1","3000","6000","","","0","0","2016-07-25 12:56:03","2016-07-25 12:56:03"),
("72700","54741","0","2133","2","1","1","6000","12000","","","0","0","2016-07-25 12:56:03","2016-07-25 12:56:03"),
("72701","54742","0","2172","2","1","1","2500","5000","","","0","0","2016-07-25 12:56:13","2016-07-25 12:56:13"),
("72702","54742","0","2164","1","1","1","3000","3000","","","0","0","2016-07-25 12:56:13","2016-07-25 12:56:13"),
("72703","54743","0","2166","3","1","1","700","2100","","","0","0","2016-07-25 12:56:14","2016-07-25 12:56:14"),
("72704","54744","0","2228","30","1","1","500","15000","","","0","0","2016-07-25 12:56:31","2016-07-25 12:56:31"),
("72705","54745","0","2228","1","1","1","500","500","","","0","0","2016-07-25 13:01:13","2016-07-25 13:01:13"),
("72706","54745","0","2121","1","1","1","13000","13000","","","0","0","2016-07-25 13:01:13","2016-07-25 13:01:13"),
("72707","54746","0","2228","10","1","1","500","5000","","","0","0","2016-07-25 13:01:37","2016-07-25 13:01:37"),
("72708","54746","0","2083","3","1","1","2500","7500","","","0","0","2016-07-25 13:01:37","2016-07-25 13:01:37"),
("72709","54747","0","2228","3","1","1","500","1500","","","0","0","2016-07-25 13:01:45","2016-07-25 13:01:45"),
("72710","54748","0","2173","1","1","1","5500","5500","","","0","0","2016-07-25 13:04:19","2016-07-25 13:04:19"),
("72711","54749","0","2228","4","1","1","500","2000","","","0","0","2016-07-25 13:05:38","2016-07-25 13:05:38"),
("72712","54750","0","2073","1","1","1","1000","1000","","","0","0","2016-07-25 13:08:00","2016-07-25 13:08:00"),
("72713","54750","0","2074","1","1","1","1500","1500","","","0","0","2016-07-25 13:08:00","2016-07-25 13:08:00"),
("72714","54751","0","2231","2","1","1","1500","3000","","","0","0","2016-07-25 13:11:45","2016-07-25 13:11:45"),
("72715","54752","0","2228","4","1","1","500","2000","","","0","0","2016-07-25 13:12:18","2016-07-25 13:12:18"),
("72716","54752","0","2065","4","1","1","1000","4000","","","0","0","2016-07-25 13:12:18","2016-07-25 13:12:18"),
("72717","54753","0","2065","2","1","1","1000","2000","","","0","0","2016-07-25 13:13:43","2016-07-25 13:13:43"),
("72718","54753","0","2093","1","1","1","3000","3000","","","0","0","2016-07-25 13:13:43","2016-07-25 13:13:43"),
("72719","54754","0","2110","1","1","1","2500","2500","","","0","0","2016-07-25 13:14:58","2016-07-25 13:14:58"),
("72720","54755","0","2166","15","1","1","700","10500","","","0","0","2016-07-25 13:17:31","2016-07-25 13:17:31"),
("72721","54756","0","2146","1","1","1","3500","3500","","","0","0","2016-07-25 13:17:36","2016-07-25 13:17:36"),
("72722","54757","0","2065","2","1","1","1000","2000","","","0","0","2016-07-25 13:18:16","2016-07-25 13:18:16"),
("72723","54757","0","2229","3","1","1","700","2100","","","0","0","2016-07-25 13:18:16","2016-07-25 13:18:16"),
("72724","54758","0","2099","2","1","1","1500","3000","","","0","0","2016-07-25 13:19:12","2016-07-25 13:19:12"),
("72725","54758","0","2231","15","1","1","1200","18000","","","0","0","2016-07-25 13:19:12","2016-07-25 13:19:12"),
("72726","54758","0","2229","49","1","1","500","24500","","","0","0","2016-07-25 13:19:12","2016-07-25 13:19:12"),
("72727","54758","0","2065","15","1","1","700","10500","","","0","0","2016-07-25 13:19:12","2016-07-25 13:19:12"),
("72728","54759","0","2232","1","1","1","1000","1000","","","0","0","2016-07-25 13:19:22","2016-07-25 13:19:22"),
("72729","54759","0","2226","5","1","1","3000","15000","","","0","0","2016-07-25 13:19:22","2016-07-25 13:19:22"),
("72730","54760","0","2228","4","1","1","500","2000","","","0","0","2016-07-25 13:19:29","2016-07-25 13:19:29"),
("72731","54761","0","2250","1","1","1","500","500","","","0","0","2016-07-25 13:20:22","2016-07-25 13:20:22"),
("72732","54761","0","2083","1","1","1","2500","2500","","","0","0","2016-07-25 13:20:22","2016-07-25 13:20:22"),
("72733","54762","0","2125","1","1","1","1000","1000","","","0","0","2016-07-25 13:20:25","2016-07-25 13:20:25"),
("72734","54763","0","2126","1","1","1","2000","2000","","","0","0","2016-07-25 13:20:47","2016-07-25 13:20:47"),
("72735","54764","0","2125","2","1","1","1000","2000","","","0","0","2016-07-25 13:21:02","2016-07-25 13:21:02"),
("72736","54765","0","2125","1","1","1","1000","1000","","","0","0","2016-07-25 13:21:08","2016-07-25 13:21:08"),
("72737","54766","0","2231","1","1","1","1500","1500","","","0","0","2016-07-25 13:21:15","2016-07-25 13:21:15"),
("72738","54767","0","2253","1","1","1","2500","2500","","","0","0","2016-07-25 13:21:34","2016-07-25 13:21:34"),
("72739","54768","0","2228","8","1","1","500","4000","","","0","0","2016-07-25 13:24:46","2016-07-25 13:24:46"),
("72740","54769","0","2126","1","1","1","2000","2000","","","0","0","2016-07-25 13:24:48","2016-07-25 13:24:48"),
("72741","54769","0","2125","2","1","1","1000","2000","","","0","0","2016-07-25 13:24:48","2016-07-25 13:24:48"),
("72742","54770","0","2240","1","1","1","5000","5000","","","0","0","2016-07-25 13:25:44","2016-07-25 13:25:44"),
("72743","54771","0","2064","1","1","1","2000","2000","","","0","0","2016-07-25 13:31:54","2016-07-25 13:31:54"),
("72744","54772","0","2228","6","1","1","500","3000","","","0","0","2016-07-25 13:33:24","2016-07-25 13:33:24"),
("72745","54773","0","2083","10","1","1","2500","25000","","","0","0","2016-07-25 13:33:55","2016-07-25 13:33:55"),
("72746","54773","0","2231","10","1","1","1500","15000","","","0","0","2016-07-25 13:33:55","2016-07-25 13:33:55"),
("72747","54773","0","2228","20","1","1","500","10000","","","0","0","2016-07-25 13:33:55","2016-07-25 13:33:55"),
("72748","54774","0","2228","5","1","1","500","2500","","","0","0","2016-07-25 13:34:02","2016-07-25 13:34:02"),
("72749","54775","0","2166","10","1","1","700","7000","","","0","0","2016-07-25 13:34:05","2016-07-25 13:34:05"),
("72750","54776","0","2125","2","1","1","1000","2000","","","0","0","2016-07-25 13:34:11","2016-07-25 13:34:11"),
("72751","54777","0","2228","5","1","1","500","2500","","","0","0","2016-07-25 13:34:14","2016-07-25 13:34:14"),
("72752","54778","0","2228","10","1","1","500","5000","","","0","0","2016-07-25 13:34:25","2016-07-25 13:34:25"),
("72753","54779","0","2233","1","1","1","2000","2000","","","0","0","2016-07-25 13:34:50","2016-07-25 13:34:50"),
("72754","54780","0","2226","1","1","1","3000","3000","","","0","0","2016-07-25 13:35:29","2016-07-25 13:35:29"),
("72755","54780","0","2231","2","1","1","1500","3000","","","0","0","2016-07-25 13:35:29","2016-07-25 13:35:29"),
("72756","54781","0","2232","2","1","1","1000","2000","","","0","0","2016-07-25 13:36:01","2016-07-25 13:36:01"),
("72757","54781","0","2233","1","1","1","2000","2000","","","0","0","2016-07-25 13:36:01","2016-07-25 13:36:01"),
("72758","54781","0","2231","2","1","1","1500","3000","","","0","0","2016-07-25 13:36:01","2016-07-25 13:36:01"),
("72759","54782","0","2228","2","1","1","500","1000","","","0","0","2016-07-25 13:36:15","2016-07-25 13:36:15"),
("72760","54783","0","2099","2","1","1","2000","4000","","","0","0","2016-07-25 13:36:30","2016-07-25 13:36:30"),
("72761","54784","0","2250","2","1","1","500","1000","","","0","0","2016-07-25 13:37:00","2016-07-25 13:37:00"),
("72762","54785","0","2228","2","1","1","500","1000","","","0","0","2016-07-25 13:37:19","2016-07-25 13:37:19"),
("72763","54786","0","2231","10","1","1","1500","15000","","","0","0","2016-07-25 13:37:42","2016-07-25 13:37:42"),
("72764","54787","0","2228","13","1","1","500","6500","","","0","0","2016-07-25 13:39:44","2016-07-25 13:39:44"),
("72765","54788","0","2250","1","1","1","500","500","","","0","0","2016-07-25 13:42:08","2016-07-25 13:42:08"),
("72766","54789","0","2083","3","1","1","2500","7500","","","0","0","2016-07-25 13:45:00","2016-07-25 13:45:00"),
("72767","54790","0","2228","10","1","1","500","5000","","","0","0","2016-07-25 13:45:35","2016-07-25 13:45:35"),
("72768","54791","0","2250","2","1","1","500","1000","","","0","0","2016-07-25 13:46:50","2016-07-25 13:46:50"),
("72769","54792","0","2229","2","1","1","700","1400","","","0","0","2016-07-25 13:46:54","2016-07-25 13:46:54"),
("72770","54793","0","2231","2","1","1","1500","3000","","","0","0","2016-07-25 13:47:22","2016-07-25 13:47:22"),
("72771","54794","0","2228","10","1","1","500","5000","","","0","0","2016-07-25 13:47:34","2016-07-25 13:47:34"),
("72772","54795","0","2232","4","1","1","1000","4000","","","0","0","2016-07-25 13:47:41","2016-07-25 13:47:41"),
("72773","54796","0","2250","4","1","1","500","2000","","","0","0","2016-07-25 13:47:51","2016-07-25 13:47:51"),
("72774","54797","0","2228","3","1","1","500","1500","","","0","0","2016-07-25 13:48:50","2016-07-25 13:48:50"),
("72775","54798","0","2228","5","1","1","500","2500","","","0","0","2016-07-25 13:49:07","2016-07-25 13:49:07"),
("72776","54799","0","2093","2","1","1","3000","6000","","","0","0","2016-07-25 13:49:34","2016-07-25 13:49:34"),
("72777","54800","0","2228","30","1","1","500","15000","","","0","0","2016-07-25 13:55:53","2016-07-25 13:55:53"),
("72778","54801","0","2165","1","1","1","1000","1000","","","0","0","2016-07-25 13:58:03","2016-07-25 13:58:03"),
("72779","54801","0","2067","1","1","1","1000","1000","","","0","0","2016-07-25 13:58:03","2016-07-25 13:58:03"),
("72780","54802","0","2231","4","1","1","1500","6000","","","0","0","2016-07-25 13:58:26","2016-07-25 13:58:26"),
("72781","54803","0","2173","1","1","1","5500","5500","","","0","0","2016-07-25 13:59:43","2016-07-25 13:59:43"),
("72782","54803","0","2229","4","1","1","700","2800","","","0","0","2016-07-25 13:59:43","2016-07-25 13:59:43"),
("72783","54803","0","2226","1","1","1","3000","3000","","","0","0","2016-07-25 13:59:43","2016-07-25 13:59:43"),
("72784","54804","0","2250","1","1","1","500","500","","","0","0","2016-07-25 13:59:54","2016-07-25 13:59:54"),
("72785","54805","0","2067","2","1","1","1000","2000","","","0","0","2016-07-25 14:01:52","2016-07-25 14:01:52"),
("72786","54805","0","2090","2","1","1","2500","5000","","","0","0","2016-07-25 14:01:52","2016-07-25 14:01:52"),
("72787","54806","0","2083","1","1","1","2500","2500","","","0","0","2016-07-25 14:01:58","2016-07-25 14:01:58"),
("72788","54806","0","2197","1","1","1","2500","2500","","","0","0","2016-07-25 14:01:58","2016-07-25 14:01:58"),
("72789","54807","0","2228","10","1","1","500","5000","","","0","0","2016-07-25 14:03:07","2016-07-25 14:03:07"),
("72790","54808","0","2228","5","1","1","500","2500","","","0","0","2016-07-25 14:05:31","2016-07-25 14:05:31"),
("72791","54809","0","2075","1","1","1","1500","1500","","","0","0","2016-07-25 14:05:33","2016-07-25 14:05:33"),
("72792","54810","0","2231","5","1","1","1500","7500","","","0","0","2016-07-25 14:07:09","2016-07-25 14:07:09"),
("72793","54811","0","2233","2","1","1","2000","4000","","","0","0","2016-07-25 14:07:29","2016-07-25 14:07:29"),
("72794","54812","0","2065","2","1","1","1000","2000","","","0","0","2016-07-25 14:08:10","2016-07-25 14:08:10"),
("72795","54813","0","2229","3","1","1","700","2100","","","0","0","2016-07-25 14:08:20","2016-07-25 14:08:20"),
("72796","54814","0","2228","4","1","1","500","2000","","","0","0","2016-07-25 14:08:56","2016-07-25 14:08:56"),
("72797","54815","0","2250","2","1","1","500","1000","","","0","0","2016-07-25 14:08:59","2016-07-25 14:08:59"),
("72798","54816","0","2083","1","1","1","2500","2500","","","0","0","2016-07-25 14:09:43","2016-07-25 14:09:43"),
("72799","54816","0","2250","1","1","1","500","500","","","0","0","2016-07-25 14:09:43","2016-07-25 14:09:43"),
("72800","54817","0","2164","2","1","1","3000","6000","","","0","0","2016-07-25 14:09:47","2016-07-25 14:09:47"),
("72801","54818","0","2228","10","1","1","500","5000","","","0","0","2016-07-25 14:09:52","2016-07-25 14:09:52"),
("72802","54819","0","2250","1","1","1","500","500","","","0","0","2016-07-25 14:09:54","2016-07-25 14:09:54"),
("72803","54820","0","2228","2","1","1","500","1000","","","0","0","2016-07-25 14:10:01","2016-07-25 14:10:01"),
("72804","54821","0","2126","1","1","1","2000","2000","","","0","0","2016-07-25 14:10:43","2016-07-25 14:10:43"),
("72805","54822","0","2228","10","1","1","500","5000","","","0","0","2016-07-25 14:10:49","2016-07-25 14:10:49"),
("72806","54823","0","2107","2","1","1","6000","12000","","","0","0","2016-07-25 14:11:17","2016-07-25 14:11:17"),
("72807","54824","0","2228","6","1","1","500","3000","","","0","0","2016-07-25 14:11:24","2016-07-25 14:11:24"),
("72808","54825","0","2228","5","1","1","500","2500","","","0","0","2016-07-25 14:11:40","2016-07-25 14:11:40"),
("72809","54826","0","2231","1","1","1","1500","1500","","","0","0","2016-07-25 14:11:50","2016-07-25 14:11:50"),
("72810","54827","0","2064","1","1","1","2000","2000","","","0","0","2016-07-25 14:13:01","2016-07-25 14:13:01"),
("72811","54828","0","2231","5","1","1","1500","7500","","","0","0","2016-07-25 14:13:21","2016-07-25 14:13:21"),
("72812","54829","0","2228","5","1","1","500","2500","","","0","0","2016-07-25 14:15:29","2016-07-25 14:15:29"),
("72813","54829","0","2164","1","1","1","3000","3000","","","0","0","2016-07-25 14:15:30","2016-07-25 14:15:30"),
("72814","54829","0","2110","1","1","1","2500","2500","","","0","0","2016-07-25 14:15:30","2016-07-25 14:15:30"),
("72815","54830","0","2240","2","1","1","5000","10000","","","0","0","2016-07-25 14:16:45","2016-07-25 14:16:45"),
("72816","54830","0","2226","3","1","1","3000","9000","","","0","0","2016-07-25 14:16:45","2016-07-25 14:16:45"),
("72817","54831","0","2125","1","1","1","1000","1000","","","0","0","2016-07-25 14:22:56","2016-07-25 14:22:56"),
("72818","54832","0","2250","1","1","1","500","500","","","0","0","2016-07-25 14:26:05","2016-07-25 14:26:05"),
("72819","54833","0","2137","1","1","1","20000","20000","","","0","0","2016-07-25 14:27:43","2016-07-25 14:27:43"),
("72820","54834","0","2250","1","1","1","500","500","","","0","0","2016-07-25 14:28:51","2016-07-25 14:28:51"),
("72821","54835","0","2228","10","1","1","500","5000","","","0","0","2016-07-25 14:30:27","2016-07-25 14:30:27"),
("72822","54836","0","2250","1","1","1","500","500","","","0","0","2016-07-25 14:38:50","2016-07-25 14:38:50"),
("72823","54837","0","2125","1","1","1","1000","1000","","","0","0","2016-07-25 14:39:16","2016-07-25 14:39:16"),
("72824","54838","0","2229","10","1","1","700","7000","","","0","0","2016-07-25 14:40:36","2016-07-25 14:40:36"),
("72825","54839","0","2228","2","1","1","500","1000","","","0","0","2016-07-25 14:40:44","2016-07-25 14:40:44"),
("72826","54840","0","2228","4","1","1","500","2000","","","0","0","2016-07-25 14:40:48","2016-07-25 14:40:48"),
("72827","54841","0","2229","5","1","1","700","3500","","","0","0","2016-07-25 14:42:46","2016-07-25 14:42:46"),
("72828","54842","0","2228","5","1","1","500","2500","","","0","0","2016-07-25 14:43:43","2016-07-25 14:43:43"),
("72829","54843","0","2067","1","1","1","1000","1000","","","0","0","2016-07-25 14:44:48","2016-07-25 14:44:48"),
("72830","54844","0","2228","5","1","1","500","2500","","","0","0","2016-07-25 14:45:47","2016-07-25 14:45:47"),
("72831","54845","0","2228","20","1","1","500","10000","","","0","0","2016-07-25 14:47:19","2016-07-25 14:47:19"),
("72832","54846","0","2146","1","1","1","3500","3500","","","0","0","2016-07-25 14:47:46","2016-07-25 14:47:46"),
("72833","54847","0","2141","1","1","1","60000","60000","","","0","0","2016-07-25 14:50:46","2016-07-25 14:50:46"),
("72834","54848","0","2228","1","1","1","500","500","","","0","0","2016-07-25 14:51:19","2016-07-25 14:51:19"),
("72835","54849","0","2228","1","1","1","500","500","","","0","0","2016-07-25 14:51:23","2016-07-25 14:51:23"),
("72836","54850","0","2126","1","1","1","2000","2000","","","0","0","2016-07-25 14:51:34","2016-07-25 14:51:34"),
("72837","54851","0","2229","1","1","1","700","700","","","0","0","2016-07-25 14:51:35","2016-07-25 14:51:35"),
("72838","54852","0","2231","1","1","1","1500","1500","","","0","0","2016-07-25 14:52:01","2016-07-25 14:52:01"),
("72839","54853","0","2218","1","1","1","1000","1000","","","0","0","2016-07-25 14:52:13","2016-07-25 14:52:13"),
("72840","54854","0","2228","3","1","1","500","1500","","","0","0","2016-07-25 14:53:29","2016-07-25 14:53:29"),
("72841","54855","0","2164","2","1","1","3000","6000","","","0","0","2016-07-25 14:54:01","2016-07-25 14:54:01"),
("72842","54856","0","2228","10","1","1","500","5000","","","0","0","2016-07-25 14:56:38","2016-07-25 14:56:38"),
("72843","54857","0","2228","3","1","1","500","1500","","","0","0","2016-07-25 14:56:55","2016-07-25 14:56:55"),
("72844","54858","0","2228","10","1","1","500","5000","","","0","0","2016-07-25 14:57:19","2016-07-25 14:57:19"),
("72845","54859","0","2139","1","1","1","28000","28000","","","0","0","2016-07-25 14:57:31","2016-07-25 14:57:31"),
("72846","54860","0","2118","1","1","1","6500","6500","","","0","0","2016-07-25 14:59:11","2016-07-25 14:59:11"),
("72847","54861","0","2228","2","1","1","500","1000","","","0","0","2016-07-25 14:59:26","2016-07-25 14:59:26"),
("72848","54861","0","2231","2","1","1","1500","3000","","","0","0","2016-07-25 14:59:26","2016-07-25 14:59:26");

INSERT INTO sales_order_receipts VALUES("54804","54684","7","16RE054802","0","4000","4000","0","2016-07-25","2016-07-25","2016-07-25 12:00:56","32","2016-07-25 12:00:56","32","1"),
("54805","54685","7","16RE054803","0","5500","5500","0","2016-07-25","2016-07-25","2016-07-25 12:01:24","32","2016-07-25 12:01:24","32","1"),
("54806","54686","7","16RE054804","0","7000","7000","0","2016-07-25","2016-07-25","2016-07-25 12:02:17","32","2016-07-25 12:02:17","32","1"),
("54807","54687","7","16RE054805","0","3000","3000","0","2016-07-25","2016-07-25","2016-07-25 12:03:00","32","2016-07-25 12:03:00","32","1"),
("54808","54688","7","16RE054806","0","2500","2500","0","2016-07-25","2016-07-25","2016-07-25 12:03:26","32","2016-07-25 12:03:26","32","1"),
("54809","54689","7","16RE054807","0","2500","2500","0","2016-07-25","2016-07-25","2016-07-25 12:05:40","32","2016-07-25 12:05:40","32","1"),
("54810","54690","7","16RE054808","0","5000","5000","0","2016-07-25","2016-07-25","2016-07-25 12:06:40","32","2016-07-25 12:06:40","32","1"),
("54811","54691","7","16RE054809","0","500","500","0","2016-07-25","2016-07-25","2016-07-25 12:06:55","32","2016-07-25 12:06:55","32","1"),
("54812","54692","7","16RE054810","0","3000","3000","0","2016-07-25","2016-07-25","2016-07-25 12:07:25","32","2016-07-25 12:07:25","32","1"),
("54813","54693","7","16RE054811","0","13000","13000","0","2016-07-25","2016-07-25","2016-07-25 12:07:49","32","2016-07-25 12:07:49","32","1"),
("54814","54694","7","16RE054812","0","12500","12500","0","2016-07-25","2016-07-25","2016-07-25 12:08:09","32","2016-07-25 12:08:09","32","1"),
("54815","54695","7","16RE054813","0","2000","2000","0","2016-07-25","2016-07-25","2016-07-25 12:08:19","32","2016-07-25 12:08:19","32","1"),
("54816","54696","7","16RE054814","0","500","500","0","2016-07-25","2016-07-25","2016-07-25 12:08:42","32","2016-07-25 12:08:42","32","1"),
("54817","54697","7","16RE054815","0","3000","3000","0","2016-07-25","2016-07-25","2016-07-25 12:11:25","32","2016-07-25 12:11:25","32","1"),
("54818","54698","7","16RE054816","0","2000","2000","0","2016-07-25","2016-07-25","2016-07-25 12:13:04","32","2016-07-25 12:13:04","32","1"),
("54819","54699","7","16RE054817","0","3000","3000","0","2016-07-25","2016-07-25","2016-07-25 12:13:47","32","2016-07-25 12:13:47","32","1"),
("54820","54700","7","16RE054818","0","500","500","0","2016-07-25","2016-07-25","2016-07-25 12:14:28","28","2016-07-25 12:14:28","28","1"),
("54821","54701","7","16RE054819","0","1000","1000","0","2016-07-25","2016-07-25","2016-07-25 12:15:24","32","2016-07-25 12:15:24","32","1"),
("54822","54702","7","16RE054820","0","500","500","0","2016-07-25","2016-07-25","2016-07-25 12:28:07","32","2016-07-25 12:28:07","32","1"),
("54823","54703","7","16RE054821","0","2000","2000","0","2016-07-25","2016-07-25","2016-07-25 12:28:35","32","2016-07-25 12:28:35","32","1"),
("54824","54704","7","16RE054822","0","5000","5000","0","2016-07-25","2016-07-25","2016-07-25 12:28:50","32","2016-07-25 12:28:50","32","1"),
("54825","54705","7","16RE054823","0","2500","2500","0","2016-07-25","2016-07-25","2016-07-25 12:29:38","32","2016-07-25 12:29:38","32","1"),
("54826","54706","7","16RE054824","0","5000","5000","0","2016-07-25","2016-07-25","2016-07-25 12:37:49","32","2016-07-25 12:37:49","32","1"),
("54827","54707","7","16RE054825","0","2000","2000","0","2016-07-25","2016-07-25","2016-07-25 12:38:59","32","2016-07-25 12:38:59","32","1"),
("54828","54708","7","16RE054826","0","2000","2000","0","2016-07-25","2016-07-25","2016-07-25 12:39:24","32","2016-07-25 12:39:24","32","1"),
("54829","54709","7","16RE054827","0","14000","14000","0","2016-07-25","2016-07-25","2016-07-25 12:40:20","28","2016-07-25 12:40:20","28","1"),
("54830","54710","7","16RE054828","0","5500","5500","0","2016-07-25","2016-07-25","2016-07-25 12:40:38","32","2016-07-25 12:40:38","32","1"),
("54831","54711","7","16RE054829","0","5000","5000","0","2016-07-25","2016-07-25","2016-07-25 12:40:54","32","2016-07-25 12:40:54","32","1"),
("54832","54712","7","16RE054830","0","500","500","0","2016-07-25","2016-07-25","2016-07-25 12:41:27","32","2016-07-25 12:41:27","32","1"),
("54833","54713","7","16RE054831","0","25500","25500","0","2016-07-25","2016-07-25","2016-07-25 12:42:20","32","2016-07-25 12:42:20","32","1"),
("54834","54714","7","16RE054832","0","9500","9500","0","2016-07-25","2016-07-25","2016-07-25 12:47:50","32","2016-07-25 12:47:50","32","1"),
("54835","54715","7","16RE054833","0","10000","10000","0","2016-07-25","2016-07-25","2016-07-25 12:47:52","28","2016-07-25 12:47:52","28","1"),
("54836","54716","7","16RE054834","0","1500","1500","0","2016-07-25","2016-07-25","2016-07-25 12:47:56","32","2016-07-25 12:47:56","32","1"),
("54837","54717","7","16RE054835","0","39000","39000","0","2016-07-25","2016-07-25","2016-07-25 12:48:25","28","2016-07-25 12:48:25","28","1"),
("54838","54718","7","16RE054836","0","2500","2500","0","2016-07-25","2016-07-25","2016-07-25 12:48:41","32","2016-07-25 12:48:41","32","1"),
("54839","54719","7","16RE054837","0","8500","8500","0","2016-07-25","2016-07-25","2016-07-25 12:49:34","32","2016-07-25 12:49:34","32","1"),
("54840","54720","7","16RE054838","0","8000","8000","0","2016-07-25","2016-07-25","2016-07-25 12:49:55","32","2016-07-25 12:49:55","32","1"),
("54841","54721","7","16RE054839","0","2000","2000","0","2016-07-25","2016-07-25","2016-07-25 12:50:14","32","2016-07-25 12:50:14","32","1"),
("54842","54722","7","16RE054840","0","6500","6500","0","2016-07-25","2016-07-25","2016-07-25 12:50:26","32","2016-07-25 12:50:26","32","1"),
("54843","54723","7","16RE054841","0","12500","12500","0","2016-07-25","2016-07-25","2016-07-25 12:50:28","28","2016-07-25 12:50:28","28","1"),
("54844","54724","7","16RE054842","0","2500","2500","0","2016-07-25","2016-07-25","2016-07-25 12:51:06","32","2016-07-25 12:51:06","32","1"),
("54845","54725","7","16RE054843","0","1500","1500","0","2016-07-25","2016-07-25","2016-07-25 12:52:08","32","2016-07-25 12:52:08","32","1"),
("54846","54726","7","16RE054844","0","5000","5000","0","2016-07-25","2016-07-25","2016-07-25 12:52:32","28","2016-07-25 12:52:32","28","1"),
("54847","54727","7","16RE054845","0","5000","5000","0","2016-07-25","2016-07-25","2016-07-25 12:52:38","32","2016-07-25 12:52:38","32","1"),
("54848","54728","7","16RE054846","0","7500","7500","0","2016-07-25","2016-07-25","2016-07-25 12:52:44","28","2016-07-25 12:52:44","28","1"),
("54849","54729","7","16RE054847","0","500","500","0","2016-07-25","2016-07-25","2016-07-25 12:52:56","32","2016-07-25 12:52:56","32","1"),
("54850","54730","7","16RE054848","0","500","500","0","2016-07-25","2016-07-25","2016-07-25 12:53:07","32","2016-07-25 12:53:07","32","1"),
("54851","54731","7","16RE054849","0","7000","7000","0","2016-07-25","2016-07-25","2016-07-25 12:53:39","32","2016-07-25 12:53:39","32","1"),
("54852","54732","7","16RE054850","0","5000","5000","0","2016-07-25","2016-07-25","2016-07-25 12:53:57","32","2016-07-25 12:53:57","32","1"),
("54853","54733","7","16RE054851","0","3000","3000","0","2016-07-25","2016-07-25","2016-07-25 12:54:13","28","2016-07-25 12:54:13","28","1"),
("54854","54734","7","16RE054852","0","2500","2500","0","2016-07-25","2016-07-25","2016-07-25 12:54:38","32","2016-07-25 12:54:38","32","1"),
("54855","54735","7","16RE054853","0","5000","5000","0","2016-07-25","2016-07-25","2016-07-25 12:54:52","28","2016-07-25 12:54:52","28","1"),
("54856","54736","7","16RE054854","0","1500","1500","0","2016-07-25","2016-07-25","2016-07-25 12:55:16","32","2016-07-25 12:55:16","32","1"),
("54857","54737","7","16RE054855","0","5000","5000","0","2016-07-25","2016-07-25","2016-07-25 12:55:21","28","2016-07-25 12:55:21","28","1"),
("54858","54738","7","16RE054856","0","500","500","0","2016-07-25","2016-07-25","2016-07-25 12:55:26","32","2016-07-25 12:55:26","32","1"),
("54859","54739","7","16RE054857","0","16500","16500","0","2016-07-25","2016-07-25","2016-07-25 12:55:34","28","2016-07-25 12:55:34","28","1"),
("54860","54740","7","16RE054858","0","8000","8000","0","2016-07-25","2016-07-25","2016-07-25 12:56:03","28","2016-07-25 12:56:03","28","1"),
("54861","54741","7","16RE054859","0","18000","18000","0","2016-07-25","2016-07-25","2016-07-25 12:56:03","32","2016-07-25 12:56:03","32","1"),
("54862","54742","7","16RE054860","0","8000","8000","0","2016-07-25","2016-07-25","2016-07-25 12:56:13","28","2016-07-25 12:56:13","28","1"),
("54863","54743","7","16RE054861","0","2100","2100","0","2016-07-25","2016-07-25","2016-07-25 12:56:14","32","2016-07-25 12:56:14","32","1"),
("54864","54744","7","16RE054862","0","15000","15000","0","2016-07-25","2016-07-25","2016-07-25 12:56:31","32","2016-07-25 12:56:31","32","1"),
("54865","54745","7","16RE054863","0","13500","13500","0","2016-07-25","2016-07-25","2016-07-25 13:01:13","32","2016-07-25 13:01:13","32","1"),
("54866","54746","7","16RE054864","0","12500","12500","0","2016-07-25","2016-07-25","2016-07-25 13:01:37","32","2016-07-25 13:01:37","32","1"),
("54867","54747","7","16RE054865","0","1500","1500","0","2016-07-25","2016-07-25","2016-07-25 13:01:45","32","2016-07-25 13:01:45","32","1"),
("54868","54748","7","16RE054866","0","5500","5500","0","2016-07-25","2016-07-25","2016-07-25 13:04:19","32","2016-07-25 13:04:19","32","1"),
("54869","54749","7","16RE054867","0","2000","2000","0","2016-07-25","2016-07-25","2016-07-25 13:05:38","32","2016-07-25 13:05:38","32","1"),
("54870","54750","7","16RE054868","0","2500","2500","0","2016-07-25","2016-07-25","2016-07-25 13:08:00","32","2016-07-25 13:08:00","32","1"),
("54871","54751","7","16RE054869","0","3000","3000","0","2016-07-25","2016-07-25","2016-07-25 13:11:45","32","2016-07-25 13:11:45","32","1"),
("54872","54752","7","16RE054870","0","6000","6000","0","2016-07-25","2016-07-25","2016-07-25 13:12:18","32","2016-07-25 13:12:18","32","1"),
("54873","54753","7","16RE054871","0","5000","5000","0","2016-07-25","2016-07-25","2016-07-25 13:13:43","32","2016-07-25 13:13:43","32","1"),
("54874","54754","7","16RE054872","0","2500","2500","0","2016-07-25","2016-07-25","2016-07-25 13:14:58","32","2016-07-25 13:14:58","32","1"),
("54875","54755","7","16RE054873","0","10500","10500","0","2016-07-25","2016-07-25","2016-07-25 13:17:31","32","2016-07-25 13:17:31","32","1"),
("54876","54756","7","16RE054874","0","3500","3500","0","2016-07-25","2016-07-25","2016-07-25 13:17:36","32","2016-07-25 13:17:36","32","1"),
("54877","54757","7","16RE054875","0","4100","4100","0","2016-07-25","2016-07-25","2016-07-25 13:18:16","32","2016-07-25 13:18:16","32","1"),
("54878","54758","7","16RE054876","0","56000","56000","0","2016-07-25","2016-07-25","2016-07-25 13:19:12","26","2016-07-25 13:19:12","26","1"),
("54879","54759","7","16RE054877","0","16000","16000","0","2016-07-25","2016-07-25","2016-07-25 13:19:22","32","2016-07-25 13:19:22","32","1"),
("54880","54760","7","16RE054878","0","2000","2000","0","2016-07-25","2016-07-25","2016-07-25 13:19:29","32","2016-07-25 13:19:29","32","1"),
("54881","54761","7","16RE054879","0","3000","3000","0","2016-07-25","2016-07-25","2016-07-25 13:20:22","26","2016-07-25 13:20:22","26","1"),
("54882","54762","7","16RE054880","0","1000","1000","0","2016-07-25","2016-07-25","2016-07-25 13:20:25","32","2016-07-25 13:20:25","32","1"),
("54883","54763","7","16RE054881","0","2000","2000","0","2016-07-25","2016-07-25","2016-07-25 13:20:47","26","2016-07-25 13:20:47","26","1"),
("54884","54764","7","16RE054882","0","2000","2000","0","2016-07-25","2016-07-25","2016-07-25 13:21:02","32","2016-07-25 13:21:02","32","1"),
("54885","54765","7","16RE054883","0","1000","1000","0","2016-07-25","2016-07-25","2016-07-25 13:21:07","26","2016-07-25 13:21:07","26","1"),
("54886","54766","7","16RE054884","0","1500","1500","0","2016-07-25","2016-07-25","2016-07-25 13:21:15","26","2016-07-25 13:21:15","26","1"),
("54887","54767","7","16RE054885","0","2500","2500","0","2016-07-25","2016-07-25","2016-07-25 13:21:34","32","2016-07-25 13:21:34","32","1"),
("54888","54768","7","16RE054886","0","4000","4000","0","2016-07-25","2016-07-25","2016-07-25 13:24:45","32","2016-07-25 13:24:45","32","1"),
("54889","54769","7","16RE054887","0","4000","4000","0","2016-07-25","2016-07-25","2016-07-25 13:24:48","26","2016-07-25 13:24:48","26","1"),
("54890","54770","7","16RE054888","0","5000","5000","0","2016-07-25","2016-07-25","2016-07-25 13:25:44","26","2016-07-25 13:25:44","26","1"),
("54891","54771","7","16RE054889","0","2000","2000","0","2016-07-25","2016-07-25","2016-07-25 13:31:54","26","2016-07-25 13:31:54","26","1"),
("54892","54772","7","16RE054890","0","3000","3000","0","2016-07-25","2016-07-25","2016-07-25 13:33:24","32","2016-07-25 13:33:24","32","1"),
("54893","54773","7","16RE054891","0","50000","50000","0","2016-07-25","2016-07-25","2016-07-25 13:33:55","32","2016-07-25 13:33:55","32","1"),
("54894","54774","7","16RE054892","0","2500","2500","0","2016-07-25","2016-07-25","2016-07-25 13:34:02","26","2016-07-25 13:34:02","26","1"),
("54895","54775","7","16RE054893","0","7000","7000","0","2016-07-25","2016-07-25","2016-07-25 13:34:05","32","2016-07-25 13:34:05","32","1"),
("54896","54776","7","16RE054894","0","2000","2000","0","2016-07-25","2016-07-25","2016-07-25 13:34:11","26","2016-07-25 13:34:11","26","1"),
("54897","54777","7","16RE054895","0","2500","2500","0","2016-07-25","2016-07-25","2016-07-25 13:34:14","32","2016-07-25 13:34:14","32","1"),
("54898","54778","7","16RE054896","0","5000","5000","0","2016-07-25","2016-07-25","2016-07-25 13:34:25","26","2016-07-25 13:34:25","26","1"),
("54899","54779","7","16RE054897","0","2000","2000","0","2016-07-25","2016-07-25","2016-07-25 13:34:50","26","2016-07-25 13:34:50","26","1"),
("54900","54780","7","16RE054898","0","6000","6000","0","2016-07-25","2016-07-25","2016-07-25 13:35:29","26","2016-07-25 13:35:29","26","1"),
("54901","54781","7","16RE054899","0","7000","7000","0","2016-07-25","2016-07-25","2016-07-25 13:36:00","32","2016-07-25 13:36:00","32","1"),
("54902","54782","7","16RE054900","0","1000","1000","0","2016-07-25","2016-07-25","2016-07-25 13:36:15","32","2016-07-25 13:36:15","32","1"),
("54903","54783","7","16RE054901","0","4000","4000","0","2016-07-25","2016-07-25","2016-07-25 13:36:30","26","2016-07-25 13:36:30","26","1"),
("54904","54784","7","16RE054902","0","1000","1000","0","2016-07-25","2016-07-25","2016-07-25 13:37:00","32","2016-07-25 13:37:00","32","1"),
("54905","54785","7","16RE054903","0","1000","1000","0","2016-07-25","2016-07-25","2016-07-25 13:37:19","32","2016-07-25 13:37:19","32","1"),
("54906","54786","7","16RE054904","0","15000","15000","0","2016-07-25","2016-07-25","2016-07-25 13:37:42","26","2016-07-25 13:37:42","26","1"),
("54907","54787","7","16RE054905","0","6500","6500","0","2016-07-25","2016-07-25","2016-07-25 13:39:44","32","2016-07-25 13:39:44","32","1"),
("54908","54788","7","16RE054906","0","500","500","0","2016-07-25","2016-07-25","2016-07-25 13:42:08","26","2016-07-25 13:42:08","26","1"),
("54909","54789","7","16RE054907","0","7500","7500","0","2016-07-25","2016-07-25","2016-07-25 13:45:00","26","2016-07-25 13:45:00","26","1"),
("54910","54790","7","16RE054908","0","5000","5000","0","2016-07-25","2016-07-25","2016-07-25 13:45:35","26","2016-07-25 13:45:35","26","1"),
("54911","54791","7","16RE054909","0","1000","1000","0","2016-07-25","2016-07-25","2016-07-25 13:46:50","26","2016-07-25 13:46:50","26","1"),
("54912","54792","7","16RE054910","0","1400","1400","0","2016-07-25","2016-07-25","2016-07-25 13:46:54","32","2016-07-25 13:46:54","32","1"),
("54913","54793","7","16RE054911","0","3000","3000","0","2016-07-25","2016-07-25","2016-07-25 13:47:22","32","2016-07-25 13:47:22","32","1"),
("54914","54794","7","16RE054912","0","5000","5000","0","2016-07-25","2016-07-25","2016-07-25 13:47:34","32","2016-07-25 13:47:34","32","1"),
("54915","54795","7","16RE054913","0","4000","4000","0","2016-07-25","2016-07-25","2016-07-25 13:47:41","26","2016-07-25 13:47:41","26","1"),
("54916","54796","7","16RE054914","0","2000","2000","0","2016-07-25","2016-07-25","2016-07-25 13:47:51","32","2016-07-25 13:47:51","32","1"),
("54917","54797","7","16RE054915","0","1500","1500","0","2016-07-25","2016-07-25","2016-07-25 13:48:50","26","2016-07-25 13:48:50","26","1"),
("54918","54798","7","16RE054916","0","2500","2500","0","2016-07-25","2016-07-25","2016-07-25 13:49:06","26","2016-07-25 13:49:06","26","1"),
("54919","54799","7","16RE054917","0","6000","6000","0","2016-07-25","2016-07-25","2016-07-25 13:49:34","32","2016-07-25 13:49:34","32","1"),
("54920","54800","7","16RE054918","0","15000","15000","0","2016-07-25","2016-07-25","2016-07-25 13:55:53","32","2016-07-25 13:55:53","32","1"),
("54921","54801","7","16RE054919","0","2000","2000","0","2016-07-25","2016-07-25","2016-07-25 13:58:03","26","2016-07-25 13:58:03","26","1"),
("54922","54802","7","16RE054920","0","6000","6000","0","2016-07-25","2016-07-25","2016-07-25 13:58:26","32","2016-07-25 13:58:26","32","1"),
("54923","54803","7","16RE054921","0","11300","11300","0","2016-07-25","2016-07-25","2016-07-25 13:59:43","26","2016-07-25 13:59:43","26","1"),
("54924","54804","7","16RE054922","0","500","500","0","2016-07-25","2016-07-25","2016-07-25 13:59:54","32","2016-07-25 13:59:54","32","1"),
("54925","54805","7","16RE054923","0","7000","7000","0","2016-07-25","2016-07-25","2016-07-25 14:01:52","26","2016-07-25 14:01:52","26","1"),
("54926","54806","7","16RE054924","0","5000","5000","0","2016-07-25","2016-07-25","2016-07-25 14:01:58","32","2016-07-25 14:01:58","32","1"),
("54927","54807","7","16RE054925","0","5000","5000","0","2016-07-25","2016-07-25","2016-07-25 14:03:07","32","2016-07-25 14:03:07","32","1"),
("54928","54808","7","16RE054926","0","2500","2500","0","2016-07-25","2016-07-25","2016-07-25 14:05:31","32","2016-07-25 14:05:31","32","1"),
("54929","54809","7","16RE054927","0","1500","1500","0","2016-07-25","2016-07-25","2016-07-25 14:05:33","26","2016-07-25 14:05:33","26","1"),
("54930","54810","7","16RE054928","0","7500","7500","0","2016-07-25","2016-07-25","2016-07-25 14:07:09","32","2016-07-25 14:07:09","32","1"),
("54931","54811","7","16RE054929","0","4000","4000","0","2016-07-25","2016-07-25","2016-07-25 14:07:29","32","2016-07-25 14:07:29","32","1"),
("54932","54812","7","16RE054930","0","2000","2000","0","2016-07-25","2016-07-25","2016-07-25 14:08:10","32","2016-07-25 14:08:10","32","1"),
("54933","54813","7","16RE054931","0","2100","2100","0","2016-07-25","2016-07-25","2016-07-25 14:08:20","32","2016-07-25 14:08:20","32","1"),
("54934","54814","7","16RE054932","0","2000","2000","0","2016-07-25","2016-07-25","2016-07-25 14:08:56","32","2016-07-25 14:08:56","32","1"),
("54935","54815","7","16RE054933","0","1000","1000","0","2016-07-25","2016-07-25","2016-07-25 14:08:59","26","2016-07-25 14:08:59","26","1"),
("54936","54816","7","16RE054934","0","3000","3000","0","2016-07-25","2016-07-25","2016-07-25 14:09:43","32","2016-07-25 14:09:43","32","1"),
("54937","54817","7","16RE054935","0","6000","6000","0","2016-07-25","2016-07-25","2016-07-25 14:09:47","26","2016-07-25 14:09:47","26","1"),
("54938","54818","7","16RE054936","0","5000","5000","0","2016-07-25","2016-07-25","2016-07-25 14:09:52","26","2016-07-25 14:09:52","26","1"),
("54939","54819","7","16RE054937","0","500","500","0","2016-07-25","2016-07-25","2016-07-25 14:09:54","32","2016-07-25 14:09:54","32","1"),
("54940","54820","7","16RE054938","0","1000","1000","0","2016-07-25","2016-07-25","2016-07-25 14:10:01","32","2016-07-25 14:10:01","32","1"),
("54941","54821","7","16RE054939","0","2000","2000","0","2016-07-25","2016-07-25","2016-07-25 14:10:43","26","2016-07-25 14:10:43","26","1"),
("54942","54822","7","16RE054940","0","5000","5000","0","2016-07-25","2016-07-25","2016-07-25 14:10:49","32","2016-07-25 14:10:49","32","1"),
("54943","54823","7","16RE054941","0","12000","12000","0","2016-07-25","2016-07-25","2016-07-25 14:11:17","26","2016-07-25 14:11:17","26","1"),
("54944","54824","7","16RE054942","0","3000","3000","0","2016-07-25","2016-07-25","2016-07-25 14:11:24","32","2016-07-25 14:11:24","32","1"),
("54945","54825","7","16RE054943","0","2500","2500","0","2016-07-25","2016-07-25","2016-07-25 14:11:40","32","2016-07-25 14:11:40","32","1"),
("54946","54826","7","16RE054944","0","1500","1500","0","2016-07-25","2016-07-25","2016-07-25 14:11:50","32","2016-07-25 14:11:50","32","1"),
("54947","54827","7","16RE054945","0","2000","2000","0","2016-07-25","2016-07-25","2016-07-25 14:13:01","32","2016-07-25 14:13:01","32","1"),
("54948","54828","7","16RE054946","0","7500","7500","0","2016-07-25","2016-07-25","2016-07-25 14:13:21","32","2016-07-25 14:13:21","32","1"),
("54949","54829","7","16RE054947","0","8000","8000","0","2016-07-25","2016-07-25","2016-07-25 14:15:29","32","2016-07-25 14:15:29","32","1"),
("54950","54830","7","16RE054948","0","19000","19000","0","2016-07-25","2016-07-25","2016-07-25 14:16:45","26","2016-07-25 14:16:45","26","1"),
("54951","54831","7","16RE054949","0","1000","1000","0","2016-07-25","2016-07-25","2016-07-25 14:22:56","26","2016-07-25 14:22:56","26","1"),
("54952","54832","7","16RE054950","0","500","500","0","2016-07-25","2016-07-25","2016-07-25 14:26:05","28","2016-07-25 14:26:05","28","1"),
("54953","54833","7","16RE054951","0","20000","20000","0","2016-07-25","2016-07-25","2016-07-25 14:27:43","28","2016-07-25 14:27:43","28","1"),
("54954","54834","7","16RE054952","0","500","500","0","2016-07-25","2016-07-25","2016-07-25 14:28:51","28","2016-07-25 14:28:51","28","1"),
("54955","54835","7","16RE054953","0","5000","5000","0","2016-07-25","2016-07-25","2016-07-25 14:30:27","28","2016-07-25 14:30:27","28","1"),
("54956","53563","7","16RE054954","0","40000","60000","0","2016-07-25","2016-07-25","2016-07-25 14:33:22","28","2016-07-25 14:33:22","28","1"),
("54957","54836","7","16RE054955","0","500","500","0","2016-07-25","2016-07-25","2016-07-25 14:38:50","26","2016-07-25 14:38:50","26","1"),
("54958","54837","7","16RE054956","0","1000","1000","0","2016-07-25","2016-07-25","2016-07-25 14:39:16","26","2016-07-25 14:39:16","26","1"),
("54959","54838","7","16RE054957","0","7000","7000","0","2016-07-25","2016-07-25","2016-07-25 14:40:36","28","2016-07-25 14:40:36","28","1"),
("54960","54839","7","16RE054958","0","1000","1000","0","2016-07-25","2016-07-25","2016-07-25 14:40:44","26","2016-07-25 14:40:44","26","1"),
("54961","54840","7","16RE054959","0","2000","2000","0","2016-07-25","2016-07-25","2016-07-25 14:40:48","28","2016-07-25 14:40:48","28","1"),
("54962","54841","7","16RE054960","0","3500","3500","0","2016-07-25","2016-07-25","2016-07-25 14:42:46","28","2016-07-25 14:42:46","28","1"),
("54963","54842","7","16RE054961","0","2500","2500","0","2016-07-25","2016-07-25","2016-07-25 14:43:43","28","2016-07-25 14:43:43","28","1"),
("54964","54843","7","16RE054962","0","1000","1000","0","2016-07-25","2016-07-25","2016-07-25 14:44:48","28","2016-07-25 14:44:48","28","1"),
("54965","54844","7","16RE054963","0","2500","2500","0","2016-07-25","2016-07-25","2016-07-25 14:45:47","28","2016-07-25 14:45:47","28","1"),
("54966","54845","7","16RE054964","0","10000","10000","0","2016-07-25","2016-07-25","2016-07-25 14:47:19","26","2016-07-25 14:47:19","26","1"),
("54967","54846","7","16RE054965","0","3500","3500","0","2016-07-25","2016-07-25","2016-07-25 14:47:46","26","2016-07-25 14:47:46","26","1"),
("54968","54847","7","16RE054966","0","60000","60000","0","2016-07-25","2016-07-25","2016-07-25 14:50:46","26","2016-07-25 14:50:46","26","1"),
("54969","54848","7","16RE054967","0","500","500","0","2016-07-25","2016-07-25","2016-07-25 14:51:19","28","2016-07-25 14:51:19","28","1"),
("54970","54849","7","16RE054968","0","500","500","0","2016-07-25","2016-07-25","2016-07-25 14:51:23","28","2016-07-25 14:51:23","28","1"),
("54971","54850","7","16RE054969","0","2000","2000","0","2016-07-25","2016-07-25","2016-07-25 14:51:34","26","2016-07-25 14:51:34","26","1"),
("54972","54851","7","16RE054970","0","700","700","0","2016-07-25","2016-07-25","2016-07-25 14:51:35","28","2016-07-25 14:51:35","28","1"),
("54973","54852","7","16RE054971","0","1500","1500","0","2016-07-25","2016-07-25","2016-07-25 14:52:01","28","2016-07-25 14:52:01","28","1"),
("54974","54853","7","16RE054972","0","1000","1000","0","2016-07-25","2016-07-25","2016-07-25 14:52:13","28","2016-07-25 14:52:13","28","1"),
("54975","54854","7","16RE054973","0","1500","1500","0","2016-07-25","2016-07-25","2016-07-25 14:53:29","28","2016-07-25 14:53:29","28","1"),
("54976","54855","7","16RE054974","0","6000","6000","0","2016-07-25","2016-07-25","2016-07-25 14:54:01","28","2016-07-25 14:54:01","28","1"),
("54977","54856","7","16RE054975","0","5000","5000","0","2016-07-25","2016-07-25","2016-07-25 14:56:38","26","2016-07-25 14:56:38","26","1"),
("54978","54857","7","16RE054976","0","1500","1500","0","2016-07-25","2016-07-25","2016-07-25 14:56:55","26","2016-07-25 14:56:55","26","1"),
("54979","54858","7","16RE054977","0","5000","5000","0","2016-07-25","2016-07-25","2016-07-25 14:57:18","26","2016-07-25 14:57:18","26","1"),
("54980","54859","7","16RE054978","0","28000","28000","0","2016-07-25","2016-07-25","2016-07-25 14:57:31","28","2016-07-25 14:57:31","28","1"),
("54981","54860","7","16RE054979","0","6500","6500","0","2016-07-25","2016-07-25","2016-07-25 14:59:11","26","2016-07-25 14:59:11","26","1"),
("54982","54861","7","16RE054980","0","4000","4000","0","2016-07-25","2016-07-25","2016-07-25 14:59:26","26","2016-07-25 14:59:26","26","1");

