INSERT INTO inventories VALUES("73742","","","","55507","","","2228","2","5","0","500","2016-07-26","0000-00-00","","2016-07-26 09:00:10","32","2016-07-26 09:00:10","32","1"),
("73743","","","","55507","","","2166","2","5","0","700","2016-07-26","0000-00-00","","2016-07-26 09:00:10","32","2016-07-26 09:00:10","32","1"),
("73744","","","","55508","","","2099","2","2","0","2000","2016-07-26","0000-00-00","","2016-07-26 09:00:39","32","2016-07-26 09:00:39","32","1"),
("73745","","","","55509","","","2121","2","1","0","13000","2016-07-26","0000-00-00","","2016-07-26 09:00:48","28","2016-07-26 09:00:48","28","1"),
("73746","","","","55509","","","2070","2","15","0","1000","2016-07-26","0000-00-00","","2016-07-26 09:00:48","28","2016-07-26 09:00:48","28","1"),
("73747","","","","55509","","","2240","2","2","0","5000","2016-07-26","0000-00-00","","2016-07-26 09:00:48","28","2016-07-26 09:00:48","28","1"),
("73748","","","","55510","","","2166","2","10","0","700","2016-07-26","0000-00-00","","2016-07-26 09:01:04","32","2016-07-26 09:01:04","32","1"),
("73749","","","","55511","","","2125","2","2","0","1000","2016-07-26","0000-00-00","","2016-07-26 09:03:03","32","2016-07-26 09:03:03","32","1"),
("73750","","","","55512","","","2118","2","1","0","6500","2016-07-26","0000-00-00","","2016-07-26 09:03:42","28","2016-07-26 09:03:42","28","1"),
("73751","","","","55513","","","2164","2","2","0","3000","2016-07-26","0000-00-00","","2016-07-26 09:05:55","28","2016-07-26 09:05:55","28","1"),
("73752","","","","55514","","","2125","2","1","0","1000","2016-07-26","0000-00-00","","2016-07-26 09:06:12","28","2016-07-26 09:06:12","28","1"),
("73753","","","","55515","","","2231","2","10","0","1500","2016-07-26","0000-00-00","","2016-07-26 09:08:32","28","2016-07-26 09:08:32","28","1"),
("73754","","","","55516","","","2166","2","5","0","700","2016-07-26","0000-00-00","","2016-07-26 09:09:03","32","2016-07-26 09:09:03","32","1"),
("73755","","","","55517","","","2231","2","1","0","1500","2016-07-26","0000-00-00","","2016-07-26 09:09:28","28","2016-07-26 09:09:28","28","1"),
("73756","","","","55518","","","2228","2","4","0","500","2016-07-26","0000-00-00","","2016-07-26 09:09:48","32","2016-07-26 09:09:48","32","1"),
("73757","","","","55519","","","2197","2","1","0","2500","2016-07-26","0000-00-00","","2016-07-26 09:10:13","28","2016-07-26 09:10:13","28","1"),
("73758","","","","55520","","","2085","2","2","0","2000","2016-07-26","0000-00-00","","2016-07-26 09:10:52","28","2016-07-26 09:10:52","28","1"),
("73759","","","","55521","","","2126","2","1","0","2000","2016-07-26","0000-00-00","","2016-07-26 09:11:15","28","2016-07-26 09:11:15","28","1"),
("73760","","","","55522","","","2250","2","2","0","500","2016-07-26","0000-00-00","","2016-07-26 09:11:44","28","2016-07-26 09:11:44","28","1"),
("73761","","","","55522","","","2197","2","1","0","2500","2016-07-26","0000-00-00","","2016-07-26 09:11:44","28","2016-07-26 09:11:44","28","1"),
("73762","","","","55522","","","2240","2","2","0","5000","2016-07-26","0000-00-00","","2016-07-26 09:11:44","28","2016-07-26 09:11:44","28","1"),
("73763","","","","55523","","","2228","2","4","0","500","2016-07-26","0000-00-00","","2016-07-26 09:15:14","32","2016-07-26 09:15:14","32","1"),
("73764","","","","55524","","","2228","2","3","0","500","2016-07-26","0000-00-00","","2016-07-26 09:15:30","32","2016-07-26 09:15:30","32","1"),
("73765","","","","55525","","","2231","2","3","0","1500","2016-07-26","0000-00-00","","2016-07-26 09:17:14","32","2016-07-26 09:17:14","32","1"),
("73766","","","","55526","","","2076","2","1","0","2000","2016-07-26","0000-00-00","","2016-07-26 09:19:04","28","2016-07-26 09:19:04","28","1"),
("73767","","","","55527","","","2228","2","4","0","500","2016-07-26","0000-00-00","","2016-07-26 09:19:39","28","2016-07-26 09:19:39","28","1"),
("73768","","","","55528","","","2236","2","2","0","2000","2016-07-26","0000-00-00","","2016-07-26 09:22:08","28","2016-07-26 09:22:08","28","1"),
("73769","","","","55529","","","2232","2","1","0","1000","2016-07-26","0000-00-00","","2016-07-26 09:22:42","28","2016-07-26 09:22:42","28","1"),
("73770","","","","55530","","","2228","2","12","0","500","2016-07-26","0000-00-00","","2016-07-26 09:26:21","32","2016-07-26 09:26:21","32","1"),
("73771","","","","55531","","","2228","2","10","0","500","2016-07-26","0000-00-00","","2016-07-26 09:28:37","32","2016-07-26 09:28:37","32","1"),
("73772","","","","55532","","","2228","2","10","0","500","2016-07-26","0000-00-00","","2016-07-26 09:29:47","32","2016-07-26 09:29:47","32","1"),
("73773","","","","55533","","","2104","2","3","0","5500","2016-07-26","0000-00-00","","2016-07-26 09:30:05","28","2016-07-26 09:30:05","28","1"),
("73774","","","","55534","","","2064","2","1","0","2000","2016-07-26","0000-00-00","","2016-07-26 09:30:26","28","2016-07-26 09:30:26","28","1"),
("73775","","","","55535","","","2228","2","3","0","500","2016-07-26","0000-00-00","","2016-07-26 09:30:38","32","2016-07-26 09:30:38","32","1"),
("73776","","","","55536","","","2231","2","1","0","1500","2016-07-26","0000-00-00","","2016-07-26 09:30:48","28","2016-07-26 09:30:48","28","1"),
("73777","","","","55537","","","2241","2","1","0","3000","2016-07-26","0000-00-00","","2016-07-26 09:31:38","28","2016-07-26 09:31:38","28","1"),
("73778","","","","55538","","","2125","2","1","0","1000","2016-07-26","0000-00-00","","2016-07-26 09:32:00","28","2016-07-26 09:32:00","28","1"),
("73779","","","","55539","","","2228","2","10","0","500","2016-07-26","0000-00-00","","2016-07-26 09:32:06","28","2016-07-26 09:32:06","28","1"),
("73780","","","","55540","","","2164","2","2","0","3000","2016-07-26","0000-00-00","","2016-07-26 09:32:42","32","2016-07-26 09:32:42","32","1"),
("73781","","","","55540","","","2095","2","2","0","4000","2016-07-26","0000-00-00","","2016-07-26 09:32:42","32","2016-07-26 09:32:42","32","1"),
("73782","","","","55540","","","2174","2","1","0","8500","2016-07-26","0000-00-00","","2016-07-26 09:32:42","32","2016-07-26 09:32:42","32","1"),
("73783","","","","55541","","","2125","2","1","0","1000","2016-07-26","0000-00-00","","2016-07-26 09:33:10","32","2016-07-26 09:33:10","32","1"),
("73784","","","","55541","","","2197","2","1","0","2500","2016-07-26","0000-00-00","","2016-07-26 09:33:10","32","2016-07-26 09:33:10","32","1"),
("73785","","","","55542","","","2228","2","4","0","500","2016-07-26","0000-00-00","","2016-07-26 09:34:04","32","2016-07-26 09:34:04","32","1"),
("73786","","","","55543","","","2228","2","20","0","500","2016-07-26","0000-00-00","","2016-07-26 09:34:47","32","2016-07-26 09:34:47","32","1"),
("73787","","","","55544","","","2125","2","1","0","1000","2016-07-26","0000-00-00","","2016-07-26 09:36:45","28","2016-07-26 09:36:45","28","1"),
("73788","","","","55545","","","2125","2","2","0","1000","2016-07-26","0000-00-00","","2016-07-26 09:37:59","28","2016-07-26 09:37:59","28","1"),
("73789","","","","55546","","","2228","2","2","0","500","2016-07-26","0000-00-00","","2016-07-26 09:40:29","28","2016-07-26 09:40:29","28","1"),
("73790","","","","55547","","","2228","2","5","0","500","2016-07-26","0000-00-00","","2016-07-26 09:40:58","28","2016-07-26 09:40:58","28","1"),
("73791","","","","55548","","","2095","2","1","0","4000","2016-07-26","0000-00-00","","2016-07-26 09:42:33","28","2016-07-26 09:42:33","28","1"),
("73792","","","","55549","","","2125","2","1","0","1000","2016-07-26","0000-00-00","","2016-07-26 09:45:12","28","2016-07-26 09:45:12","28","1"),
("73793","","","","55550","","","2229","2","10","0","700","2016-07-26","0000-00-00","","2016-07-26 09:45:21","28","2016-07-26 09:45:21","28","1"),
("73794","","","","55551","","","2228","2","10","0","500","2016-07-26","0000-00-00","","2016-07-26 09:46:21","28","2016-07-26 09:46:21","28","1"),
("73795","","","","55552","","","2231","2","2","0","1500","2016-07-26","0000-00-00","","2016-07-26 09:46:37","28","2016-07-26 09:46:37","28","1"),
("73796","","","","55553","","","2228","2","10","0","500","2016-07-26","0000-00-00","","2016-07-26 09:47:11","32","2016-07-26 09:47:11","32","1"),
("73797","","","","55554","","","2073","2","1","0","1000","2016-07-26","0000-00-00","","2016-07-26 09:47:25","28","2016-07-26 09:47:25","28","1"),
("73798","","","","55554","","","2065","2","1","0","1000","2016-07-26","0000-00-00","","2016-07-26 09:47:25","28","2016-07-26 09:47:25","28","1"),
("73799","","","","55554","","","2228","2","6","0","500","2016-07-26","0000-00-00","","2016-07-26 09:47:25","28","2016-07-26 09:47:25","28","1"),
("73800","","","","55555","","","2228","2","5","0","500","2016-07-26","0000-00-00","","2016-07-26 09:47:26","32","2016-07-26 09:47:26","32","1"),
("73801","","","","55556","","","2166","2","5","0","700","2016-07-26","0000-00-00","","2016-07-26 09:47:38","32","2016-07-26 09:47:38","32","1"),
("73802","","","","55557","","","2228","2","20","0","500","2016-07-26","0000-00-00","","2016-07-26 09:48:11","32","2016-07-26 09:48:11","32","1"),
("73803","","","","55558","","","2250","2","1","0","500","2016-07-26","0000-00-00","","2016-07-26 09:48:18","32","2016-07-26 09:48:18","32","1"),
("73804","","","","55559","","","2125","2","2","0","1000","2016-07-26","0000-00-00","","2016-07-26 09:49:31","32","2016-07-26 09:49:31","32","1"),
("73805","","","","55560","","","2228","2","2","0","500","2016-07-26","0000-00-00","","2016-07-26 09:49:56","32","2016-07-26 09:49:56","32","1"),
("73806","","","","55560","","","2093","2","1","0","3000","2016-07-26","0000-00-00","","2016-07-26 09:49:56","32","2016-07-26 09:49:56","32","1"),
("73807","","","","55561","","","2231","2","3","0","1500","2016-07-26","0000-00-00","","2016-07-26 09:50:10","32","2016-07-26 09:50:10","32","1"),
("73808","","","","55562","","","2228","2","6","0","500","2016-07-26","0000-00-00","","2016-07-26 09:51:06","32","2016-07-26 09:51:06","32","1"),
("73809","","","","55562","","","2071","2","2","0","1000","2016-07-26","0000-00-00","","2016-07-26 09:51:06","32","2016-07-26 09:51:06","32","1"),
("73810","","","","55563","","","2098","2","1","0","2500","2016-07-26","0000-00-00","","2016-07-26 09:51:21","32","2016-07-26 09:51:21","32","1"),
("73811","","","","55563","","","2097","2","1","0","2500","2016-07-26","0000-00-00","","2016-07-26 09:51:21","32","2016-07-26 09:51:21","32","1"),
("73812","","","","55564","","","2125","2","1","0","1000","2016-07-26","0000-00-00","","2016-07-26 09:51:57","32","2016-07-26 09:51:57","32","1"),
("73813","","","","55564","","","2075","2","1","0","1500","2016-07-26","0000-00-00","","2016-07-26 09:51:57","32","2016-07-26 09:51:57","32","1"),
("73814","","","","55565","","","2250","2","1","0","500","2016-07-26","0000-00-00","","2016-07-26 09:53:32","32","2016-07-26 09:53:32","32","1"),
("73815","","","","55565","","","2126","2","1","0","2000","2016-07-26","0000-00-00","","2016-07-26 09:53:33","32","2016-07-26 09:53:33","32","1"),
("73816","","","","55566","","","2228","2","4","0","500","2016-07-26","0000-00-00","","2016-07-26 09:54:09","32","2016-07-26 09:54:09","32","1"),
("73817","","","","55567","","","2125","2","1","0","1000","2016-07-26","0000-00-00","","2016-07-26 09:55:09","32","2016-07-26 09:55:09","32","1"),
("73818","","","","55568","","","2228","2","5","0","500","2016-07-26","0000-00-00","","2016-07-26 09:55:15","32","2016-07-26 09:55:15","32","1"),
("73819","","","","55569","","","2250","2","1","0","500","2016-07-26","0000-00-00","","2016-07-26 09:55:50","32","2016-07-26 09:55:50","32","1"),
("73820","","","","55570","","","2228","2","4","0","500","2016-07-26","0000-00-00","","2016-07-26 09:58:08","32","2016-07-26 09:58:08","32","1"),
("73821","","","","55571","","","2250","2","1","0","500","2016-07-26","0000-00-00","","2016-07-26 09:58:17","32","2016-07-26 09:58:17","32","1"),
("73822","","","","55572","","","2228","2","5","0","500","2016-07-26","0000-00-00","","2016-07-26 09:58:43","32","2016-07-26 09:58:43","32","1"),
("73823","","","","55573","","","2228","2","4","0","500","2016-07-26","0000-00-00","","2016-07-26 10:02:11","32","2016-07-26 10:02:11","32","1"),
("73824","","","","55573","","","2231","2","2","0","1500","2016-07-26","0000-00-00","","2016-07-26 10:02:11","32","2016-07-26 10:02:11","32","1"),
("73825","","","","55574","","","2228","2","3","0","500","2016-07-26","0000-00-00","","2016-07-26 10:03:47","32","2016-07-26 10:03:47","32","1"),
("73826","","","","55575","","","2250","2","1","0","500","2016-07-26","0000-00-00","","2016-07-26 10:05:59","32","2016-07-26 10:05:59","32","1"),
("73827","","","","55576","","","2228","2","2","0","500","2016-07-26","0000-00-00","","2016-07-26 10:06:15","28","2016-07-26 10:06:15","28","1"),
("73828","","","","55577","","","2126","2","3","0","2000","2016-07-26","0000-00-00","","2016-07-26 10:06:55","28","2016-07-26 10:06:55","28","1"),
("73829","","","","55578","","","2117","2","2","0","7500","2016-07-26","0000-00-00","","2016-07-26 10:07:18","32","2016-07-26 10:07:18","32","1"),
("73830","","","","55578","","","2079","2","2","0","1500","2016-07-26","0000-00-00","","2016-07-26 10:07:18","32","2016-07-26 10:07:18","32","1"),
("73831","","","","55578","","","2163","2","2","0","2500","2016-07-26","0000-00-00","","2016-07-26 10:07:18","32","2016-07-26 10:07:18","32","1"),
("73832","","","","55578","","","2088","2","4","0","5000","2016-07-26","0000-00-00","","2016-07-26 10:07:19","32","2016-07-26 10:07:19","32","1"),
("73833","","","","55579","","","2228","2","5","0","500","2016-07-26","0000-00-00","","2016-07-26 10:07:33","32","2016-07-26 10:07:33","32","1"),
("73834","","","","55580","","","2228","2","2","0","500","2016-07-26","0000-00-00","","2016-07-26 10:07:53","32","2016-07-26 10:07:53","32","1"),
("73835","","","","55581","","","2110","2","1","0","2500","2016-07-26","0000-00-00","","2016-07-26 10:08:15","28","2016-07-26 10:08:15","28","1"),
("73836","","","","55581","","","2118","2","1","0","6500","2016-07-26","0000-00-00","","2016-07-26 10:08:15","28","2016-07-26 10:08:15","28","1"),
("73837","","","","55582","","","2126","2","2","0","2000","2016-07-26","0000-00-00","","2016-07-26 10:08:48","28","2016-07-26 10:08:48","28","1"),
("73838","","","","55583","","","2228","2","4","0","500","2016-07-26","0000-00-00","","2016-07-26 10:08:54","32","2016-07-26 10:08:54","32","1"),
("73839","","","","55584","","","2089","2","1","0","2500","2016-07-26","0000-00-00","","2016-07-26 10:09:19","28","2016-07-26 10:09:19","28","1"),
("73840","","","","55585","","","2228","2","20","0","500","2016-07-26","0000-00-00","","2016-07-26 10:09:25","32","2016-07-26 10:09:25","32","1"),
("73841","","","","55586","","","2228","2","20","0","500","2016-07-26","0000-00-00","","2016-07-26 10:09:32","32","2016-07-26 10:09:32","32","1"),
("73842","","","","55587","","","2228","2","10","0","500","2016-07-26","0000-00-00","","2016-07-26 10:09:55","28","2016-07-26 10:09:55","28","1"),
("73843","","","","55588","","","2228","2","6","0","500","2016-07-26","0000-00-00","","2016-07-26 10:10:39","28","2016-07-26 10:10:39","28","1"),
("73844","","","","55589","","","2064","2","1","0","2000","2016-07-26","0000-00-00","","2016-07-26 10:11:44","28","2016-07-26 10:11:44","28","1"),
("73845","","","","55589","","","2250","2","1","0","500","2016-07-26","0000-00-00","","2016-07-26 10:11:44","28","2016-07-26 10:11:44","28","1"),
("73846","","","","55590","","","2228","2","2","0","500","2016-07-26","0000-00-00","","2016-07-26 10:12:06","28","2016-07-26 10:12:06","28","1"),
("73847","","","","55591","","","2228","2","1","0","500","2016-07-26","0000-00-00","","2016-07-26 10:12:28","32","2016-07-26 10:12:28","32","1"),
("73848","","","","55591","","","2231","2","1","0","1500","2016-07-26","0000-00-00","","2016-07-26 10:12:28","32","2016-07-26 10:12:28","32","1"),
("73849","","","","55592","","","2146","2","1","0","3500","2016-07-26","0000-00-00","","2016-07-26 10:12:31","28","2016-07-26 10:12:31","28","1"),
("73850","","","","55593","","","2078","2","4","0","1500","2016-07-26","0000-00-00","","2016-07-26 10:14:52","32","2016-07-26 10:14:52","32","1"),
("73851","","","","55593","","","2073","2","2","0","1000","2016-07-26","0000-00-00","","2016-07-26 10:14:53","32","2016-07-26 10:14:53","32","1"),
("73852","","","","55593","","","2104","2","1","0","5500","2016-07-26","0000-00-00","","2016-07-26 10:14:53","32","2016-07-26 10:14:53","32","1"),
("73853","","","","55594","","","2228","2","10","0","500","2016-07-26","0000-00-00","","2016-07-26 10:15:00","28","2016-07-26 10:15:00","28","1"),
("73854","","","","55595","","","2231","2","3","0","1500","2016-07-26","0000-00-00","","2016-07-26 10:15:04","32","2016-07-26 10:15:04","32","1"),
("73855","","","","55596","","","2083","2","2","0","2500","2016-07-26","0000-00-00","","2016-07-26 10:18:00","28","2016-07-26 10:18:00","28","1"),
("73856","","","","55597","","","2197","2","1","0","2500","2016-07-26","0000-00-00","","2016-07-26 10:18:32","28","2016-07-26 10:18:32","28","1"),
("73857","","","","55598","","","2197","2","1","0","2500","2016-07-26","0000-00-00","","2016-07-26 10:19:19","28","2016-07-26 10:19:19","28","1"),
("73858","","","","55599","","","2235","2","2","0","2500","2016-07-26","0000-00-00","","2016-07-26 10:19:54","28","2016-07-26 10:19:54","28","1"),
("73859","","","","55599","","","2104","2","1","0","5500","2016-07-26","0000-00-00","","2016-07-26 10:19:54","28","2016-07-26 10:19:54","28","1"),
("73860","","","","55600","","","2197","2","1","0","2500","2016-07-26","0000-00-00","","2016-07-26 10:21:05","32","2016-07-26 10:21:05","32","1"),
("73861","","","","55601","","","2165","2","2","0","1000","2016-07-26","0000-00-00","","2016-07-26 10:23:39","28","2016-07-26 10:23:39","28","1"),
("73862","","","","55601","","","2116","2","1","0","7500","2016-07-26","0000-00-00","","2016-07-26 10:23:39","28","2016-07-26 10:23:39","28","1"),
("73863","","","","55602","","","2240","2","1","0","5000","2016-07-26","0000-00-00","","2016-07-26 10:24:26","32","2016-07-26 10:24:26","32","1"),
("73864","","","","55602","","","2163","2","2","0","2500","2016-07-26","0000-00-00","","2016-07-26 10:24:26","32","2016-07-26 10:24:26","32","1"),
("73865","","","","55602","","","2071","2","5","0","1000","2016-07-26","0000-00-00","","2016-07-26 10:24:26","32","2016-07-26 10:24:26","32","1"),
("73866","","","","55602","","","2083","2","2","0","2500","2016-07-26","0000-00-00","","2016-07-26 10:24:26","32","2016-07-26 10:24:26","32","1"),
("73867","","","","55602","","","2093","2","2","0","3000","2016-07-26","0000-00-00","","2016-07-26 10:24:26","32","2016-07-26 10:24:26","32","1"),
("73868","","","","55603","","","2241","2","1","0","3000","2016-07-26","0000-00-00","","2016-07-26 10:24:36","28","2016-07-26 10:24:36","28","1"),
("73869","","","","55604","","","2250","2","1","0","500","2016-07-26","0000-00-00","","2016-07-26 10:26:03","32","2016-07-26 10:26:03","32","1"),
("73870","","","","55605","","","2166","2","1","0","700","2016-07-26","0000-00-00","","2016-07-26 10:30:57","32","2016-07-26 10:30:57","32","1"),
("73871","","","","55606","","","2064","2","1","0","2000","2016-07-26","0000-00-00","","2016-07-26 10:31:20","32","2016-07-26 10:31:20","32","1"),
("73872","","","","55607","","","2250","2","1","0","500","2016-07-26","0000-00-00","","2016-07-26 10:31:32","32","2016-07-26 10:31:32","32","1"),
("73873","","","","55608","","","2228","2","3","0","500","2016-07-26","0000-00-00","","2016-07-26 10:32:05","32","2016-07-26 10:32:05","32","1"),
("73874","","","","55609","","","2065","2","1","0","1000","2016-07-26","0000-00-00","","2016-07-26 10:32:09","32","2016-07-26 10:32:09","32","1"),
("73875","","","","55610","","","2083","2","1","0","2500","2016-07-26","0000-00-00","","2016-07-26 10:33:20","32","2016-07-26 10:33:20","32","1"),
("73876","","","","55610","","","2064","2","1","0","2000","2016-07-26","0000-00-00","","2016-07-26 10:33:20","32","2016-07-26 10:33:20","32","1"),
("73877","","","","55611","","","2228","2","5","0","500","2016-07-26","0000-00-00","","2016-07-26 10:33:43","32","2016-07-26 10:33:43","32","1"),
("73878","","","","55612","","","2228","2","5","0","500","2016-07-26","0000-00-00","","2016-07-26 10:33:53","32","2016-07-26 10:33:53","32","1"),
("73879","","","","55613","","","2250","2","2","0","500","2016-07-26","0000-00-00","","2016-07-26 10:34:15","32","2016-07-26 10:34:15","32","1"),
("73880","","","","55614","","","2228","2","4","0","500","2016-07-26","0000-00-00","","2016-07-26 10:34:34","32","2016-07-26 10:34:34","32","1"),
("73881","","","","55615","","","2228","2","20","0","500","2016-07-26","0000-00-00","","2016-07-26 10:34:43","32","2016-07-26 10:34:43","32","1"),
("73882","","","","55616","","","2228","2","6","0","500","2016-07-26","0000-00-00","","2016-07-26 10:34:53","32","2016-07-26 10:34:53","32","1"),
("73883","","","","55617","","","2228","2","10","0","500","2016-07-26","0000-00-00","","2016-07-26 10:35:15","28","2016-07-26 10:35:15","28","1"),
("73884","","","","55618","","","2250","2","1","0","500","2016-07-26","0000-00-00","","2016-07-26 10:35:22","28","2016-07-26 10:35:22","28","1"),
("73885","","","","55619","","","2228","2","2","0","500","2016-07-26","0000-00-00","","2016-07-26 10:35:28","32","2016-07-26 10:35:28","32","1"),
("73886","","","","55620","","","2125","2","1","0","1000","2016-07-26","0000-00-00","","2016-07-26 10:35:46","28","2016-07-26 10:35:46","28","1"),
("73887","","","","55621","","","2228","2","2","0","500","2016-07-26","0000-00-00","","2016-07-26 10:35:58","28","2016-07-26 10:35:58","28","1"),
("73888","","","","55622","","","2095","2","2","0","4000","2016-07-26","0000-00-00","","2016-07-26 10:37:56","28","2016-07-26 10:37:56","28","1"),
("73889","","","","55623","","","2231","2","1","0","1500","2016-07-26","0000-00-00","","2016-07-26 10:38:49","32","2016-07-26 10:38:49","32","1"),
("73890","","","","55624","","","2231","2","3","0","1500","2016-07-26","0000-00-00","","2016-07-26 10:38:57","32","2016-07-26 10:38:57","32","1"),
("73891","","","","55625","","","2231","2","5","0","1500","2016-07-26","0000-00-00","","2016-07-26 10:39:14","28","2016-07-26 10:39:14","28","1"),
("73892","","","","55626","","","2093","2","1","0","3000","2016-07-26","0000-00-00","","2016-07-26 10:40:04","28","2016-07-26 10:40:04","28","1"),
("73893","","","","55627","","","2250","2","1","0","500","2016-07-26","0000-00-00","","2016-07-26 10:40:36","32","2016-07-26 10:40:36","32","1"),
("73894","","","","55628","","","2107","2","1","0","6000","2016-07-26","0000-00-00","","2016-07-26 10:40:38","28","2016-07-26 10:40:38","28","1"),
("73895","","","","55629","","","2064","2","1","0","2000","2016-07-26","0000-00-00","","2016-07-26 10:41:06","28","2016-07-26 10:41:06","28","1"),
("73896","","","","55630","","","2104","2","1","0","5500","2016-07-26","0000-00-00","","2016-07-26 10:41:28","28","2016-07-26 10:41:28","28","1"),
("73897","","","","55631","","","2093","2","1","0","3000","2016-07-26","0000-00-00","","2016-07-26 10:41:43","28","2016-07-26 10:41:43","28","1"),
("73898","","","","55632","","","2089","2","1","0","2500","2016-07-26","0000-00-00","","2016-07-26 10:42:07","28","2016-07-26 10:42:07","28","1"),
("73899","","","","55632","","","2076","2","1","0","2000","2016-07-26","0000-00-00","","2016-07-26 10:42:07","28","2016-07-26 10:42:07","28","1"),
("73900","","","","55632","","","2240","2","1","0","5000","2016-07-26","0000-00-00","","2016-07-26 10:42:07","28","2016-07-26 10:42:07","28","1"),
("73901","","","","55633","","","2125","2","1","0","1000","2016-07-26","0000-00-00","","2016-07-26 10:43:10","32","2016-07-26 10:43:10","32","1"),
("73902","","","","55634","","","2228","2","15","0","500","2016-07-26","0000-00-00","","2016-07-26 10:43:25","32","2016-07-26 10:43:25","32","1"),
("73903","","","","55635","","","2125","2","1","0","1000","2016-07-26","0000-00-00","","2016-07-26 10:45:36","28","2016-07-26 10:45:36","28","1"),
("73904","","","","55635","","","2065","2","2","0","1000","2016-07-26","0000-00-00","","2016-07-26 10:45:36","28","2016-07-26 10:45:36","28","1"),
("73905","","","","55636","","","2098","2","1","0","2500","2016-07-26","0000-00-00","","2016-07-26 10:46:57","28","2016-07-26 10:46:57","28","1"),
("73906","","","","55637","","","2250","2","1","0","500","2016-07-26","0000-00-00","","2016-07-26 10:47:09","32","2016-07-26 10:47:09","32","1"),
("73907","","","","55637","","","2093","2","1","0","3000","2016-07-26","0000-00-00","","2016-07-26 10:47:09","32","2016-07-26 10:47:09","32","1"),
("73908","","","","55638","","","2110","2","1","0","2500","2016-07-26","0000-00-00","","2016-07-26 10:48:13","32","2016-07-26 10:48:13","32","1"),
("73909","","","","55639","","","2250","2","2","0","500","2016-07-26","0000-00-00","","2016-07-26 10:49:16","32","2016-07-26 10:49:16","32","1"),
("73910","","","","55640","","","2236","2","1","0","2000","2016-07-26","0000-00-00","","2016-07-26 10:50:41","32","2016-07-26 10:50:41","32","1"),
("73911","","","","55641","","","2118","2","1","0","6500","2016-07-26","0000-00-00","","2016-07-26 10:50:49","32","2016-07-26 10:50:49","32","1"),
("73912","","","","55642","","","2228","2","10","0","500","2016-07-26","0000-00-00","","2016-07-26 10:51:37","32","2016-07-26 10:51:37","32","1"),
("73913","","","","55643","","","2228","2","20","0","500","2016-07-26","0000-00-00","","2016-07-26 10:54:57","32","2016-07-26 10:54:57","32","1"),
("73914","","","","55644","","","2250","2","1","0","500","2016-07-26","0000-00-00","","2016-07-26 10:57:12","32","2016-07-26 10:57:12","32","1"),
("73915","","","","55645","","","2231","2","1","0","1500","2016-07-26","0000-00-00","","2016-07-26 10:57:17","32","2016-07-26 10:57:17","32","1"),
("73916","","","","55646","","","2228","2","5","0","500","2016-07-26","0000-00-00","","2016-07-26 11:00:56","32","2016-07-26 11:00:56","32","1"),
("73917","","","","55647","","","2090","2","2","0","2500","2016-07-26","0000-00-00","","2016-07-26 11:02:58","32","2016-07-26 11:02:58","32","1"),
("73918","","","","55648","","","2093","2","4","0","3000","2016-07-26","0000-00-00","","2016-07-26 11:04:03","32","2016-07-26 11:04:03","32","1"),
("73919","","","","55649","","","2146","2","1","0","3500","2016-07-26","0000-00-00","","2016-07-26 11:04:31","32","2016-07-26 11:04:31","32","1"),
("73920","","","","55649","","","2229","2","5","0","700","2016-07-26","0000-00-00","","2016-07-26 11:04:31","32","2016-07-26 11:04:31","32","1"),
("73921","","","","55650","","","2229","2","2","0","700","2016-07-26","0000-00-00","","2016-07-26 11:04:51","32","2016-07-26 11:04:51","32","1"),
("73922","","","","55651","","","2250","2","2","0","500","2016-07-26","0000-00-00","","2016-07-26 11:05:11","32","2016-07-26 11:05:11","32","1"),
("73923","","","","55652","","","2228","2","4","0","500","2016-07-26","0000-00-00","","2016-07-26 11:05:35","32","2016-07-26 11:05:35","32","1"),
("73924","","","","55653","","","2238","2","3","0","2500","2016-07-26","0000-00-00","","2016-07-26 11:05:38","28","2016-07-26 11:05:38","28","1"),
("73925","","","","55653","","","2074","2","2","0","1500","2016-07-26","0000-00-00","","2016-07-26 11:05:38","28","2016-07-26 11:05:38","28","1"),
("73926","","","","55653","","","2078","2","2","0","1500","2016-07-26","0000-00-00","","2016-07-26 11:05:38","28","2016-07-26 11:05:38","28","1"),
("73927","","","","55654","","","2228","2","17","0","500","2016-07-26","0000-00-00","","2016-07-26 11:06:26","32","2016-07-26 11:06:26","32","1"),
("73928","","","","55655","","","2104","2","1","0","5500","2016-07-26","0000-00-00","","2016-07-26 11:08:04","32","2016-07-26 11:08:04","32","1"),
("73929","","","","55656","","","2228","2","8","0","500","2016-07-26","0000-00-00","","2016-07-26 11:08:18","32","2016-07-26 11:08:18","32","1"),
("73930","","","","55657","","","2228","2","1","0","500","2016-07-26","0000-00-00","","2016-07-26 11:09:10","32","2016-07-26 11:09:10","32","1"),
("73931","","","","55658","","","2228","2","2","0","500","2016-07-26","0000-00-00","","2016-07-26 11:09:17","32","2016-07-26 11:09:17","32","1"),
("73932","","","","55659","","","2231","2","2","0","1500","2016-07-26","0000-00-00","","2016-07-26 11:09:41","32","2016-07-26 11:09:41","32","1"),
("73933","","","","55660","","","2250","2","1","0","500","2016-07-26","0000-00-00","","2016-07-26 11:10:51","28","2016-07-26 11:10:51","28","1"),
("73934","","","","55661","","","2228","2","20","0","500","2016-07-26","0000-00-00","","2016-07-26 11:10:56","32","2016-07-26 11:10:56","32","1"),
("73935","","","","55662","","","2228","2","4","0","500","2016-07-26","0000-00-00","","2016-07-26 11:11:10","32","2016-07-26 11:11:10","32","1"),
("73936","","","","55663","","","2228","2","10","0","500","2016-07-26","0000-00-00","","2016-07-26 11:13:56","28","2016-07-26 11:13:56","28","1"),
("73937","","","","55664","","","2228","2","4","0","500","2016-07-26","0000-00-00","","2016-07-26 11:14:16","28","2016-07-26 11:14:16","28","1"),
("73938","","","","55665","","","2228","2","3","0","500","2016-07-26","0000-00-00","","2016-07-26 11:15:47","28","2016-07-26 11:15:47","28","1"),
("73939","","","","55665","","","2229","2","2","0","700","2016-07-26","0000-00-00","","2016-07-26 11:15:47","28","2016-07-26 11:15:47","28","1"),
("73940","","","","55666","","","2240","2","2","0","5000","2016-07-26","0000-00-00","","2016-07-26 11:17:58","28","2016-07-26 11:17:58","28","1"),
("73941","","","","55667","","","2102","2","2","0","5000","2016-07-26","0000-00-00","","2016-07-26 11:18:27","28","2016-07-26 11:18:27","28","1"),
("73942","","","","55668","","","2229","2","2","0","700","2016-07-26","0000-00-00","","2016-07-26 11:18:48","28","2016-07-26 11:18:48","28","1"),
("73943","","","","55669","","","2231","2","1","0","1500","2016-07-26","0000-00-00","","2016-07-26 11:19:02","28","2016-07-26 11:19:02","28","1"),
("73944","","","","55670","","","2088","2","1","0","5000","2016-07-26","0000-00-00","","2016-07-26 11:19:31","28","2016-07-26 11:19:31","28","1"),
("73945","","","","55671","","","2083","2","2","0","2500","2016-07-26","0000-00-00","","2016-07-26 11:20:03","28","2016-07-26 11:20:03","28","1"),
("73946","","","","55672","","","2125","2","1","0","1000","2016-07-26","0000-00-00","","2016-07-26 11:20:46","28","2016-07-26 11:20:46","28","1"),
("73947","","","","55672","","","2250","2","1","0","500","2016-07-26","0000-00-00","","2016-07-26 11:20:46","28","2016-07-26 11:20:46","28","1"),
("73948","","","","55673","","","2233","2","1","0","2000","2016-07-26","0000-00-00","","2016-07-26 11:23:38","28","2016-07-26 11:23:38","28","1"),
("73949","","","","55674","","","2073","2","4","0","1000","2016-07-26","0000-00-00","","2016-07-26 11:23:58","28","2016-07-26 11:23:58","28","1"),
("73950","","","","55675","","","2116","2","1","0","7500","2016-07-26","0000-00-00","","2016-07-26 11:25:32","28","2016-07-26 11:25:32","28","1"),
("73951","","","","55676","","","2228","2","4","0","500","2016-07-26","0000-00-00","","2016-07-26 11:27:21","32","2016-07-26 11:27:21","32","1"),
("73952","","","","55677","","","2228","2","3","0","500","2016-07-26","0000-00-00","","2016-07-26 11:27:28","32","2016-07-26 11:27:28","32","1"),
("73953","","","","55678","","","2117","2","1","0","7500","2016-07-26","0000-00-00","","2016-07-26 11:27:32","28","2016-07-26 11:27:32","28","1"),
("73954","","","","55679","","","2240","2","1","0","5000","2016-07-26","0000-00-00","","2016-07-26 11:28:26","28","2016-07-26 11:28:26","28","1"),
("73955","","","","55680","","","2250","2","1","0","500","2016-07-26","0000-00-00","","2016-07-26 11:28:43","28","2016-07-26 11:28:43","28","1"),
("73956","","","","55681","","","2250","2","1","0","500","2016-07-26","0000-00-00","","2016-07-26 11:28:51","28","2016-07-26 11:28:51","28","1"),
("73957","","","","55682","","","2228","2","7","0","500","2016-07-26","0000-00-00","","2016-07-26 11:29:12","32","2016-07-26 11:29:12","32","1"),
("73958","","","","55683","","","2197","2","1","0","2500","2016-07-26","0000-00-00","","2016-07-26 11:32:25","28","2016-07-26 11:32:25","28","1"),
("73959","","","","55684","","","2250","2","1","0","500","2016-07-26","0000-00-00","","2016-07-26 11:32:51","28","2016-07-26 11:32:51","28","1"),
("73960","","","","55684","","","2126","2","1","0","2000","2016-07-26","0000-00-00","","2016-07-26 11:32:51","28","2016-07-26 11:32:51","28","1"),
("73961","","","","55685","","","2229","2","10","0","700","2016-07-26","0000-00-00","","2016-07-26 11:33:13","28","2016-07-26 11:33:13","28","1"),
("73962","","","","55686","","","2241","2","1","0","3000","2016-07-26","0000-00-00","","2016-07-26 11:35:19","28","2016-07-26 11:35:19","28","1"),
("73963","","","","55687","","","2228","2","5","0","500","2016-07-26","0000-00-00","","2016-07-26 11:36:08","32","2016-07-26 11:36:08","32","1"),
("73964","","","","55688","","","2231","2","2","0","1500","2016-07-26","0000-00-00","","2016-07-26 11:36:49","28","2016-07-26 11:36:49","28","1"),
("73965","","","","55689","","","2228","2","4","0","500","2016-07-26","0000-00-00","","2016-07-26 11:37:44","32","2016-07-26 11:37:44","32","1"),
("73966","","","","55690","","","2236","2","2","0","2000","2016-07-26","0000-00-00","","2016-07-26 11:37:48","28","2016-07-26 11:37:48","28","1"),
("73967","","","","55691","","","2228","2","4","0","500","2016-07-26","0000-00-00","","2016-07-26 11:38:01","32","2016-07-26 11:38:01","32","1"),
("73968","","","","55692","","","2231","2","5","0","1500","2016-07-26","0000-00-00","","2016-07-26 11:39:25","28","2016-07-26 11:39:25","28","1"),
("73969","","","","55692","","","2229","2","10","0","700","2016-07-26","0000-00-00","","2016-07-26 11:39:25","28","2016-07-26 11:39:25","28","1"),
("73970","","","","55692","","","2164","2","1","0","3000","2016-07-26","0000-00-00","","2016-07-26 11:39:25","28","2016-07-26 11:39:25","28","1"),
("73971","","","","55692","","","2072","2","1","0","1000","2016-07-26","0000-00-00","","2016-07-26 11:39:25","28","2016-07-26 11:39:25","28","1"),
("73972","","","","55692","","","2163","2","1","0","2500","2016-07-26","0000-00-00","","2016-07-26 11:39:25","28","2016-07-26 11:39:25","28","1"),
("73973","","","","55692","","","2165","2","1","0","1000","2016-07-26","0000-00-00","","2016-07-26 11:39:26","28","2016-07-26 11:39:26","28","1"),
("73974","","","","55692","","","2237","2","1","0","2500","2016-07-26","0000-00-00","","2016-07-26 11:39:26","28","2016-07-26 11:39:26","28","1"),
("73975","","","","55692","","","2117","2","1","0","7500","2016-07-26","0000-00-00","","2016-07-26 11:39:26","28","2016-07-26 11:39:26","28","1"),
("73976","","","","55692","","","2116","2","1","0","7500","2016-07-26","0000-00-00","","2016-07-26 11:39:26","28","2016-07-26 11:39:26","28","1"),
("73977","","","","55693","","","2126","2","1","0","2000","2016-07-26","0000-00-00","","2016-07-26 11:41:46","28","2016-07-26 11:41:46","28","1"),
("73978","","","","55693","","","2125","2","2","0","1000","2016-07-26","0000-00-00","","2016-07-26 11:41:46","28","2016-07-26 11:41:46","28","1"),
("73979","","","","55693","","","2197","2","1","0","2500","2016-07-26","0000-00-00","","2016-07-26 11:41:46","28","2016-07-26 11:41:46","28","1"),
("73980","","","","55693","","","2229","2","5","0","700","2016-07-26","0000-00-00","","2016-07-26 11:41:46","28","2016-07-26 11:41:46","28","1"),
("73981","","","","55693","","","2121","2","1","0","13000","2016-07-26","0000-00-00","","2016-07-26 11:41:46","28","2016-07-26 11:41:46","28","1"),
("73982","","","","55693","","","2235","2","3","0","2500","2016-07-26","0000-00-00","","2016-07-26 11:41:46","28","2016-07-26 11:41:46","28","1"),
("73983","","","","55694","","","2250","2","1","0","500","2016-07-26","0000-00-00","","2016-07-26 11:45:00","32","2016-07-26 11:45:00","32","1"),
("73984","","","","55695","","","2228","2","2","0","500","2016-07-26","0000-00-00","","2016-07-26 11:45:18","32","2016-07-26 11:45:18","32","1"),
("73985","","","","55696","","","2228","2","8","0","500","2016-07-26","0000-00-00","","2016-07-26 11:45:23","32","2016-07-26 11:45:23","32","1"),
("73986","","","","55697","","","2228","2","4","0","500","2016-07-26","0000-00-00","","2016-07-26 11:46:18","32","2016-07-26 11:46:18","32","1"),
("73987","","","","55698","","","2233","2","1","0","2000","2016-07-26","0000-00-00","","2016-07-26 11:47:54","28","2016-07-26 11:47:54","28","1"),
("73988","","","","55699","","","2064","2","1","0","2000","2016-07-26","0000-00-00","","2016-07-26 11:48:54","32","2016-07-26 11:48:54","32","1"),
("73989","","","","55700","","","2228","2","4","0","500","2016-07-26","0000-00-00","","2016-07-26 11:50:16","32","2016-07-26 11:50:16","32","1"),
("73990","","","","55701","","","2229","2","10","0","500","2016-07-26","0000-00-00","","2016-07-26 11:53:36","32","2016-07-26 11:53:36","32","1"),
("73991","","","","55702","","","2250","2","1","0","500","2016-07-26","0000-00-00","","2016-07-26 11:53:48","32","2016-07-26 11:53:48","32","1"),
("73992","","","","55703","","","2240","2","1","0","5000","2016-07-26","0000-00-00","","2016-07-26 11:54:25","32","2016-07-26 11:54:25","32","1"),
("73993","","","","55704","","","2233","2","5","0","1500","2016-07-26","0000-00-00","","2016-07-26 11:54:53","28","2016-07-26 11:54:53","28","1"),
("73994","","","","55704","","","2229","2","60","0","500","2016-07-26","0000-00-00","","2016-07-26 11:54:53","28","2016-07-26 11:54:53","28","1"),
("73995","","","","55705","","","2228","2","4","0","500","2016-07-26","0000-00-00","","2016-07-26 11:55:53","32","2016-07-26 11:55:53","32","1"),
("73996","","","","55706","","","2228","2","15","0","500","2016-07-26","0000-00-00","","2016-07-26 11:56:15","32","2016-07-26 11:56:15","32","1"),
("73997","","","","55707","","","2231","2","3","0","1500","2016-07-26","0000-00-00","","2016-07-26 11:56:45","32","2016-07-26 11:56:45","32","1"),
("73998","","","","55708","","","2228","2","6","0","500","2016-07-26","0000-00-00","","2016-07-26 11:57:00","32","2016-07-26 11:57:00","32","1"),
("73999","","","","55709","","","2075","2","1","0","1500","2016-07-26","0000-00-00","","2016-07-26 11:57:15","28","2016-07-26 11:57:15","28","1"),
("74000","","","","55709","","","2240","2","1","0","5000","2016-07-26","0000-00-00","","2016-07-26 11:57:16","28","2016-07-26 11:57:16","28","1"),
("74001","","","","55709","","","2231","2","5","0","1500","2016-07-26","0000-00-00","","2016-07-26 11:57:16","28","2016-07-26 11:57:16","28","1"),
("74002","","","","55710","","","2231","2","1","0","1500","2016-07-26","0000-00-00","","2016-07-26 11:57:39","32","2016-07-26 11:57:39","32","1"),
("74003","","","","55711","","","2228","2","1","0","500","2016-07-26","0000-00-00","","2016-07-26 11:57:56","32","2016-07-26 11:57:56","32","1"),
("74004","","","","55712","","","2228","2","5","0","500","2016-07-26","0000-00-00","","2016-07-26 11:58:13","32","2016-07-26 11:58:13","32","1"),
("74005","","","","55713","","","2231","2","2","0","1500","2016-07-26","0000-00-00","","2016-07-26 11:58:48","32","2016-07-26 11:58:48","32","1");

DROP TABLE inventory_totals;

CREATE TABLE `inventory_totals` (
  `product_id` bigint(20) NOT NULL,
  `location_id` bigint(20) NOT NULL,
  `total_qty` double DEFAULT '0',
  `created_at` datetime NOT NULL,
  `created_by` bigint(11) NOT NULL,
  `updated_at` datetime NOT NULL,
  `updated_by` bigint(11) NOT NULL,
  PRIMARY KEY (`product_id`,`location_id`),
  KEY `product_id` (`product_id`),
  KEY `location_id` (`location_id`)
) ENGINE=InnoDB DEFAULT CHARSET=utf8 COLLATE=utf8_unicode_ci;

INSERT INTO inventory_totals VALUES("2064","2","-977","2016-05-30 20:44:40","32","2016-07-26 11:48:54","32");
INSERT INTO inventory_totals VALUES("2065","2","-10294","2016-05-30 17:12:37","28","2016-07-26 10:45:36","28");
INSERT INTO inventory_totals VALUES("2067","2","-923","2016-05-30 20:12:19","28","2016-07-26 07:37:35","28");
INSERT INTO inventory_totals VALUES("2070","2","-1451","2016-05-30 19:12:04","28","2016-07-26 09:00:48","28");
INSERT INTO inventory_totals VALUES("2071","2","-2814","2016-05-30 20:20:55","32","2016-07-26 10:24:26","32");
INSERT INTO inventory_totals VALUES("2072","2","-560","2016-06-01 10:24:38","28","2016-07-26 11:39:25","28");
INSERT INTO inventory_totals VALUES("2073","2","-1600","2016-05-30 17:09:35","28","2016-07-26 11:23:58","28");
INSERT INTO inventory_totals VALUES("2074","2","-738","2016-05-30 17:09:50","28","2016-07-26 11:05:38","28");
INSERT INTO inventory_totals VALUES("2075","2","-1441","2016-05-30 19:40:28","28","2016-07-26 11:57:15","28");
INSERT INTO inventory_totals VALUES("2076","2","-639","2016-05-30 17:15:10","28","2016-07-26 10:42:07","28");
INSERT INTO inventory_totals VALUES("2077","2","-187","2016-06-02 16:11:58","28","2016-07-26 07:35:24","28");
INSERT INTO inventory_totals VALUES("2078","2","-505","2016-05-31 07:51:51","28","2016-07-26 11:05:38","28");
INSERT INTO inventory_totals VALUES("2079","2","-358","2016-05-30 17:34:03","32","2016-07-26 10:07:18","32");
INSERT INTO inventory_totals VALUES("2082","2","-275","2016-05-30 20:35:30","28","2016-07-26 07:20:21","28");
INSERT INTO inventory_totals VALUES("2083","2","-3658","2016-05-30 17:13:02","28","2016-07-26 11:20:03","28");
INSERT INTO inventory_totals VALUES("2084","2","-480","2016-05-30 17:13:26","28","2016-07-26 08:03:12","28");
INSERT INTO inventory_totals VALUES("2085","2","-473","2016-05-30 18:17:34","28","2016-07-26 09:10:52","28");
INSERT INTO inventory_totals VALUES("2088","2","-216","2016-05-31 08:25:04","28","2016-07-26 11:19:31","28");
INSERT INTO inventory_totals VALUES("2089","2","-167","2016-06-06 07:55:52","28","2016-07-26 10:42:07","28");
INSERT INTO inventory_totals VALUES("2090","2","-353","2016-06-03 07:53:09","32","2016-07-26 11:02:58","32");
INSERT INTO inventory_totals VALUES("2092","2","-22","2016-06-05 13:07:45","32","2016-06-26 17:13:30","32");
INSERT INTO inventory_totals VALUES("2093","2","-1331","2016-05-31 08:55:09","32","2016-07-26 11:04:03","32");
INSERT INTO inventory_totals VALUES("2095","2","-3453","2016-05-30 16:57:46","28","2016-07-26 10:37:56","28");
INSERT INTO inventory_totals VALUES("2097","2","-154","2016-05-31 11:50:36","32","2016-07-26 09:51:21","32");
INSERT INTO inventory_totals VALUES("2098","2","-144","2016-05-31 11:48:59","28","2016-07-26 10:46:57","28");
INSERT INTO inventory_totals VALUES("2099","2","-811","2016-05-30 19:54:32","32","2016-07-26 09:00:39","32");
INSERT INTO inventory_totals VALUES("2100","2","-127","2016-06-01 11:05:58","26","2016-07-24 14:33:10","26");
INSERT INTO inventory_totals VALUES("2101","2","-4","2016-06-04 16:36:48","28","2016-06-15 08:23:32","28");
INSERT INTO inventory_totals VALUES("2102","2","-248","2016-05-30 18:50:51","28","2016-07-26 11:18:27","28");
INSERT INTO inventory_totals VALUES("2103","2","-166","2016-05-30 18:21:22","28","2016-07-25 19:25:58","28");
INSERT INTO inventory_totals VALUES("2104","2","-2112","2016-05-30 18:45:00","32","2016-07-26 11:08:05","32");
INSERT INTO inventory_totals VALUES("2105","2","-99","2016-05-31 04:27:09","26","2016-07-25 15:24:40","26");
INSERT INTO inventory_totals VALUES("2107","2","-1230","2016-05-30 17:13:44","28","2016-07-26 10:40:38","28");
INSERT INTO inventory_totals VALUES("2108","2","-2","2016-06-22 07:31:24","26","2016-07-16 06:34:13","26");
INSERT INTO inventory_totals VALUES("2109","2","-4","2016-06-02 11:24:48","26","2016-07-14 13:26:17","26");
INSERT INTO inventory_totals VALUES("2110","2","-541","2016-05-31 09:56:02","32","2016-07-26 10:48:13","32");
INSERT INTO inventory_totals VALUES("2111","2","-101","2016-05-31 06:44:27","28","2016-07-25 20:03:16","28");
INSERT INTO inventory_totals VALUES("2112","2","-222","2016-05-31 17:42:17","28","2016-07-25 16:52:33","28");
INSERT INTO inventory_totals VALUES("2113","2","-395","2016-05-31 06:07:51","32","2016-07-25 11:52:57","32");
INSERT INTO inventory_totals VALUES("2114","2","-49","2016-05-31 17:05:12","32","2016-07-25 10:05:59","32");
INSERT INTO inventory_totals VALUES("2116","2","-110","2016-05-30 19:09:50","28","2016-07-26 11:39:26","28");
INSERT INTO inventory_totals VALUES("2117","2","-125","2016-05-31 15:15:55","28","2016-07-26 11:39:26","28");
INSERT INTO inventory_totals VALUES("2118","2","-1217","2016-05-30 17:25:00","32","2016-07-26 10:50:49","32");
INSERT INTO inventory_totals VALUES("2119","2","-115","2016-05-31 04:10:53","26","2016-07-26 06:44:24","26");
INSERT INTO inventory_totals VALUES("2120","2","-23","2016-06-01 15:07:34","28","2016-06-24 08:28:25","28");
INSERT INTO inventory_totals VALUES("2121","2","-435","2016-05-30 16:56:09","28","2016-07-26 11:41:46","28");
INSERT INTO inventory_totals VALUES("2125","2","-2434","2016-05-30 17:14:38","28","2016-07-26 11:41:46","28");
INSERT INTO inventory_totals VALUES("2126","2","-1142","2016-05-30 17:17:44","28","2016-07-26 11:41:46","28");
INSERT INTO inventory_totals VALUES("2127","2","-1","2016-06-01 09:16:57","28","2016-06-01 09:16:57","28");
INSERT INTO inventory_totals VALUES("2128","2","-3","2016-05-30 17:17:34","27","2016-05-31 08:21:59","27");
INSERT INTO inventory_totals VALUES("2129","2","-85","2016-05-31 08:02:05","28","2016-07-26 07:24:59","28");
INSERT INTO inventory_totals VALUES("2130","2","-2","2016-05-31 11:51:20","28","2016-05-31 12:08:32","28");
INSERT INTO inventory_totals VALUES("2131","2","-5","2016-06-02 09:48:54","28","2016-06-11 08:04:29","28");
INSERT INTO inventory_totals VALUES("2133","2","-245","2016-05-30 20:04:42","32","2016-07-25 12:56:04","32");
INSERT INTO inventory_totals VALUES("2134","2","-1145","2016-05-30 17:16:20","32","2016-07-25 18:20:02","32");
INSERT INTO inventory_totals VALUES("2135","2","-160","2016-05-31 18:50:40","32","2016-07-25 16:44:51","32");
INSERT INTO inventory_totals VALUES("2136","2","-440","2016-05-30 17:16:20","32","2016-07-25 18:20:02","32");
INSERT INTO inventory_totals VALUES("2137","2","-176","2016-05-30 17:00:35","28","2016-07-25 17:50:07","28");
INSERT INTO inventory_totals VALUES("2138","2","-66","2016-06-01 18:10:15","28","2016-07-25 11:28:57","28");
INSERT INTO inventory_totals VALUES("2139","2","-101","2016-05-30 19:37:44","32","2016-07-25 18:31:09","32");
INSERT INTO inventory_totals VALUES("2140","2","-250","2016-05-30 17:16:20","32","2016-07-25 18:20:02","32");
INSERT INTO inventory_totals VALUES("2141","2","-93","2016-05-31 16:15:13","26","2016-07-25 14:50:46","26");
INSERT INTO inventory_totals VALUES("2142","2","-12","2016-06-04 12:04:34","28","2016-07-16 14:20:54","28");
INSERT INTO inventory_totals VALUES("2143","2","-16","2016-06-01 14:37:00","28","2016-07-22 10:31:42","28");
INSERT INTO inventory_totals VALUES("2144","2","-6","2016-06-02 16:28:24","28","2016-07-22 18:41:13","28");
INSERT INTO inventory_totals VALUES("2146","2","-783","2016-05-31 04:25:13","32","2016-07-26 11:04:31","32");
INSERT INTO inventory_totals VALUES("2163","2","-839","2016-05-30 19:12:04","28","2016-07-26 11:39:25","28");
INSERT INTO inventory_totals VALUES("2164","2","-3505","2016-05-30 16:53:06","28","2016-07-26 11:39:25","28");
INSERT INTO inventory_totals VALUES("2165","2","-730","2016-05-30 17:13:26","28","2016-07-26 11:39:26","28");
INSERT INTO inventory_totals VALUES("2166","2","-12223","2016-05-30 15:16:51","32","2016-07-26 10:30:57","32");
INSERT INTO inventory_totals VALUES("2172","2","-1067","2016-05-30 17:07:00","28","2016-07-26 07:46:44","28");
INSERT INTO inventory_totals VALUES("2173","2","-165","2016-05-31 10:33:36","26","2016-07-25 13:59:43","26");
INSERT INTO inventory_totals VALUES("2174","2","-64","2016-05-31 09:21:36","32","2016-07-26 09:32:42","32");
INSERT INTO inventory_totals VALUES("2178","2","-29","2016-06-02 05:19:47","26","2016-07-23 15:37:22","26");
INSERT INTO inventory_totals VALUES("2179","2","-2","2016-06-19 13:01:57","26","2016-06-22 13:15:45","26");
INSERT INTO inventory_totals VALUES("2182","2","-276","2016-05-30 18:50:52","32","2016-07-25 18:23:50","32");
INSERT INTO inventory_totals VALUES("2183","2","-5","2016-06-17 08:39:20","28","2016-07-10 20:20:53","28");
INSERT INTO inventory_totals VALUES("2188","2","-34","2016-06-02 05:19:47","26","2016-07-23 15:37:22","26");
INSERT INTO inventory_totals VALUES("2197","2","-1120","2016-05-31 05:33:48","28","2016-07-26 11:41:46","28");
INSERT INTO inventory_totals VALUES("2198","2","-51","2016-05-31 06:32:11","26","2016-07-23 14:07:35","26");
INSERT INTO inventory_totals VALUES("2199","2","-80","2016-05-30 20:45:32","32","2016-07-15 11:38:49","32");
INSERT INTO inventory_totals VALUES("2201","2","-1","2016-07-22 07:59:15","28","2016-07-22 07:59:15","28");
INSERT INTO inventory_totals VALUES("2202","2","-12","2016-06-05 05:43:31","26","2016-07-14 06:04:21","26");
INSERT INTO inventory_totals VALUES("2203","2","-27","2016-06-01 18:10:15","28","2016-07-14 12:28:33","28");
INSERT INTO inventory_totals VALUES("2204","2","-14","2016-06-05 15:46:14","28","2016-07-25 11:28:56","28");
INSERT INTO inventory_totals VALUES("2206","2","-6","2016-06-11 18:11:55","32","2016-07-19 18:21:51","32");
INSERT INTO inventory_totals VALUES("2207","2","-67","2016-06-05 20:28:13","28","2016-07-24 08:45:28","28");
INSERT INTO inventory_totals VALUES("2208","2","-9","2016-06-03 12:29:19","28","2016-07-22 16:13:30","28");
INSERT INTO inventory_totals VALUES("2209","2","-3","2016-06-01 15:42:51","28","2016-07-13 20:12:25","28");
INSERT INTO inventory_totals VALUES("2213","2","-45","2016-06-08 08:14:22","28","2016-07-22 19:09:38","28");
INSERT INTO inventory_totals VALUES("2217","2","-24","2016-06-03 19:05:30","28","2016-07-25 16:08:27","28");
INSERT INTO inventory_totals VALUES("2218","2","-104","2016-05-31 10:46:14","28","2016-07-25 14:52:13","28");
INSERT INTO inventory_totals VALUES("2219","2","-301","2016-06-02 07:11:01","28","2016-07-25 19:25:58","28");
INSERT INTO inventory_totals VALUES("2220","2","-1150","2016-06-06 12:05:02","28","2016-07-12 17:18:00","28");
INSERT INTO inventory_totals VALUES("2226","2","-754","2016-05-30 20:29:24","26","2016-07-26 07:14:41","26");
INSERT INTO inventory_totals VALUES("2228","2","-152725","2016-05-30 16:53:06","32","2016-07-26 11:58:13","32");
INSERT INTO inventory_totals VALUES("2229","2","-80869","2016-05-30 18:02:49","28","2016-07-26 11:54:53","28");
INSERT INTO inventory_totals VALUES("2231","2","-29691","2016-05-30 16:58:22","32","2016-07-26 11:58:48","32");
INSERT INTO inventory_totals VALUES("2232","2","-3021","2016-05-30 18:38:35","28","2016-07-26 09:22:42","28");
INSERT INTO inventory_totals VALUES("2233","2","-6523","2016-05-30 19:34:27","28","2016-07-26 11:54:53","28");
INSERT INTO inventory_totals VALUES("2235","2","-1383","2016-05-30 19:37:44","28","2016-07-26 11:41:46","28");
INSERT INTO inventory_totals VALUES("2236","2","-820","2016-05-30 20:25:09","28","2016-07-26 11:37:48","28");
INSERT INTO inventory_totals VALUES("2237","2","-56","2016-06-06 07:55:52","28","2016-07-26 11:39:26","28");
INSERT INTO inventory_totals VALUES("2238","2","-189","2016-05-31 06:54:44","28","2016-07-26 11:05:38","28");
INSERT INTO inventory_totals VALUES("2239","2","-458","2016-05-31 11:09:13","32","2016-07-19 08:38:36","32");
INSERT INTO inventory_totals VALUES("2240","2","-1766","2016-05-30 16:58:52","28","2016-07-26 11:57:16","28");
INSERT INTO inventory_totals VALUES("2241","2","-144","2016-05-31 13:05:46","28","2016-07-26 11:35:19","28");
INSERT INTO inventory_totals VALUES("2243","2","-126","2016-05-30 17:15:34","28","2016-07-20 08:54:05","28");
INSERT INTO inventory_totals VALUES("2250","2","-5081","2016-05-30 17:14:11","32","2016-07-26 11:53:48","32");
INSERT INTO inventory_totals VALUES("2251","2","-1","2016-07-09 18:58:52","28","2016-07-09 18:58:52","28");
INSERT INTO inventory_totals VALUES("2252","2","-90","2016-06-04 16:15:52","28","2016-07-24 15:12:07","28");
INSERT INTO inventory_totals VALUES("2253","2","-127","2016-05-31 13:24:22","26","2016-07-26 07:55:32","26");
INSERT INTO inventory_totals VALUES("2254","2","-899","2016-05-31 18:14:09","28","2016-07-25 06:19:48","28");
INSERT INTO inventory_totals VALUES("2255","2","-392","2016-06-02 18:24:09","28","2016-07-23 19:47:10","28");
INSERT INTO inventory_totals VALUES("2256","2","-28","2016-06-02 17:07:21","28","2016-07-07 23:27:23","28");
INSERT INTO inventory_totals VALUES("2257","2","-245","2016-06-02 18:53:00","26","2016-07-26 06:07:44","26");
INSERT INTO inventory_totals VALUES("2258","2","-52","2016-06-06 11:06:36","28","2016-07-25 11:34:29","28");
INSERT INTO inventory_totals VALUES("2259","2","-74","2016-06-22 14:12:02","28","2016-07-25 20:53:07","28");
INSERT INTO inventory_totals VALUES("2260","2","-22","2016-07-11 05:45:45","28","2016-07-25 17:09:36","28");
INSERT INTO inventory_totals VALUES("2262","2","-1","2016-07-21 07:37:38","26","2016-07-21 07:37:38","26");



DROP TABLE inventory_total_details;

CREATE TABLE `inventory_total_details` (
  `product_id` bigint(20) NOT NULL,
  `location_id` bigint(20) NOT NULL,
  `total_cycle` double DEFAULT '0',
  `total_so` double DEFAULT '0',
  `total_pos` double DEFAULT '0',
  `total_cm` double DEFAULT '0',
  `total_to_in` double DEFAULT '0',
  `total_to_out` double DEFAULT '0',
  `date` date NOT NULL,
  `created_at` datetime NOT NULL,
  `created_by` bigint(11) NOT NULL,
  `updated_at` datetime NOT NULL,
  `updated_by` bigint(11) NOT NULL,
  PRIMARY KEY (`product_id`,`location_id`,`date`),
  KEY `product_id` (`product_id`),
  KEY `location_id` (`location_id`),
  KEY `date` (`date`)
) ENGINE=InnoDB DEFAULT CHARSET=utf8 COLLATE=utf8_unicode_ci;

INSERT INTO inventory_total_details VALUES("2064","2","0","0","-1","0","0","0","2016-05-30","2016-05-30 20:44:40","24","2016-05-30 20:44:40","24");
INSERT INTO inventory_total_details VALUES("2065","2","0","0","-2","0","0","0","2016-05-30","2016-05-30 17:12:37","24","2016-05-30 21:01:14","24");
INSERT INTO inventory_total_details VALUES("2067","2","0","0","-2","0","0","0","2016-05-30","2016-05-30 20:12:19","24","2016-05-30 20:37:06","24");
INSERT INTO inventory_total_details VALUES("2070","2","0","0","-3","0","0","0","2016-05-30","2016-05-30 19:12:04","27","2016-05-30 19:12:04","27");
INSERT INTO inventory_total_details VALUES("2071","2","0","0","-1","0","0","0","2016-05-30","2016-05-30 20:20:55","24","2016-05-30 20:20:55","24");
INSERT INTO inventory_total_details VALUES("2072","2","0","0","-5","0","0","0","2016-06-01","2016-06-01 10:24:38","27","2016-06-01 17:19:29","27");
INSERT INTO inventory_total_details VALUES("2073","2","0","0","-2","0","0","0","2016-05-30","2016-05-30 17:09:35","24","2016-05-30 20:20:55","24");
INSERT INTO inventory_total_details VALUES("2074","2","0","0","-1","0","0","0","2016-05-30","2016-05-30 17:09:51","1","2016-05-30 17:09:51","1");
INSERT INTO inventory_total_details VALUES("2075","2","0","0","-2","0","0","0","2016-05-30","2016-05-30 19:40:28","27","2016-05-30 19:40:28","27");
INSERT INTO inventory_total_details VALUES("2076","2","0","0","-1","0","0","0","2016-05-30","2016-05-30 17:15:10","27","2016-05-30 19:40:28","27");
INSERT INTO inventory_total_details VALUES("2077","2","0","0","-2","0","0","0","2016-06-02","2016-06-02 16:11:58","27","2016-06-02 16:11:58","27");
INSERT INTO inventory_total_details VALUES("2078","2","0","0","-1","0","0","0","2016-05-31","2016-05-31 07:51:51","1","2016-05-31 13:22:44","1");
INSERT INTO inventory_total_details VALUES("2079","2","0","0","-1","0","0","0","2016-05-30","2016-05-30 17:34:03","1","2016-05-30 17:34:03","1");
INSERT INTO inventory_total_details VALUES("2082","2","0","0","-1","0","0","0","2016-05-30","2016-05-30 20:35:30","24","2016-05-30 20:35:30","24");
INSERT INTO inventory_total_details VALUES("2083","2","0","0","-2","0","0","0","2016-05-30","2016-05-30 17:13:02","24","2016-05-30 20:44:10","24");
INSERT INTO inventory_total_details VALUES("2084","2","0","0","-1","0","0","0","2016-05-30","2016-05-30 17:13:26","24","2016-05-30 20:36:29","24");
INSERT INTO inventory_total_details VALUES("2085","2","0","0","-1","0","0","0","2016-05-30","2016-05-30 18:17:35","24","2016-05-30 18:17:35","24");
INSERT INTO inventory_total_details VALUES("2088","2","0","0","-1","0","0","0","2016-05-31","2016-05-31 08:25:04","1","2016-05-31 15:55:07","1");
INSERT INTO inventory_total_details VALUES("2089","2","0","0","-1","0","0","0","2016-06-06","2016-06-06 07:55:52","28","2016-06-06 20:21:02","28");
INSERT INTO inventory_total_details VALUES("2090","2","0","0","-3","0","0","0","2016-06-03","2016-06-03 07:53:09","28","2016-06-03 17:42:59","28");
INSERT INTO inventory_total_details VALUES("2092","2","0","0","-2","0","0","0","2016-06-05","2016-06-05 13:07:45","26","2016-06-05 13:07:45","26");
INSERT INTO inventory_total_details VALUES("2093","2","0","0","-2","0","0","0","2016-05-31","2016-05-31 08:55:09","24","2016-05-31 18:27:26","24");
INSERT INTO inventory_total_details VALUES("2095","2","0","0","-1","0","0","0","2016-05-30","2016-05-30 16:57:46","24","2016-05-30 21:01:14","24");
INSERT INTO inventory_total_details VALUES("2097","2","0","0","-2","0","0","0","2016-05-31","2016-05-31 11:50:36","1","2016-05-31 11:57:30","1");
INSERT INTO inventory_total_details VALUES("2098","2","0","0","-1","0","0","0","2016-05-31","2016-05-31 11:48:59","1","2016-05-31 16:06:30","1");
INSERT INTO inventory_total_details VALUES("2099","2","0","0","-1","0","0","0","2016-05-30","2016-05-30 19:54:32","24","2016-05-30 20:46:56","24");
INSERT INTO inventory_total_details VALUES("2100","2","0","0","-6","0","0","0","2016-06-01","2016-06-01 11:05:58","28","2016-06-01 11:05:58","28");
INSERT INTO inventory_total_details VALUES("2101","2","0","0","-1","0","0","0","2016-06-04","2016-06-04 16:36:48","27","2016-06-04 16:36:48","27");
INSERT INTO inventory_total_details VALUES("2102","2","0","0","-1","0","0","0","2016-05-30","2016-05-30 18:50:51","27","2016-05-30 19:01:27","27");
INSERT INTO inventory_total_details VALUES("2103","2","0","0","-1","0","0","0","2016-05-30","2016-05-30 18:21:22","24","2016-05-30 18:21:22","24");
INSERT INTO inventory_total_details VALUES("2104","2","0","0","-1","0","0","0","2016-05-30","2016-05-30 18:45:00","24","2016-05-30 20:35:30","24");
INSERT INTO inventory_total_details VALUES("2105","2","0","0","-2","0","0","0","2016-05-31","2016-05-31 04:27:09","28","2016-05-31 11:08:37","28");
INSERT INTO inventory_total_details VALUES("2107","2","0","0","-2","0","0","0","2016-05-30","2016-05-30 17:13:44","1","2016-05-30 17:13:44","1");
INSERT INTO inventory_total_details VALUES("2108","2","0","0","-1","0","0","0","2016-06-22","2016-06-22 07:31:24","26","2016-06-22 07:31:24","26");
INSERT INTO inventory_total_details VALUES("2109","2","0","0","-1","0","0","0","2016-06-02","2016-06-02 11:24:48","28","2016-06-02 11:24:48","28");
INSERT INTO inventory_total_details VALUES("2110","2","0","0","-2","0","0","0","2016-05-31","2016-05-31 09:56:02","1","2016-05-31 16:59:11","1");
INSERT INTO inventory_total_details VALUES("2111","2","0","0","-1","0","0","0","2016-05-31","2016-05-31 06:44:27","1","2016-05-31 15:24:34","1");
INSERT INTO inventory_total_details VALUES("2112","2","0","0","-1","0","0","0","2016-05-31","2016-05-31 17:42:17","28","2016-05-31 17:42:17","28");
INSERT INTO inventory_total_details VALUES("2113","2","0","0","-1","0","0","0","2016-05-31","2016-05-31 06:07:51","28","2016-05-31 10:55:17","28");
INSERT INTO inventory_total_details VALUES("2114","2","0","0","-1","0","0","0","2016-05-31","2016-05-31 17:05:12","1","2016-05-31 17:05:12","1");
INSERT INTO inventory_total_details VALUES("2116","2","0","0","-1","0","0","0","2016-05-30","2016-05-30 19:09:50","27","2016-05-30 19:09:50","27");
INSERT INTO inventory_total_details VALUES("2117","2","0","0","-1","0","0","0","2016-05-31","2016-05-31 15:15:55","28","2016-05-31 15:15:55","28");
INSERT INTO inventory_total_details VALUES("2118","2","0","0","-2","0","0","0","2016-05-30","2016-05-30 17:25:00","24","2016-05-30 20:35:09","24");
INSERT INTO inventory_total_details VALUES("2119","2","0","0","-1","0","0","0","2016-05-31","2016-05-31 04:10:53","28","2016-05-31 19:23:07","28");
INSERT INTO inventory_total_details VALUES("2120","2","0","0","-4","0","0","0","2016-06-01","2016-06-01 15:07:34","28","2016-06-01 15:07:34","28");
INSERT INTO inventory_total_details VALUES("2121","2","0","0","-1","0","0","0","2016-05-30","2016-05-30 16:56:09","24","2016-05-30 17:57:00","24");
INSERT INTO inventory_total_details VALUES("2125","2","0","0","-1","0","0","0","2016-05-30","2016-05-30 17:14:38","24","2016-05-30 20:45:32","24");
INSERT INTO inventory_total_details VALUES("2126","2","0","0","-1","0","0","0","2016-05-30","2016-05-30 17:17:44","24","2016-05-30 20:46:56","24");
INSERT INTO inventory_total_details VALUES("2127","2","0","0","-1","0","0","0","2016-06-01","2016-06-01 09:16:57","28","2016-06-01 09:16:57","28");
INSERT INTO inventory_total_details VALUES("2128","2","0","0","-1","0","0","0","2016-05-30","2016-05-30 17:17:34","27","2016-05-30 18:49:32","27");
INSERT INTO inventory_total_details VALUES("2129","2","0","0","-1","0","0","0","2016-05-31","2016-05-31 08:02:05","28","2016-05-31 12:43:49","28");
INSERT INTO inventory_total_details VALUES("2130","2","0","0","-1","0","0","0","2016-05-31","2016-05-31 11:51:20","28","2016-05-31 12:08:32","28");
INSERT INTO inventory_total_details VALUES("2131","2","0","0","-1","0","0","0","2016-06-02","2016-06-02 09:48:54","28","2016-06-02 09:48:54","28");
INSERT INTO inventory_total_details VALUES("2133","2","0","0","-1","0","0","0","2016-05-30","2016-05-30 20:04:42","24","2016-05-30 20:04:42","24");
INSERT INTO inventory_total_details VALUES("2134","2","0","0","-2","0","0","0","2016-05-30","2016-05-30 17:16:20","27","2016-05-30 18:50:52","27");
INSERT INTO inventory_total_details VALUES("2135","2","0","0","-2","0","0","0","2016-05-31","2016-05-31 18:50:40","24","2016-05-31 18:50:40","24");
INSERT INTO inventory_total_details VALUES("2136","2","0","0","-2","0","0","0","2016-05-30","2016-05-30 17:16:20","27","2016-05-30 18:50:52","27");
INSERT INTO inventory_total_details VALUES("2137","2","0","0","-1","0","0","0","2016-05-30","2016-05-30 17:00:35","1","2016-05-30 17:00:35","1");
INSERT INTO inventory_total_details VALUES("2138","2","0","0","-1","0","0","0","2016-06-01","2016-06-01 18:10:15","27","2016-06-01 18:10:15","27");
INSERT INTO inventory_total_details VALUES("2139","2","0","0","-1","0","0","0","2016-05-30","2016-05-30 19:37:44","27","2016-05-30 19:37:44","27");
INSERT INTO inventory_total_details VALUES("2140","2","0","0","-1","0","0","0","2016-05-30","2016-05-30 17:16:20","27","2016-05-30 18:50:52","27");
INSERT INTO inventory_total_details VALUES("2141","2","0","0","-1","0","0","0","2016-05-31","2016-05-31 16:15:13","1","2016-05-31 16:15:13","1");
INSERT INTO inventory_total_details VALUES("2142","2","0","0","-1","0","0","0","2016-06-04","2016-06-04 12:04:34","27","2016-06-04 16:08:30","27");
INSERT INTO inventory_total_details VALUES("2143","2","0","0","-1","0","0","0","2016-06-01","2016-06-01 14:37:00","24","2016-06-01 14:37:00","24");
INSERT INTO inventory_total_details VALUES("2144","2","0","0","-1","0","0","0","2016-06-02","2016-06-02 16:28:24","27","2016-06-02 16:28:24","27");
INSERT INTO inventory_total_details VALUES("2146","2","0","0","-1","0","0","0","2016-05-31","2016-05-31 04:25:13","28","2016-05-31 19:18:40","28");
INSERT INTO inventory_total_details VALUES("2163","2","0","0","-1","0","0","0","2016-05-30","2016-05-30 19:12:04","24","2016-05-30 20:36:29","24");
INSERT INTO inventory_total_details VALUES("2164","2","0","0","-1","0","0","0","2016-05-30","2016-05-30 16:53:06","27","2016-05-30 19:14:29","27");
INSERT INTO inventory_total_details VALUES("2165","2","0","0","-1","0","0","0","2016-05-30","2016-05-30 17:13:26","1","2016-05-30 17:13:26","1");
INSERT INTO inventory_total_details VALUES("2166","2","0","0","-8","0","0","0","2016-05-30","2016-05-30 15:16:51","1","2016-05-30 16:55:10","1");
INSERT INTO inventory_total_details VALUES("2172","2","0","0","-1","0","0","0","2016-05-30","2016-05-30 17:07:00","24","2016-05-30 20:45:07","24");
INSERT INTO inventory_total_details VALUES("2173","2","0","0","-1","0","0","0","2016-05-31","2016-05-31 10:33:37","28","2016-05-31 11:09:13","28");
INSERT INTO inventory_total_details VALUES("2174","2","0","0","-1","0","0","0","2016-05-31","2016-05-31 09:21:37","24","2016-05-31 09:21:37","24");
INSERT INTO inventory_total_details VALUES("2178","2","0","0","-1","0","0","0","2016-06-02","2016-06-02 05:19:47","24","2016-06-02 05:19:47","24");
INSERT INTO inventory_total_details VALUES("2179","2","0","0","-1","0","0","0","2016-06-19","2016-06-19 13:01:57","26","2016-06-19 13:01:57","26");
INSERT INTO inventory_total_details VALUES("2182","2","0","0","-1","0","0","0","2016-05-30","2016-05-30 18:50:52","27","2016-05-30 18:50:52","27");
INSERT INTO inventory_total_details VALUES("2183","2","0","0","-1","0","0","0","2016-06-17","2016-06-17 08:39:20","26","2016-06-17 08:39:20","26");
INSERT INTO inventory_total_details VALUES("2188","2","0","0","-1","0","0","0","2016-06-02","2016-06-02 05:19:47","27","2016-06-02 19:29:45","27");
INSERT INTO inventory_total_details VALUES("2197","2","0","0","-2","0","0","0","2016-05-31","2016-05-31 05:33:48","24","2016-05-31 18:01:04","24");
INSERT INTO inventory_total_details VALUES("2198","2","0","0","-1","0","0","0","2016-05-31","2016-05-31 06:32:11","28","2016-05-31 15:18:23","28");
INSERT INTO inventory_total_details VALUES("2199","2","0","0","-1","0","0","0","2016-05-30","2016-05-30 20:45:32","24","2016-05-30 20:45:32","24");
INSERT INTO inventory_total_details VALUES("2201","2","0","0","-1","0","0","0","2016-07-22","2016-07-22 07:59:15","28","2016-07-22 07:59:15","28");
INSERT INTO inventory_total_details VALUES("2202","2","0","0","-1","0","0","0","2016-06-05","2016-06-05 05:43:31","24","2016-06-05 05:43:31","24");
INSERT INTO inventory_total_details VALUES("2203","2","0","0","-2","0","0","0","2016-06-01","2016-06-01 18:10:15","27","2016-06-01 18:10:15","27");
INSERT INTO inventory_total_details VALUES("2204","2","0","0","-1","0","0","0","2016-06-05","2016-06-05 15:46:14","24","2016-06-05 15:46:14","24");
INSERT INTO inventory_total_details VALUES("2206","2","0","0","-2","0","0","0","2016-06-11","2016-06-11 18:11:55","26","2016-06-11 18:11:55","26");
INSERT INTO inventory_total_details VALUES("2207","2","0","0","-1","0","0","0","2016-06-05","2016-06-05 20:28:13","28","2016-06-05 20:28:13","28");
INSERT INTO inventory_total_details VALUES("2208","2","0","0","-1","0","0","0","2016-06-03","2016-06-03 12:29:19","24","2016-06-03 12:29:19","24");
INSERT INTO inventory_total_details VALUES("2209","2","0","0","-1","0","0","0","2016-06-01","2016-06-01 15:42:51","24","2016-06-01 15:42:51","24");
INSERT INTO inventory_total_details VALUES("2213","2","0","0","-1","0","0","0","2016-06-08","2016-06-08 08:14:22","28","2016-06-08 08:14:22","28");
INSERT INTO inventory_total_details VALUES("2217","2","0","0","-2","0","0","0","2016-06-03","2016-06-03 19:05:30","28","2016-06-03 19:05:30","28");
INSERT INTO inventory_total_details VALUES("2218","2","0","0","-1","0","0","0","2016-05-31","2016-05-31 10:46:14","28","2016-05-31 18:18:24","28");
INSERT INTO inventory_total_details VALUES("2219","2","0","0","-1","0","0","0","2016-06-02","2016-06-02 07:11:01","27","2016-06-02 20:39:25","27");
INSERT INTO inventory_total_details VALUES("2220","2","0","0","-120","0","0","0","2016-06-06","2016-06-06 12:05:02","28","2016-06-06 12:05:02","28");
INSERT INTO inventory_total_details VALUES("2226","2","0","0","-1","0","0","0","2016-05-30","2016-05-30 20:29:24","24","2016-05-30 20:29:24","24");
INSERT INTO inventory_total_details VALUES("2228","2","0","0","-1","0","0","0","2016-05-30","2016-05-30 16:53:07","24","2016-05-30 20:52:03","24");
INSERT INTO inventory_total_details VALUES("2229","2","0","0","-10","0","0","0","2016-05-30","2016-05-30 18:02:49","24","2016-05-30 20:49:46","24");
INSERT INTO inventory_total_details VALUES("2231","2","0","0","-3","0","0","0","2016-05-30","2016-05-30 16:58:22","24","2016-05-30 21:01:14","24");
INSERT INTO inventory_total_details VALUES("2232","2","0","0","-2","0","0","0","2016-05-30","2016-05-30 18:38:35","27","2016-05-30 18:38:35","27");
INSERT INTO inventory_total_details VALUES("2233","2","0","0","-3","0","0","0","2016-05-30","2016-05-30 19:34:27","27","2016-05-30 19:51:04","27");
INSERT INTO inventory_total_details VALUES("2235","2","0","0","-1","0","0","0","2016-05-30","2016-05-30 19:37:45","27","2016-05-30 19:55:59","27");
INSERT INTO inventory_total_details VALUES("2236","2","0","0","-1","0","0","0","2016-05-30","2016-05-30 20:25:09","24","2016-05-30 20:25:09","24");
INSERT INTO inventory_total_details VALUES("2237","2","0","0","-2","0","0","0","2016-06-06","2016-06-06 07:55:52","26","2016-06-06 07:55:52","26");
INSERT INTO inventory_total_details VALUES("2238","2","0","0","-2","0","0","0","2016-05-31","2016-05-31 06:54:44","28","2016-05-31 18:18:35","28");
INSERT INTO inventory_total_details VALUES("2239","2","0","0","-1","0","0","0","2016-05-31","2016-05-31 11:09:13","28","2016-05-31 19:15:47","28");
INSERT INTO inventory_total_details VALUES("2240","2","0","0","-1","0","0","0","2016-05-30","2016-05-30 16:58:52","27","2016-05-30 19:23:13","27");
INSERT INTO inventory_total_details VALUES("2241","2","0","0","-1","0","0","0","2016-05-31","2016-05-31 13:05:46","28","2016-05-31 18:12:43","28");
INSERT INTO inventory_total_details VALUES("2243","2","0","0","-2","0","0","0","2016-05-30","2016-05-30 17:15:34","1","2016-05-30 17:15:34","1");
INSERT INTO inventory_total_details VALUES("2250","2","0","0","-1","0","0","0","2016-05-30","2016-05-30 17:14:12","24","2016-05-30 20:46:56","24");
INSERT INTO inventory_total_details VALUES("2251","2","0","0","-1","0","0","0","2016-07-09","2016-07-09 18:58:52","28","2016-07-09 18:58:52","28");
INSERT INTO inventory_total_details VALUES("2252","2","0","0","-3","0","0","0","2016-06-04","2016-06-04 16:15:52","28","2016-06-04 20:22:10","28");
INSERT INTO inventory_total_details VALUES("2253","2","0","0","-1","0","0","0","2016-05-31","2016-05-31 13:24:22","28","2016-05-31 13:24:22","28");
INSERT INTO inventory_total_details VALUES("2254","2","0","0","-5","0","0","0","2016-05-31","2016-05-31 18:14:09","28","2016-05-31 20:17:14","28");
INSERT INTO inventory_total_details VALUES("2255","2","0","0","-5","0","0","0","2016-06-02","2016-06-02 18:24:09","24","2016-06-02 18:24:09","24");
INSERT INTO inventory_total_details VALUES("2256","2","0","0","-1","0","0","0","2016-06-02","2016-06-02 17:07:21","28","2016-06-02 18:40:44","28");
INSERT INTO inventory_total_details VALUES("2257","2","0","0","-1","0","0","0","2016-06-02","2016-06-02 18:53:00","28","2016-06-02 18:53:00","28");
INSERT INTO inventory_total_details VALUES("2258","2","0","0","-1","0","0","0","2016-06-06","2016-06-06 11:06:36","26","2016-06-06 11:06:36","26");
INSERT INTO inventory_total_details VALUES("2259","2","0","0","-2","0","0","0","2016-06-22","2016-06-22 14:12:02","28","2016-06-22 19:30:07","28");
INSERT INTO inventory_total_details VALUES("2260","2","0","0","-1","0","0","0","2016-07-11","2016-07-11 05:45:45","26","2016-07-11 05:45:45","26");
INSERT INTO inventory_total_details VALUES("2262","2","0","0","-1","0","0","0","2016-07-21","2016-07-21 07:37:38","26","2016-07-21 07:37:38","26");



INSERT INTO sales_orders VALUES("55507","2","1","","16SO055486","6000","1.5","0","0","0","2016-07-26","2016-07-26","","2016-07-26 09:00:10","32","2016-07-26 09:00:10","32","1","1","0"),
("55508","2","1","","16SO055487","4000","1","0","0","0","2016-07-26","2016-07-26","","2016-07-26 09:00:39","32","2016-07-26 09:00:39","32","1","1","0"),
("55509","2","1","","16SO055488","38000","9.5","0","0","0","2016-07-26","2016-07-26","","2016-07-26 09:00:48","28","2016-07-26 09:00:48","28","1","1","0"),
("55510","2","1","","16SO055489","7000","1.75","0","0","0","2016-07-26","2016-07-26","","2016-07-26 09:01:04","32","2016-07-26 09:01:04","32","1","1","0"),
("55511","2","1","","16SO055490","2000","0.5","0","0","0","2016-07-26","2016-07-26","","2016-07-26 09:03:03","32","2016-07-26 09:03:03","32","1","1","0"),
("55512","2","1","","16SO055491","6500","1.625","0","0","0","2016-07-26","2016-07-26","","2016-07-26 09:03:41","28","2016-07-26 09:03:41","28","1","1","0"),
("55513","2","1","","16SO055492","6000","1.5","0","0","0","2016-07-26","2016-07-26","","2016-07-26 09:05:55","28","2016-07-26 09:05:55","28","1","1","0"),
("55514","2","1","","16SO055493","1000","0.25","0","0","0","2016-07-26","2016-07-26","","2016-07-26 09:06:12","28","2016-07-26 09:06:12","28","1","1","0"),
("55515","2","1","","16SO055494","15000","3.75","0","0","0","2016-07-26","2016-07-26","","2016-07-26 09:08:32","28","2016-07-26 09:08:32","28","1","1","0"),
("55516","2","1","","16SO055495","3500","0.875","0","0","0","2016-07-26","2016-07-26","","2016-07-26 09:09:03","32","2016-07-26 09:09:03","32","1","1","0"),
("55517","2","1","","16SO055496","1500","0.375","0","0","0","2016-07-26","2016-07-26","","2016-07-26 09:09:28","28","2016-07-26 09:09:28","28","1","1","0"),
("55518","2","1","","16SO055497","2000","0.5","0","0","0","2016-07-26","2016-07-26","","2016-07-26 09:09:48","32","2016-07-26 09:09:48","32","1","1","0"),
("55519","2","1","","16SO055498","2500","0.625","0","0","0","2016-07-26","2016-07-26","","2016-07-26 09:10:13","28","2016-07-26 09:10:13","28","1","1","0"),
("55520","2","1","","16SO055499","4000","1","0","0","0","2016-07-26","2016-07-26","","2016-07-26 09:10:52","28","2016-07-26 09:10:52","28","1","1","0"),
("55521","2","1","","16SO055500","2000","0.5","0","0","0","2016-07-26","2016-07-26","","2016-07-26 09:11:15","28","2016-07-26 09:11:15","28","1","1","0"),
("55522","2","1","","16SO055501","13500","3.375","0","0","0","2016-07-26","2016-07-26","","2016-07-26 09:11:44","28","2016-07-26 09:11:44","28","1","1","0"),
("55523","2","1","","16SO055502","2000","0.5","0","0","0","2016-07-26","2016-07-26","","2016-07-26 09:15:14","32","2016-07-26 09:15:14","32","1","1","0"),
("55524","2","1","","16SO055503","1500","0.375","0","0","0","2016-07-26","2016-07-26","","2016-07-26 09:15:30","32","2016-07-26 09:15:30","32","1","1","0"),
("55525","2","1","","16SO055504","4500","1.125","0","0","0","2016-07-26","2016-07-26","","2016-07-26 09:17:14","32","2016-07-26 09:17:14","32","1","1","0"),
("55526","2","1","","16SO055505","2000","0.5","0","0","0","2016-07-26","2016-07-26","","2016-07-26 09:19:04","28","2016-07-26 09:19:04","28","1","1","0"),
("55527","2","1","","16SO055506","2000","0.5","0","0","0","2016-07-26","2016-07-26","","2016-07-26 09:19:39","28","2016-07-26 09:19:39","28","1","1","0"),
("55528","2","1","","16SO055507","4000","1","0","0","0","2016-07-26","2016-07-26","","2016-07-26 09:22:08","28","2016-07-26 09:22:08","28","1","1","0"),
("55529","2","1","","16SO055508","1000","0.25","0","0","0","2016-07-26","2016-07-26","","2016-07-26 09:22:42","28","2016-07-26 09:22:42","28","1","1","0"),
("55530","2","1","","16SO055509","6000","1.5","0","0","0","2016-07-26","2016-07-26","","2016-07-26 09:26:21","32","2016-07-26 09:26:21","32","1","1","0"),
("55531","2","1","","16SO055510","5000","1.25","0","0","0","2016-07-26","2016-07-26","","2016-07-26 09:28:37","32","2016-07-26 09:28:37","32","1","1","0"),
("55532","2","1","","16SO055511","5000","1.25","0","0","0","2016-07-26","2016-07-26","","2016-07-26 09:29:46","32","2016-07-26 09:29:46","32","1","1","0"),
("55533","2","1","","16SO055512","16500","4.125","0","0","0","2016-07-26","2016-07-26","","2016-07-26 09:30:05","28","2016-07-26 09:30:05","28","1","1","0"),
("55534","2","1","","16SO055513","2000","0.5","0","0","0","2016-07-26","2016-07-26","","2016-07-26 09:30:25","28","2016-07-26 09:30:25","28","1","1","0"),
("55535","2","1","","16SO055514","1500","0.375","0","0","0","2016-07-26","2016-07-26","","2016-07-26 09:30:37","32","2016-07-26 09:30:37","32","1","1","0"),
("55536","2","1","","16SO055515","1500","0.375","0","0","0","2016-07-26","2016-07-26","","2016-07-26 09:30:48","28","2016-07-26 09:30:48","28","1","1","0"),
("55537","2","1","","16SO055516","3000","0.75","0","0","0","2016-07-26","2016-07-26","","2016-07-26 09:31:38","28","2016-07-26 09:31:38","28","1","1","0"),
("55538","2","1","","16SO055517","1000","0.25","0","0","0","2016-07-26","2016-07-26","","2016-07-26 09:32:00","28","2016-07-26 09:32:00","28","1","1","0"),
("55539","2","1","","16SO055518","5000","1.25","0","0","0","2016-07-26","2016-07-26","","2016-07-26 09:32:06","28","2016-07-26 09:32:06","28","1","1","0"),
("55540","2","1","","16SO055519","22500","5.625","0","0","0","2016-07-26","2016-07-26","","2016-07-26 09:32:41","32","2016-07-26 09:32:41","32","1","1","0"),
("55541","2","1","","16SO055520","3500","0.875","0","0","0","2016-07-26","2016-07-26","","2016-07-26 09:33:10","32","2016-07-26 09:33:10","32","1","1","0"),
("55542","2","1","","16SO055521","2000","0.5","0","0","0","2016-07-26","2016-07-26","","2016-07-26 09:34:04","32","2016-07-26 09:34:04","32","1","1","0"),
("55543","2","1","","16SO055522","10000","2.5","0","0","0","2016-07-26","2016-07-26","","2016-07-26 09:34:47","32","2016-07-26 09:34:47","32","1","1","0"),
("55544","2","1","","16SO055523","1000","0.25","0","0","0","2016-07-26","2016-07-26","","2016-07-26 09:36:45","28","2016-07-26 09:36:45","28","1","1","0"),
("55545","2","1","","16SO055524","2000","0.5","0","0","0","2016-07-26","2016-07-26","","2016-07-26 09:37:59","28","2016-07-26 09:37:59","28","1","1","0"),
("55546","2","1","","16SO055525","1000","0.25","0","0","0","2016-07-26","2016-07-26","","2016-07-26 09:40:29","28","2016-07-26 09:40:29","28","1","1","0"),
("55547","2","1","","16SO055526","2500","0.625","0","0","0","2016-07-26","2016-07-26","","2016-07-26 09:40:58","28","2016-07-26 09:40:58","28","1","1","0"),
("55548","2","1","","16SO055527","4000","1","0","0","0","2016-07-26","2016-07-26","","2016-07-26 09:42:33","28","2016-07-26 09:42:33","28","1","1","0"),
("55549","2","1","","16SO055528","1000","0.25","0","0","0","2016-07-26","2016-07-26","","2016-07-26 09:45:12","28","2016-07-26 09:45:12","28","1","1","0"),
("55550","2","1","","16SO055529","7000","1.75","0","0","0","2016-07-26","2016-07-26","","2016-07-26 09:45:21","28","2016-07-26 09:45:21","28","1","1","0"),
("55551","2","1","","16SO055530","5000","1.25","0","0","0","2016-07-26","2016-07-26","","2016-07-26 09:46:21","28","2016-07-26 09:46:21","28","1","1","0"),
("55552","2","1","","16SO055531","3000","0.75","0","0","0","2016-07-26","2016-07-26","","2016-07-26 09:46:37","28","2016-07-26 09:46:37","28","1","1","0"),
("55553","2","1","","16SO055532","5000","1.25","0","0","0","2016-07-26","2016-07-26","","2016-07-26 09:47:11","32","2016-07-26 09:47:11","32","1","1","0"),
("55554","2","1","","16SO055533","5000","1.25","0","0","0","2016-07-26","2016-07-26","","2016-07-26 09:47:24","28","2016-07-26 09:47:24","28","1","1","0"),
("55555","2","1","","16SO055534","2500","0.625","0","0","0","2016-07-26","2016-07-26","","2016-07-26 09:47:26","32","2016-07-26 09:47:26","32","1","1","0"),
("55556","2","1","","16SO055535","3500","0.875","0","0","0","2016-07-26","2016-07-26","","2016-07-26 09:47:38","32","2016-07-26 09:47:38","32","1","1","0"),
("55557","2","1","","16SO055536","10000","2.5","0","0","0","2016-07-26","2016-07-26","","2016-07-26 09:48:11","32","2016-07-26 09:48:11","32","1","1","0"),
("55558","2","1","","16SO055537","500","0.125","0","0","0","2016-07-26","2016-07-26","","2016-07-26 09:48:18","32","2016-07-26 09:48:18","32","1","1","0"),
("55559","2","1","","16SO055538","2000","0.5","0","0","0","2016-07-26","2016-07-26","","2016-07-26 09:49:31","32","2016-07-26 09:49:31","32","1","1","0"),
("55560","2","1","","16SO055539","4000","1","0","0","0","2016-07-26","2016-07-26","","2016-07-26 09:49:55","32","2016-07-26 09:49:55","32","1","1","0"),
("55561","2","1","","16SO055540","4500","1.125","0","0","0","2016-07-26","2016-07-26","","2016-07-26 09:50:10","32","2016-07-26 09:50:10","32","1","1","0"),
("55562","2","1","","16SO055541","5000","1.25","0","0","0","2016-07-26","2016-07-26","","2016-07-26 09:51:06","32","2016-07-26 09:51:06","32","1","1","0"),
("55563","2","1","","16SO055542","5000","1.25","0","0","0","2016-07-26","2016-07-26","","2016-07-26 09:51:21","32","2016-07-26 09:51:21","32","1","1","0"),
("55564","2","1","","16SO055543","2500","0.625","0","0","0","2016-07-26","2016-07-26","","2016-07-26 09:51:57","32","2016-07-26 09:51:57","32","1","1","0"),
("55565","2","1","","16SO055544","2500","0.625","0","0","0","2016-07-26","2016-07-26","","2016-07-26 09:53:32","32","2016-07-26 09:53:32","32","1","1","0"),
("55566","2","1","","16SO055545","2000","0.5","0","0","0","2016-07-26","2016-07-26","","2016-07-26 09:54:08","32","2016-07-26 09:54:08","32","1","1","0"),
("55567","2","1","","16SO055546","1000","0.25","0","0","0","2016-07-26","2016-07-26","","2016-07-26 09:55:09","32","2016-07-26 09:55:09","32","1","1","0"),
("55568","2","1","","16SO055547","2500","0.625","0","0","0","2016-07-26","2016-07-26","","2016-07-26 09:55:15","32","2016-07-26 09:55:15","32","1","1","0"),
("55569","2","1","","16SO055548","500","0.125","0","0","0","2016-07-26","2016-07-26","","2016-07-26 09:55:50","32","2016-07-26 09:55:50","32","1","1","0"),
("55570","2","1","","16SO055549","2000","0.5","0","0","0","2016-07-26","2016-07-26","","2016-07-26 09:58:08","32","2016-07-26 09:58:08","32","1","1","0"),
("55571","2","1","","16SO055550","500","0.125","0","0","0","2016-07-26","2016-07-26","","2016-07-26 09:58:17","32","2016-07-26 09:58:17","32","1","1","0"),
("55572","2","1","","16SO055551","2500","0.625","0","0","0","2016-07-26","2016-07-26","","2016-07-26 09:58:43","32","2016-07-26 09:58:43","32","1","1","0"),
("55573","2","1","","16SO055552","5000","1.25","0","0","0","2016-07-26","2016-07-26","","2016-07-26 10:02:11","32","2016-07-26 10:02:11","32","1","1","0"),
("55574","2","1","","16SO055553","1500","0.375","0","0","0","2016-07-26","2016-07-26","","2016-07-26 10:03:47","32","2016-07-26 10:03:47","32","1","1","0"),
("55575","2","1","","16SO055554","500","0.125","0","0","0","2016-07-26","2016-07-26","","2016-07-26 10:05:59","32","2016-07-26 10:05:59","32","1","1","0"),
("55576","2","1","","16SO055555","1000","0.25","0","0","0","2016-07-26","2016-07-26","","2016-07-26 10:06:14","28","2016-07-26 10:06:14","28","1","1","0"),
("55577","2","1","","16SO055556","6000","1.5","0","0","0","2016-07-26","2016-07-26","","2016-07-26 10:06:55","28","2016-07-26 10:06:55","28","1","1","0"),
("55578","2","1","","16SO055557","43000","10.75","0","0","0","2016-07-26","2016-07-26","","2016-07-26 10:07:18","32","2016-07-26 10:07:18","32","1","1","0"),
("55579","2","1","","16SO055558","2500","0.625","0","0","0","2016-07-26","2016-07-26","","2016-07-26 10:07:33","32","2016-07-26 10:07:33","32","1","1","0"),
("55580","2","1","","16SO055559","1000","0.25","0","0","0","2016-07-26","2016-07-26","","2016-07-26 10:07:53","32","2016-07-26 10:07:53","32","1","1","0"),
("55581","2","1","","16SO055560","9000","2.25","0","0","0","2016-07-26","2016-07-26","","2016-07-26 10:08:15","28","2016-07-26 10:08:15","28","1","1","0"),
("55582","2","1","","16SO055561","4000","1","0","0","0","2016-07-26","2016-07-26","","2016-07-26 10:08:47","28","2016-07-26 10:08:47","28","1","1","0"),
("55583","2","1","","16SO055562","2000","0.5","0","0","0","2016-07-26","2016-07-26","","2016-07-26 10:08:54","32","2016-07-26 10:08:54","32","1","1","0"),
("55584","2","1","","16SO055563","2500","0.625","0","0","0","2016-07-26","2016-07-26","","2016-07-26 10:09:19","28","2016-07-26 10:09:19","28","1","1","0"),
("55585","2","1","","16SO055564","10000","2.5","0","0","0","2016-07-26","2016-07-26","","2016-07-26 10:09:25","32","2016-07-26 10:09:25","32","1","1","0"),
("55586","2","1","","16SO055565","10000","2.5","0","0","0","2016-07-26","2016-07-26","","2016-07-26 10:09:32","32","2016-07-26 10:09:32","32","1","1","0"),
("55587","2","1","","16SO055566","5000","1.25","0","0","0","2016-07-26","2016-07-26","","2016-07-26 10:09:55","28","2016-07-26 10:09:55","28","1","1","0"),
("55588","2","1","","16SO055567","3000","0.75","0","0","0","2016-07-26","2016-07-26","","2016-07-26 10:10:39","28","2016-07-26 10:10:39","28","1","1","0"),
("55589","2","1","","16SO055568","2500","0.625","0","0","0","2016-07-26","2016-07-26","","2016-07-26 10:11:44","28","2016-07-26 10:11:44","28","1","1","0"),
("55590","2","1","","16SO055569","1000","0.25","0","0","0","2016-07-26","2016-07-26","","2016-07-26 10:12:06","28","2016-07-26 10:12:06","28","1","1","0"),
("55591","2","1","","16SO055570","2000","0.5","0","0","0","2016-07-26","2016-07-26","","2016-07-26 10:12:28","32","2016-07-26 10:12:28","32","1","1","0"),
("55592","2","1","","16SO055571","3500","0.875","0","0","0","2016-07-26","2016-07-26","","2016-07-26 10:12:31","28","2016-07-26 10:12:31","28","1","1","0"),
("55593","2","1","","16SO055572","13500","3.375","0","0","0","2016-07-26","2016-07-26","","2016-07-26 10:14:52","32","2016-07-26 10:14:52","32","1","1","0"),
("55594","2","1","","16SO055573","5000","1.25","0","0","0","2016-07-26","2016-07-26","","2016-07-26 10:15:00","28","2016-07-26 10:15:00","28","1","1","0"),
("55595","2","1","","16SO055574","4500","1.125","0","0","0","2016-07-26","2016-07-26","","2016-07-26 10:15:04","32","2016-07-26 10:15:04","32","1","1","0"),
("55596","2","1","","16SO055575","5000","1.25","0","0","0","2016-07-26","2016-07-26","","2016-07-26 10:17:59","28","2016-07-26 10:17:59","28","1","1","0"),
("55597","2","1","","16SO055576","2500","0.625","0","0","0","2016-07-26","2016-07-26","","2016-07-26 10:18:32","28","2016-07-26 10:18:32","28","1","1","0"),
("55598","2","1","","16SO055577","2500","0.625","0","0","0","2016-07-26","2016-07-26","","2016-07-26 10:19:19","28","2016-07-26 10:19:19","28","1","1","0"),
("55599","2","1","","16SO055578","10500","2.625","0","0","0","2016-07-26","2016-07-26","","2016-07-26 10:19:53","28","2016-07-26 10:19:53","28","1","1","0"),
("55600","2","1","","16SO055579","2500","0.625","0","0","0","2016-07-26","2016-07-26","","2016-07-26 10:21:05","32","2016-07-26 10:21:05","32","1","1","0"),
("55601","2","1","","16SO055580","9500","2.375","0","0","0","2016-07-26","2016-07-26","","2016-07-26 10:23:39","28","2016-07-26 10:23:39","28","1","1","0"),
("55602","2","1","","16SO055581","26000","6.5","0","0","0","2016-07-26","2016-07-26","","2016-07-26 10:24:26","32","2016-07-26 10:24:26","32","1","1","0"),
("55603","2","1","","16SO055582","3000","0.75","0","0","0","2016-07-26","2016-07-26","","2016-07-26 10:24:36","28","2016-07-26 10:24:36","28","1","1","0"),
("55604","2","1","","16SO055583","500","0.125","0","0","0","2016-07-26","2016-07-26","","2016-07-26 10:26:03","32","2016-07-26 10:26:03","32","1","1","0"),
("55605","2","1","","16SO055584","700","0.175","0","0","0","2016-07-26","2016-07-26","","2016-07-26 10:30:57","32","2016-07-26 10:30:57","32","1","1","0"),
("55606","2","1","","16SO055585","2000","0.5","0","0","0","2016-07-26","2016-07-26","","2016-07-26 10:31:20","32","2016-07-26 10:31:20","32","1","1","0"),
("55607","2","1","","16SO055586","500","0.125","0","0","0","2016-07-26","2016-07-26","","2016-07-26 10:31:32","32","2016-07-26 10:31:32","32","1","1","0"),
("55608","2","1","","16SO055587","1500","0.375","0","0","0","2016-07-26","2016-07-26","","2016-07-26 10:32:05","32","2016-07-26 10:32:05","32","1","1","0"),
("55609","2","1","","16SO055588","1000","0.25","0","0","0","2016-07-26","2016-07-26","","2016-07-26 10:32:09","32","2016-07-26 10:32:09","32","1","1","0"),
("55610","2","1","","16SO055589","4500","1.125","0","0","0","2016-07-26","2016-07-26","","2016-07-26 10:33:20","32","2016-07-26 10:33:20","32","1","1","0"),
("55611","2","1","","16SO055590","2500","0.625","0","0","0","2016-07-26","2016-07-26","","2016-07-26 10:33:42","32","2016-07-26 10:33:42","32","1","1","0"),
("55612","2","1","","16SO055591","2500","0.625","0","0","0","2016-07-26","2016-07-26","","2016-07-26 10:33:53","32","2016-07-26 10:33:53","32","1","1","0"),
("55613","2","1","","16SO055592","1000","0.25","0","0","0","2016-07-26","2016-07-26","","2016-07-26 10:34:15","32","2016-07-26 10:34:15","32","1","1","0"),
("55614","2","1","","16SO055593","2000","0.5","0","0","0","2016-07-26","2016-07-26","","2016-07-26 10:34:34","32","2016-07-26 10:34:34","32","1","1","0"),
("55615","2","1","","16SO055594","10000","2.5","0","0","0","2016-07-26","2016-07-26","","2016-07-26 10:34:43","32","2016-07-26 10:34:43","32","1","1","0"),
("55616","2","1","","16SO055595","3000","0.75","0","0","0","2016-07-26","2016-07-26","","2016-07-26 10:34:53","32","2016-07-26 10:34:53","32","1","1","0"),
("55617","2","1","","16SO055596","5000","1.25","0","0","0","2016-07-26","2016-07-26","","2016-07-26 10:35:15","28","2016-07-26 10:35:15","28","1","1","0"),
("55618","2","1","","16SO055597","500","0.125","0","0","0","2016-07-26","2016-07-26","","2016-07-26 10:35:22","28","2016-07-26 10:35:22","28","1","1","0"),
("55619","2","1","","16SO055598","1000","0.25","0","0","0","2016-07-26","2016-07-26","","2016-07-26 10:35:28","32","2016-07-26 10:35:28","32","1","1","0"),
("55620","2","1","","16SO055599","1000","0.25","0","0","0","2016-07-26","2016-07-26","","2016-07-26 10:35:46","28","2016-07-26 10:35:46","28","1","1","0"),
("55621","2","1","","16SO055600","1000","0.25","0","0","0","2016-07-26","2016-07-26","","2016-07-26 10:35:58","28","2016-07-26 10:35:58","28","1","1","0"),
("55622","2","1","","16SO055601","8000","2","0","0","0","2016-07-26","2016-07-26","","2016-07-26 10:37:56","28","2016-07-26 10:37:56","28","1","1","0"),
("55623","2","1","","16SO055602","1500","0.375","0","0","0","2016-07-26","2016-07-26","","2016-07-26 10:38:49","32","2016-07-26 10:38:49","32","1","1","0"),
("55624","2","1","","16SO055603","4500","1.125","0","0","0","2016-07-26","2016-07-26","","2016-07-26 10:38:57","32","2016-07-26 10:38:57","32","1","1","0"),
("55625","2","1","","16SO055604","7500","1.875","0","0","0","2016-07-26","2016-07-26","","2016-07-26 10:39:14","28","2016-07-26 10:39:14","28","1","1","0"),
("55626","2","1","","16SO055605","3000","0.75","0","0","0","2016-07-26","2016-07-26","","2016-07-26 10:40:04","28","2016-07-26 10:40:04","28","1","1","0"),
("55627","2","1","","16SO055606","500","0.125","0","0","0","2016-07-26","2016-07-26","","2016-07-26 10:40:36","32","2016-07-26 10:40:36","32","1","1","0"),
("55628","2","1","","16SO055607","6000","1.5","0","0","0","2016-07-26","2016-07-26","","2016-07-26 10:40:38","28","2016-07-26 10:40:38","28","1","1","0"),
("55629","2","1","","16SO055608","2000","0.5","0","0","0","2016-07-26","2016-07-26","","2016-07-26 10:41:06","28","2016-07-26 10:41:06","28","1","1","0"),
("55630","2","1","","16SO055609","5500","1.375","0","0","0","2016-07-26","2016-07-26","","2016-07-26 10:41:28","28","2016-07-26 10:41:28","28","1","1","0"),
("55631","2","1","","16SO055610","3000","0.75","0","0","0","2016-07-26","2016-07-26","","2016-07-26 10:41:43","28","2016-07-26 10:41:43","28","1","1","0"),
("55632","2","1","","16SO055611","9500","2.375","0","0","0","2016-07-26","2016-07-26","","2016-07-26 10:42:07","28","2016-07-26 10:42:07","28","1","1","0"),
("55633","2","1","","16SO055612","1000","0.25","0","0","0","2016-07-26","2016-07-26","","2016-07-26 10:43:10","32","2016-07-26 10:43:10","32","1","1","0"),
("55634","2","1","","16SO055613","7500","1.875","0","0","0","2016-07-26","2016-07-26","","2016-07-26 10:43:25","32","2016-07-26 10:43:25","32","1","1","0"),
("55635","2","1","","16SO055614","3000","0.75","0","0","0","2016-07-26","2016-07-26","","2016-07-26 10:45:36","28","2016-07-26 10:45:36","28","1","1","0"),
("55636","2","1","","16SO055615","2500","0.625","0","0","0","2016-07-26","2016-07-26","","2016-07-26 10:46:57","28","2016-07-26 10:46:57","28","1","1","0"),
("55637","2","1","","16SO055616","3500","0.875","0","0","0","2016-07-26","2016-07-26","","2016-07-26 10:47:09","32","2016-07-26 10:47:09","32","1","1","0"),
("55638","2","1","","16SO055617","2500","0.625","0","0","0","2016-07-26","2016-07-26","","2016-07-26 10:48:13","32","2016-07-26 10:48:13","32","1","1","0"),
("55639","2","1","","16SO055618","1000","0.25","0","0","0","2016-07-26","2016-07-26","","2016-07-26 10:49:16","32","2016-07-26 10:49:16","32","1","1","0"),
("55640","2","1","","16SO055619","2000","0.5","0","0","0","2016-07-26","2016-07-26","","2016-07-26 10:50:41","32","2016-07-26 10:50:41","32","1","1","0"),
("55641","2","1","","16SO055620","6500","1.625","0","0","0","2016-07-26","2016-07-26","","2016-07-26 10:50:49","32","2016-07-26 10:50:49","32","1","1","0"),
("55642","2","1","","16SO055621","5000","1.25","0","0","0","2016-07-26","2016-07-26","","2016-07-26 10:51:37","32","2016-07-26 10:51:37","32","1","1","0"),
("55643","2","1","","16SO055622","10000","2.5","0","0","0","2016-07-26","2016-07-26","","2016-07-26 10:54:57","32","2016-07-26 10:54:57","32","1","1","0"),
("55644","2","1","","16SO055623","500","0.125","0","0","0","2016-07-26","2016-07-26","","2016-07-26 10:57:12","32","2016-07-26 10:57:12","32","1","1","0"),
("55645","2","1","","16SO055624","1500","0.375","0","0","0","2016-07-26","2016-07-26","","2016-07-26 10:57:17","32","2016-07-26 10:57:17","32","1","1","0"),
("55646","2","1","","16SO055625","2500","0.625","0","0","0","2016-07-26","2016-07-26","","2016-07-26 11:00:56","32","2016-07-26 11:00:56","32","1","1","0"),
("55647","2","1","","16SO055626","5000","1.25","0","0","0","2016-07-26","2016-07-26","","2016-07-26 11:02:58","32","2016-07-26 11:02:58","32","1","1","0"),
("55648","2","1","","16SO055627","12000","3","0","0","0","2016-07-26","2016-07-26","","2016-07-26 11:04:03","32","2016-07-26 11:04:03","32","1","1","0"),
("55649","2","1","","16SO055628","7000","1.75","0","0","0","2016-07-26","2016-07-26","","2016-07-26 11:04:31","32","2016-07-26 11:04:31","32","1","1","0"),
("55650","2","1","","16SO055629","1400","0.35","0","0","0","2016-07-26","2016-07-26","","2016-07-26 11:04:51","32","2016-07-26 11:04:51","32","1","1","0"),
("55651","2","1","","16SO055630","1000","0.25","0","0","0","2016-07-26","2016-07-26","","2016-07-26 11:05:11","32","2016-07-26 11:05:11","32","1","1","0"),
("55652","2","1","","16SO055631","2000","0.5","0","0","0","2016-07-26","2016-07-26","","2016-07-26 11:05:35","32","2016-07-26 11:05:35","32","1","1","0"),
("55653","2","1","","16SO055632","13500","3.375","0","0","0","2016-07-26","2016-07-26","","2016-07-26 11:05:38","28","2016-07-26 11:05:38","28","1","1","0"),
("55654","2","1","","16SO055633","8500","2.125","0","0","0","2016-07-26","2016-07-26","","2016-07-26 11:06:26","32","2016-07-26 11:06:26","32","1","1","0"),
("55655","2","1","","16SO055634","5500","1.375","0","0","0","2016-07-26","2016-07-26","","2016-07-26 11:08:04","32","2016-07-26 11:08:04","32","1","1","0"),
("55656","2","1","","16SO055635","4000","1","0","0","0","2016-07-26","2016-07-26","","2016-07-26 11:08:18","32","2016-07-26 11:08:18","32","1","1","0"),
("55657","2","1","","16SO055636","500","0.125","0","0","0","2016-07-26","2016-07-26","","2016-07-26 11:09:10","32","2016-07-26 11:09:10","32","1","1","0"),
("55658","2","1","","16SO055637","1000","0.25","0","0","0","2016-07-26","2016-07-26","","2016-07-26 11:09:17","32","2016-07-26 11:09:17","32","1","1","0"),
("55659","2","1","","16SO055638","3000","0.75","0","0","0","2016-07-26","2016-07-26","","2016-07-26 11:09:41","32","2016-07-26 11:09:41","32","1","1","0"),
("55660","2","1","","16SO055639","500","0.125","0","0","0","2016-07-26","2016-07-26","","2016-07-26 11:10:51","28","2016-07-26 11:10:51","28","1","1","0"),
("55661","2","1","","16SO055640","10000","2.5","0","0","0","2016-07-26","2016-07-26","","2016-07-26 11:10:56","32","2016-07-26 11:10:56","32","1","1","0"),
("55662","2","1","","16SO055641","2000","0.5","0","0","0","2016-07-26","2016-07-26","","2016-07-26 11:11:10","32","2016-07-26 11:11:10","32","1","1","0"),
("55663","2","1","","16SO055642","5000","1.25","0","0","0","2016-07-26","2016-07-26","","2016-07-26 11:13:56","28","2016-07-26 11:13:56","28","1","1","0"),
("55664","2","1","","16SO055643","2000","0.5","0","0","0","2016-07-26","2016-07-26","","2016-07-26 11:14:16","28","2016-07-26 11:14:16","28","1","1","0"),
("55665","2","1","","16SO055644","2900","0.725","0","0","0","2016-07-26","2016-07-26","","2016-07-26 11:15:47","28","2016-07-26 11:15:47","28","1","1","0"),
("55666","2","1","","16SO055645","10000","2.5","0","0","0","2016-07-26","2016-07-26","","2016-07-26 11:17:58","28","2016-07-26 11:17:58","28","1","1","0"),
("55667","2","1","","16SO055646","10000","2.5","0","0","0","2016-07-26","2016-07-26","","2016-07-26 11:18:27","28","2016-07-26 11:18:27","28","1","1","0"),
("55668","2","1","","16SO055647","1400","0.35","0","0","0","2016-07-26","2016-07-26","","2016-07-26 11:18:48","28","2016-07-26 11:18:48","28","1","1","0"),
("55669","2","1","","16SO055648","1500","0.375","0","0","0","2016-07-26","2016-07-26","","2016-07-26 11:19:02","28","2016-07-26 11:19:02","28","1","1","0"),
("55670","2","1","","16SO055649","5000","1.25","0","0","0","2016-07-26","2016-07-26","","2016-07-26 11:19:31","28","2016-07-26 11:19:31","28","1","1","0"),
("55671","2","1","","16SO055650","5000","1.25","0","0","0","2016-07-26","2016-07-26","","2016-07-26 11:20:03","28","2016-07-26 11:20:03","28","1","1","0"),
("55672","2","1","","16SO055651","1500","0.375","0","0","0","2016-07-26","2016-07-26","","2016-07-26 11:20:45","28","2016-07-26 11:20:45","28","1","1","0"),
("55673","2","1","","16SO055652","2000","0.5","0","0","0","2016-07-26","2016-07-26","","2016-07-26 11:23:38","28","2016-07-26 11:23:38","28","1","1","0"),
("55674","2","1","","16SO055653","4000","1","0","0","0","2016-07-26","2016-07-26","","2016-07-26 11:23:58","28","2016-07-26 11:23:58","28","1","1","0"),
("55675","2","1","","16SO055654","7500","1.875","0","0","0","2016-07-26","2016-07-26","","2016-07-26 11:25:32","28","2016-07-26 11:25:32","28","1","1","0"),
("55676","2","1","","16SO055655","2000","0.5","0","0","0","2016-07-26","2016-07-26","","2016-07-26 11:27:21","32","2016-07-26 11:27:21","32","1","1","0"),
("55677","2","1","","16SO055656","1500","0.375","0","0","0","2016-07-26","2016-07-26","","2016-07-26 11:27:28","32","2016-07-26 11:27:28","32","1","1","0"),
("55678","2","1","","16SO055657","7500","1.875","0","0","0","2016-07-26","2016-07-26","","2016-07-26 11:27:32","28","2016-07-26 11:27:32","28","1","1","0"),
("55679","2","1","","16SO055658","5000","1.25","0","0","0","2016-07-26","2016-07-26","","2016-07-26 11:28:26","28","2016-07-26 11:28:26","28","1","1","0"),
("55680","2","1","","16SO055659","500","0.125","0","0","0","2016-07-26","2016-07-26","","2016-07-26 11:28:43","28","2016-07-26 11:28:43","28","1","1","0"),
("55681","2","1","","16SO055660","500","0.125","0","0","0","2016-07-26","2016-07-26","","2016-07-26 11:28:51","28","2016-07-26 11:28:51","28","1","1","0"),
("55682","2","1","","16SO055661","3500","0.875","0","0","0","2016-07-26","2016-07-26","","2016-07-26 11:29:12","32","2016-07-26 11:29:12","32","1","1","0"),
("55683","2","1","","16SO055662","2500","0.625","0","0","0","2016-07-26","2016-07-26","","2016-07-26 11:32:25","28","2016-07-26 11:32:25","28","1","1","0"),
("55684","2","1","","16SO055663","2500","0.625","0","0","0","2016-07-26","2016-07-26","","2016-07-26 11:32:51","28","2016-07-26 11:32:51","28","1","1","0"),
("55685","2","1","","16SO055664","7000","1.75","0","0","0","2016-07-26","2016-07-26","","2016-07-26 11:33:13","28","2016-07-26 11:33:13","28","1","1","0"),
("55686","2","1","","16SO055665","3000","0.75","0","0","0","2016-07-26","2016-07-26","","2016-07-26 11:35:19","28","2016-07-26 11:35:19","28","1","1","0"),
("55687","2","1","","16SO055666","2500","0.625","0","0","0","2016-07-26","2016-07-26","","2016-07-26 11:36:08","32","2016-07-26 11:36:08","32","1","1","0"),
("55688","2","1","","16SO055667","3000","0.75","0","0","0","2016-07-26","2016-07-26","","2016-07-26 11:36:49","28","2016-07-26 11:36:49","28","1","1","0"),
("55689","2","1","","16SO055668","2000","0.5","0","0","0","2016-07-26","2016-07-26","","2016-07-26 11:37:44","32","2016-07-26 11:37:44","32","1","1","0"),
("55690","2","1","","16SO055669","4000","1","0","0","0","2016-07-26","2016-07-26","","2016-07-26 11:37:48","28","2016-07-26 11:37:48","28","1","1","0"),
("55691","2","1","","16SO055670","2000","0.5","0","0","0","2016-07-26","2016-07-26","","2016-07-26 11:38:01","32","2016-07-26 11:38:01","32","1","1","0"),
("55692","2","1","","16SO055671","39500","9.875","0","0","0","2016-07-26","2016-07-26","","2016-07-26 11:39:25","28","2016-07-26 11:39:25","28","1","1","0"),
("55693","2","1","","16SO055672","30500","7.625","0","0","0","2016-07-26","2016-07-26","","2016-07-26 11:41:46","28","2016-07-26 11:41:46","28","1","1","0"),
("55694","2","1","","16SO055673","500","0.125","0","0","0","2016-07-26","2016-07-26","","2016-07-26 11:45:00","32","2016-07-26 11:45:00","32","1","1","0"),
("55695","2","1","","16SO055674","1000","0.25","0","0","0","2016-07-26","2016-07-26","","2016-07-26 11:45:18","32","2016-07-26 11:45:18","32","1","1","0"),
("55696","2","1","","16SO055675","4000","1","0","0","0","2016-07-26","2016-07-26","","2016-07-26 11:45:23","32","2016-07-26 11:45:23","32","1","1","0"),
("55697","2","1","","16SO055676","2000","0.5","0","0","0","2016-07-26","2016-07-26","","2016-07-26 11:46:18","32","2016-07-26 11:46:18","32","1","1","0"),
("55698","2","1","","16SO055677","2000","0.5","0","0","0","2016-07-26","2016-07-26","","2016-07-26 11:47:54","28","2016-07-26 11:47:54","28","1","1","0"),
("55699","2","1","","16SO055678","2000","0.5","0","0","0","2016-07-26","2016-07-26","","2016-07-26 11:48:54","32","2016-07-26 11:48:54","32","1","1","0"),
("55700","2","1","","16SO055679","2000","0.5","0","0","0","2016-07-26","2016-07-26","","2016-07-26 11:50:16","32","2016-07-26 11:50:16","32","1","1","0"),
("55701","2","1","","16SO055680","5000","1.25","0","0","0","2016-07-26","2016-07-26","","2016-07-26 11:53:36","32","2016-07-26 11:53:36","32","1","1","0"),
("55702","2","1","","16SO055681","500","0.125","0","0","0","2016-07-26","2016-07-26","","2016-07-26 11:53:48","32","2016-07-26 11:53:48","32","1","1","0"),
("55703","2","1","","16SO055682","5000","1.25","0","0","0","2016-07-26","2016-07-26","","2016-07-26 11:54:25","32","2016-07-26 11:54:25","32","1","1","0"),
("55704","2","1","","16SO055683","37500","9.375","0","0","0","2016-07-26","2016-07-26","","2016-07-26 11:54:53","28","2016-07-26 11:54:53","28","1","1","0"),
("55705","2","1","","16SO055684","2000","0.5","0","0","0","2016-07-26","2016-07-26","","2016-07-26 11:55:53","32","2016-07-26 11:55:53","32","1","1","0"),
("55706","2","1","","16SO055685","7500","1.875","0","0","0","2016-07-26","2016-07-26","","2016-07-26 11:56:15","32","2016-07-26 11:56:15","32","1","1","0"),
("55707","2","1","","16SO055686","4500","1.125","0","0","0","2016-07-26","2016-07-26","","2016-07-26 11:56:45","32","2016-07-26 11:56:45","32","1","1","0"),
("55708","2","1","","16SO055687","3000","0.75","0","0","0","2016-07-26","2016-07-26","","2016-07-26 11:56:59","32","2016-07-26 11:56:59","32","1","1","0"),
("55709","2","1","","16SO055688","14000","3.5","0","0","0","2016-07-26","2016-07-26","","2016-07-26 11:57:15","28","2016-07-26 11:57:15","28","1","1","0"),
("55710","2","1","","16SO055689","1500","0.375","0","0","0","2016-07-26","2016-07-26","","2016-07-26 11:57:39","32","2016-07-26 11:57:39","32","1","1","0"),
("55711","2","1","","16SO055690","500","0.125","0","0","0","2016-07-26","2016-07-26","","2016-07-26 11:57:56","32","2016-07-26 11:57:56","32","1","1","0"),
("55712","2","1","","16SO055691","2500","0.625","0","0","0","2016-07-26","2016-07-26","","2016-07-26 11:58:13","32","2016-07-26 11:58:13","32","1","1","0"),
("55713","2","1","","16SO055692","3000","0.75","0","0","0","2016-07-26","2016-07-26","","2016-07-26 11:58:47","32","2016-07-26 11:58:47","32","1","1","0");

INSERT INTO sales_order_details VALUES("73742","55507","0","2228","5","1","1","500","2500","","","0","0","2016-07-26 09:00:10","2016-07-26 09:00:10"),
("73743","55507","0","2166","5","1","1","700","3500","","","0","0","2016-07-26 09:00:10","2016-07-26 09:00:10"),
("73744","55508","0","2099","2","1","1","2000","4000","","","0","0","2016-07-26 09:00:39","2016-07-26 09:00:39"),
("73745","55509","0","2121","1","1","1","13000","13000","","","0","0","2016-07-26 09:00:48","2016-07-26 09:00:48"),
("73746","55509","0","2070","15","1","1","1000","15000","","","0","0","2016-07-26 09:00:48","2016-07-26 09:00:48"),
("73747","55509","0","2240","2","1","1","5000","10000","","","0","0","2016-07-26 09:00:48","2016-07-26 09:00:48"),
("73748","55510","0","2166","10","1","1","700","7000","","","0","0","2016-07-26 09:01:04","2016-07-26 09:01:04"),
("73749","55511","0","2125","2","1","1","1000","2000","","","0","0","2016-07-26 09:03:03","2016-07-26 09:03:03"),
("73750","55512","0","2118","1","1","1","6500","6500","","","0","0","2016-07-26 09:03:42","2016-07-26 09:03:42"),
("73751","55513","0","2164","2","1","1","3000","6000","","","0","0","2016-07-26 09:05:55","2016-07-26 09:05:55"),
("73752","55514","0","2125","1","1","1","1000","1000","","","0","0","2016-07-26 09:06:12","2016-07-26 09:06:12"),
("73753","55515","0","2231","10","1","1","1500","15000","","","0","0","2016-07-26 09:08:32","2016-07-26 09:08:32"),
("73754","55516","0","2166","5","1","1","700","3500","","","0","0","2016-07-26 09:09:03","2016-07-26 09:09:03"),
("73755","55517","0","2231","1","1","1","1500","1500","","","0","0","2016-07-26 09:09:28","2016-07-26 09:09:28"),
("73756","55518","0","2228","4","1","1","500","2000","","","0","0","2016-07-26 09:09:48","2016-07-26 09:09:48"),
("73757","55519","0","2197","1","1","1","2500","2500","","","0","0","2016-07-26 09:10:13","2016-07-26 09:10:13"),
("73758","55520","0","2085","2","1","1","2000","4000","","","0","0","2016-07-26 09:10:52","2016-07-26 09:10:52"),
("73759","55521","0","2126","1","1","1","2000","2000","","","0","0","2016-07-26 09:11:15","2016-07-26 09:11:15"),
("73760","55522","0","2250","2","1","1","500","1000","","","0","0","2016-07-26 09:11:44","2016-07-26 09:11:44"),
("73761","55522","0","2197","1","1","1","2500","2500","","","0","0","2016-07-26 09:11:44","2016-07-26 09:11:44"),
("73762","55522","0","2240","2","1","1","5000","10000","","","0","0","2016-07-26 09:11:44","2016-07-26 09:11:44"),
("73763","55523","0","2228","4","1","1","500","2000","","","0","0","2016-07-26 09:15:14","2016-07-26 09:15:14"),
("73764","55524","0","2228","3","1","1","500","1500","","","0","0","2016-07-26 09:15:30","2016-07-26 09:15:30"),
("73765","55525","0","2231","3","1","1","1500","4500","","","0","0","2016-07-26 09:17:14","2016-07-26 09:17:14"),
("73766","55526","0","2076","1","1","1","2000","2000","","","0","0","2016-07-26 09:19:04","2016-07-26 09:19:04"),
("73767","55527","0","2228","4","1","1","500","2000","","","0","0","2016-07-26 09:19:39","2016-07-26 09:19:39"),
("73768","55528","0","2236","2","1","1","2000","4000","","","0","0","2016-07-26 09:22:08","2016-07-26 09:22:08"),
("73769","55529","0","2232","1","1","1","1000","1000","","","0","0","2016-07-26 09:22:42","2016-07-26 09:22:42"),
("73770","55530","0","2228","12","1","1","500","6000","","","0","0","2016-07-26 09:26:21","2016-07-26 09:26:21"),
("73771","55531","0","2228","10","1","1","500","5000","","","0","0","2016-07-26 09:28:37","2016-07-26 09:28:37"),
("73772","55532","0","2228","10","1","1","500","5000","","","0","0","2016-07-26 09:29:46","2016-07-26 09:29:46"),
("73773","55533","0","2104","3","1","1","5500","16500","","","0","0","2016-07-26 09:30:05","2016-07-26 09:30:05"),
("73774","55534","0","2064","1","1","1","2000","2000","","","0","0","2016-07-26 09:30:26","2016-07-26 09:30:26"),
("73775","55535","0","2228","3","1","1","500","1500","","","0","0","2016-07-26 09:30:38","2016-07-26 09:30:38"),
("73776","55536","0","2231","1","1","1","1500","1500","","","0","0","2016-07-26 09:30:48","2016-07-26 09:30:48"),
("73777","55537","0","2241","1","1","1","3000","3000","","","0","0","2016-07-26 09:31:38","2016-07-26 09:31:38"),
("73778","55538","0","2125","1","1","1","1000","1000","","","0","0","2016-07-26 09:32:00","2016-07-26 09:32:00"),
("73779","55539","0","2228","10","1","1","500","5000","","","0","0","2016-07-26 09:32:06","2016-07-26 09:32:06"),
("73780","55540","0","2164","2","1","1","3000","6000","","","0","0","2016-07-26 09:32:42","2016-07-26 09:32:42"),
("73781","55540","0","2095","2","1","1","4000","8000","","","0","0","2016-07-26 09:32:42","2016-07-26 09:32:42"),
("73782","55540","0","2174","1","1","1","8500","8500","","","0","0","2016-07-26 09:32:42","2016-07-26 09:32:42"),
("73783","55541","0","2125","1","1","1","1000","1000","","","0","0","2016-07-26 09:33:10","2016-07-26 09:33:10"),
("73784","55541","0","2197","1","1","1","2500","2500","","","0","0","2016-07-26 09:33:10","2016-07-26 09:33:10"),
("73785","55542","0","2228","4","1","1","500","2000","","","0","0","2016-07-26 09:34:04","2016-07-26 09:34:04"),
("73786","55543","0","2228","20","1","1","500","10000","","","0","0","2016-07-26 09:34:47","2016-07-26 09:34:47"),
("73787","55544","0","2125","1","1","1","1000","1000","","","0","0","2016-07-26 09:36:45","2016-07-26 09:36:45"),
("73788","55545","0","2125","2","1","1","1000","2000","","","0","0","2016-07-26 09:37:59","2016-07-26 09:37:59"),
("73789","55546","0","2228","2","1","1","500","1000","","","0","0","2016-07-26 09:40:29","2016-07-26 09:40:29"),
("73790","55547","0","2228","5","1","1","500","2500","","","0","0","2016-07-26 09:40:58","2016-07-26 09:40:58"),
("73791","55548","0","2095","1","1","1","4000","4000","","","0","0","2016-07-26 09:42:33","2016-07-26 09:42:33"),
("73792","55549","0","2125","1","1","1","1000","1000","","","0","0","2016-07-26 09:45:12","2016-07-26 09:45:12"),
("73793","55550","0","2229","10","1","1","700","7000","","","0","0","2016-07-26 09:45:21","2016-07-26 09:45:21"),
("73794","55551","0","2228","10","1","1","500","5000","","","0","0","2016-07-26 09:46:21","2016-07-26 09:46:21"),
("73795","55552","0","2231","2","1","1","1500","3000","","","0","0","2016-07-26 09:46:37","2016-07-26 09:46:37"),
("73796","55553","0","2228","10","1","1","500","5000","","","0","0","2016-07-26 09:47:11","2016-07-26 09:47:11"),
("73797","55554","0","2073","1","1","1","1000","1000","","","0","0","2016-07-26 09:47:24","2016-07-26 09:47:24"),
("73798","55554","0","2065","1","1","1","1000","1000","","","0","0","2016-07-26 09:47:24","2016-07-26 09:47:24"),
("73799","55554","0","2228","6","1","1","500","3000","","","0","0","2016-07-26 09:47:25","2016-07-26 09:47:25"),
("73800","55555","0","2228","5","1","1","500","2500","","","0","0","2016-07-26 09:47:26","2016-07-26 09:47:26"),
("73801","55556","0","2166","5","1","1","700","3500","","","0","0","2016-07-26 09:47:38","2016-07-26 09:47:38"),
("73802","55557","0","2228","20","1","1","500","10000","","","0","0","2016-07-26 09:48:11","2016-07-26 09:48:11"),
("73803","55558","0","2250","1","1","1","500","500","","","0","0","2016-07-26 09:48:18","2016-07-26 09:48:18"),
("73804","55559","0","2125","2","1","1","1000","2000","","","0","0","2016-07-26 09:49:31","2016-07-26 09:49:31"),
("73805","55560","0","2228","2","1","1","500","1000","","","0","0","2016-07-26 09:49:55","2016-07-26 09:49:55"),
("73806","55560","0","2093","1","1","1","3000","3000","","","0","0","2016-07-26 09:49:55","2016-07-26 09:49:55"),
("73807","55561","0","2231","3","1","1","1500","4500","","","0","0","2016-07-26 09:50:10","2016-07-26 09:50:10"),
("73808","55562","0","2228","6","1","1","500","3000","","","0","0","2016-07-26 09:51:06","2016-07-26 09:51:06"),
("73809","55562","0","2071","2","1","1","1000","2000","","","0","0","2016-07-26 09:51:06","2016-07-26 09:51:06"),
("73810","55563","0","2098","1","1","1","2500","2500","","","0","0","2016-07-26 09:51:21","2016-07-26 09:51:21"),
("73811","55563","0","2097","1","1","1","2500","2500","","","0","0","2016-07-26 09:51:21","2016-07-26 09:51:21"),
("73812","55564","0","2125","1","1","1","1000","1000","","","0","0","2016-07-26 09:51:57","2016-07-26 09:51:57"),
("73813","55564","0","2075","1","1","1","1500","1500","","","0","0","2016-07-26 09:51:57","2016-07-26 09:51:57"),
("73814","55565","0","2250","1","1","1","500","500","","","0","0","2016-07-26 09:53:32","2016-07-26 09:53:32"),
("73815","55565","0","2126","1","1","1","2000","2000","","","0","0","2016-07-26 09:53:32","2016-07-26 09:53:32"),
("73816","55566","0","2228","4","1","1","500","2000","","","0","0","2016-07-26 09:54:09","2016-07-26 09:54:09"),
("73817","55567","0","2125","1","1","1","1000","1000","","","0","0","2016-07-26 09:55:09","2016-07-26 09:55:09"),
("73818","55568","0","2228","5","1","1","500","2500","","","0","0","2016-07-26 09:55:15","2016-07-26 09:55:15"),
("73819","55569","0","2250","1","1","1","500","500","","","0","0","2016-07-26 09:55:50","2016-07-26 09:55:50"),
("73820","55570","0","2228","4","1","1","500","2000","","","0","0","2016-07-26 09:58:08","2016-07-26 09:58:08"),
("73821","55571","0","2250","1","1","1","500","500","","","0","0","2016-07-26 09:58:17","2016-07-26 09:58:17"),
("73822","55572","0","2228","5","1","1","500","2500","","","0","0","2016-07-26 09:58:43","2016-07-26 09:58:43"),
("73823","55573","0","2228","4","1","1","500","2000","","","0","0","2016-07-26 10:02:11","2016-07-26 10:02:11"),
("73824","55573","0","2231","2","1","1","1500","3000","","","0","0","2016-07-26 10:02:11","2016-07-26 10:02:11"),
("73825","55574","0","2228","3","1","1","500","1500","","","0","0","2016-07-26 10:03:47","2016-07-26 10:03:47"),
("73826","55575","0","2250","1","1","1","500","500","","","0","0","2016-07-26 10:05:59","2016-07-26 10:05:59"),
("73827","55576","0","2228","2","1","1","500","1000","","","0","0","2016-07-26 10:06:15","2016-07-26 10:06:15"),
("73828","55577","0","2126","3","1","1","2000","6000","","","0","0","2016-07-26 10:06:55","2016-07-26 10:06:55"),
("73829","55578","0","2117","2","1","1","7500","15000","","","0","0","2016-07-26 10:07:18","2016-07-26 10:07:18"),
("73830","55578","0","2079","2","1","1","1500","3000","","","0","0","2016-07-26 10:07:18","2016-07-26 10:07:18"),
("73831","55578","0","2163","2","1","1","2500","5000","","","0","0","2016-07-26 10:07:18","2016-07-26 10:07:18"),
("73832","55578","0","2088","4","1","1","5000","20000","","","0","0","2016-07-26 10:07:18","2016-07-26 10:07:18"),
("73833","55579","0","2228","5","1","1","500","2500","","","0","0","2016-07-26 10:07:33","2016-07-26 10:07:33"),
("73834","55580","0","2228","2","1","1","500","1000","","","0","0","2016-07-26 10:07:53","2016-07-26 10:07:53"),
("73835","55581","0","2110","1","1","1","2500","2500","","","0","0","2016-07-26 10:08:15","2016-07-26 10:08:15"),
("73836","55581","0","2118","1","1","1","6500","6500","","","0","0","2016-07-26 10:08:15","2016-07-26 10:08:15"),
("73837","55582","0","2126","2","1","1","2000","4000","","","0","0","2016-07-26 10:08:47","2016-07-26 10:08:47"),
("73838","55583","0","2228","4","1","1","500","2000","","","0","0","2016-07-26 10:08:54","2016-07-26 10:08:54"),
("73839","55584","0","2089","1","1","1","2500","2500","","","0","0","2016-07-26 10:09:19","2016-07-26 10:09:19"),
("73840","55585","0","2228","20","1","1","500","10000","","","0","0","2016-07-26 10:09:25","2016-07-26 10:09:25"),
("73841","55586","0","2228","20","1","1","500","10000","","","0","0","2016-07-26 10:09:32","2016-07-26 10:09:32"),
("73842","55587","0","2228","10","1","1","500","5000","","","0","0","2016-07-26 10:09:55","2016-07-26 10:09:55"),
("73843","55588","0","2228","6","1","1","500","3000","","","0","0","2016-07-26 10:10:39","2016-07-26 10:10:39"),
("73844","55589","0","2064","1","1","1","2000","2000","","","0","0","2016-07-26 10:11:44","2016-07-26 10:11:44"),
("73845","55589","0","2250","1","1","1","500","500","","","0","0","2016-07-26 10:11:44","2016-07-26 10:11:44"),
("73846","55590","0","2228","2","1","1","500","1000","","","0","0","2016-07-26 10:12:06","2016-07-26 10:12:06"),
("73847","55591","0","2228","1","1","1","500","500","","","0","0","2016-07-26 10:12:28","2016-07-26 10:12:28"),
("73848","55591","0","2231","1","1","1","1500","1500","","","0","0","2016-07-26 10:12:28","2016-07-26 10:12:28"),
("73849","55592","0","2146","1","1","1","3500","3500","","","0","0","2016-07-26 10:12:31","2016-07-26 10:12:31"),
("73850","55593","0","2078","4","1","1","1500","6000","","","0","0","2016-07-26 10:14:52","2016-07-26 10:14:52"),
("73851","55593","0","2073","2","1","1","1000","2000","","","0","0","2016-07-26 10:14:52","2016-07-26 10:14:52"),
("73852","55593","0","2104","1","1","1","5500","5500","","","0","0","2016-07-26 10:14:52","2016-07-26 10:14:52"),
("73853","55594","0","2228","10","1","1","500","5000","","","0","0","2016-07-26 10:15:00","2016-07-26 10:15:00"),
("73854","55595","0","2231","3","1","1","1500","4500","","","0","0","2016-07-26 10:15:04","2016-07-26 10:15:04"),
("73855","55596","0","2083","2","1","1","2500","5000","","","0","0","2016-07-26 10:18:00","2016-07-26 10:18:00"),
("73856","55597","0","2197","1","1","1","2500","2500","","","0","0","2016-07-26 10:18:32","2016-07-26 10:18:32"),
("73857","55598","0","2197","1","1","1","2500","2500","","","0","0","2016-07-26 10:19:19","2016-07-26 10:19:19"),
("73858","55599","0","2235","2","1","1","2500","5000","","","0","0","2016-07-26 10:19:53","2016-07-26 10:19:53"),
("73859","55599","0","2104","1","1","1","5500","5500","","","0","0","2016-07-26 10:19:53","2016-07-26 10:19:53"),
("73860","55600","0","2197","1","1","1","2500","2500","","","0","0","2016-07-26 10:21:05","2016-07-26 10:21:05"),
("73861","55601","0","2165","2","1","1","1000","2000","","","0","0","2016-07-26 10:23:39","2016-07-26 10:23:39"),
("73862","55601","0","2116","1","1","1","7500","7500","","","0","0","2016-07-26 10:23:39","2016-07-26 10:23:39"),
("73863","55602","0","2240","1","1","1","5000","5000","","","0","0","2016-07-26 10:24:26","2016-07-26 10:24:26"),
("73864","55602","0","2163","2","1","1","2500","5000","","","0","0","2016-07-26 10:24:26","2016-07-26 10:24:26"),
("73865","55602","0","2071","5","1","1","1000","5000","","","0","0","2016-07-26 10:24:26","2016-07-26 10:24:26"),
("73866","55602","0","2083","2","1","1","2500","5000","","","0","0","2016-07-26 10:24:26","2016-07-26 10:24:26"),
("73867","55602","0","2093","2","1","1","3000","6000","","","0","0","2016-07-26 10:24:26","2016-07-26 10:24:26"),
("73868","55603","0","2241","1","1","1","3000","3000","","","0","0","2016-07-26 10:24:36","2016-07-26 10:24:36"),
("73869","55604","0","2250","1","1","1","500","500","","","0","0","2016-07-26 10:26:03","2016-07-26 10:26:03"),
("73870","55605","0","2166","1","1","1","700","700","","","0","0","2016-07-26 10:30:57","2016-07-26 10:30:57"),
("73871","55606","0","2064","1","1","1","2000","2000","","","0","0","2016-07-26 10:31:20","2016-07-26 10:31:20"),
("73872","55607","0","2250","1","1","1","500","500","","","0","0","2016-07-26 10:31:32","2016-07-26 10:31:32"),
("73873","55608","0","2228","3","1","1","500","1500","","","0","0","2016-07-26 10:32:05","2016-07-26 10:32:05"),
("73874","55609","0","2065","1","1","1","1000","1000","","","0","0","2016-07-26 10:32:09","2016-07-26 10:32:09"),
("73875","55610","0","2083","1","1","1","2500","2500","","","0","0","2016-07-26 10:33:20","2016-07-26 10:33:20"),
("73876","55610","0","2064","1","1","1","2000","2000","","","0","0","2016-07-26 10:33:20","2016-07-26 10:33:20"),
("73877","55611","0","2228","5","1","1","500","2500","","","0","0","2016-07-26 10:33:43","2016-07-26 10:33:43"),
("73878","55612","0","2228","5","1","1","500","2500","","","0","0","2016-07-26 10:33:53","2016-07-26 10:33:53"),
("73879","55613","0","2250","2","1","1","500","1000","","","0","0","2016-07-26 10:34:15","2016-07-26 10:34:15"),
("73880","55614","0","2228","4","1","1","500","2000","","","0","0","2016-07-26 10:34:34","2016-07-26 10:34:34"),
("73881","55615","0","2228","20","1","1","500","10000","","","0","0","2016-07-26 10:34:43","2016-07-26 10:34:43"),
("73882","55616","0","2228","6","1","1","500","3000","","","0","0","2016-07-26 10:34:53","2016-07-26 10:34:53"),
("73883","55617","0","2228","10","1","1","500","5000","","","0","0","2016-07-26 10:35:15","2016-07-26 10:35:15"),
("73884","55618","0","2250","1","1","1","500","500","","","0","0","2016-07-26 10:35:22","2016-07-26 10:35:22"),
("73885","55619","0","2228","2","1","1","500","1000","","","0","0","2016-07-26 10:35:28","2016-07-26 10:35:28"),
("73886","55620","0","2125","1","1","1","1000","1000","","","0","0","2016-07-26 10:35:46","2016-07-26 10:35:46"),
("73887","55621","0","2228","2","1","1","500","1000","","","0","0","2016-07-26 10:35:58","2016-07-26 10:35:58"),
("73888","55622","0","2095","2","1","1","4000","8000","","","0","0","2016-07-26 10:37:56","2016-07-26 10:37:56"),
("73889","55623","0","2231","1","1","1","1500","1500","","","0","0","2016-07-26 10:38:49","2016-07-26 10:38:49"),
("73890","55624","0","2231","3","1","1","1500","4500","","","0","0","2016-07-26 10:38:57","2016-07-26 10:38:57"),
("73891","55625","0","2231","5","1","1","1500","7500","","","0","0","2016-07-26 10:39:14","2016-07-26 10:39:14"),
("73892","55626","0","2093","1","1","1","3000","3000","","","0","0","2016-07-26 10:40:04","2016-07-26 10:40:04"),
("73893","55627","0","2250","1","1","1","500","500","","","0","0","2016-07-26 10:40:36","2016-07-26 10:40:36"),
("73894","55628","0","2107","1","1","1","6000","6000","","","0","0","2016-07-26 10:40:38","2016-07-26 10:40:38"),
("73895","55629","0","2064","1","1","1","2000","2000","","","0","0","2016-07-26 10:41:06","2016-07-26 10:41:06"),
("73896","55630","0","2104","1","1","1","5500","5500","","","0","0","2016-07-26 10:41:28","2016-07-26 10:41:28"),
("73897","55631","0","2093","1","1","1","3000","3000","","","0","0","2016-07-26 10:41:43","2016-07-26 10:41:43"),
("73898","55632","0","2089","1","1","1","2500","2500","","","0","0","2016-07-26 10:42:07","2016-07-26 10:42:07"),
("73899","55632","0","2076","1","1","1","2000","2000","","","0","0","2016-07-26 10:42:07","2016-07-26 10:42:07"),
("73900","55632","0","2240","1","1","1","5000","5000","","","0","0","2016-07-26 10:42:07","2016-07-26 10:42:07"),
("73901","55633","0","2125","1","1","1","1000","1000","","","0","0","2016-07-26 10:43:10","2016-07-26 10:43:10"),
("73902","55634","0","2228","15","1","1","500","7500","","","0","0","2016-07-26 10:43:25","2016-07-26 10:43:25"),
("73903","55635","0","2125","1","1","1","1000","1000","","","0","0","2016-07-26 10:45:36","2016-07-26 10:45:36"),
("73904","55635","0","2065","2","1","1","1000","2000","","","0","0","2016-07-26 10:45:36","2016-07-26 10:45:36"),
("73905","55636","0","2098","1","1","1","2500","2500","","","0","0","2016-07-26 10:46:57","2016-07-26 10:46:57"),
("73906","55637","0","2250","1","1","1","500","500","","","0","0","2016-07-26 10:47:09","2016-07-26 10:47:09"),
("73907","55637","0","2093","1","1","1","3000","3000","","","0","0","2016-07-26 10:47:09","2016-07-26 10:47:09"),
("73908","55638","0","2110","1","1","1","2500","2500","","","0","0","2016-07-26 10:48:13","2016-07-26 10:48:13"),
("73909","55639","0","2250","2","1","1","500","1000","","","0","0","2016-07-26 10:49:16","2016-07-26 10:49:16"),
("73910","55640","0","2236","1","1","1","2000","2000","","","0","0","2016-07-26 10:50:41","2016-07-26 10:50:41"),
("73911","55641","0","2118","1","1","1","6500","6500","","","0","0","2016-07-26 10:50:49","2016-07-26 10:50:49"),
("73912","55642","0","2228","10","1","1","500","5000","","","0","0","2016-07-26 10:51:37","2016-07-26 10:51:37"),
("73913","55643","0","2228","20","1","1","500","10000","","","0","0","2016-07-26 10:54:57","2016-07-26 10:54:57"),
("73914","55644","0","2250","1","1","1","500","500","","","0","0","2016-07-26 10:57:12","2016-07-26 10:57:12"),
("73915","55645","0","2231","1","1","1","1500","1500","","","0","0","2016-07-26 10:57:17","2016-07-26 10:57:17"),
("73916","55646","0","2228","5","1","1","500","2500","","","0","0","2016-07-26 11:00:56","2016-07-26 11:00:56"),
("73917","55647","0","2090","2","1","1","2500","5000","","","0","0","2016-07-26 11:02:58","2016-07-26 11:02:58"),
("73918","55648","0","2093","4","1","1","3000","12000","","","0","0","2016-07-26 11:04:03","2016-07-26 11:04:03"),
("73919","55649","0","2146","1","1","1","3500","3500","","","0","0","2016-07-26 11:04:31","2016-07-26 11:04:31"),
("73920","55649","0","2229","5","1","1","700","3500","","","0","0","2016-07-26 11:04:31","2016-07-26 11:04:31"),
("73921","55650","0","2229","2","1","1","700","1400","","","0","0","2016-07-26 11:04:51","2016-07-26 11:04:51"),
("73922","55651","0","2250","2","1","1","500","1000","","","0","0","2016-07-26 11:05:11","2016-07-26 11:05:11"),
("73923","55652","0","2228","4","1","1","500","2000","","","0","0","2016-07-26 11:05:35","2016-07-26 11:05:35"),
("73924","55653","0","2238","3","1","1","2500","7500","","","0","0","2016-07-26 11:05:38","2016-07-26 11:05:38"),
("73925","55653","0","2074","2","1","1","1500","3000","","","0","0","2016-07-26 11:05:38","2016-07-26 11:05:38"),
("73926","55653","0","2078","2","1","1","1500","3000","","","0","0","2016-07-26 11:05:38","2016-07-26 11:05:38"),
("73927","55654","0","2228","17","1","1","500","8500","","","0","0","2016-07-26 11:06:26","2016-07-26 11:06:26"),
("73928","55655","0","2104","1","1","1","5500","5500","","","0","0","2016-07-26 11:08:04","2016-07-26 11:08:04"),
("73929","55656","0","2228","8","1","1","500","4000","","","0","0","2016-07-26 11:08:18","2016-07-26 11:08:18"),
("73930","55657","0","2228","1","1","1","500","500","","","0","0","2016-07-26 11:09:10","2016-07-26 11:09:10"),
("73931","55658","0","2228","2","1","1","500","1000","","","0","0","2016-07-26 11:09:17","2016-07-26 11:09:17"),
("73932","55659","0","2231","2","1","1","1500","3000","","","0","0","2016-07-26 11:09:41","2016-07-26 11:09:41"),
("73933","55660","0","2250","1","1","1","500","500","","","0","0","2016-07-26 11:10:51","2016-07-26 11:10:51"),
("73934","55661","0","2228","20","1","1","500","10000","","","0","0","2016-07-26 11:10:56","2016-07-26 11:10:56"),
("73935","55662","0","2228","4","1","1","500","2000","","","0","0","2016-07-26 11:11:10","2016-07-26 11:11:10"),
("73936","55663","0","2228","10","1","1","500","5000","","","0","0","2016-07-26 11:13:56","2016-07-26 11:13:56"),
("73937","55664","0","2228","4","1","1","500","2000","","","0","0","2016-07-26 11:14:16","2016-07-26 11:14:16"),
("73938","55665","0","2228","3","1","1","500","1500","","","0","0","2016-07-26 11:15:47","2016-07-26 11:15:47"),
("73939","55665","0","2229","2","1","1","700","1400","","","0","0","2016-07-26 11:15:47","2016-07-26 11:15:47"),
("73940","55666","0","2240","2","1","1","5000","10000","","","0","0","2016-07-26 11:17:58","2016-07-26 11:17:58"),
("73941","55667","0","2102","2","1","1","5000","10000","","","0","0","2016-07-26 11:18:27","2016-07-26 11:18:27"),
("73942","55668","0","2229","2","1","1","700","1400","","","0","0","2016-07-26 11:18:48","2016-07-26 11:18:48"),
("73943","55669","0","2231","1","1","1","1500","1500","","","0","0","2016-07-26 11:19:02","2016-07-26 11:19:02"),
("73944","55670","0","2088","1","1","1","5000","5000","","","0","0","2016-07-26 11:19:31","2016-07-26 11:19:31"),
("73945","55671","0","2083","2","1","1","2500","5000","","","0","0","2016-07-26 11:20:03","2016-07-26 11:20:03"),
("73946","55672","0","2125","1","1","1","1000","1000","","","0","0","2016-07-26 11:20:46","2016-07-26 11:20:46"),
("73947","55672","0","2250","1","1","1","500","500","","","0","0","2016-07-26 11:20:46","2016-07-26 11:20:46"),
("73948","55673","0","2233","1","1","1","2000","2000","","","0","0","2016-07-26 11:23:38","2016-07-26 11:23:38"),
("73949","55674","0","2073","4","1","1","1000","4000","","","0","0","2016-07-26 11:23:58","2016-07-26 11:23:58"),
("73950","55675","0","2116","1","1","1","7500","7500","","","0","0","2016-07-26 11:25:32","2016-07-26 11:25:32"),
("73951","55676","0","2228","4","1","1","500","2000","","","0","0","2016-07-26 11:27:21","2016-07-26 11:27:21"),
("73952","55677","0","2228","3","1","1","500","1500","","","0","0","2016-07-26 11:27:28","2016-07-26 11:27:28"),
("73953","55678","0","2117","1","1","1","7500","7500","","","0","0","2016-07-26 11:27:32","2016-07-26 11:27:32"),
("73954","55679","0","2240","1","1","1","5000","5000","","","0","0","2016-07-26 11:28:26","2016-07-26 11:28:26"),
("73955","55680","0","2250","1","1","1","500","500","","","0","0","2016-07-26 11:28:43","2016-07-26 11:28:43"),
("73956","55681","0","2250","1","1","1","500","500","","","0","0","2016-07-26 11:28:51","2016-07-26 11:28:51"),
("73957","55682","0","2228","7","1","1","500","3500","","","0","0","2016-07-26 11:29:12","2016-07-26 11:29:12"),
("73958","55683","0","2197","1","1","1","2500","2500","","","0","0","2016-07-26 11:32:25","2016-07-26 11:32:25"),
("73959","55684","0","2250","1","1","1","500","500","","","0","0","2016-07-26 11:32:51","2016-07-26 11:32:51"),
("73960","55684","0","2126","1","1","1","2000","2000","","","0","0","2016-07-26 11:32:51","2016-07-26 11:32:51"),
("73961","55685","0","2229","10","1","1","700","7000","","","0","0","2016-07-26 11:33:13","2016-07-26 11:33:13"),
("73962","55686","0","2241","1","1","1","3000","3000","","","0","0","2016-07-26 11:35:19","2016-07-26 11:35:19"),
("73963","55687","0","2228","5","1","1","500","2500","","","0","0","2016-07-26 11:36:08","2016-07-26 11:36:08"),
("73964","55688","0","2231","2","1","1","1500","3000","","","0","0","2016-07-26 11:36:49","2016-07-26 11:36:49"),
("73965","55689","0","2228","4","1","1","500","2000","","","0","0","2016-07-26 11:37:44","2016-07-26 11:37:44"),
("73966","55690","0","2236","2","1","1","2000","4000","","","0","0","2016-07-26 11:37:48","2016-07-26 11:37:48"),
("73967","55691","0","2228","4","1","1","500","2000","","","0","0","2016-07-26 11:38:01","2016-07-26 11:38:01"),
("73968","55692","0","2231","5","1","1","1500","7500","","","0","0","2016-07-26 11:39:25","2016-07-26 11:39:25"),
("73969","55692","0","2229","10","1","1","700","7000","","","0","0","2016-07-26 11:39:25","2016-07-26 11:39:25"),
("73970","55692","0","2164","1","1","1","3000","3000","","","0","0","2016-07-26 11:39:25","2016-07-26 11:39:25"),
("73971","55692","0","2072","1","1","1","1000","1000","","","0","0","2016-07-26 11:39:25","2016-07-26 11:39:25"),
("73972","55692","0","2163","1","1","1","2500","2500","","","0","0","2016-07-26 11:39:25","2016-07-26 11:39:25"),
("73973","55692","0","2165","1","1","1","1000","1000","","","0","0","2016-07-26 11:39:25","2016-07-26 11:39:25"),
("73974","55692","0","2237","1","1","1","2500","2500","","","0","0","2016-07-26 11:39:25","2016-07-26 11:39:25"),
("73975","55692","0","2117","1","1","1","7500","7500","","","0","0","2016-07-26 11:39:25","2016-07-26 11:39:25"),
("73976","55692","0","2116","1","1","1","7500","7500","","","0","0","2016-07-26 11:39:25","2016-07-26 11:39:25"),
("73977","55693","0","2126","1","1","1","2000","2000","","","0","0","2016-07-26 11:41:46","2016-07-26 11:41:46"),
("73978","55693","0","2125","2","1","1","1000","2000","","","0","0","2016-07-26 11:41:46","2016-07-26 11:41:46"),
("73979","55693","0","2197","1","1","1","2500","2500","","","0","0","2016-07-26 11:41:46","2016-07-26 11:41:46"),
("73980","55693","0","2229","5","1","1","700","3500","","","0","0","2016-07-26 11:41:46","2016-07-26 11:41:46"),
("73981","55693","0","2121","1","1","1","13000","13000","","","0","0","2016-07-26 11:41:46","2016-07-26 11:41:46"),
("73982","55693","0","2235","3","1","1","2500","7500","","","0","0","2016-07-26 11:41:46","2016-07-26 11:41:46"),
("73983","55694","0","2250","1","1","1","500","500","","","0","0","2016-07-26 11:45:00","2016-07-26 11:45:00"),
("73984","55695","0","2228","2","1","1","500","1000","","","0","0","2016-07-26 11:45:18","2016-07-26 11:45:18"),
("73985","55696","0","2228","8","1","1","500","4000","","","0","0","2016-07-26 11:45:23","2016-07-26 11:45:23"),
("73986","55697","0","2228","4","1","1","500","2000","","","0","0","2016-07-26 11:46:18","2016-07-26 11:46:18"),
("73987","55698","0","2233","1","1","1","2000","2000","","","0","0","2016-07-26 11:47:54","2016-07-26 11:47:54"),
("73988","55699","0","2064","1","1","1","2000","2000","","","0","0","2016-07-26 11:48:54","2016-07-26 11:48:54"),
("73989","55700","0","2228","4","1","1","500","2000","","","0","0","2016-07-26 11:50:16","2016-07-26 11:50:16"),
("73990","55701","0","2229","10","1","1","500","5000","","","0","0","2016-07-26 11:53:36","2016-07-26 11:53:36"),
("73991","55702","0","2250","1","1","1","500","500","","","0","0","2016-07-26 11:53:48","2016-07-26 11:53:48"),
("73992","55703","0","2240","1","1","1","5000","5000","","","0","0","2016-07-26 11:54:25","2016-07-26 11:54:25"),
("73993","55704","0","2233","5","1","1","1500","7500","","","0","0","2016-07-26 11:54:53","2016-07-26 11:54:53"),
("73994","55704","0","2229","60","1","1","500","30000","","","0","0","2016-07-26 11:54:53","2016-07-26 11:54:53"),
("73995","55705","0","2228","4","1","1","500","2000","","","0","0","2016-07-26 11:55:53","2016-07-26 11:55:53"),
("73996","55706","0","2228","15","1","1","500","7500","","","0","0","2016-07-26 11:56:15","2016-07-26 11:56:15"),
("73997","55707","0","2231","3","1","1","1500","4500","","","0","0","2016-07-26 11:56:45","2016-07-26 11:56:45"),
("73998","55708","0","2228","6","1","1","500","3000","","","0","0","2016-07-26 11:57:00","2016-07-26 11:57:00"),
("73999","55709","0","2075","1","1","1","1500","1500","","","0","0","2016-07-26 11:57:15","2016-07-26 11:57:15"),
("74000","55709","0","2240","1","1","1","5000","5000","","","0","0","2016-07-26 11:57:15","2016-07-26 11:57:15"),
("74001","55709","0","2231","5","1","1","1500","7500","","","0","0","2016-07-26 11:57:15","2016-07-26 11:57:15"),
("74002","55710","0","2231","1","1","1","1500","1500","","","0","0","2016-07-26 11:57:39","2016-07-26 11:57:39"),
("74003","55711","0","2228","1","1","1","500","500","","","0","0","2016-07-26 11:57:56","2016-07-26 11:57:56"),
("74004","55712","0","2228","5","1","1","500","2500","","","0","0","2016-07-26 11:58:13","2016-07-26 11:58:13"),
("74005","55713","0","2231","2","1","1","1500","3000","","","0","0","2016-07-26 11:58:48","2016-07-26 11:58:48");

INSERT INTO sales_order_receipts VALUES("55628","55507","7","16RE055626","0","6000","6000","0","2016-07-26","2016-07-26","2016-07-26 09:00:10","32","2016-07-26 09:00:10","32","1"),
("55629","55508","7","16RE055627","0","4000","4000","0","2016-07-26","2016-07-26","2016-07-26 09:00:39","32","2016-07-26 09:00:39","32","1"),
("55630","55509","7","16RE055628","0","38000","38000","0","2016-07-26","2016-07-26","2016-07-26 09:00:48","28","2016-07-26 09:00:48","28","1"),
("55631","55510","7","16RE055629","0","7000","7000","0","2016-07-26","2016-07-26","2016-07-26 09:01:04","32","2016-07-26 09:01:04","32","1"),
("55632","55511","7","16RE055630","0","2000","2000","0","2016-07-26","2016-07-26","2016-07-26 09:03:03","32","2016-07-26 09:03:03","32","1"),
("55633","55512","7","16RE055631","0","6500","6500","0","2016-07-26","2016-07-26","2016-07-26 09:03:42","28","2016-07-26 09:03:42","28","1"),
("55634","55513","7","16RE055632","0","6000","6000","0","2016-07-26","2016-07-26","2016-07-26 09:05:55","28","2016-07-26 09:05:55","28","1"),
("55635","55514","7","16RE055633","0","1000","1000","0","2016-07-26","2016-07-26","2016-07-26 09:06:12","28","2016-07-26 09:06:12","28","1"),
("55636","55515","7","16RE055634","0","15000","15000","0","2016-07-26","2016-07-26","2016-07-26 09:08:32","28","2016-07-26 09:08:32","28","1"),
("55637","55516","7","16RE055635","0","3500","3500","0","2016-07-26","2016-07-26","2016-07-26 09:09:03","32","2016-07-26 09:09:03","32","1"),
("55638","55517","7","16RE055636","0","1500","1500","0","2016-07-26","2016-07-26","2016-07-26 09:09:28","28","2016-07-26 09:09:28","28","1"),
("55639","55518","7","16RE055637","0","2000","2000","0","2016-07-26","2016-07-26","2016-07-26 09:09:48","32","2016-07-26 09:09:48","32","1"),
("55640","55519","7","16RE055638","0","2500","2500","0","2016-07-26","2016-07-26","2016-07-26 09:10:13","28","2016-07-26 09:10:13","28","1"),
("55641","55520","7","16RE055639","0","4000","4000","0","2016-07-26","2016-07-26","2016-07-26 09:10:52","28","2016-07-26 09:10:52","28","1"),
("55642","55521","7","16RE055640","0","2000","2000","0","2016-07-26","2016-07-26","2016-07-26 09:11:15","28","2016-07-26 09:11:15","28","1"),
("55643","55522","7","16RE055641","0","13500","13500","0","2016-07-26","2016-07-26","2016-07-26 09:11:44","28","2016-07-26 09:11:44","28","1"),
("55644","55523","7","16RE055642","0","2000","2000","0","2016-07-26","2016-07-26","2016-07-26 09:15:14","32","2016-07-26 09:15:14","32","1"),
("55645","55524","7","16RE055643","0","1500","1500","0","2016-07-26","2016-07-26","2016-07-26 09:15:30","32","2016-07-26 09:15:30","32","1"),
("55646","55525","7","16RE055644","0","4500","4500","0","2016-07-26","2016-07-26","2016-07-26 09:17:14","32","2016-07-26 09:17:14","32","1"),
("55647","55526","7","16RE055645","0","2000","2000","0","2016-07-26","2016-07-26","2016-07-26 09:19:04","28","2016-07-26 09:19:04","28","1"),
("55648","55527","7","16RE055646","0","2000","2000","0","2016-07-26","2016-07-26","2016-07-26 09:19:39","28","2016-07-26 09:19:39","28","1"),
("55649","55528","7","16RE055647","0","4000","4000","0","2016-07-26","2016-07-26","2016-07-26 09:22:08","28","2016-07-26 09:22:08","28","1"),
("55650","55529","7","16RE055648","0","1000","1000","0","2016-07-26","2016-07-26","2016-07-26 09:22:42","28","2016-07-26 09:22:42","28","1"),
("55651","55530","7","16RE055649","0","6000","6000","0","2016-07-26","2016-07-26","2016-07-26 09:26:21","32","2016-07-26 09:26:21","32","1"),
("55652","55531","7","16RE055650","0","5000","5000","0","2016-07-26","2016-07-26","2016-07-26 09:28:37","32","2016-07-26 09:28:37","32","1"),
("55653","55532","7","16RE055651","0","5000","5000","0","2016-07-26","2016-07-26","2016-07-26 09:29:46","32","2016-07-26 09:29:46","32","1"),
("55654","55533","7","16RE055652","0","16500","16500","0","2016-07-26","2016-07-26","2016-07-26 09:30:05","28","2016-07-26 09:30:05","28","1"),
("55655","55534","7","16RE055653","0","2000","2000","0","2016-07-26","2016-07-26","2016-07-26 09:30:26","28","2016-07-26 09:30:26","28","1"),
("55656","55535","7","16RE055654","0","1500","1500","0","2016-07-26","2016-07-26","2016-07-26 09:30:37","32","2016-07-26 09:30:37","32","1"),
("55657","55536","7","16RE055655","0","1500","1500","0","2016-07-26","2016-07-26","2016-07-26 09:30:48","28","2016-07-26 09:30:48","28","1"),
("55658","55537","7","16RE055656","0","3000","3000","0","2016-07-26","2016-07-26","2016-07-26 09:31:38","28","2016-07-26 09:31:38","28","1"),
("55659","55538","7","16RE055657","0","1000","1000","0","2016-07-26","2016-07-26","2016-07-26 09:32:00","28","2016-07-26 09:32:00","28","1"),
("55660","55539","7","16RE055658","0","5000","5000","0","2016-07-26","2016-07-26","2016-07-26 09:32:06","28","2016-07-26 09:32:06","28","1"),
("55661","55540","7","16RE055659","0","22500","22500","0","2016-07-26","2016-07-26","2016-07-26 09:32:41","32","2016-07-26 09:32:41","32","1"),
("55662","55541","7","16RE055660","0","3500","3500","0","2016-07-26","2016-07-26","2016-07-26 09:33:10","32","2016-07-26 09:33:10","32","1"),
("55663","55542","7","16RE055661","0","2000","2000","0","2016-07-26","2016-07-26","2016-07-26 09:34:04","32","2016-07-26 09:34:04","32","1"),
("55664","55543","7","16RE055662","0","10000","10000","0","2016-07-26","2016-07-26","2016-07-26 09:34:47","32","2016-07-26 09:34:47","32","1"),
("55665","55544","7","16RE055663","0","1000","1000","0","2016-07-26","2016-07-26","2016-07-26 09:36:45","28","2016-07-26 09:36:45","28","1"),
("55666","55545","7","16RE055664","0","2000","2000","0","2016-07-26","2016-07-26","2016-07-26 09:37:59","28","2016-07-26 09:37:59","28","1"),
("55667","55546","7","16RE055665","0","1000","1000","0","2016-07-26","2016-07-26","2016-07-26 09:40:29","28","2016-07-26 09:40:29","28","1"),
("55668","55547","7","16RE055666","0","2500","2500","0","2016-07-26","2016-07-26","2016-07-26 09:40:58","28","2016-07-26 09:40:58","28","1"),
("55669","55548","7","16RE055667","0","4000","4000","0","2016-07-26","2016-07-26","2016-07-26 09:42:33","28","2016-07-26 09:42:33","28","1"),
("55670","55549","7","16RE055668","0","1000","1000","0","2016-07-26","2016-07-26","2016-07-26 09:45:12","28","2016-07-26 09:45:12","28","1"),
("55671","55550","7","16RE055669","0","7000","7000","0","2016-07-26","2016-07-26","2016-07-26 09:45:21","28","2016-07-26 09:45:21","28","1"),
("55672","55551","7","16RE055670","0","5000","5000","0","2016-07-26","2016-07-26","2016-07-26 09:46:21","28","2016-07-26 09:46:21","28","1"),
("55673","55552","7","16RE055671","0","3000","3000","0","2016-07-26","2016-07-26","2016-07-26 09:46:37","28","2016-07-26 09:46:37","28","1"),
("55674","55553","7","16RE055672","0","5000","5000","0","2016-07-26","2016-07-26","2016-07-26 09:47:11","32","2016-07-26 09:47:11","32","1"),
("55675","55554","7","16RE055673","0","5000","5000","0","2016-07-26","2016-07-26","2016-07-26 09:47:24","28","2016-07-26 09:47:24","28","1"),
("55676","55555","7","16RE055674","0","2500","2500","0","2016-07-26","2016-07-26","2016-07-26 09:47:26","32","2016-07-26 09:47:26","32","1"),
("55677","55556","7","16RE055675","0","3500","3500","0","2016-07-26","2016-07-26","2016-07-26 09:47:38","32","2016-07-26 09:47:38","32","1"),
("55678","55557","7","16RE055676","0","10000","10000","0","2016-07-26","2016-07-26","2016-07-26 09:48:11","32","2016-07-26 09:48:11","32","1"),
("55679","55558","7","16RE055677","0","500","500","0","2016-07-26","2016-07-26","2016-07-26 09:48:18","32","2016-07-26 09:48:18","32","1"),
("55680","55559","7","16RE055678","0","2000","2000","0","2016-07-26","2016-07-26","2016-07-26 09:49:31","32","2016-07-26 09:49:31","32","1"),
("55681","55560","7","16RE055679","0","4000","4000","0","2016-07-26","2016-07-26","2016-07-26 09:49:55","32","2016-07-26 09:49:55","32","1"),
("55682","55561","7","16RE055680","0","4500","4500","0","2016-07-26","2016-07-26","2016-07-26 09:50:10","32","2016-07-26 09:50:10","32","1"),
("55683","55562","7","16RE055681","0","5000","5000","0","2016-07-26","2016-07-26","2016-07-26 09:51:06","32","2016-07-26 09:51:06","32","1"),
("55684","55563","7","16RE055682","0","5000","5000","0","2016-07-26","2016-07-26","2016-07-26 09:51:21","32","2016-07-26 09:51:21","32","1"),
("55685","55564","7","16RE055683","0","2500","2500","0","2016-07-26","2016-07-26","2016-07-26 09:51:57","32","2016-07-26 09:51:57","32","1"),
("55686","55565","7","16RE055684","0","2500","2500","0","2016-07-26","2016-07-26","2016-07-26 09:53:32","32","2016-07-26 09:53:32","32","1"),
("55687","55566","7","16RE055685","0","2000","2000","0","2016-07-26","2016-07-26","2016-07-26 09:54:09","32","2016-07-26 09:54:09","32","1"),
("55688","55567","7","16RE055686","0","1000","1000","0","2016-07-26","2016-07-26","2016-07-26 09:55:09","32","2016-07-26 09:55:09","32","1"),
("55689","55568","7","16RE055687","0","2500","2500","0","2016-07-26","2016-07-26","2016-07-26 09:55:15","32","2016-07-26 09:55:15","32","1"),
("55690","55569","7","16RE055688","0","500","500","0","2016-07-26","2016-07-26","2016-07-26 09:55:50","32","2016-07-26 09:55:50","32","1"),
("55691","55570","7","16RE055689","0","2000","2000","0","2016-07-26","2016-07-26","2016-07-26 09:58:08","32","2016-07-26 09:58:08","32","1"),
("55692","55571","7","16RE055690","0","500","500","0","2016-07-26","2016-07-26","2016-07-26 09:58:17","32","2016-07-26 09:58:17","32","1"),
("55693","55572","7","16RE055691","0","2500","2500","0","2016-07-26","2016-07-26","2016-07-26 09:58:43","32","2016-07-26 09:58:43","32","1"),
("55694","55573","7","16RE055692","0","5000","5000","0","2016-07-26","2016-07-26","2016-07-26 10:02:11","32","2016-07-26 10:02:11","32","1"),
("55695","55574","7","16RE055693","0","1500","1500","0","2016-07-26","2016-07-26","2016-07-26 10:03:47","32","2016-07-26 10:03:47","32","1"),
("55696","55575","7","16RE055694","0","500","500","0","2016-07-26","2016-07-26","2016-07-26 10:05:59","32","2016-07-26 10:05:59","32","1"),
("55697","55576","7","16RE055695","0","1000","1000","0","2016-07-26","2016-07-26","2016-07-26 10:06:15","28","2016-07-26 10:06:15","28","1"),
("55698","55577","7","16RE055696","0","6000","6000","0","2016-07-26","2016-07-26","2016-07-26 10:06:55","28","2016-07-26 10:06:55","28","1"),
("55699","55578","7","16RE055697","0","43000","43000","0","2016-07-26","2016-07-26","2016-07-26 10:07:18","32","2016-07-26 10:07:18","32","1"),
("55700","55579","7","16RE055698","0","2500","2500","0","2016-07-26","2016-07-26","2016-07-26 10:07:33","32","2016-07-26 10:07:33","32","1"),
("55701","55580","7","16RE055699","0","1000","1000","0","2016-07-26","2016-07-26","2016-07-26 10:07:53","32","2016-07-26 10:07:53","32","1"),
("55702","55581","7","16RE055700","0","9000","9000","0","2016-07-26","2016-07-26","2016-07-26 10:08:15","28","2016-07-26 10:08:15","28","1"),
("55703","55582","7","16RE055701","0","4000","4000","0","2016-07-26","2016-07-26","2016-07-26 10:08:47","28","2016-07-26 10:08:47","28","1"),
("55704","55583","7","16RE055702","0","2000","2000","0","2016-07-26","2016-07-26","2016-07-26 10:08:54","32","2016-07-26 10:08:54","32","1"),
("55705","55584","7","16RE055703","0","2500","2500","0","2016-07-26","2016-07-26","2016-07-26 10:09:19","28","2016-07-26 10:09:19","28","1"),
("55706","55585","7","16RE055704","0","10000","10000","0","2016-07-26","2016-07-26","2016-07-26 10:09:25","32","2016-07-26 10:09:25","32","1"),
("55707","55586","7","16RE055705","0","10000","10000","0","2016-07-26","2016-07-26","2016-07-26 10:09:32","32","2016-07-26 10:09:32","32","1"),
("55708","55587","7","16RE055706","0","5000","5000","0","2016-07-26","2016-07-26","2016-07-26 10:09:55","28","2016-07-26 10:09:55","28","1"),
("55709","55588","7","16RE055707","0","3000","3000","0","2016-07-26","2016-07-26","2016-07-26 10:10:39","28","2016-07-26 10:10:39","28","1"),
("55710","55589","7","16RE055708","0","2500","2500","0","2016-07-26","2016-07-26","2016-07-26 10:11:44","28","2016-07-26 10:11:44","28","1"),
("55711","55590","7","16RE055709","0","1000","1000","0","2016-07-26","2016-07-26","2016-07-26 10:12:06","28","2016-07-26 10:12:06","28","1"),
("55712","55591","7","16RE055710","0","2000","2000","0","2016-07-26","2016-07-26","2016-07-26 10:12:28","32","2016-07-26 10:12:28","32","1"),
("55713","55592","7","16RE055711","0","3500","3500","0","2016-07-26","2016-07-26","2016-07-26 10:12:31","28","2016-07-26 10:12:31","28","1"),
("55714","55593","7","16RE055712","0","13500","13500","0","2016-07-26","2016-07-26","2016-07-26 10:14:52","32","2016-07-26 10:14:52","32","1"),
("55715","55594","7","16RE055713","0","5000","5000","0","2016-07-26","2016-07-26","2016-07-26 10:15:00","28","2016-07-26 10:15:00","28","1"),
("55716","55595","7","16RE055714","0","4500","4500","0","2016-07-26","2016-07-26","2016-07-26 10:15:04","32","2016-07-26 10:15:04","32","1"),
("55717","55596","7","16RE055715","0","5000","5000","0","2016-07-26","2016-07-26","2016-07-26 10:18:00","28","2016-07-26 10:18:00","28","1"),
("55718","55597","7","16RE055716","0","2500","2500","0","2016-07-26","2016-07-26","2016-07-26 10:18:32","28","2016-07-26 10:18:32","28","1"),
("55719","55598","7","16RE055717","0","2500","2500","0","2016-07-26","2016-07-26","2016-07-26 10:19:19","28","2016-07-26 10:19:19","28","1"),
("55720","55599","7","16RE055718","0","10500","10500","0","2016-07-26","2016-07-26","2016-07-26 10:19:53","28","2016-07-26 10:19:53","28","1"),
("55721","55600","7","16RE055719","0","2500","2500","0","2016-07-26","2016-07-26","2016-07-26 10:21:05","32","2016-07-26 10:21:05","32","1"),
("55722","55601","7","16RE055720","0","9500","9500","0","2016-07-26","2016-07-26","2016-07-26 10:23:39","28","2016-07-26 10:23:39","28","1"),
("55723","55602","7","16RE055721","0","26000","26000","0","2016-07-26","2016-07-26","2016-07-26 10:24:26","32","2016-07-26 10:24:26","32","1"),
("55724","55603","7","16RE055722","0","3000","3000","0","2016-07-26","2016-07-26","2016-07-26 10:24:36","28","2016-07-26 10:24:36","28","1"),
("55725","55604","7","16RE055723","0","500","500","0","2016-07-26","2016-07-26","2016-07-26 10:26:03","32","2016-07-26 10:26:03","32","1"),
("55726","55605","7","16RE055724","0","700","700","0","2016-07-26","2016-07-26","2016-07-26 10:30:57","32","2016-07-26 10:30:57","32","1"),
("55727","55606","7","16RE055725","0","2000","2000","0","2016-07-26","2016-07-26","2016-07-26 10:31:20","32","2016-07-26 10:31:20","32","1"),
("55728","55607","7","16RE055726","0","500","500","0","2016-07-26","2016-07-26","2016-07-26 10:31:32","32","2016-07-26 10:31:32","32","1"),
("55729","55608","7","16RE055727","0","1500","1500","0","2016-07-26","2016-07-26","2016-07-26 10:32:05","32","2016-07-26 10:32:05","32","1"),
("55730","55609","7","16RE055728","0","1000","1000","0","2016-07-26","2016-07-26","2016-07-26 10:32:09","32","2016-07-26 10:32:09","32","1"),
("55731","55610","7","16RE055729","0","4500","4500","0","2016-07-26","2016-07-26","2016-07-26 10:33:20","32","2016-07-26 10:33:20","32","1"),
("55732","55611","7","16RE055730","0","2500","2500","0","2016-07-26","2016-07-26","2016-07-26 10:33:42","32","2016-07-26 10:33:42","32","1"),
("55733","55612","7","16RE055731","0","2500","2500","0","2016-07-26","2016-07-26","2016-07-26 10:33:53","32","2016-07-26 10:33:53","32","1"),
("55734","55613","7","16RE055732","0","1000","1000","0","2016-07-26","2016-07-26","2016-07-26 10:34:15","32","2016-07-26 10:34:15","32","1"),
("55735","55614","7","16RE055733","0","2000","2000","0","2016-07-26","2016-07-26","2016-07-26 10:34:34","32","2016-07-26 10:34:34","32","1"),
("55736","55615","7","16RE055734","0","10000","10000","0","2016-07-26","2016-07-26","2016-07-26 10:34:43","32","2016-07-26 10:34:43","32","1"),
("55737","55616","7","16RE055735","0","3000","3000","0","2016-07-26","2016-07-26","2016-07-26 10:34:53","32","2016-07-26 10:34:53","32","1"),
("55738","55617","7","16RE055736","0","5000","5000","0","2016-07-26","2016-07-26","2016-07-26 10:35:15","28","2016-07-26 10:35:15","28","1"),
("55739","55618","7","16RE055737","0","500","500","0","2016-07-26","2016-07-26","2016-07-26 10:35:22","28","2016-07-26 10:35:22","28","1"),
("55740","55619","7","16RE055738","0","1000","1000","0","2016-07-26","2016-07-26","2016-07-26 10:35:28","32","2016-07-26 10:35:28","32","1"),
("55741","55620","7","16RE055739","0","1000","1000","0","2016-07-26","2016-07-26","2016-07-26 10:35:46","28","2016-07-26 10:35:46","28","1"),
("55742","55621","7","16RE055740","0","1000","1000","0","2016-07-26","2016-07-26","2016-07-26 10:35:58","28","2016-07-26 10:35:58","28","1"),
("55743","55622","7","16RE055741","0","8000","8000","0","2016-07-26","2016-07-26","2016-07-26 10:37:56","28","2016-07-26 10:37:56","28","1"),
("55744","55623","7","16RE055742","0","1500","1500","0","2016-07-26","2016-07-26","2016-07-26 10:38:49","32","2016-07-26 10:38:49","32","1"),
("55745","55624","7","16RE055743","0","4500","4500","0","2016-07-26","2016-07-26","2016-07-26 10:38:57","32","2016-07-26 10:38:57","32","1"),
("55746","55625","7","16RE055744","0","7500","7500","0","2016-07-26","2016-07-26","2016-07-26 10:39:14","28","2016-07-26 10:39:14","28","1"),
("55747","55626","7","16RE055745","0","3000","3000","0","2016-07-26","2016-07-26","2016-07-26 10:40:04","28","2016-07-26 10:40:04","28","1"),
("55748","55627","7","16RE055746","0","500","500","0","2016-07-26","2016-07-26","2016-07-26 10:40:36","32","2016-07-26 10:40:36","32","1"),
("55749","55628","7","16RE055747","0","6000","6000","0","2016-07-26","2016-07-26","2016-07-26 10:40:38","28","2016-07-26 10:40:38","28","1"),
("55750","55629","7","16RE055748","0","2000","2000","0","2016-07-26","2016-07-26","2016-07-26 10:41:06","28","2016-07-26 10:41:06","28","1"),
("55751","55630","7","16RE055749","0","5500","5500","0","2016-07-26","2016-07-26","2016-07-26 10:41:28","28","2016-07-26 10:41:28","28","1"),
("55752","55631","7","16RE055750","0","3000","3000","0","2016-07-26","2016-07-26","2016-07-26 10:41:43","28","2016-07-26 10:41:43","28","1"),
("55753","55632","7","16RE055751","0","9500","9500","0","2016-07-26","2016-07-26","2016-07-26 10:42:07","28","2016-07-26 10:42:07","28","1"),
("55754","55633","7","16RE055752","0","1000","1000","0","2016-07-26","2016-07-26","2016-07-26 10:43:10","32","2016-07-26 10:43:10","32","1"),
("55755","55634","7","16RE055753","0","7500","7500","0","2016-07-26","2016-07-26","2016-07-26 10:43:25","32","2016-07-26 10:43:25","32","1"),
("55756","55635","7","16RE055754","0","3000","3000","0","2016-07-26","2016-07-26","2016-07-26 10:45:36","28","2016-07-26 10:45:36","28","1"),
("55757","55636","7","16RE055755","0","2500","2500","0","2016-07-26","2016-07-26","2016-07-26 10:46:57","28","2016-07-26 10:46:57","28","1"),
("55758","55637","7","16RE055756","0","3500","3500","0","2016-07-26","2016-07-26","2016-07-26 10:47:09","32","2016-07-26 10:47:09","32","1"),
("55759","55638","7","16RE055757","0","2500","2500","0","2016-07-26","2016-07-26","2016-07-26 10:48:13","32","2016-07-26 10:48:13","32","1"),
("55760","55639","7","16RE055758","0","1000","1000","0","2016-07-26","2016-07-26","2016-07-26 10:49:16","32","2016-07-26 10:49:16","32","1"),
("55761","55640","7","16RE055759","0","2000","2000","0","2016-07-26","2016-07-26","2016-07-26 10:50:41","32","2016-07-26 10:50:41","32","1"),
("55762","55641","7","16RE055760","0","6500","6500","0","2016-07-26","2016-07-26","2016-07-26 10:50:49","32","2016-07-26 10:50:49","32","1"),
("55763","55642","7","16RE055761","0","5000","5000","0","2016-07-26","2016-07-26","2016-07-26 10:51:37","32","2016-07-26 10:51:37","32","1"),
("55764","55643","7","16RE055762","0","10000","10000","0","2016-07-26","2016-07-26","2016-07-26 10:54:57","32","2016-07-26 10:54:57","32","1"),
("55765","55644","7","16RE055763","0","500","500","0","2016-07-26","2016-07-26","2016-07-26 10:57:12","32","2016-07-26 10:57:12","32","1"),
("55766","55645","7","16RE055764","0","1500","1500","0","2016-07-26","2016-07-26","2016-07-26 10:57:17","32","2016-07-26 10:57:17","32","1"),
("55767","55646","7","16RE055765","0","2500","2500","0","2016-07-26","2016-07-26","2016-07-26 11:00:56","32","2016-07-26 11:00:56","32","1"),
("55768","55647","7","16RE055766","0","5000","5000","0","2016-07-26","2016-07-26","2016-07-26 11:02:58","32","2016-07-26 11:02:58","32","1"),
("55769","55648","7","16RE055767","0","12000","12000","0","2016-07-26","2016-07-26","2016-07-26 11:04:03","32","2016-07-26 11:04:03","32","1"),
("55770","55649","7","16RE055768","0","7000","7000","0","2016-07-26","2016-07-26","2016-07-26 11:04:31","32","2016-07-26 11:04:31","32","1"),
("55771","55650","7","16RE055769","0","1400","1400","0","2016-07-26","2016-07-26","2016-07-26 11:04:51","32","2016-07-26 11:04:51","32","1"),
("55772","55651","7","16RE055770","0","1000","1000","0","2016-07-26","2016-07-26","2016-07-26 11:05:11","32","2016-07-26 11:05:11","32","1"),
("55773","55652","7","16RE055771","0","2000","2000","0","2016-07-26","2016-07-26","2016-07-26 11:05:35","32","2016-07-26 11:05:35","32","1"),
("55774","55653","7","16RE055772","0","13500","13500","0","2016-07-26","2016-07-26","2016-07-26 11:05:38","28","2016-07-26 11:05:38","28","1"),
("55775","55654","7","16RE055773","0","8500","8500","0","2016-07-26","2016-07-26","2016-07-26 11:06:26","32","2016-07-26 11:06:26","32","1"),
("55776","55655","7","16RE055774","0","5500","5500","0","2016-07-26","2016-07-26","2016-07-26 11:08:04","32","2016-07-26 11:08:04","32","1"),
("55777","55656","7","16RE055775","0","4000","4000","0","2016-07-26","2016-07-26","2016-07-26 11:08:18","32","2016-07-26 11:08:18","32","1"),
("55778","55657","7","16RE055776","0","500","500","0","2016-07-26","2016-07-26","2016-07-26 11:09:10","32","2016-07-26 11:09:10","32","1"),
("55779","55658","7","16RE055777","0","1000","1000","0","2016-07-26","2016-07-26","2016-07-26 11:09:17","32","2016-07-26 11:09:17","32","1"),
("55780","55659","7","16RE055778","0","3000","3000","0","2016-07-26","2016-07-26","2016-07-26 11:09:41","32","2016-07-26 11:09:41","32","1"),
("55781","55660","7","16RE055779","0","500","500","0","2016-07-26","2016-07-26","2016-07-26 11:10:51","28","2016-07-26 11:10:51","28","1"),
("55782","55661","7","16RE055780","0","10000","10000","0","2016-07-26","2016-07-26","2016-07-26 11:10:56","32","2016-07-26 11:10:56","32","1"),
("55783","55662","7","16RE055781","0","2000","2000","0","2016-07-26","2016-07-26","2016-07-26 11:11:10","32","2016-07-26 11:11:10","32","1"),
("55784","55663","7","16RE055782","0","5000","5000","0","2016-07-26","2016-07-26","2016-07-26 11:13:56","28","2016-07-26 11:13:56","28","1"),
("55785","55664","7","16RE055783","0","2000","2000","0","2016-07-26","2016-07-26","2016-07-26 11:14:16","28","2016-07-26 11:14:16","28","1"),
("55786","55665","7","16RE055784","0","2900","2900","0","2016-07-26","2016-07-26","2016-07-26 11:15:47","28","2016-07-26 11:15:47","28","1"),
("55787","55666","7","16RE055785","0","10000","10000","0","2016-07-26","2016-07-26","2016-07-26 11:17:58","28","2016-07-26 11:17:58","28","1"),
("55788","55667","7","16RE055786","0","10000","10000","0","2016-07-26","2016-07-26","2016-07-26 11:18:27","28","2016-07-26 11:18:27","28","1"),
("55789","55668","7","16RE055787","0","1400","1400","0","2016-07-26","2016-07-26","2016-07-26 11:18:48","28","2016-07-26 11:18:48","28","1"),
("55790","55669","7","16RE055788","0","1500","1500","0","2016-07-26","2016-07-26","2016-07-26 11:19:02","28","2016-07-26 11:19:02","28","1"),
("55791","55670","7","16RE055789","0","5000","5000","0","2016-07-26","2016-07-26","2016-07-26 11:19:31","28","2016-07-26 11:19:31","28","1"),
("55792","55671","7","16RE055790","0","5000","5000","0","2016-07-26","2016-07-26","2016-07-26 11:20:03","28","2016-07-26 11:20:03","28","1"),
("55793","55672","7","16RE055791","0","1500","1500","0","2016-07-26","2016-07-26","2016-07-26 11:20:46","28","2016-07-26 11:20:46","28","1"),
("55794","55673","7","16RE055792","0","2000","2000","0","2016-07-26","2016-07-26","2016-07-26 11:23:38","28","2016-07-26 11:23:38","28","1"),
("55795","55674","7","16RE055793","0","4000","4000","0","2016-07-26","2016-07-26","2016-07-26 11:23:58","28","2016-07-26 11:23:58","28","1"),
("55796","55675","7","16RE055794","0","7500","7500","0","2016-07-26","2016-07-26","2016-07-26 11:25:32","28","2016-07-26 11:25:32","28","1"),
("55797","55676","7","16RE055795","0","2000","2000","0","2016-07-26","2016-07-26","2016-07-26 11:27:21","32","2016-07-26 11:27:21","32","1"),
("55798","55677","7","16RE055796","0","1500","1500","0","2016-07-26","2016-07-26","2016-07-26 11:27:28","32","2016-07-26 11:27:28","32","1"),
("55799","55678","7","16RE055797","0","7500","7500","0","2016-07-26","2016-07-26","2016-07-26 11:27:32","28","2016-07-26 11:27:32","28","1"),
("55800","55679","7","16RE055798","0","5000","5000","0","2016-07-26","2016-07-26","2016-07-26 11:28:26","28","2016-07-26 11:28:26","28","1"),
("55801","55680","7","16RE055799","0","500","500","0","2016-07-26","2016-07-26","2016-07-26 11:28:43","28","2016-07-26 11:28:43","28","1"),
("55802","55681","7","16RE055800","0","500","500","0","2016-07-26","2016-07-26","2016-07-26 11:28:51","28","2016-07-26 11:28:51","28","1"),
("55803","55682","7","16RE055801","0","3500","3500","0","2016-07-26","2016-07-26","2016-07-26 11:29:12","32","2016-07-26 11:29:12","32","1"),
("55804","55683","7","16RE055802","0","2500","2500","0","2016-07-26","2016-07-26","2016-07-26 11:32:25","28","2016-07-26 11:32:25","28","1"),
("55805","55684","7","16RE055803","0","2500","2500","0","2016-07-26","2016-07-26","2016-07-26 11:32:51","28","2016-07-26 11:32:51","28","1"),
("55806","55685","7","16RE055804","0","7000","7000","0","2016-07-26","2016-07-26","2016-07-26 11:33:13","28","2016-07-26 11:33:13","28","1"),
("55807","55686","7","16RE055805","0","3000","3000","0","2016-07-26","2016-07-26","2016-07-26 11:35:19","28","2016-07-26 11:35:19","28","1"),
("55808","55687","7","16RE055806","0","2500","2500","0","2016-07-26","2016-07-26","2016-07-26 11:36:08","32","2016-07-26 11:36:08","32","1"),
("55809","55688","7","16RE055807","0","3000","3000","0","2016-07-26","2016-07-26","2016-07-26 11:36:49","28","2016-07-26 11:36:49","28","1"),
("55810","55689","7","16RE055808","0","2000","2000","0","2016-07-26","2016-07-26","2016-07-26 11:37:44","32","2016-07-26 11:37:44","32","1"),
("55811","55690","7","16RE055809","0","4000","4000","0","2016-07-26","2016-07-26","2016-07-26 11:37:48","28","2016-07-26 11:37:48","28","1"),
("55812","55691","7","16RE055810","0","2000","2000","0","2016-07-26","2016-07-26","2016-07-26 11:38:01","32","2016-07-26 11:38:01","32","1"),
("55813","55692","7","16RE055811","0","39500","39500","0","2016-07-26","2016-07-26","2016-07-26 11:39:25","28","2016-07-26 11:39:25","28","1"),
("55814","55693","7","16RE055812","0","30500","30500","0","2016-07-26","2016-07-26","2016-07-26 11:41:46","28","2016-07-26 11:41:46","28","1"),
("55815","55694","7","16RE055813","0","500","500","0","2016-07-26","2016-07-26","2016-07-26 11:45:00","32","2016-07-26 11:45:00","32","1"),
("55816","55695","7","16RE055814","0","1000","1000","0","2016-07-26","2016-07-26","2016-07-26 11:45:18","32","2016-07-26 11:45:18","32","1"),
("55817","55696","7","16RE055815","0","4000","4000","0","2016-07-26","2016-07-26","2016-07-26 11:45:23","32","2016-07-26 11:45:23","32","1"),
("55818","55697","7","16RE055816","0","2000","2000","0","2016-07-26","2016-07-26","2016-07-26 11:46:18","32","2016-07-26 11:46:18","32","1"),
("55819","55698","7","16RE055817","0","2000","2000","0","2016-07-26","2016-07-26","2016-07-26 11:47:54","28","2016-07-26 11:47:54","28","1"),
("55820","55699","7","16RE055818","0","2000","2000","0","2016-07-26","2016-07-26","2016-07-26 11:48:54","32","2016-07-26 11:48:54","32","1"),
("55821","55700","7","16RE055819","0","2000","2000","0","2016-07-26","2016-07-26","2016-07-26 11:50:16","32","2016-07-26 11:50:16","32","1"),
("55822","55701","7","16RE055820","0","5000","5000","0","2016-07-26","2016-07-26","2016-07-26 11:53:36","32","2016-07-26 11:53:36","32","1"),
("55823","55702","7","16RE055821","0","500","500","0","2016-07-26","2016-07-26","2016-07-26 11:53:48","32","2016-07-26 11:53:48","32","1"),
("55824","55703","7","16RE055822","0","5000","5000","0","2016-07-26","2016-07-26","2016-07-26 11:54:25","32","2016-07-26 11:54:25","32","1"),
("55825","55704","7","16RE055823","0","37500","37500","0","2016-07-26","2016-07-26","2016-07-26 11:54:53","28","2016-07-26 11:54:53","28","1"),
("55826","55705","7","16RE055824","0","2000","2000","0","2016-07-26","2016-07-26","2016-07-26 11:55:53","32","2016-07-26 11:55:53","32","1"),
("55827","55706","7","16RE055825","0","7500","7500","0","2016-07-26","2016-07-26","2016-07-26 11:56:15","32","2016-07-26 11:56:15","32","1"),
("55828","55707","7","16RE055826","0","4500","4500","0","2016-07-26","2016-07-26","2016-07-26 11:56:45","32","2016-07-26 11:56:45","32","1"),
("55829","55708","7","16RE055827","0","3000","3000","0","2016-07-26","2016-07-26","2016-07-26 11:57:00","32","2016-07-26 11:57:00","32","1"),
("55830","55709","7","16RE055828","0","14000","14000","0","2016-07-26","2016-07-26","2016-07-26 11:57:15","28","2016-07-26 11:57:15","28","1"),
("55831","55710","7","16RE055829","0","1500","1500","0","2016-07-26","2016-07-26","2016-07-26 11:57:39","32","2016-07-26 11:57:39","32","1"),
("55832","55711","7","16RE055830","0","500","500","0","2016-07-26","2016-07-26","2016-07-26 11:57:56","32","2016-07-26 11:57:56","32","1"),
("55833","55712","7","16RE055831","0","2500","2500","0","2016-07-26","2016-07-26","2016-07-26 11:58:13","32","2016-07-26 11:58:13","32","1"),
("55834","55713","7","16RE055832","0","3000","3000","0","2016-07-26","2016-07-26","2016-07-26 11:58:47","32","2016-07-26 11:58:47","32","1");

