INSERT INTO inventories VALUES("71305","","","","53666","","","2125","2","1","0","1000","2016-07-24","0000-00-00","","2016-07-24 12:00:23","28","2016-07-24 12:00:23","28","1"),
("71306","","","","53666","","","2233","2","1","0","2000","2016-07-24","0000-00-00","","2016-07-24 12:00:23","28","2016-07-24 12:00:23","28","1"),
("71307","","","","53667","","","2165","2","2","0","1000","2016-07-24","0000-00-00","","2016-07-24 12:00:35","28","2016-07-24 12:00:35","28","1"),
("71308","","","","53667","","","2067","2","1","0","1000","2016-07-24","0000-00-00","","2016-07-24 12:00:35","28","2016-07-24 12:00:35","28","1"),
("71309","","","","53668","","","2228","2","30","0","500","2016-07-24","0000-00-00","","2016-07-24 12:02:06","28","2016-07-24 12:02:06","28","1"),
("71310","","","","53669","","","2240","2","1","0","5000","2016-07-24","0000-00-00","","2016-07-24 12:02:53","28","2016-07-24 12:02:53","28","1"),
("71311","","","","53669","","","2231","2","2","0","1500","2016-07-24","0000-00-00","","2016-07-24 12:02:53","28","2016-07-24 12:02:53","28","1"),
("71312","","","","53670","","","2231","2","1","0","1500","2016-07-24","0000-00-00","","2016-07-24 12:03:09","28","2016-07-24 12:03:09","28","1"),
("71313","","","","53671","","","2231","2","15","0","1500","2016-07-24","0000-00-00","","2016-07-24 12:05:48","28","2016-07-24 12:05:48","28","1"),
("71314","","","","53672","","","2229","2","5","0","700","2016-07-24","0000-00-00","","2016-07-24 12:07:06","28","2016-07-24 12:07:06","28","1"),
("71315","","","","53673","","","2104","2","2","0","5500","2016-07-24","0000-00-00","","2016-07-24 12:07:22","28","2016-07-24 12:07:22","28","1"),
("71316","","","","53674","","","2083","2","4","0","2500","2016-07-24","0000-00-00","","2016-07-24 12:07:35","28","2016-07-24 12:07:35","28","1"),
("71317","","","","53675","","","2235","2","1","0","2500","2016-07-24","0000-00-00","","2016-07-24 12:07:45","28","2016-07-24 12:07:45","28","1"),
("71318","","","","53676","","","2235","2","1","0","2500","2016-07-24","0000-00-00","","2016-07-24 12:07:48","28","2016-07-24 12:07:48","28","1"),
("71319","","","","53677","","","2083","2","2","0","2500","2016-07-24","0000-00-00","","2016-07-24 12:07:55","28","2016-07-24 12:07:55","28","1"),
("71320","","","","53678","","","2250","2","1","0","500","2016-07-24","0000-00-00","","2016-07-24 12:08:46","28","2016-07-24 12:08:46","28","1"),
("71321","","","","53679","","","2231","2","10","0","1500","2016-07-24","0000-00-00","","2016-07-24 12:09:12","28","2016-07-24 12:09:12","28","1"),
("71322","","","","53680","","","2064","2","1","0","2000","2016-07-24","0000-00-00","","2016-07-24 12:11:46","28","2016-07-24 12:11:46","28","1"),
("71323","","","","53681","","","2126","2","1","0","2000","2016-07-24","0000-00-00","","2016-07-24 12:12:02","32","2016-07-24 12:12:02","32","1"),
("71324","","","","53681","","","2099","2","1","0","2000","2016-07-24","0000-00-00","","2016-07-24 12:12:02","32","2016-07-24 12:12:02","32","1"),
("71325","","","","53681","","","2235","2","1","0","2500","2016-07-24","0000-00-00","","2016-07-24 12:12:02","32","2016-07-24 12:12:02","32","1"),
("71326","","","","53682","","","2228","2","30","0","500","2016-07-24","0000-00-00","","2016-07-24 12:16:31","32","2016-07-24 12:16:31","32","1"),
("71327","","","","53683","","","2093","2","2","0","3000","2016-07-24","0000-00-00","","2016-07-24 12:16:45","32","2016-07-24 12:16:45","32","1"),
("71328","","","","53684","","","2228","2","40","0","500","2016-07-24","0000-00-00","","2016-07-24 12:16:53","32","2016-07-24 12:16:53","32","1"),
("71329","","","","53685","","","2228","2","2","0","500","2016-07-24","0000-00-00","","2016-07-24 12:16:58","32","2016-07-24 12:16:58","32","1"),
("71330","","","","53686","","","2228","2","20","0","500","2016-07-24","0000-00-00","","2016-07-24 12:20:20","32","2016-07-24 12:20:20","32","1"),
("71331","","","","53687","","","2229","2","1","0","700","2016-07-24","0000-00-00","","2016-07-24 12:20:54","28","2016-07-24 12:20:54","28","1"),
("71332","","","","53687","","","2099","2","1","0","2000","2016-07-24","0000-00-00","","2016-07-24 12:20:54","28","2016-07-24 12:20:54","28","1"),
("71333","","","","53687","","","2164","2","1","0","3000","2016-07-24","0000-00-00","","2016-07-24 12:20:54","28","2016-07-24 12:20:54","28","1"),
("71334","","","","53688","","","2228","2","10","0","500","2016-07-24","0000-00-00","","2016-07-24 12:21:24","32","2016-07-24 12:21:24","32","1"),
("71335","","","","53689","","","2226","2","2","0","3000","2016-07-24","0000-00-00","","2016-07-24 12:22:11","32","2016-07-24 12:22:11","32","1"),
("71336","","","","53690","","","2228","2","10","0","500","2016-07-24","0000-00-00","","2016-07-24 12:22:18","32","2016-07-24 12:22:18","32","1"),
("71337","","","","53691","","","2076","2","1","0","2000","2016-07-24","0000-00-00","","2016-07-24 12:23:52","28","2016-07-24 12:23:52","28","1"),
("71338","","","","53691","","","2075","2","1","0","1500","2016-07-24","0000-00-00","","2016-07-24 12:23:52","28","2016-07-24 12:23:52","28","1"),
("71339","","","","53691","","","2095","2","1","0","4000","2016-07-24","0000-00-00","","2016-07-24 12:23:52","28","2016-07-24 12:23:52","28","1"),
("71340","","","","53692","","","2228","2","10","0","500","2016-07-24","0000-00-00","","2016-07-24 12:24:30","32","2016-07-24 12:24:30","32","1"),
("71341","","","","53693","","","2228","2","2","0","500","2016-07-24","0000-00-00","","2016-07-24 12:27:17","32","2016-07-24 12:27:17","32","1"),
("71342","","","","53693","","","2197","2","2","0","2500","2016-07-24","0000-00-00","","2016-07-24 12:27:17","32","2016-07-24 12:27:17","32","1"),
("71343","","","","53694","","","2228","2","10","0","500","2016-07-24","0000-00-00","","2016-07-24 12:29:03","32","2016-07-24 12:29:03","32","1"),
("71344","","","","53695","","","2229","2","2","0","700","2016-07-24","0000-00-00","","2016-07-24 12:29:56","32","2016-07-24 12:29:56","32","1"),
("71345","","","","53696","","","2228","2","10","0","500","2016-07-24","0000-00-00","","2016-07-24 12:31:32","32","2016-07-24 12:31:32","32","1"),
("71346","","","","53697","","","2228","2","10","0","500","2016-07-24","0000-00-00","","2016-07-24 12:32:05","32","2016-07-24 12:32:05","32","1"),
("71347","","","","53698","","","2083","2","1","0","2500","2016-07-24","0000-00-00","","2016-07-24 12:32:13","32","2016-07-24 12:32:13","32","1"),
("71348","","","","53699","","","2125","2","1","0","1000","2016-07-24","0000-00-00","","2016-07-24 12:33:04","32","2016-07-24 12:33:04","32","1"),
("71349","","","","53700","","","2236","2","1","0","2000","2016-07-24","0000-00-00","","2016-07-24 12:33:35","32","2016-07-24 12:33:35","32","1"),
("71350","","","","53701","","","2231","2","5","0","1500","2016-07-24","0000-00-00","","2016-07-24 12:34:42","26","2016-07-24 12:34:42","26","1"),
("71351","","","","53701","","","2172","2","2","0","2500","2016-07-24","0000-00-00","","2016-07-24 12:34:43","26","2016-07-24 12:34:43","26","1"),
("71352","","","","53702","","","2071","2","6","0","1000","2016-07-24","0000-00-00","","2016-07-24 12:35:58","26","2016-07-24 12:35:58","26","1"),
("71353","","","","53702","","","2095","2","1","0","4000","2016-07-24","0000-00-00","","2016-07-24 12:35:58","26","2016-07-24 12:35:58","26","1"),
("71354","","","","53703","","","2228","2","5","0","500","2016-07-24","0000-00-00","","2016-07-24 12:36:50","26","2016-07-24 12:36:50","26","1"),
("71355","","","","53704","","","2228","2","2","0","500","2016-07-24","0000-00-00","","2016-07-24 12:38:50","26","2016-07-24 12:38:50","26","1"),
("71356","","","","53705","","","2228","2","10","0","500","2016-07-24","0000-00-00","","2016-07-24 12:39:01","26","2016-07-24 12:39:01","26","1"),
("71357","","","","53706","","","2229","2","80","0","700","2016-07-24","0000-00-00","","2016-07-24 12:39:11","26","2016-07-24 12:39:11","26","1"),
("71358","","","","53707","","","2102","2","1","0","5000","2016-07-24","0000-00-00","","2016-07-24 12:40:32","26","2016-07-24 12:40:32","26","1"),
("71359","","","","53708","","","2083","2","2","0","2500","2016-07-24","0000-00-00","","2016-07-24 12:41:35","26","2016-07-24 12:41:35","26","1"),
("71360","","","","53708","","","2228","2","2","0","500","2016-07-24","0000-00-00","","2016-07-24 12:41:35","26","2016-07-24 12:41:35","26","1"),
("71361","","","","53708","","","2231","2","4","0","1500","2016-07-24","0000-00-00","","2016-07-24 12:41:35","26","2016-07-24 12:41:35","26","1"),
("71362","","","","53709","","","2164","2","1","0","3000","2016-07-24","0000-00-00","","2016-07-24 12:42:10","26","2016-07-24 12:42:10","26","1"),
("71363","","","","53709","","","2240","2","1","0","5000","2016-07-24","0000-00-00","","2016-07-24 12:42:10","26","2016-07-24 12:42:10","26","1"),
("71364","","","","53710","","","2065","2","10","0","1000","2016-07-24","0000-00-00","","2016-07-24 12:42:43","26","2016-07-24 12:42:43","26","1"),
("71365","","","","53711","","","2229","2","2","0","700","2016-07-24","0000-00-00","","2016-07-24 12:43:40","26","2016-07-24 12:43:40","26","1"),
("71366","","","","53712","","","2076","2","2","0","2000","2016-07-24","0000-00-00","","2016-07-24 12:44:01","26","2016-07-24 12:44:01","26","1"),
("71367","","","","53712","","","2067","2","5","0","1000","2016-07-24","0000-00-00","","2016-07-24 12:44:01","26","2016-07-24 12:44:01","26","1"),
("71368","","","","53713","","","2121","2","1","0","13000","2016-07-24","0000-00-00","","2016-07-24 12:45:01","26","2016-07-24 12:45:01","26","1"),
("71369","","","","53714","","","2095","2","1","0","4000","2016-07-24","0000-00-00","","2016-07-24 12:47:18","26","2016-07-24 12:47:18","26","1"),
("71370","","","","53715","","","2229","2","5","0","700","2016-07-24","0000-00-00","","2016-07-24 12:51:32","26","2016-07-24 12:51:32","26","1"),
("71371","","","","53716","","","2229","2","10","0","700","2016-07-24","0000-00-00","","2016-07-24 12:51:47","26","2016-07-24 12:51:47","26","1"),
("71372","","","","53717","","","2164","2","1","0","3000","2016-07-24","0000-00-00","","2016-07-24 12:55:19","26","2016-07-24 12:55:19","26","1"),
("71373","","","","53717","","","2071","2","2","0","1000","2016-07-24","0000-00-00","","2016-07-24 12:55:19","26","2016-07-24 12:55:19","26","1"),
("71374","","","","53717","","","2228","2","10","0","500","2016-07-24","0000-00-00","","2016-07-24 12:55:19","26","2016-07-24 12:55:19","26","1"),
("71375","","","","53718","","","2228","2","2","0","500","2016-07-24","0000-00-00","","2016-07-24 12:55:26","26","2016-07-24 12:55:26","26","1"),
("71376","","","","53719","","","2229","2","10","0","700","2016-07-24","0000-00-00","","2016-07-24 12:57:59","26","2016-07-24 12:57:59","26","1"),
("71377","","","","53720","","","2172","2","2","0","2500","2016-07-24","0000-00-00","","2016-07-24 13:00:34","26","2016-07-24 13:00:34","26","1"),
("71378","","","","53721","","","2166","2","1","0","700","2016-07-24","0000-00-00","","2016-07-24 13:01:43","26","2016-07-24 13:01:43","26","1"),
("71379","","","","53722","","","2166","2","1","0","700","2016-07-24","0000-00-00","","2016-07-24 13:01:52","26","2016-07-24 13:01:52","26","1"),
("71380","","","","53723","","","2125","2","1","0","1000","2016-07-24","0000-00-00","","2016-07-24 13:02:26","26","2016-07-24 13:02:26","26","1"),
("71381","","","","53724","","","2228","2","5","0","500","2016-07-24","0000-00-00","","2016-07-24 13:03:41","26","2016-07-24 13:03:41","26","1"),
("71382","","","","53725","","","2110","2","1","0","2500","2016-07-24","0000-00-00","","2016-07-24 13:07:12","26","2016-07-24 13:07:12","26","1"),
("71383","","","","53725","","","2231","2","2","0","1500","2016-07-24","0000-00-00","","2016-07-24 13:07:12","26","2016-07-24 13:07:12","26","1"),
("71384","","","","53726","","","2163","2","2","0","2500","2016-07-24","0000-00-00","","2016-07-24 13:07:21","32","2016-07-24 13:07:21","32","1"),
("71385","","","","53727","","","2231","2","2","0","1500","2016-07-24","0000-00-00","","2016-07-24 13:07:24","26","2016-07-24 13:07:24","26","1"),
("71386","","","","53728","","","2228","2","2","0","500","2016-07-24","0000-00-00","","2016-07-24 13:08:27","32","2016-07-24 13:08:27","32","1"),
("71387","","","","53729","","","2111","2","1","0","3000","2016-07-24","0000-00-00","","2016-07-24 13:10:44","26","2016-07-24 13:10:44","26","1"),
("71388","","","","53730","","","2093","2","1","0","3000","2016-07-24","0000-00-00","","2016-07-24 13:11:34","26","2016-07-24 13:11:34","26","1"),
("71389","","","","53731","","","2241","2","2","0","3000","2016-07-24","0000-00-00","","2016-07-24 13:12:16","32","2016-07-24 13:12:16","32","1"),
("71390","","","","53731","","","2074","2","2","0","1500","2016-07-24","0000-00-00","","2016-07-24 13:12:16","32","2016-07-24 13:12:16","32","1"),
("71391","","","","53731","","","2231","2","10","0","1500","2016-07-24","0000-00-00","","2016-07-24 13:12:16","32","2016-07-24 13:12:16","32","1"),
("71392","","","","53732","","","2126","2","1","0","2000","2016-07-24","0000-00-00","","2016-07-24 13:12:32","26","2016-07-24 13:12:32","26","1"),
("71393","","","","53733","","","2125","2","1","0","1000","2016-07-24","0000-00-00","","2016-07-24 13:14:22","32","2016-07-24 13:14:22","32","1"),
("71394","","","","53734","","","2229","2","10","0","700","2016-07-24","0000-00-00","","2016-07-24 13:14:28","26","2016-07-24 13:14:28","26","1"),
("71395","","","","53735","","","2133","2","1","0","6000","2016-07-24","0000-00-00","","2016-07-24 13:14:53","26","2016-07-24 13:14:53","26","1"),
("71396","","","","53736","","","2231","2","2","0","1500","2016-07-24","0000-00-00","","2016-07-24 13:15:36","32","2016-07-24 13:15:36","32","1"),
("71397","","","","53737","","","2197","2","1","0","2500","2016-07-24","0000-00-00","","2016-07-24 13:16:38","26","2016-07-24 13:16:38","26","1"),
("71398","","","","53738","","","2231","2","1","0","1500","2016-07-24","0000-00-00","","2016-07-24 13:16:44","32","2016-07-24 13:16:44","32","1"),
("71399","","","","53739","","","2228","2","10","0","500","2016-07-24","0000-00-00","","2016-07-24 13:17:35","32","2016-07-24 13:17:35","32","1"),
("71400","","","","53740","","","2250","2","2","0","500","2016-07-24","0000-00-00","","2016-07-24 13:19:05","26","2016-07-24 13:19:05","26","1"),
("71401","","","","53741","","","2125","2","1","0","1000","2016-07-24","0000-00-00","","2016-07-24 13:19:10","26","2016-07-24 13:19:10","26","1"),
("71402","","","","53742","","","2229","2","10","0","700","2016-07-24","0000-00-00","","2016-07-24 13:20:30","32","2016-07-24 13:20:30","32","1"),
("71403","","","","53743","","","2166","2","10","0","700","2016-07-24","0000-00-00","","2016-07-24 13:20:49","26","2016-07-24 13:20:49","26","1"),
("71404","","","","53744","","","2197","2","1","0","2500","2016-07-24","0000-00-00","","2016-07-24 13:20:56","32","2016-07-24 13:20:56","32","1"),
("71405","","","","53745","","","2250","2","1","0","500","2016-07-24","0000-00-00","","2016-07-24 13:21:14","26","2016-07-24 13:21:14","26","1"),
("71406","","","","53746","","","2064","2","1","0","2000","2016-07-24","0000-00-00","","2016-07-24 13:21:47","32","2016-07-24 13:21:47","32","1"),
("71407","","","","53746","","","2083","2","4","0","2500","2016-07-24","0000-00-00","","2016-07-24 13:21:47","32","2016-07-24 13:21:47","32","1"),
("71408","","","","53747","","","2126","2","1","0","2000","2016-07-24","0000-00-00","","2016-07-24 13:22:10","32","2016-07-24 13:22:10","32","1"),
("71409","","","","53748","","","2166","2","5","0","700","2016-07-24","0000-00-00","","2016-07-24 13:22:31","32","2016-07-24 13:22:31","32","1"),
("71410","","","","53749","","","2146","2","1","0","3500","2016-07-24","0000-00-00","","2016-07-24 13:22:54","32","2016-07-24 13:22:54","32","1"),
("71411","","","","53750","","","2125","2","1","0","1000","2016-07-24","0000-00-00","","2016-07-24 13:23:17","32","2016-07-24 13:23:17","32","1"),
("71412","","","","53751","","","2229","2","1","0","700","2016-07-24","0000-00-00","","2016-07-24 13:23:58","32","2016-07-24 13:23:58","32","1"),
("71413","","","","53752","","","2166","2","5","0","700","2016-07-24","0000-00-00","","2016-07-24 13:25:17","32","2016-07-24 13:25:17","32","1"),
("71414","","","","53752","","","2095","2","1","0","4000","2016-07-24","0000-00-00","","2016-07-24 13:25:17","32","2016-07-24 13:25:17","32","1"),
("71415","","","","53752","","","2121","2","1","0","13000","2016-07-24","0000-00-00","","2016-07-24 13:25:17","32","2016-07-24 13:25:17","32","1"),
("71416","","","","53753","","","2164","2","2","0","3000","2016-07-24","0000-00-00","","2016-07-24 13:28:44","26","2016-07-24 13:28:44","26","1"),
("71417","","","","53754","","","2228","2","4","0","500","2016-07-24","0000-00-00","","2016-07-24 13:29:22","32","2016-07-24 13:29:22","32","1"),
("71418","","","","53755","","","2228","2","6","0","500","2016-07-24","0000-00-00","","2016-07-24 13:29:41","32","2016-07-24 13:29:41","32","1"),
("71419","","","","53756","","","2250","2","2","0","500","2016-07-24","0000-00-00","","2016-07-24 13:32:29","32","2016-07-24 13:32:29","32","1"),
("71420","","","","53757","","","2075","2","1","0","1500","2016-07-24","0000-00-00","","2016-07-24 13:32:56","26","2016-07-24 13:32:56","26","1"),
("71421","","","","53757","","","2070","2","1","0","1000","2016-07-24","0000-00-00","","2016-07-24 13:32:56","26","2016-07-24 13:32:56","26","1"),
("71422","","","","53758","","","2228","2","3","0","500","2016-07-24","0000-00-00","","2016-07-24 13:32:59","32","2016-07-24 13:32:59","32","1"),
("71423","","","","53759","","","2235","2","2","0","2500","2016-07-24","0000-00-00","","2016-07-24 13:33:45","26","2016-07-24 13:33:45","26","1"),
("71424","","","","53759","","","2104","2","1","0","5500","2016-07-24","0000-00-00","","2016-07-24 13:33:45","26","2016-07-24 13:33:45","26","1"),
("71425","","","","53760","","","2095","2","1","0","4000","2016-07-24","0000-00-00","","2016-07-24 13:35:02","26","2016-07-24 13:35:02","26","1"),
("71426","","","","53761","","","2172","2","2","0","2500","2016-07-24","0000-00-00","","2016-07-24 13:35:24","32","2016-07-24 13:35:24","32","1"),
("71427","","","","53762","","","2228","2","8","0","500","2016-07-24","0000-00-00","","2016-07-24 13:35:59","26","2016-07-24 13:35:59","26","1"),
("71428","","","","53763","","","2070","2","2","0","1000","2016-07-24","0000-00-00","","2016-07-24 13:36:21","32","2016-07-24 13:36:21","32","1"),
("71429","","","","53763","","","2231","2","3","0","1500","2016-07-24","0000-00-00","","2016-07-24 13:36:21","32","2016-07-24 13:36:21","32","1"),
("71430","","","","53764","","","2072","2","5","0","1000","2016-07-24","0000-00-00","","2016-07-24 13:36:33","32","2016-07-24 13:36:33","32","1"),
("71431","","","","53764","","","2095","2","1","0","4000","2016-07-24","0000-00-00","","2016-07-24 13:36:33","32","2016-07-24 13:36:33","32","1"),
("71432","","","","53764","","","2118","2","1","0","6500","2016-07-24","0000-00-00","","2016-07-24 13:36:33","32","2016-07-24 13:36:33","32","1"),
("71433","","","","53765","","","2107","2","1","0","6000","2016-07-24","0000-00-00","","2016-07-24 13:36:59","26","2016-07-24 13:36:59","26","1"),
("71434","","","","53766","","","2107","2","1","0","6000","2016-07-24","0000-00-00","","2016-07-24 13:37:04","32","2016-07-24 13:37:04","32","1"),
("71435","","","","53767","","","2073","2","5","0","1000","2016-07-24","0000-00-00","","2016-07-24 13:37:19","26","2016-07-24 13:37:19","26","1"),
("71436","","","","53768","","","2228","2","3","0","500","2016-07-24","0000-00-00","","2016-07-24 13:38:43","32","2016-07-24 13:38:43","32","1"),
("71437","","","","53769","","","2228","2","4","0","500","2016-07-24","0000-00-00","","2016-07-24 13:40:20","26","2016-07-24 13:40:20","26","1"),
("71438","","","","53770","","","2250","2","2","0","500","2016-07-24","0000-00-00","","2016-07-24 13:41:30","26","2016-07-24 13:41:30","26","1"),
("71439","","","","53771","","","2228","2","10","0","500","2016-07-24","0000-00-00","","2016-07-24 13:46:04","32","2016-07-24 13:46:04","32","1"),
("71440","","","","53772","","","2125","2","1","0","1000","2016-07-24","0000-00-00","","2016-07-24 13:47:38","32","2016-07-24 13:47:38","32","1"),
("71441","","","","53773","","","2228","2","10","0","500","2016-07-24","0000-00-00","","2016-07-24 13:51:50","32","2016-07-24 13:51:50","32","1"),
("71442","","","","53774","","","2228","2","5","0","500","2016-07-24","0000-00-00","","2016-07-24 13:51:52","26","2016-07-24 13:51:52","26","1"),
("71443","","","","53775","","","2235","2","2","0","2500","2016-07-24","0000-00-00","","2016-07-24 13:53:15","32","2016-07-24 13:53:15","32","1"),
("71444","","","","53776","","","2104","2","1","0","5500","2016-07-24","0000-00-00","","2016-07-24 13:53:57","26","2016-07-24 13:53:57","26","1"),
("71445","","","","53777","","","2228","2","2","0","500","2016-07-24","0000-00-00","","2016-07-24 13:53:57","32","2016-07-24 13:53:57","32","1"),
("71446","","","","53778","","","2250","2","1","0","500","2016-07-24","0000-00-00","","2016-07-24 13:54:19","26","2016-07-24 13:54:19","26","1"),
("71447","","","","53779","","","2231","2","3","0","1500","2016-07-24","0000-00-00","","2016-07-24 13:54:46","32","2016-07-24 13:54:46","32","1"),
("71448","","","","53779","","","2110","2","1","0","2500","2016-07-24","0000-00-00","","2016-07-24 13:54:46","32","2016-07-24 13:54:46","32","1"),
("71449","","","","53779","","","2118","2","1","0","6500","2016-07-24","0000-00-00","","2016-07-24 13:54:46","32","2016-07-24 13:54:46","32","1"),
("71450","","","","53780","","","2228","2","5","0","500","2016-07-24","0000-00-00","","2016-07-24 13:54:57","26","2016-07-24 13:54:57","26","1"),
("71451","","","","53781","","","2240","2","1","0","5000","2016-07-24","0000-00-00","","2016-07-24 13:55:27","26","2016-07-24 13:55:27","26","1"),
("71452","","","","53782","","","2250","2","2","0","500","2016-07-24","0000-00-00","","2016-07-24 13:56:09","26","2016-07-24 13:56:09","26","1"),
("71453","","","","53783","","","2166","2","10","0","700","2016-07-24","0000-00-00","","2016-07-24 13:56:34","26","2016-07-24 13:56:34","26","1"),
("71454","","","","53784","","","2229","2","15","0","700","2016-07-24","0000-00-00","","2016-07-24 13:58:45","26","2016-07-24 13:58:45","26","1"),
("71455","","","","53785","","","2229","2","10","0","700","2016-07-24","0000-00-00","","2016-07-24 13:59:16","26","2016-07-24 13:59:16","26","1"),
("71456","","","","53786","","","2250","2","1","0","500","2016-07-24","0000-00-00","","2016-07-24 13:59:32","26","2016-07-24 13:59:32","26","1"),
("71457","","","","53787","","","2104","2","1","0","5500","2016-07-24","0000-00-00","","2016-07-24 14:00:10","26","2016-07-24 14:00:10","26","1"),
("71458","","","","53788","","","2071","2","1","0","1000","2016-07-24","0000-00-00","","2016-07-24 14:00:17","26","2016-07-24 14:00:17","26","1"),
("71459","","","","53788","","","2065","2","1","0","1000","2016-07-24","0000-00-00","","2016-07-24 14:00:17","26","2016-07-24 14:00:17","26","1"),
("71460","","","","53789","","","2104","2","1","0","5500","2016-07-24","0000-00-00","","2016-07-24 14:00:56","26","2016-07-24 14:00:56","26","1"),
("71461","","","","53790","","","2231","2","2","0","1500","2016-07-24","0000-00-00","","2016-07-24 14:02:24","28","2016-07-24 14:02:24","28","1"),
("71462","","","","53791","","","2228","2","5","0","500","2016-07-24","0000-00-00","","2016-07-24 14:03:29","28","2016-07-24 14:03:29","28","1"),
("71463","","","","53792","","","2110","2","1","0","2500","2016-07-24","0000-00-00","","2016-07-24 14:06:14","26","2016-07-24 14:06:14","26","1"),
("71464","","","","53793","","","2111","2","1","0","3000","2016-07-24","0000-00-00","","2016-07-24 14:06:32","28","2016-07-24 14:06:32","28","1"),
("71465","","","","53794","","","2083","2","1","0","2500","2016-07-24","0000-00-00","","2016-07-24 14:06:51","28","2016-07-24 14:06:51","28","1"),
("71466","","","","53795","","","2228","2","20","0","500","2016-07-24","0000-00-00","","2016-07-24 14:06:57","28","2016-07-24 14:06:57","28","1"),
("71467","","","","53796","","","2229","2","10","0","700","2016-07-24","0000-00-00","","2016-07-24 14:07:17","26","2016-07-24 14:07:17","26","1"),
("71468","","","","53796","","","2164","2","2","0","3000","2016-07-24","0000-00-00","","2016-07-24 14:07:17","26","2016-07-24 14:07:17","26","1"),
("71469","","","","53796","","","2172","2","2","0","2500","2016-07-24","0000-00-00","","2016-07-24 14:07:17","26","2016-07-24 14:07:17","26","1"),
("71470","","","","53797","","","2228","2","2","0","500","2016-07-24","0000-00-00","","2016-07-24 14:09:15","28","2016-07-24 14:09:15","28","1"),
("71471","","","","53798","","","2082","2","1","0","2500","2016-07-24","0000-00-00","","2016-07-24 14:09:28","28","2016-07-24 14:09:28","28","1"),
("71472","","","","53799","","","2165","2","3","0","1000","2016-07-24","0000-00-00","","2016-07-24 14:09:45","26","2016-07-24 14:09:45","26","1"),
("71473","","","","53799","","","2067","2","2","0","1000","2016-07-24","0000-00-00","","2016-07-24 14:09:46","26","2016-07-24 14:09:46","26","1"),
("71474","","","","53799","","","2065","2","5","0","1000","2016-07-24","0000-00-00","","2016-07-24 14:09:46","26","2016-07-24 14:09:46","26","1"),
("71475","","","","53800","","","2231","2","4","0","1500","2016-07-24","0000-00-00","","2016-07-24 14:10:02","26","2016-07-24 14:10:02","26","1"),
("71476","","","","53801","","","2117","2","1","0","7500","2016-07-24","0000-00-00","","2016-07-24 14:11:36","28","2016-07-24 14:11:36","28","1"),
("71477","","","","53801","","","2088","2","1","0","5000","2016-07-24","0000-00-00","","2016-07-24 14:11:36","28","2016-07-24 14:11:36","28","1"),
("71478","","","","53802","","","2125","2","1","0","1000","2016-07-24","0000-00-00","","2016-07-24 14:11:41","26","2016-07-24 14:11:41","26","1"),
("71479","","","","53803","","","2164","2","1","0","3000","2016-07-24","0000-00-00","","2016-07-24 14:11:55","26","2016-07-24 14:11:55","26","1"),
("71480","","","","53804","","","2125","2","1","0","1000","2016-07-24","0000-00-00","","2016-07-24 14:12:14","28","2016-07-24 14:12:14","28","1"),
("71481","","","","53805","","","2125","2","1","0","1000","2016-07-24","0000-00-00","","2016-07-24 14:12:53","26","2016-07-24 14:12:53","26","1"),
("71482","","","","53806","","","2119","2","1","0","8000","2016-07-24","0000-00-00","","2016-07-24 14:12:59","26","2016-07-24 14:12:59","26","1"),
("71483","","","","53807","","","2228","2","5","0","500","2016-07-24","0000-00-00","","2016-07-24 14:13:11","28","2016-07-24 14:13:11","28","1"),
("71484","","","","53808","","","2228","2","5","0","500","2016-07-24","0000-00-00","","2016-07-24 14:13:33","26","2016-07-24 14:13:33","26","1"),
("71485","","","","53809","","","2228","2","10","0","500","2016-07-24","0000-00-00","","2016-07-24 14:21:51","28","2016-07-24 14:21:51","28","1"),
("71486","","","","53810","","","2118","2","1","0","6500","2016-07-24","0000-00-00","","2016-07-24 14:22:16","26","2016-07-24 14:22:16","26","1"),
("71487","","","","53811","","","2231","2","1","0","1500","2016-07-24","0000-00-00","","2016-07-24 14:25:27","26","2016-07-24 14:25:27","26","1"),
("71488","","","","53811","","","2228","2","6","0","500","2016-07-24","0000-00-00","","2016-07-24 14:25:27","26","2016-07-24 14:25:27","26","1"),
("71489","","","","53812","","","2228","2","10","0","500","2016-07-24","0000-00-00","","2016-07-24 14:25:35","26","2016-07-24 14:25:35","26","1"),
("71490","","","","53813","","","2228","2","5","0","500","2016-07-24","0000-00-00","","2016-07-24 14:28:06","26","2016-07-24 14:28:06","26","1"),
("71491","","","","53814","","","2231","2","1","0","1500","2016-07-24","0000-00-00","","2016-07-24 14:28:34","26","2016-07-24 14:28:34","26","1"),
("71492","","","","53815","","","2228","2","10","0","500","2016-07-24","0000-00-00","","2016-07-24 14:29:49","28","2016-07-24 14:29:49","28","1"),
("71493","","","","53816","","","2107","2","2","0","6000","2016-07-24","0000-00-00","","2016-07-24 14:30:42","26","2016-07-24 14:30:42","26","1"),
("71494","","","","53817","","","2228","2","10","0","500","2016-07-24","0000-00-00","","2016-07-24 14:31:09","28","2016-07-24 14:31:09","28","1"),
("71495","","","","53818","","","2146","2","1","0","3500","2016-07-24","0000-00-00","","2016-07-24 14:31:48","26","2016-07-24 14:31:48","26","1"),
("71496","","","","53818","","","2095","2","1","0","4000","2016-07-24","0000-00-00","","2016-07-24 14:31:48","26","2016-07-24 14:31:48","26","1"),
("71497","","","","53819","","","2070","2","1","0","1000","2016-07-24","0000-00-00","","2016-07-24 14:31:59","26","2016-07-24 14:31:59","26","1"),
("71498","","","","53819","","","2233","2","1","0","2000","2016-07-24","0000-00-00","","2016-07-24 14:31:59","26","2016-07-24 14:31:59","26","1"),
("71499","","","","53820","","","2228","2","10","0","500","2016-07-24","0000-00-00","","2016-07-24 14:32:11","28","2016-07-24 14:32:11","28","1"),
("71500","","","","53821","","","2228","2","3","0","500","2016-07-24","0000-00-00","","2016-07-24 14:32:25","28","2016-07-24 14:32:25","28","1"),
("71501","","","","53822","","","2235","2","1","0","2500","2016-07-24","0000-00-00","","2016-07-24 14:33:04","28","2016-07-24 14:33:04","28","1"),
("71502","","","","53822","","","2119","2","1","0","8000","2016-07-24","0000-00-00","","2016-07-24 14:33:04","28","2016-07-24 14:33:04","28","1"),
("71503","","","","53822","","","2121","2","2","0","13000","2016-07-24","0000-00-00","","2016-07-24 14:33:04","28","2016-07-24 14:33:04","28","1"),
("71504","","","","53822","","","2229","2","30","0","700","2016-07-24","0000-00-00","","2016-07-24 14:33:04","28","2016-07-24 14:33:04","28","1"),
("71505","","","","53823","","","2100","2","1","0","1000","2016-07-24","0000-00-00","","2016-07-24 14:33:10","26","2016-07-24 14:33:10","26","1"),
("71506","","","","53824","","","2065","2","1","0","1000","2016-07-24","0000-00-00","","2016-07-24 14:33:25","26","2016-07-24 14:33:25","26","1"),
("71507","","","","53824","","","2073","2","1","0","1000","2016-07-24","0000-00-00","","2016-07-24 14:33:25","26","2016-07-24 14:33:25","26","1"),
("71508","","","","53824","","","2226","2","1","0","3000","2016-07-24","0000-00-00","","2016-07-24 14:33:26","26","2016-07-24 14:33:26","26","1"),
("71509","","","","53824","","","2084","2","1","0","2500","2016-07-24","0000-00-00","","2016-07-24 14:33:26","26","2016-07-24 14:33:26","26","1"),
("71510","","","","53825","","","2197","2","1","0","2500","2016-07-24","0000-00-00","","2016-07-24 14:34:01","26","2016-07-24 14:34:01","26","1"),
("71511","","","","53825","","","2126","2","1","0","2000","2016-07-24","0000-00-00","","2016-07-24 14:34:01","26","2016-07-24 14:34:01","26","1"),
("71512","","","","53826","","","2231","2","2","0","1500","2016-07-24","0000-00-00","","2016-07-24 14:34:32","28","2016-07-24 14:34:32","28","1"),
("71513","","","","53826","","","2164","2","1","0","3000","2016-07-24","0000-00-00","","2016-07-24 14:34:32","28","2016-07-24 14:34:32","28","1"),
("71514","","","","53827","","","2250","2","2","0","500","2016-07-24","0000-00-00","","2016-07-24 14:34:44","28","2016-07-24 14:34:44","28","1"),
("71515","","","","53828","","","2126","2","2","0","2000","2016-07-24","0000-00-00","","2016-07-24 14:35:03","26","2016-07-24 14:35:03","26","1"),
("71516","","","","53828","","","2250","2","2","0","500","2016-07-24","0000-00-00","","2016-07-24 14:35:03","26","2016-07-24 14:35:03","26","1"),
("71517","","","","53829","","","2164","2","1","0","3000","2016-07-24","0000-00-00","","2016-07-24 14:37:11","26","2016-07-24 14:37:11","26","1"),
("71518","","","","53830","","","2228","2","2","0","500","2016-07-24","0000-00-00","","2016-07-24 14:38:37","28","2016-07-24 14:38:37","28","1"),
("71519","","","","53831","","","2228","2","2","0","500","2016-07-24","0000-00-00","","2016-07-24 14:39:59","28","2016-07-24 14:39:59","28","1"),
("71520","","","","53832","","","2228","2","20","0","500","2016-07-24","0000-00-00","","2016-07-24 14:42:08","28","2016-07-24 14:42:08","28","1"),
("71521","","","","53833","","","2228","2","3","0","500","2016-07-24","0000-00-00","","2016-07-24 14:42:38","28","2016-07-24 14:42:38","28","1"),
("71522","","","","53834","","","2228","2","3","0","500","2016-07-24","0000-00-00","","2016-07-24 14:43:31","28","2016-07-24 14:43:31","28","1"),
("71523","","","","53835","","","2228","2","5","0","500","2016-07-24","0000-00-00","","2016-07-24 14:43:40","26","2016-07-24 14:43:40","26","1"),
("71524","","","","53836","","","2250","2","1","0","500","2016-07-24","0000-00-00","","2016-07-24 14:45:22","26","2016-07-24 14:45:22","26","1"),
("71525","","","","53837","","","2228","2","5","0","500","2016-07-24","0000-00-00","","2016-07-24 14:48:37","26","2016-07-24 14:48:37","26","1"),
("71526","","","","53838","","","2228","2","5","0","500","2016-07-24","0000-00-00","","2016-07-24 14:49:33","28","2016-07-24 14:49:33","28","1"),
("71527","","","","53839","","","2231","2","5","0","1500","2016-07-24","0000-00-00","","2016-07-24 14:50:24","26","2016-07-24 14:50:24","26","1"),
("71528","","","","53839","","","2107","2","1","0","6000","2016-07-24","0000-00-00","","2016-07-24 14:50:24","26","2016-07-24 14:50:24","26","1"),
("71529","","","","53840","","","2083","2","1","0","2500","2016-07-24","0000-00-00","","2016-07-24 14:50:52","26","2016-07-24 14:50:52","26","1"),
("71530","","","","53841","","","2228","2","3","0","500","2016-07-24","0000-00-00","","2016-07-24 14:52:22","28","2016-07-24 14:52:22","28","1"),
("71531","","","","53842","","","2257","2","1","0","2500","2016-07-24","0000-00-00","","2016-07-24 14:53:09","26","2016-07-24 14:53:09","26","1"),
("71532","","","","53842","","","2240","2","1","0","5000","2016-07-24","0000-00-00","","2016-07-24 14:53:09","26","2016-07-24 14:53:09","26","1"),
("71533","","","","53843","","","2104","2","2","0","5500","2016-07-24","0000-00-00","","2016-07-24 14:53:54","26","2016-07-24 14:53:54","26","1"),
("71534","","","","53844","","","2098","2","1","0","2500","2016-07-24","0000-00-00","","2016-07-24 14:58:29","26","2016-07-24 14:58:29","26","1"),
("71535","","","","53845","","","2228","2","5","0","500","2016-07-24","0000-00-00","","2016-07-24 14:58:57","28","2016-07-24 14:58:57","28","1");

DROP TABLE inventory_totals;

CREATE TABLE `inventory_totals` (
  `product_id` bigint(20) NOT NULL,
  `location_id` bigint(20) NOT NULL,
  `total_qty` double DEFAULT '0',
  `created_at` datetime NOT NULL,
  `created_by` bigint(11) NOT NULL,
  `updated_at` datetime NOT NULL,
  `updated_by` bigint(11) NOT NULL,
  PRIMARY KEY (`product_id`,`location_id`),
  KEY `product_id` (`product_id`),
  KEY `location_id` (`location_id`)
) ENGINE=InnoDB DEFAULT CHARSET=utf8 COLLATE=utf8_unicode_ci;

INSERT INTO inventory_totals VALUES("2064","2","-940","2016-05-30 20:44:40","32","2016-07-24 13:21:47","32");
INSERT INTO inventory_totals VALUES("2065","2","-10022","2016-05-30 17:12:37","26","2016-07-24 14:33:25","26");
INSERT INTO inventory_totals VALUES("2067","2","-885","2016-05-30 20:12:19","26","2016-07-24 14:09:46","26");
INSERT INTO inventory_totals VALUES("2070","2","-1383","2016-05-30 19:12:04","26","2016-07-24 14:31:59","26");
INSERT INTO inventory_totals VALUES("2071","2","-2713","2016-05-30 20:20:55","26","2016-07-24 14:00:17","26");
INSERT INTO inventory_totals VALUES("2072","2","-540","2016-06-01 10:24:38","32","2016-07-24 13:36:33","32");
INSERT INTO inventory_totals VALUES("2073","2","-1507","2016-05-30 17:09:35","26","2016-07-24 14:33:25","26");
INSERT INTO inventory_totals VALUES("2074","2","-721","2016-05-30 17:09:50","32","2016-07-24 13:12:16","32");
INSERT INTO inventory_totals VALUES("2075","2","-1377","2016-05-30 19:40:28","26","2016-07-24 13:32:56","26");
INSERT INTO inventory_totals VALUES("2076","2","-613","2016-05-30 17:15:10","26","2016-07-24 12:44:01","26");
INSERT INTO inventory_totals VALUES("2077","2","-183","2016-06-02 16:11:58","32","2016-07-24 11:14:54","32");
INSERT INTO inventory_totals VALUES("2078","2","-485","2016-05-31 07:51:51","32","2016-07-24 11:14:55","32");
INSERT INTO inventory_totals VALUES("2079","2","-343","2016-05-30 17:34:03","28","2016-07-23 20:18:56","28");
INSERT INTO inventory_totals VALUES("2082","2","-268","2016-05-30 20:35:30","28","2016-07-24 14:09:28","28");
INSERT INTO inventory_totals VALUES("2083","2","-3558","2016-05-30 17:13:02","26","2016-07-24 14:50:52","26");
INSERT INTO inventory_totals VALUES("2084","2","-472","2016-05-30 17:13:26","26","2016-07-24 14:33:26","26");
INSERT INTO inventory_totals VALUES("2085","2","-461","2016-05-30 18:17:34","28","2016-07-24 08:15:55","28");
INSERT INTO inventory_totals VALUES("2088","2","-205","2016-05-31 08:25:04","28","2016-07-24 14:11:36","28");
INSERT INTO inventory_totals VALUES("2089","2","-156","2016-06-06 07:55:52","32","2016-07-22 08:57:24","32");
INSERT INTO inventory_totals VALUES("2090","2","-342","2016-06-03 07:53:09","32","2016-07-24 10:29:46","32");
INSERT INTO inventory_totals VALUES("2092","2","-22","2016-06-05 13:07:45","32","2016-06-26 17:13:30","32");
INSERT INTO inventory_totals VALUES("2093","2","-1278","2016-05-31 08:55:09","26","2016-07-24 13:11:34","26");
INSERT INTO inventory_totals VALUES("2095","2","-3356","2016-05-30 16:57:46","26","2016-07-24 14:31:48","26");
INSERT INTO inventory_totals VALUES("2097","2","-152","2016-05-31 11:50:36","28","2016-07-23 07:56:38","28");
INSERT INTO inventory_totals VALUES("2098","2","-141","2016-05-31 11:48:59","26","2016-07-24 14:58:29","26");
INSERT INTO inventory_totals VALUES("2099","2","-797","2016-05-30 19:54:32","28","2016-07-24 12:20:54","28");
INSERT INTO inventory_totals VALUES("2100","2","-127","2016-06-01 11:05:58","26","2016-07-24 14:33:10","26");
INSERT INTO inventory_totals VALUES("2101","2","-4","2016-06-04 16:36:48","28","2016-06-15 08:23:32","28");
INSERT INTO inventory_totals VALUES("2102","2","-237","2016-05-30 18:50:51","26","2016-07-24 12:40:32","26");
INSERT INTO inventory_totals VALUES("2103","2","-155","2016-05-30 18:21:22","32","2016-07-23 17:34:10","32");
INSERT INTO inventory_totals VALUES("2104","2","-2059","2016-05-30 18:45:00","26","2016-07-24 14:53:54","26");
INSERT INTO inventory_totals VALUES("2105","2","-94","2016-05-31 04:27:09","28","2016-07-24 10:11:59","28");
INSERT INTO inventory_totals VALUES("2107","2","-1202","2016-05-30 17:13:44","26","2016-07-24 14:50:24","26");
INSERT INTO inventory_totals VALUES("2108","2","-2","2016-06-22 07:31:24","26","2016-07-16 06:34:13","26");
INSERT INTO inventory_totals VALUES("2109","2","-4","2016-06-02 11:24:48","26","2016-07-14 13:26:17","26");
INSERT INTO inventory_totals VALUES("2110","2","-521","2016-05-31 09:56:02","26","2016-07-24 14:06:14","26");
INSERT INTO inventory_totals VALUES("2111","2","-99","2016-05-31 06:44:27","28","2016-07-24 14:06:32","28");
INSERT INTO inventory_totals VALUES("2112","2","-220","2016-05-31 17:42:17","28","2016-07-24 07:31:30","28");
INSERT INTO inventory_totals VALUES("2113","2","-394","2016-05-31 06:07:51","28","2016-07-24 10:40:05","28");
INSERT INTO inventory_totals VALUES("2114","2","-48","2016-05-31 17:05:12","28","2016-07-21 18:27:09","28");
INSERT INTO inventory_totals VALUES("2116","2","-104","2016-05-30 19:09:50","26","2016-07-24 07:24:22","26");
INSERT INTO inventory_totals VALUES("2117","2","-120","2016-05-31 15:15:55","28","2016-07-24 14:11:36","28");
INSERT INTO inventory_totals VALUES("2118","2","-1183","2016-05-30 17:25:00","26","2016-07-24 14:22:16","26");
INSERT INTO inventory_totals VALUES("2119","2","-109","2016-05-31 04:10:53","28","2016-07-24 14:33:04","28");
INSERT INTO inventory_totals VALUES("2120","2","-23","2016-06-01 15:07:34","28","2016-06-24 08:28:25","28");
INSERT INTO inventory_totals VALUES("2121","2","-414","2016-05-30 16:56:09","28","2016-07-24 14:33:04","28");
INSERT INTO inventory_totals VALUES("2125","2","-2363","2016-05-30 17:14:38","26","2016-07-24 14:12:53","26");
INSERT INTO inventory_totals VALUES("2126","2","-1090","2016-05-30 17:17:44","26","2016-07-24 14:35:03","26");
INSERT INTO inventory_totals VALUES("2127","2","-1","2016-06-01 09:16:57","28","2016-06-01 09:16:57","28");
INSERT INTO inventory_totals VALUES("2128","2","-3","2016-05-30 17:17:34","27","2016-05-31 08:21:59","27");
INSERT INTO inventory_totals VALUES("2129","2","-81","2016-05-31 08:02:05","32","2016-07-22 11:46:44","32");
INSERT INTO inventory_totals VALUES("2130","2","-2","2016-05-31 11:51:20","28","2016-05-31 12:08:32","28");
INSERT INTO inventory_totals VALUES("2131","2","-5","2016-06-02 09:48:54","28","2016-06-11 08:04:29","28");
INSERT INTO inventory_totals VALUES("2133","2","-238","2016-05-30 20:04:42","26","2016-07-24 13:14:53","26");
INSERT INTO inventory_totals VALUES("2134","2","-1120","2016-05-30 17:16:20","32","2016-07-23 18:51:51","32");
INSERT INTO inventory_totals VALUES("2135","2","-155","2016-05-31 18:50:40","32","2016-07-23 19:07:57","32");
INSERT INTO inventory_totals VALUES("2136","2","-429","2016-05-30 17:16:20","32","2016-07-23 18:51:51","32");
INSERT INTO inventory_totals VALUES("2137","2","-170","2016-05-30 17:00:35","28","2016-07-24 08:45:28","28");
INSERT INTO inventory_totals VALUES("2138","2","-64","2016-06-01 18:10:15","28","2016-07-22 19:11:50","28");
INSERT INTO inventory_totals VALUES("2139","2","-98","2016-05-30 19:37:44","32","2016-07-21 12:02:18","32");
INSERT INTO inventory_totals VALUES("2140","2","-244","2016-05-30 17:16:20","28","2016-07-23 18:41:42","28");
INSERT INTO inventory_totals VALUES("2141","2","-91","2016-05-31 16:15:13","28","2016-07-24 09:28:23","28");
INSERT INTO inventory_totals VALUES("2142","2","-12","2016-06-04 12:04:34","28","2016-07-16 14:20:54","28");
INSERT INTO inventory_totals VALUES("2143","2","-16","2016-06-01 14:37:00","28","2016-07-22 10:31:42","28");
INSERT INTO inventory_totals VALUES("2144","2","-6","2016-06-02 16:28:24","28","2016-07-22 18:41:13","28");
INSERT INTO inventory_totals VALUES("2146","2","-750","2016-05-31 04:25:13","26","2016-07-24 14:31:48","26");
INSERT INTO inventory_totals VALUES("2163","2","-824","2016-05-30 19:12:04","32","2016-07-24 13:07:21","32");
INSERT INTO inventory_totals VALUES("2164","2","-3424","2016-05-30 16:53:06","26","2016-07-24 14:37:11","26");
INSERT INTO inventory_totals VALUES("2165","2","-689","2016-05-30 17:13:26","26","2016-07-24 14:09:45","26");
INSERT INTO inventory_totals VALUES("2166","2","-11761","2016-05-30 15:16:51","26","2016-07-24 13:56:34","26");
INSERT INTO inventory_totals VALUES("2172","2","-1033","2016-05-30 17:07:00","26","2016-07-24 14:07:17","26");
INSERT INTO inventory_totals VALUES("2173","2","-161","2016-05-31 10:33:36","28","2016-07-24 08:36:45","28");
INSERT INTO inventory_totals VALUES("2174","2","-62","2016-05-31 09:21:36","28","2016-07-23 11:36:07","28");
INSERT INTO inventory_totals VALUES("2178","2","-29","2016-06-02 05:19:47","26","2016-07-23 15:37:22","26");
INSERT INTO inventory_totals VALUES("2179","2","-2","2016-06-19 13:01:57","26","2016-06-22 13:15:45","26");
INSERT INTO inventory_totals VALUES("2182","2","-268","2016-05-30 18:50:52","28","2016-07-22 19:12:35","28");
INSERT INTO inventory_totals VALUES("2183","2","-5","2016-06-17 08:39:20","28","2016-07-10 20:20:53","28");
INSERT INTO inventory_totals VALUES("2188","2","-34","2016-06-02 05:19:47","26","2016-07-23 15:37:22","26");
INSERT INTO inventory_totals VALUES("2197","2","-1075","2016-05-31 05:33:48","26","2016-07-24 14:34:01","26");
INSERT INTO inventory_totals VALUES("2198","2","-51","2016-05-31 06:32:11","26","2016-07-23 14:07:35","26");
INSERT INTO inventory_totals VALUES("2199","2","-80","2016-05-30 20:45:32","32","2016-07-15 11:38:49","32");
INSERT INTO inventory_totals VALUES("2201","2","-1","2016-07-22 07:59:15","28","2016-07-22 07:59:15","28");
INSERT INTO inventory_totals VALUES("2202","2","-12","2016-06-05 05:43:31","26","2016-07-14 06:04:21","26");
INSERT INTO inventory_totals VALUES("2203","2","-27","2016-06-01 18:10:15","28","2016-07-14 12:28:33","28");
INSERT INTO inventory_totals VALUES("2204","2","-13","2016-06-05 15:46:14","26","2016-07-18 13:32:22","26");
INSERT INTO inventory_totals VALUES("2206","2","-6","2016-06-11 18:11:55","32","2016-07-19 18:21:51","32");
INSERT INTO inventory_totals VALUES("2207","2","-67","2016-06-05 20:28:13","28","2016-07-24 08:45:28","28");
INSERT INTO inventory_totals VALUES("2208","2","-9","2016-06-03 12:29:19","28","2016-07-22 16:13:30","28");
INSERT INTO inventory_totals VALUES("2209","2","-3","2016-06-01 15:42:51","28","2016-07-13 20:12:25","28");
INSERT INTO inventory_totals VALUES("2213","2","-45","2016-06-08 08:14:22","28","2016-07-22 19:09:38","28");
INSERT INTO inventory_totals VALUES("2217","2","-20","2016-06-03 19:05:30","28","2016-07-23 11:35:54","28");
INSERT INTO inventory_totals VALUES("2218","2","-102","2016-05-31 10:46:14","28","2016-07-24 09:53:10","28");
INSERT INTO inventory_totals VALUES("2219","2","-298","2016-06-02 07:11:01","28","2016-07-24 08:12:42","28");
INSERT INTO inventory_totals VALUES("2220","2","-1150","2016-06-06 12:05:02","28","2016-07-12 17:18:00","28");
INSERT INTO inventory_totals VALUES("2226","2","-734","2016-05-30 20:29:24","26","2016-07-24 14:33:26","26");
INSERT INTO inventory_totals VALUES("2228","2","-147494","2016-05-30 16:53:06","28","2016-07-24 14:58:57","28");
INSERT INTO inventory_totals VALUES("2229","2","-79033","2016-05-30 18:02:49","28","2016-07-24 14:33:04","28");
INSERT INTO inventory_totals VALUES("2231","2","-28917","2016-05-30 16:58:22","26","2016-07-24 14:50:24","26");
INSERT INTO inventory_totals VALUES("2232","2","-2933","2016-05-30 18:38:35","28","2016-07-24 11:32:04","28");
INSERT INTO inventory_totals VALUES("2233","2","-6320","2016-05-30 19:34:27","26","2016-07-24 14:31:59","26");
INSERT INTO inventory_totals VALUES("2235","2","-1329","2016-05-30 19:37:44","28","2016-07-24 14:33:04","28");
INSERT INTO inventory_totals VALUES("2236","2","-786","2016-05-30 20:25:09","32","2016-07-24 12:33:35","32");
INSERT INTO inventory_totals VALUES("2237","2","-52","2016-06-06 07:55:52","28","2016-07-23 20:25:33","28");
INSERT INTO inventory_totals VALUES("2238","2","-182","2016-05-31 06:54:44","28","2016-07-24 10:39:08","28");
INSERT INTO inventory_totals VALUES("2239","2","-458","2016-05-31 11:09:13","32","2016-07-19 08:38:36","32");
INSERT INTO inventory_totals VALUES("2240","2","-1703","2016-05-30 16:58:52","26","2016-07-24 14:53:09","26");
INSERT INTO inventory_totals VALUES("2241","2","-133","2016-05-31 13:05:46","32","2016-07-24 13:12:16","32");
INSERT INTO inventory_totals VALUES("2243","2","-126","2016-05-30 17:15:34","28","2016-07-20 08:54:05","28");
INSERT INTO inventory_totals VALUES("2250","2","-4931","2016-05-30 17:14:11","26","2016-07-24 14:45:22","26");
INSERT INTO inventory_totals VALUES("2251","2","-1","2016-07-09 18:58:52","28","2016-07-09 18:58:52","28");
INSERT INTO inventory_totals VALUES("2252","2","-87","2016-06-04 16:15:52","28","2016-07-24 08:59:56","28");
INSERT INTO inventory_totals VALUES("2253","2","-114","2016-05-31 13:24:22","26","2016-07-24 05:33:07","26");
INSERT INTO inventory_totals VALUES("2254","2","-893","2016-05-31 18:14:09","28","2016-07-23 19:47:10","28");
INSERT INTO inventory_totals VALUES("2255","2","-392","2016-06-02 18:24:09","28","2016-07-23 19:47:10","28");
INSERT INTO inventory_totals VALUES("2256","2","-28","2016-06-02 17:07:21","28","2016-07-07 23:27:23","28");
INSERT INTO inventory_totals VALUES("2257","2","-240","2016-06-02 18:53:00","26","2016-07-24 14:53:09","26");
INSERT INTO inventory_totals VALUES("2258","2","-51","2016-06-06 11:06:36","26","2016-07-18 15:45:43","26");
INSERT INTO inventory_totals VALUES("2259","2","-70","2016-06-22 14:12:02","26","2016-07-23 05:40:34","26");
INSERT INTO inventory_totals VALUES("2260","2","-18","2016-07-11 05:45:45","26","2016-07-24 06:18:33","26");
INSERT INTO inventory_totals VALUES("2262","2","-1","2016-07-21 07:37:38","26","2016-07-21 07:37:38","26");



DROP TABLE inventory_total_details;

CREATE TABLE `inventory_total_details` (
  `product_id` bigint(20) NOT NULL,
  `location_id` bigint(20) NOT NULL,
  `total_cycle` double DEFAULT '0',
  `total_so` double DEFAULT '0',
  `total_pos` double DEFAULT '0',
  `total_cm` double DEFAULT '0',
  `total_to_in` double DEFAULT '0',
  `total_to_out` double DEFAULT '0',
  `date` date NOT NULL,
  `created_at` datetime NOT NULL,
  `created_by` bigint(11) NOT NULL,
  `updated_at` datetime NOT NULL,
  `updated_by` bigint(11) NOT NULL,
  PRIMARY KEY (`product_id`,`location_id`,`date`),
  KEY `product_id` (`product_id`),
  KEY `location_id` (`location_id`),
  KEY `date` (`date`)
) ENGINE=InnoDB DEFAULT CHARSET=utf8 COLLATE=utf8_unicode_ci;

INSERT INTO inventory_total_details VALUES("2064","2","0","0","-1","0","0","0","2016-05-30","2016-05-30 20:44:40","24","2016-05-30 20:44:40","24");
INSERT INTO inventory_total_details VALUES("2065","2","0","0","-2","0","0","0","2016-05-30","2016-05-30 17:12:37","24","2016-05-30 21:01:14","24");
INSERT INTO inventory_total_details VALUES("2067","2","0","0","-2","0","0","0","2016-05-30","2016-05-30 20:12:19","24","2016-05-30 20:37:06","24");
INSERT INTO inventory_total_details VALUES("2070","2","0","0","-3","0","0","0","2016-05-30","2016-05-30 19:12:04","27","2016-05-30 19:12:04","27");
INSERT INTO inventory_total_details VALUES("2071","2","0","0","-1","0","0","0","2016-05-30","2016-05-30 20:20:55","24","2016-05-30 20:20:55","24");
INSERT INTO inventory_total_details VALUES("2072","2","0","0","-5","0","0","0","2016-06-01","2016-06-01 10:24:38","27","2016-06-01 17:19:29","27");
INSERT INTO inventory_total_details VALUES("2073","2","0","0","-2","0","0","0","2016-05-30","2016-05-30 17:09:35","24","2016-05-30 20:20:55","24");
INSERT INTO inventory_total_details VALUES("2074","2","0","0","-1","0","0","0","2016-05-30","2016-05-30 17:09:51","1","2016-05-30 17:09:51","1");
INSERT INTO inventory_total_details VALUES("2075","2","0","0","-2","0","0","0","2016-05-30","2016-05-30 19:40:28","27","2016-05-30 19:40:28","27");
INSERT INTO inventory_total_details VALUES("2076","2","0","0","-1","0","0","0","2016-05-30","2016-05-30 17:15:10","27","2016-05-30 19:40:28","27");
INSERT INTO inventory_total_details VALUES("2077","2","0","0","-2","0","0","0","2016-06-02","2016-06-02 16:11:58","27","2016-06-02 16:11:58","27");
INSERT INTO inventory_total_details VALUES("2078","2","0","0","-1","0","0","0","2016-05-31","2016-05-31 07:51:51","1","2016-05-31 13:22:44","1");
INSERT INTO inventory_total_details VALUES("2079","2","0","0","-1","0","0","0","2016-05-30","2016-05-30 17:34:03","1","2016-05-30 17:34:03","1");
INSERT INTO inventory_total_details VALUES("2082","2","0","0","-1","0","0","0","2016-05-30","2016-05-30 20:35:30","24","2016-05-30 20:35:30","24");
INSERT INTO inventory_total_details VALUES("2083","2","0","0","-2","0","0","0","2016-05-30","2016-05-30 17:13:02","24","2016-05-30 20:44:10","24");
INSERT INTO inventory_total_details VALUES("2084","2","0","0","-1","0","0","0","2016-05-30","2016-05-30 17:13:26","24","2016-05-30 20:36:29","24");
INSERT INTO inventory_total_details VALUES("2085","2","0","0","-1","0","0","0","2016-05-30","2016-05-30 18:17:35","24","2016-05-30 18:17:35","24");
INSERT INTO inventory_total_details VALUES("2088","2","0","0","-1","0","0","0","2016-05-31","2016-05-31 08:25:04","1","2016-05-31 15:55:07","1");
INSERT INTO inventory_total_details VALUES("2089","2","0","0","-1","0","0","0","2016-06-06","2016-06-06 07:55:52","28","2016-06-06 20:21:02","28");
INSERT INTO inventory_total_details VALUES("2090","2","0","0","-3","0","0","0","2016-06-03","2016-06-03 07:53:09","28","2016-06-03 17:42:59","28");
INSERT INTO inventory_total_details VALUES("2092","2","0","0","-2","0","0","0","2016-06-05","2016-06-05 13:07:45","26","2016-06-05 13:07:45","26");
INSERT INTO inventory_total_details VALUES("2093","2","0","0","-2","0","0","0","2016-05-31","2016-05-31 08:55:09","24","2016-05-31 18:27:26","24");
INSERT INTO inventory_total_details VALUES("2095","2","0","0","-1","0","0","0","2016-05-30","2016-05-30 16:57:46","24","2016-05-30 21:01:14","24");
INSERT INTO inventory_total_details VALUES("2097","2","0","0","-2","0","0","0","2016-05-31","2016-05-31 11:50:36","1","2016-05-31 11:57:30","1");
INSERT INTO inventory_total_details VALUES("2098","2","0","0","-1","0","0","0","2016-05-31","2016-05-31 11:48:59","1","2016-05-31 16:06:30","1");
INSERT INTO inventory_total_details VALUES("2099","2","0","0","-1","0","0","0","2016-05-30","2016-05-30 19:54:32","24","2016-05-30 20:46:56","24");
INSERT INTO inventory_total_details VALUES("2100","2","0","0","-6","0","0","0","2016-06-01","2016-06-01 11:05:58","28","2016-06-01 11:05:58","28");
INSERT INTO inventory_total_details VALUES("2101","2","0","0","-1","0","0","0","2016-06-04","2016-06-04 16:36:48","27","2016-06-04 16:36:48","27");
INSERT INTO inventory_total_details VALUES("2102","2","0","0","-1","0","0","0","2016-05-30","2016-05-30 18:50:51","27","2016-05-30 19:01:27","27");
INSERT INTO inventory_total_details VALUES("2103","2","0","0","-1","0","0","0","2016-05-30","2016-05-30 18:21:22","24","2016-05-30 18:21:22","24");
INSERT INTO inventory_total_details VALUES("2104","2","0","0","-1","0","0","0","2016-05-30","2016-05-30 18:45:00","24","2016-05-30 20:35:30","24");
INSERT INTO inventory_total_details VALUES("2105","2","0","0","-2","0","0","0","2016-05-31","2016-05-31 04:27:09","28","2016-05-31 11:08:37","28");
INSERT INTO inventory_total_details VALUES("2107","2","0","0","-2","0","0","0","2016-05-30","2016-05-30 17:13:44","1","2016-05-30 17:13:44","1");
INSERT INTO inventory_total_details VALUES("2108","2","0","0","-1","0","0","0","2016-06-22","2016-06-22 07:31:24","26","2016-06-22 07:31:24","26");
INSERT INTO inventory_total_details VALUES("2109","2","0","0","-1","0","0","0","2016-06-02","2016-06-02 11:24:48","28","2016-06-02 11:24:48","28");
INSERT INTO inventory_total_details VALUES("2110","2","0","0","-2","0","0","0","2016-05-31","2016-05-31 09:56:02","1","2016-05-31 16:59:11","1");
INSERT INTO inventory_total_details VALUES("2111","2","0","0","-1","0","0","0","2016-05-31","2016-05-31 06:44:27","1","2016-05-31 15:24:34","1");
INSERT INTO inventory_total_details VALUES("2112","2","0","0","-1","0","0","0","2016-05-31","2016-05-31 17:42:17","28","2016-05-31 17:42:17","28");
INSERT INTO inventory_total_details VALUES("2113","2","0","0","-1","0","0","0","2016-05-31","2016-05-31 06:07:51","28","2016-05-31 10:55:17","28");
INSERT INTO inventory_total_details VALUES("2114","2","0","0","-1","0","0","0","2016-05-31","2016-05-31 17:05:12","1","2016-05-31 17:05:12","1");
INSERT INTO inventory_total_details VALUES("2116","2","0","0","-1","0","0","0","2016-05-30","2016-05-30 19:09:50","27","2016-05-30 19:09:50","27");
INSERT INTO inventory_total_details VALUES("2117","2","0","0","-1","0","0","0","2016-05-31","2016-05-31 15:15:55","28","2016-05-31 15:15:55","28");
INSERT INTO inventory_total_details VALUES("2118","2","0","0","-2","0","0","0","2016-05-30","2016-05-30 17:25:00","24","2016-05-30 20:35:09","24");
INSERT INTO inventory_total_details VALUES("2119","2","0","0","-1","0","0","0","2016-05-31","2016-05-31 04:10:53","28","2016-05-31 19:23:07","28");
INSERT INTO inventory_total_details VALUES("2120","2","0","0","-4","0","0","0","2016-06-01","2016-06-01 15:07:34","28","2016-06-01 15:07:34","28");
INSERT INTO inventory_total_details VALUES("2121","2","0","0","-1","0","0","0","2016-05-30","2016-05-30 16:56:09","24","2016-05-30 17:57:00","24");
INSERT INTO inventory_total_details VALUES("2125","2","0","0","-1","0","0","0","2016-05-30","2016-05-30 17:14:38","24","2016-05-30 20:45:32","24");
INSERT INTO inventory_total_details VALUES("2126","2","0","0","-1","0","0","0","2016-05-30","2016-05-30 17:17:44","24","2016-05-30 20:46:56","24");
INSERT INTO inventory_total_details VALUES("2127","2","0","0","-1","0","0","0","2016-06-01","2016-06-01 09:16:57","28","2016-06-01 09:16:57","28");
INSERT INTO inventory_total_details VALUES("2128","2","0","0","-1","0","0","0","2016-05-30","2016-05-30 17:17:34","27","2016-05-30 18:49:32","27");
INSERT INTO inventory_total_details VALUES("2129","2","0","0","-1","0","0","0","2016-05-31","2016-05-31 08:02:05","28","2016-05-31 12:43:49","28");
INSERT INTO inventory_total_details VALUES("2130","2","0","0","-1","0","0","0","2016-05-31","2016-05-31 11:51:20","28","2016-05-31 12:08:32","28");
INSERT INTO inventory_total_details VALUES("2131","2","0","0","-1","0","0","0","2016-06-02","2016-06-02 09:48:54","28","2016-06-02 09:48:54","28");
INSERT INTO inventory_total_details VALUES("2133","2","0","0","-1","0","0","0","2016-05-30","2016-05-30 20:04:42","24","2016-05-30 20:04:42","24");
INSERT INTO inventory_total_details VALUES("2134","2","0","0","-2","0","0","0","2016-05-30","2016-05-30 17:16:20","27","2016-05-30 18:50:52","27");
INSERT INTO inventory_total_details VALUES("2135","2","0","0","-2","0","0","0","2016-05-31","2016-05-31 18:50:40","24","2016-05-31 18:50:40","24");
INSERT INTO inventory_total_details VALUES("2136","2","0","0","-2","0","0","0","2016-05-30","2016-05-30 17:16:20","27","2016-05-30 18:50:52","27");
INSERT INTO inventory_total_details VALUES("2137","2","0","0","-1","0","0","0","2016-05-30","2016-05-30 17:00:35","1","2016-05-30 17:00:35","1");
INSERT INTO inventory_total_details VALUES("2138","2","0","0","-1","0","0","0","2016-06-01","2016-06-01 18:10:15","27","2016-06-01 18:10:15","27");
INSERT INTO inventory_total_details VALUES("2139","2","0","0","-1","0","0","0","2016-05-30","2016-05-30 19:37:44","27","2016-05-30 19:37:44","27");
INSERT INTO inventory_total_details VALUES("2140","2","0","0","-1","0","0","0","2016-05-30","2016-05-30 17:16:20","27","2016-05-30 18:50:52","27");
INSERT INTO inventory_total_details VALUES("2141","2","0","0","-1","0","0","0","2016-05-31","2016-05-31 16:15:13","1","2016-05-31 16:15:13","1");
INSERT INTO inventory_total_details VALUES("2142","2","0","0","-1","0","0","0","2016-06-04","2016-06-04 12:04:34","27","2016-06-04 16:08:30","27");
INSERT INTO inventory_total_details VALUES("2143","2","0","0","-1","0","0","0","2016-06-01","2016-06-01 14:37:00","24","2016-06-01 14:37:00","24");
INSERT INTO inventory_total_details VALUES("2144","2","0","0","-1","0","0","0","2016-06-02","2016-06-02 16:28:24","27","2016-06-02 16:28:24","27");
INSERT INTO inventory_total_details VALUES("2146","2","0","0","-1","0","0","0","2016-05-31","2016-05-31 04:25:13","28","2016-05-31 19:18:40","28");
INSERT INTO inventory_total_details VALUES("2163","2","0","0","-1","0","0","0","2016-05-30","2016-05-30 19:12:04","24","2016-05-30 20:36:29","24");
INSERT INTO inventory_total_details VALUES("2164","2","0","0","-1","0","0","0","2016-05-30","2016-05-30 16:53:06","27","2016-05-30 19:14:29","27");
INSERT INTO inventory_total_details VALUES("2165","2","0","0","-1","0","0","0","2016-05-30","2016-05-30 17:13:26","1","2016-05-30 17:13:26","1");
INSERT INTO inventory_total_details VALUES("2166","2","0","0","-8","0","0","0","2016-05-30","2016-05-30 15:16:51","1","2016-05-30 16:55:10","1");
INSERT INTO inventory_total_details VALUES("2172","2","0","0","-1","0","0","0","2016-05-30","2016-05-30 17:07:00","24","2016-05-30 20:45:07","24");
INSERT INTO inventory_total_details VALUES("2173","2","0","0","-1","0","0","0","2016-05-31","2016-05-31 10:33:37","28","2016-05-31 11:09:13","28");
INSERT INTO inventory_total_details VALUES("2174","2","0","0","-1","0","0","0","2016-05-31","2016-05-31 09:21:37","24","2016-05-31 09:21:37","24");
INSERT INTO inventory_total_details VALUES("2178","2","0","0","-1","0","0","0","2016-06-02","2016-06-02 05:19:47","24","2016-06-02 05:19:47","24");
INSERT INTO inventory_total_details VALUES("2179","2","0","0","-1","0","0","0","2016-06-19","2016-06-19 13:01:57","26","2016-06-19 13:01:57","26");
INSERT INTO inventory_total_details VALUES("2182","2","0","0","-1","0","0","0","2016-05-30","2016-05-30 18:50:52","27","2016-05-30 18:50:52","27");
INSERT INTO inventory_total_details VALUES("2183","2","0","0","-1","0","0","0","2016-06-17","2016-06-17 08:39:20","26","2016-06-17 08:39:20","26");
INSERT INTO inventory_total_details VALUES("2188","2","0","0","-1","0","0","0","2016-06-02","2016-06-02 05:19:47","27","2016-06-02 19:29:45","27");
INSERT INTO inventory_total_details VALUES("2197","2","0","0","-2","0","0","0","2016-05-31","2016-05-31 05:33:48","24","2016-05-31 18:01:04","24");
INSERT INTO inventory_total_details VALUES("2198","2","0","0","-1","0","0","0","2016-05-31","2016-05-31 06:32:11","28","2016-05-31 15:18:23","28");
INSERT INTO inventory_total_details VALUES("2199","2","0","0","-1","0","0","0","2016-05-30","2016-05-30 20:45:32","24","2016-05-30 20:45:32","24");
INSERT INTO inventory_total_details VALUES("2201","2","0","0","-1","0","0","0","2016-07-22","2016-07-22 07:59:15","28","2016-07-22 07:59:15","28");
INSERT INTO inventory_total_details VALUES("2202","2","0","0","-1","0","0","0","2016-06-05","2016-06-05 05:43:31","24","2016-06-05 05:43:31","24");
INSERT INTO inventory_total_details VALUES("2203","2","0","0","-2","0","0","0","2016-06-01","2016-06-01 18:10:15","27","2016-06-01 18:10:15","27");
INSERT INTO inventory_total_details VALUES("2204","2","0","0","-1","0","0","0","2016-06-05","2016-06-05 15:46:14","24","2016-06-05 15:46:14","24");
INSERT INTO inventory_total_details VALUES("2206","2","0","0","-2","0","0","0","2016-06-11","2016-06-11 18:11:55","26","2016-06-11 18:11:55","26");
INSERT INTO inventory_total_details VALUES("2207","2","0","0","-1","0","0","0","2016-06-05","2016-06-05 20:28:13","28","2016-06-05 20:28:13","28");
INSERT INTO inventory_total_details VALUES("2208","2","0","0","-1","0","0","0","2016-06-03","2016-06-03 12:29:19","24","2016-06-03 12:29:19","24");
INSERT INTO inventory_total_details VALUES("2209","2","0","0","-1","0","0","0","2016-06-01","2016-06-01 15:42:51","24","2016-06-01 15:42:51","24");
INSERT INTO inventory_total_details VALUES("2213","2","0","0","-1","0","0","0","2016-06-08","2016-06-08 08:14:22","28","2016-06-08 08:14:22","28");
INSERT INTO inventory_total_details VALUES("2217","2","0","0","-2","0","0","0","2016-06-03","2016-06-03 19:05:30","28","2016-06-03 19:05:30","28");
INSERT INTO inventory_total_details VALUES("2218","2","0","0","-1","0","0","0","2016-05-31","2016-05-31 10:46:14","28","2016-05-31 18:18:24","28");
INSERT INTO inventory_total_details VALUES("2219","2","0","0","-1","0","0","0","2016-06-02","2016-06-02 07:11:01","27","2016-06-02 20:39:25","27");
INSERT INTO inventory_total_details VALUES("2220","2","0","0","-120","0","0","0","2016-06-06","2016-06-06 12:05:02","28","2016-06-06 12:05:02","28");
INSERT INTO inventory_total_details VALUES("2226","2","0","0","-1","0","0","0","2016-05-30","2016-05-30 20:29:24","24","2016-05-30 20:29:24","24");
INSERT INTO inventory_total_details VALUES("2228","2","0","0","-1","0","0","0","2016-05-30","2016-05-30 16:53:07","24","2016-05-30 20:52:03","24");
INSERT INTO inventory_total_details VALUES("2229","2","0","0","-10","0","0","0","2016-05-30","2016-05-30 18:02:49","24","2016-05-30 20:49:46","24");
INSERT INTO inventory_total_details VALUES("2231","2","0","0","-3","0","0","0","2016-05-30","2016-05-30 16:58:22","24","2016-05-30 21:01:14","24");
INSERT INTO inventory_total_details VALUES("2232","2","0","0","-2","0","0","0","2016-05-30","2016-05-30 18:38:35","27","2016-05-30 18:38:35","27");
INSERT INTO inventory_total_details VALUES("2233","2","0","0","-3","0","0","0","2016-05-30","2016-05-30 19:34:27","27","2016-05-30 19:51:04","27");
INSERT INTO inventory_total_details VALUES("2235","2","0","0","-1","0","0","0","2016-05-30","2016-05-30 19:37:45","27","2016-05-30 19:55:59","27");
INSERT INTO inventory_total_details VALUES("2236","2","0","0","-1","0","0","0","2016-05-30","2016-05-30 20:25:09","24","2016-05-30 20:25:09","24");
INSERT INTO inventory_total_details VALUES("2237","2","0","0","-2","0","0","0","2016-06-06","2016-06-06 07:55:52","26","2016-06-06 07:55:52","26");
INSERT INTO inventory_total_details VALUES("2238","2","0","0","-2","0","0","0","2016-05-31","2016-05-31 06:54:44","28","2016-05-31 18:18:35","28");
INSERT INTO inventory_total_details VALUES("2239","2","0","0","-1","0","0","0","2016-05-31","2016-05-31 11:09:13","28","2016-05-31 19:15:47","28");
INSERT INTO inventory_total_details VALUES("2240","2","0","0","-1","0","0","0","2016-05-30","2016-05-30 16:58:52","27","2016-05-30 19:23:13","27");
INSERT INTO inventory_total_details VALUES("2241","2","0","0","-1","0","0","0","2016-05-31","2016-05-31 13:05:46","28","2016-05-31 18:12:43","28");
INSERT INTO inventory_total_details VALUES("2243","2","0","0","-2","0","0","0","2016-05-30","2016-05-30 17:15:34","1","2016-05-30 17:15:34","1");
INSERT INTO inventory_total_details VALUES("2250","2","0","0","-1","0","0","0","2016-05-30","2016-05-30 17:14:12","24","2016-05-30 20:46:56","24");
INSERT INTO inventory_total_details VALUES("2251","2","0","0","-1","0","0","0","2016-07-09","2016-07-09 18:58:52","28","2016-07-09 18:58:52","28");
INSERT INTO inventory_total_details VALUES("2252","2","0","0","-3","0","0","0","2016-06-04","2016-06-04 16:15:52","28","2016-06-04 20:22:10","28");
INSERT INTO inventory_total_details VALUES("2253","2","0","0","-1","0","0","0","2016-05-31","2016-05-31 13:24:22","28","2016-05-31 13:24:22","28");
INSERT INTO inventory_total_details VALUES("2254","2","0","0","-5","0","0","0","2016-05-31","2016-05-31 18:14:09","28","2016-05-31 20:17:14","28");
INSERT INTO inventory_total_details VALUES("2255","2","0","0","-5","0","0","0","2016-06-02","2016-06-02 18:24:09","24","2016-06-02 18:24:09","24");
INSERT INTO inventory_total_details VALUES("2256","2","0","0","-1","0","0","0","2016-06-02","2016-06-02 17:07:21","28","2016-06-02 18:40:44","28");
INSERT INTO inventory_total_details VALUES("2257","2","0","0","-1","0","0","0","2016-06-02","2016-06-02 18:53:00","28","2016-06-02 18:53:00","28");
INSERT INTO inventory_total_details VALUES("2258","2","0","0","-1","0","0","0","2016-06-06","2016-06-06 11:06:36","26","2016-06-06 11:06:36","26");
INSERT INTO inventory_total_details VALUES("2259","2","0","0","-2","0","0","0","2016-06-22","2016-06-22 14:12:02","28","2016-06-22 19:30:07","28");
INSERT INTO inventory_total_details VALUES("2260","2","0","0","-1","0","0","0","2016-07-11","2016-07-11 05:45:45","26","2016-07-11 05:45:45","26");
INSERT INTO inventory_total_details VALUES("2262","2","0","0","-1","0","0","0","2016-07-21","2016-07-21 07:37:38","26","2016-07-21 07:37:38","26");



INSERT INTO sales_orders VALUES("53666","2","1","","16SO053646","3000","0.75","0","0","0","2016-07-24","2016-07-24","","2016-07-24 12:00:23","28","2016-07-24 12:00:23","28","1","1","0"),
("53667","2","1","","16SO053647","3000","0.75","0","0","0","2016-07-24","2016-07-24","","2016-07-24 12:00:35","28","2016-07-24 12:00:35","28","1","1","0"),
("53668","2","1","","16SO053648","15000","3.75","0","0","0","2016-07-24","2016-07-24","","2016-07-24 12:02:06","28","2016-07-24 12:02:06","28","1","1","0"),
("53669","2","1","","16SO053649","8000","2","0","0","0","2016-07-24","2016-07-24","","2016-07-24 12:02:53","28","2016-07-24 12:02:53","28","1","1","0"),
("53670","2","1","","16SO053650","1500","0.375","0","0","0","2016-07-24","2016-07-24","","2016-07-24 12:03:09","28","2016-07-24 12:03:09","28","1","1","0"),
("53671","2","1","","16SO053651","22500","5.625","0","0","0","2016-07-24","2016-07-24","","2016-07-24 12:05:48","28","2016-07-24 12:05:48","28","1","1","0"),
("53672","2","1","","16SO053652","3500","0.875","0","0","0","2016-07-24","2016-07-24","","2016-07-24 12:07:06","28","2016-07-24 12:07:06","28","1","1","0"),
("53673","2","1","","16SO053653","11000","2.75","0","0","0","2016-07-24","2016-07-24","","2016-07-24 12:07:22","28","2016-07-24 12:07:22","28","1","1","0"),
("53674","2","1","","16SO053654","10000","2.5","0","0","0","2016-07-24","2016-07-24","","2016-07-24 12:07:35","28","2016-07-24 12:07:35","28","1","1","0"),
("53675","2","1","","16SO053655","2500","0.625","0","0","0","2016-07-24","2016-07-24","","2016-07-24 12:07:45","28","2016-07-24 12:07:45","28","1","1","0"),
("53676","2","1","","16SO053656","2500","0.625","0","0","0","2016-07-24","2016-07-24","","2016-07-24 12:07:47","28","2016-07-24 12:07:47","28","1","1","0"),
("53677","2","1","","16SO053657","5000","1.25","0","0","0","2016-07-24","2016-07-24","","2016-07-24 12:07:55","28","2016-07-24 12:07:55","28","1","1","0"),
("53678","2","1","","16SO053658","500","0.125","0","0","0","2016-07-24","2016-07-24","","2016-07-24 12:08:46","28","2016-07-24 12:08:46","28","1","1","0"),
("53679","2","1","","16SO053659","15000","3.75","0","0","0","2016-07-24","2016-07-24","","2016-07-24 12:09:12","28","2016-07-24 12:09:12","28","1","1","0"),
("53680","2","1","","16SO053660","2000","0.5","0","0","0","2016-07-24","2016-07-24","","2016-07-24 12:11:46","28","2016-07-24 12:11:46","28","1","1","0"),
("53681","2","1","","16SO053661","6500","1.625","0","0","0","2016-07-24","2016-07-24","","2016-07-24 12:12:02","32","2016-07-24 12:12:02","32","1","1","0"),
("53682","2","1","","16SO053662","15000","3.75","0","0","0","2016-07-24","2016-07-24","","2016-07-24 12:16:31","32","2016-07-24 12:16:31","32","1","1","0"),
("53683","2","1","","16SO053663","6000","1.5","0","0","0","2016-07-24","2016-07-24","","2016-07-24 12:16:45","32","2016-07-24 12:16:45","32","1","1","0"),
("53684","2","1","","16SO053664","20000","5","0","0","0","2016-07-24","2016-07-24","","2016-07-24 12:16:53","32","2016-07-24 12:16:53","32","1","1","0"),
("53685","2","1","","16SO053665","1000","0.25","0","0","0","2016-07-24","2016-07-24","","2016-07-24 12:16:58","32","2016-07-24 12:16:58","32","1","1","0"),
("53686","2","1","","16SO053666","10000","2.5","0","0","0","2016-07-24","2016-07-24","","2016-07-24 12:20:20","32","2016-07-24 12:20:20","32","1","1","0"),
("53687","2","1","","16SO053667","5700","1.425","0","0","0","2016-07-24","2016-07-24","","2016-07-24 12:20:53","28","2016-07-24 12:20:53","28","1","1","0"),
("53688","2","1","","16SO053668","5000","1.25","0","0","0","2016-07-24","2016-07-24","","2016-07-24 12:21:24","32","2016-07-24 12:21:24","32","1","1","0"),
("53689","2","1","","16SO053669","6000","1.5","0","0","0","2016-07-24","2016-07-24","","2016-07-24 12:22:11","32","2016-07-24 12:22:11","32","1","1","0"),
("53690","2","1","","16SO053670","5000","1.25","0","0","0","2016-07-24","2016-07-24","","2016-07-24 12:22:17","32","2016-07-24 12:22:17","32","1","1","0"),
("53691","2","1","","16SO053671","7500","1.875","0","0","0","2016-07-24","2016-07-24","","2016-07-24 12:23:52","28","2016-07-24 12:23:52","28","1","1","0"),
("53692","2","1","","16SO053672","5000","1.25","0","0","0","2016-07-24","2016-07-24","","2016-07-24 12:24:29","32","2016-07-24 12:24:29","32","1","1","0"),
("53693","2","1","","16SO053673","6000","1.5","0","0","0","2016-07-24","2016-07-24","","2016-07-24 12:27:17","32","2016-07-24 12:27:17","32","1","1","0"),
("53694","2","1","","16SO053674","5000","1.25","0","0","0","2016-07-24","2016-07-24","","2016-07-24 12:29:03","32","2016-07-24 12:29:03","32","1","1","0"),
("53695","2","1","","16SO053675","1400","0.35","0","0","0","2016-07-24","2016-07-24","","2016-07-24 12:29:56","32","2016-07-24 12:29:56","32","1","1","0"),
("53696","2","1","","16SO053676","5000","1.25","0","0","0","2016-07-24","2016-07-24","","2016-07-24 12:31:31","32","2016-07-24 12:31:31","32","1","1","0"),
("53697","2","1","","16SO053677","5000","1.25","0","0","0","2016-07-24","2016-07-24","","2016-07-24 12:32:05","32","2016-07-24 12:32:05","32","1","1","0"),
("53698","2","1","","16SO053678","2500","0.625","0","0","0","2016-07-24","2016-07-24","","2016-07-24 12:32:13","32","2016-07-24 12:32:13","32","1","1","0"),
("53699","2","1","","16SO053679","1000","0.25","0","0","0","2016-07-24","2016-07-24","","2016-07-24 12:33:04","32","2016-07-24 12:33:04","32","1","1","0"),
("53700","2","1","","16SO053680","2000","0.5","0","0","0","2016-07-24","2016-07-24","","2016-07-24 12:33:35","32","2016-07-24 12:33:35","32","1","1","0"),
("53701","2","1","","16SO053681","12500","3.125","0","0","0","2016-07-24","2016-07-24","","2016-07-24 12:34:42","26","2016-07-24 12:34:42","26","1","1","0"),
("53702","2","1","","16SO053682","10000","2.5","0","0","0","2016-07-24","2016-07-24","","2016-07-24 12:35:58","26","2016-07-24 12:35:58","26","1","1","0"),
("53703","2","1","","16SO053683","2500","0.625","0","0","0","2016-07-24","2016-07-24","","2016-07-24 12:36:50","26","2016-07-24 12:36:50","26","1","1","0"),
("53704","2","1","","16SO053684","1000","0.25","0","0","0","2016-07-24","2016-07-24","","2016-07-24 12:38:50","26","2016-07-24 12:38:50","26","1","1","0"),
("53705","2","1","","16SO053685","5000","1.25","0","0","0","2016-07-24","2016-07-24","","2016-07-24 12:39:01","26","2016-07-24 12:39:01","26","1","1","0"),
("53706","2","1","","16SO053686","56000","14","0","0","0","2016-07-24","2016-07-24","","2016-07-24 12:39:11","26","2016-07-24 12:39:11","26","1","1","0"),
("53707","2","1","","16SO053687","5000","1.25","0","0","0","2016-07-24","2016-07-24","","2016-07-24 12:40:31","26","2016-07-24 12:40:31","26","1","1","0"),
("53708","2","1","","16SO053688","12000","3","0","0","0","2016-07-24","2016-07-24","","2016-07-24 12:41:34","26","2016-07-24 12:41:34","26","1","1","0"),
("53709","2","1","","16SO053689","8000","2","0","0","0","2016-07-24","2016-07-24","","2016-07-24 12:42:10","26","2016-07-24 12:42:10","26","1","1","0"),
("53710","2","1","","16SO053690","10000","2.5","0","0","0","2016-07-24","2016-07-24","","2016-07-24 12:42:42","26","2016-07-24 12:42:42","26","1","1","0"),
("53711","2","1","","16SO053691","1400","0.35","0","0","0","2016-07-24","2016-07-24","","2016-07-24 12:43:40","26","2016-07-24 12:43:40","26","1","1","0"),
("53712","2","1","","16SO053692","9000","2.25","0","0","0","2016-07-24","2016-07-24","","2016-07-24 12:44:01","26","2016-07-24 12:44:01","26","1","1","0"),
("53713","2","1","","16SO053693","13000","3.25","0","0","0","2016-07-24","2016-07-24","","2016-07-24 12:45:01","26","2016-07-24 12:45:01","26","1","1","0"),
("53714","2","1","","16SO053694","4000","1","0","0","0","2016-07-24","2016-07-24","","2016-07-24 12:47:17","26","2016-07-24 12:47:17","26","1","1","0"),
("53715","2","1","","16SO053695","3500","0.875","0","0","0","2016-07-24","2016-07-24","","2016-07-24 12:51:31","26","2016-07-24 12:51:31","26","1","1","0"),
("53716","2","1","","16SO053696","7000","1.75","0","0","0","2016-07-24","2016-07-24","","2016-07-24 12:51:47","26","2016-07-24 12:51:47","26","1","1","0"),
("53717","2","1","","16SO053697","10000","2.5","0","0","0","2016-07-24","2016-07-24","","2016-07-24 12:55:19","26","2016-07-24 12:55:19","26","1","1","0"),
("53718","2","1","","16SO053698","1000","0.25","0","0","0","2016-07-24","2016-07-24","","2016-07-24 12:55:26","26","2016-07-24 12:55:26","26","1","1","0"),
("53719","2","1","","16SO053699","7000","1.75","0","0","0","2016-07-24","2016-07-24","","2016-07-24 12:57:59","26","2016-07-24 12:57:59","26","1","1","0"),
("53720","2","1","","16SO053700","5000","1.25","0","0","0","2016-07-24","2016-07-24","","2016-07-24 13:00:34","26","2016-07-24 13:00:34","26","1","1","0"),
("53721","2","1","","16SO053701","700","0.175","0","0","0","2016-07-24","2016-07-24","","2016-07-24 13:01:42","26","2016-07-24 13:01:42","26","1","1","0"),
("53722","2","1","","16SO053702","700","0.175","0","0","0","2016-07-24","2016-07-24","","2016-07-24 13:01:52","26","2016-07-24 13:01:52","26","1","1","0"),
("53723","2","1","","16SO053703","1000","0.25","0","0","0","2016-07-24","2016-07-24","","2016-07-24 13:02:26","26","2016-07-24 13:02:26","26","1","1","0"),
("53724","2","1","","16SO053704","2500","0.625","0","0","0","2016-07-24","2016-07-24","","2016-07-24 13:03:41","26","2016-07-24 13:03:41","26","1","1","0"),
("53725","2","1","","16SO053705","5500","1.375","0","0","0","2016-07-24","2016-07-24","","2016-07-24 13:07:12","26","2016-07-24 13:07:12","26","1","1","0"),
("53726","2","1","","16SO053706","5000","1.25","0","0","0","2016-07-24","2016-07-24","","2016-07-24 13:07:20","32","2016-07-24 13:07:20","32","1","1","0"),
("53727","2","1","","16SO053707","3000","0.75","0","0","0","2016-07-24","2016-07-24","","2016-07-24 13:07:23","26","2016-07-24 13:07:23","26","1","1","0"),
("53728","2","1","","16SO053708","1000","0.25","0","0","0","2016-07-24","2016-07-24","","2016-07-24 13:08:27","32","2016-07-24 13:08:27","32","1","1","0"),
("53729","2","1","","16SO053709","3000","0.75","0","0","0","2016-07-24","2016-07-24","","2016-07-24 13:10:44","26","2016-07-24 13:10:44","26","1","1","0"),
("53730","2","1","","16SO053710","3000","0.75","0","0","0","2016-07-24","2016-07-24","","2016-07-24 13:11:34","26","2016-07-24 13:11:34","26","1","1","0"),
("53731","2","1","","16SO053711","24000","6","0","0","0","2016-07-24","2016-07-24","","2016-07-24 13:12:16","32","2016-07-24 13:12:16","32","1","1","0"),
("53732","2","1","","16SO053712","2000","0.5","0","0","0","2016-07-24","2016-07-24","","2016-07-24 13:12:31","26","2016-07-24 13:12:31","26","1","1","0"),
("53733","2","1","","16SO053713","1000","0.25","0","0","0","2016-07-24","2016-07-24","","2016-07-24 13:14:22","32","2016-07-24 13:14:22","32","1","1","0"),
("53734","2","1","","16SO053714","7000","1.75","0","0","0","2016-07-24","2016-07-24","","2016-07-24 13:14:28","26","2016-07-24 13:14:28","26","1","1","0"),
("53735","2","1","","16SO053715","6000","1.5","0","0","0","2016-07-24","2016-07-24","","2016-07-24 13:14:53","26","2016-07-24 13:14:53","26","1","1","0"),
("53736","2","1","","16SO053716","3000","0.75","0","0","0","2016-07-24","2016-07-24","","2016-07-24 13:15:35","32","2016-07-24 13:15:35","32","1","1","0"),
("53737","2","1","","16SO053717","2500","0.625","0","0","0","2016-07-24","2016-07-24","","2016-07-24 13:16:38","26","2016-07-24 13:16:38","26","1","1","0"),
("53738","2","1","","16SO053718","1500","0.375","0","0","0","2016-07-24","2016-07-24","","2016-07-24 13:16:43","32","2016-07-24 13:16:43","32","1","1","0"),
("53739","2","1","","16SO053719","5000","1.25","0","0","0","2016-07-24","2016-07-24","","2016-07-24 13:17:35","32","2016-07-24 13:17:35","32","1","1","0"),
("53740","2","1","","16SO053720","1000","0.25","0","0","0","2016-07-24","2016-07-24","","2016-07-24 13:19:05","26","2016-07-24 13:19:05","26","1","1","0"),
("53741","2","1","","16SO053721","1000","0.25","0","0","0","2016-07-24","2016-07-24","","2016-07-24 13:19:10","26","2016-07-24 13:19:10","26","1","1","0"),
("53742","2","1","","16SO053722","7000","1.75","0","0","0","2016-07-24","2016-07-24","","2016-07-24 13:20:30","32","2016-07-24 13:20:30","32","1","1","0"),
("53743","2","1","","16SO053723","7000","1.75","0","0","0","2016-07-24","2016-07-24","","2016-07-24 13:20:48","26","2016-07-24 13:20:48","26","1","1","0"),
("53744","2","1","","16SO053724","2500","0.625","0","0","0","2016-07-24","2016-07-24","","2016-07-24 13:20:56","32","2016-07-24 13:20:56","32","1","1","0"),
("53745","2","1","","16SO053725","500","0.125","0","0","0","2016-07-24","2016-07-24","","2016-07-24 13:21:14","26","2016-07-24 13:21:14","26","1","1","0"),
("53746","2","1","","16SO053726","12000","3","0","0","0","2016-07-24","2016-07-24","","2016-07-24 13:21:46","32","2016-07-24 13:21:46","32","1","1","0"),
("53747","2","1","","16SO053727","2000","0.5","0","0","0","2016-07-24","2016-07-24","","2016-07-24 13:22:10","32","2016-07-24 13:22:10","32","1","1","0"),
("53748","2","1","","16SO053728","3500","0.875","0","0","0","2016-07-24","2016-07-24","","2016-07-24 13:22:31","32","2016-07-24 13:22:31","32","1","1","0"),
("53749","2","1","","16SO053729","3500","0.875","0","0","0","2016-07-24","2016-07-24","","2016-07-24 13:22:54","32","2016-07-24 13:22:54","32","1","1","0"),
("53750","2","1","","16SO053730","1000","0.25","0","0","0","2016-07-24","2016-07-24","","2016-07-24 13:23:17","32","2016-07-24 13:23:17","32","1","1","0"),
("53751","2","1","","16SO053731","700","0.175","0","0","0","2016-07-24","2016-07-24","","2016-07-24 13:23:57","32","2016-07-24 13:23:57","32","1","1","0"),
("53752","2","1","","16SO053732","20500","5.125","0","0","0","2016-07-24","2016-07-24","","2016-07-24 13:25:17","32","2016-07-24 13:25:17","32","1","1","0"),
("53753","2","1","","16SO053733","6000","1.5","0","0","0","2016-07-24","2016-07-24","","2016-07-24 13:28:44","26","2016-07-24 13:28:44","26","1","1","0"),
("53754","2","1","","16SO053734","2000","0.5","0","0","0","2016-07-24","2016-07-24","","2016-07-24 13:29:22","32","2016-07-24 13:29:22","32","1","1","0"),
("53755","2","1","","16SO053735","3000","0.75","0","0","0","2016-07-24","2016-07-24","","2016-07-24 13:29:41","32","2016-07-24 13:29:41","32","1","1","0"),
("53756","2","1","","16SO053736","1000","0.25","0","0","0","2016-07-24","2016-07-24","","2016-07-24 13:32:29","32","2016-07-24 13:32:29","32","1","1","0"),
("53757","2","1","","16SO053737","2500","0.625","0","0","0","2016-07-24","2016-07-24","","2016-07-24 13:32:55","26","2016-07-24 13:32:55","26","1","1","0"),
("53758","2","1","","16SO053738","1500","0.375","0","0","0","2016-07-24","2016-07-24","","2016-07-24 13:32:59","32","2016-07-24 13:32:59","32","1","1","0"),
("53759","2","1","","16SO053739","10500","2.625","0","0","0","2016-07-24","2016-07-24","","2016-07-24 13:33:45","26","2016-07-24 13:33:45","26","1","1","0"),
("53760","2","1","","16SO053740","4000","1","0","0","0","2016-07-24","2016-07-24","","2016-07-24 13:35:02","26","2016-07-24 13:35:02","26","1","1","0"),
("53761","2","1","","16SO053741","5000","1.25","0","0","0","2016-07-24","2016-07-24","","2016-07-24 13:35:23","32","2016-07-24 13:35:23","32","1","1","0"),
("53762","2","1","","16SO053742","4000","1","0","0","0","2016-07-24","2016-07-24","","2016-07-24 13:35:59","26","2016-07-24 13:35:59","26","1","1","0"),
("53763","2","1","","16SO053743","6500","1.625","0","0","0","2016-07-24","2016-07-24","","2016-07-24 13:36:21","32","2016-07-24 13:36:21","32","1","1","0"),
("53764","2","1","","16SO053744","15500","3.875","0","0","0","2016-07-24","2016-07-24","","2016-07-24 13:36:33","32","2016-07-24 13:36:33","32","1","1","0"),
("53765","2","1","","16SO053745","6000","1.5","0","0","0","2016-07-24","2016-07-24","","2016-07-24 13:36:58","26","2016-07-24 13:36:58","26","1","1","0"),
("53766","2","1","","16SO053746","6000","1.5","0","0","0","2016-07-24","2016-07-24","","2016-07-24 13:37:03","32","2016-07-24 13:37:03","32","1","1","0"),
("53767","2","1","","16SO053747","5000","1.25","0","0","0","2016-07-24","2016-07-24","","2016-07-24 13:37:19","26","2016-07-24 13:37:19","26","1","1","0"),
("53768","2","1","","16SO053748","1500","0.375","0","0","0","2016-07-24","2016-07-24","","2016-07-24 13:38:43","32","2016-07-24 13:38:43","32","1","1","0"),
("53769","2","1","","16SO053749","2000","0.5","0","0","0","2016-07-24","2016-07-24","","2016-07-24 13:40:19","26","2016-07-24 13:40:19","26","1","1","0"),
("53770","2","1","","16SO053750","1000","0.25","0","0","0","2016-07-24","2016-07-24","","2016-07-24 13:41:30","26","2016-07-24 13:41:30","26","1","1","0"),
("53771","2","1","","16SO053751","5000","1.25","0","0","0","2016-07-24","2016-07-24","","2016-07-24 13:46:04","32","2016-07-24 13:46:04","32","1","1","0"),
("53772","2","1","","16SO053752","1000","0.25","0","0","0","2016-07-24","2016-07-24","","2016-07-24 13:47:38","32","2016-07-24 13:47:38","32","1","1","0"),
("53773","2","1","","16SO053753","5000","1.25","0","0","0","2016-07-24","2016-07-24","","2016-07-24 13:51:50","32","2016-07-24 13:51:50","32","1","1","0"),
("53774","2","1","","16SO053754","2500","0.625","0","0","0","2016-07-24","2016-07-24","","2016-07-24 13:51:51","26","2016-07-24 13:51:51","26","1","1","0"),
("53775","2","1","","16SO053755","5000","1.25","0","0","0","2016-07-24","2016-07-24","","2016-07-24 13:53:15","32","2016-07-24 13:53:15","32","1","1","0"),
("53776","2","1","","16SO053756","5500","1.375","0","0","0","2016-07-24","2016-07-24","","2016-07-24 13:53:57","26","2016-07-24 13:53:57","26","1","1","0"),
("53777","2","1","","16SO053757","1000","0.25","0","0","0","2016-07-24","2016-07-24","","2016-07-24 13:53:57","32","2016-07-24 13:53:57","32","1","1","0"),
("53778","2","1","","16SO053758","500","0.125","0","0","0","2016-07-24","2016-07-24","","2016-07-24 13:54:19","26","2016-07-24 13:54:19","26","1","1","0"),
("53779","2","1","","16SO053759","13500","3.375","0","0","0","2016-07-24","2016-07-24","","2016-07-24 13:54:46","32","2016-07-24 13:54:46","32","1","1","0"),
("53780","2","1","","16SO053760","2500","0.625","0","0","0","2016-07-24","2016-07-24","","2016-07-24 13:54:57","26","2016-07-24 13:54:57","26","1","1","0"),
("53781","2","1","","16SO053761","5000","1.25","0","0","0","2016-07-24","2016-07-24","","2016-07-24 13:55:27","26","2016-07-24 13:55:27","26","1","1","0"),
("53782","2","1","","16SO053762","1000","0.25","0","0","0","2016-07-24","2016-07-24","","2016-07-24 13:56:08","26","2016-07-24 13:56:08","26","1","1","0"),
("53783","2","1","","16SO053763","7000","1.75","0","0","0","2016-07-24","2016-07-24","","2016-07-24 13:56:34","26","2016-07-24 13:56:34","26","1","1","0"),
("53784","2","1","","16SO053764","10500","2.625","0","0","0","2016-07-24","2016-07-24","","2016-07-24 13:58:45","26","2016-07-24 13:58:45","26","1","1","0"),
("53785","2","1","","16SO053765","7000","1.75","0","0","0","2016-07-24","2016-07-24","","2016-07-24 13:59:15","26","2016-07-24 13:59:15","26","1","1","0"),
("53786","2","1","","16SO053766","500","0.125","0","0","0","2016-07-24","2016-07-24","","2016-07-24 13:59:32","26","2016-07-24 13:59:32","26","1","1","0"),
("53787","2","1","","16SO053767","5500","1.375","0","0","0","2016-07-24","2016-07-24","","2016-07-24 14:00:10","26","2016-07-24 14:00:10","26","1","1","0"),
("53788","2","1","","16SO053768","2000","0.5","0","0","0","2016-07-24","2016-07-24","","2016-07-24 14:00:17","26","2016-07-24 14:00:17","26","1","1","0"),
("53789","2","1","","16SO053769","5500","1.375","0","0","0","2016-07-24","2016-07-24","","2016-07-24 14:00:56","26","2016-07-24 14:00:56","26","1","1","0"),
("53790","2","1","","16SO053770","3000","0.75","0","0","0","2016-07-24","2016-07-24","","2016-07-24 14:02:24","28","2016-07-24 14:02:24","28","1","1","0"),
("53791","2","1","","16SO053771","2500","0.625","0","0","0","2016-07-24","2016-07-24","","2016-07-24 14:03:29","28","2016-07-24 14:03:29","28","1","1","0"),
("53792","2","1","","16SO053772","2500","0.625","0","0","0","2016-07-24","2016-07-24","","2016-07-24 14:06:14","26","2016-07-24 14:06:14","26","1","1","0"),
("53793","2","1","","16SO053773","3000","0.75","0","0","0","2016-07-24","2016-07-24","","2016-07-24 14:06:32","28","2016-07-24 14:06:32","28","1","1","0"),
("53794","2","1","","16SO053774","2500","0.625","0","0","0","2016-07-24","2016-07-24","","2016-07-24 14:06:51","28","2016-07-24 14:06:51","28","1","1","0"),
("53795","2","1","","16SO053775","10000","2.5","0","0","0","2016-07-24","2016-07-24","","2016-07-24 14:06:57","28","2016-07-24 14:06:57","28","1","1","0"),
("53796","2","1","","16SO053776","18000","4.5","0","0","0","2016-07-24","2016-07-24","","2016-07-24 14:07:17","26","2016-07-24 14:07:17","26","1","1","0"),
("53797","2","1","","16SO053777","1000","0.25","0","0","0","2016-07-24","2016-07-24","","2016-07-24 14:09:15","28","2016-07-24 14:09:15","28","1","1","0"),
("53798","2","1","","16SO053778","2500","0.625","0","0","0","2016-07-24","2016-07-24","","2016-07-24 14:09:28","28","2016-07-24 14:09:28","28","1","1","0"),
("53799","2","1","","16SO053779","10000","2.5","0","0","0","2016-07-24","2016-07-24","","2016-07-24 14:09:45","26","2016-07-24 14:09:45","26","1","1","0"),
("53800","2","1","","16SO053780","6000","1.5","0","0","0","2016-07-24","2016-07-24","","2016-07-24 14:10:01","26","2016-07-24 14:10:01","26","1","1","0"),
("53801","2","1","","16SO053781","12500","3.125","0","0","0","2016-07-24","2016-07-24","","2016-07-24 14:11:36","28","2016-07-24 14:11:36","28","1","1","0"),
("53802","2","1","","16SO053782","1000","0.25","0","0","0","2016-07-24","2016-07-24","","2016-07-24 14:11:41","26","2016-07-24 14:11:41","26","1","1","0"),
("53803","2","1","","16SO053783","3000","0.75","0","0","0","2016-07-24","2016-07-24","","2016-07-24 14:11:54","26","2016-07-24 14:11:54","26","1","1","0"),
("53804","2","1","","16SO053784","1000","0.25","0","0","0","2016-07-24","2016-07-24","","2016-07-24 14:12:14","28","2016-07-24 14:12:14","28","1","1","0"),
("53805","2","1","","16SO053785","1000","0.25","0","0","0","2016-07-24","2016-07-24","","2016-07-24 14:12:53","26","2016-07-24 14:12:53","26","1","1","0"),
("53806","2","1","","16SO053786","8000","2","0","0","0","2016-07-24","2016-07-24","","2016-07-24 14:12:59","26","2016-07-24 14:12:59","26","1","1","0"),
("53807","2","1","","16SO053787","2500","0.625","0","0","0","2016-07-24","2016-07-24","","2016-07-24 14:13:11","28","2016-07-24 14:13:11","28","1","1","0"),
("53808","2","1","","16SO053788","2500","0.625","0","0","0","2016-07-24","2016-07-24","","2016-07-24 14:13:33","26","2016-07-24 14:13:33","26","1","1","0"),
("53809","2","1","","16SO053789","5000","1.25","0","0","0","2016-07-24","2016-07-24","","2016-07-24 14:21:51","28","2016-07-24 14:21:51","28","1","1","0"),
("53810","2","1","","16SO053790","6500","1.625","0","0","0","2016-07-24","2016-07-24","","2016-07-24 14:22:16","26","2016-07-24 14:22:16","26","1","1","0"),
("53811","2","1","","16SO053791","4500","1.125","0","0","0","2016-07-24","2016-07-24","","2016-07-24 14:25:27","26","2016-07-24 14:25:27","26","1","1","0"),
("53812","2","1","","16SO053792","5000","1.25","0","0","0","2016-07-24","2016-07-24","","2016-07-24 14:25:35","26","2016-07-24 14:25:35","26","1","1","0"),
("53813","2","1","","16SO053793","2500","0.625","0","0","0","2016-07-24","2016-07-24","","2016-07-24 14:28:06","26","2016-07-24 14:28:06","26","1","1","0"),
("53814","2","1","","16SO053794","1500","0.375","0","0","0","2016-07-24","2016-07-24","","2016-07-24 14:28:34","26","2016-07-24 14:28:34","26","1","1","0"),
("53815","2","1","","16SO053795","5000","1.25","0","0","0","2016-07-24","2016-07-24","","2016-07-24 14:29:49","28","2016-07-24 14:29:49","28","1","1","0"),
("53816","2","1","","16SO053796","12000","3","0","0","0","2016-07-24","2016-07-24","","2016-07-24 14:30:42","26","2016-07-24 14:30:42","26","1","1","0"),
("53817","2","1","","16SO053797","5000","1.25","0","0","0","2016-07-24","2016-07-24","","2016-07-24 14:31:09","28","2016-07-24 14:31:09","28","1","1","0"),
("53818","2","1","","16SO053798","7500","1.875","0","0","0","2016-07-24","2016-07-24","","2016-07-24 14:31:48","26","2016-07-24 14:31:48","26","1","1","0"),
("53819","2","1","","16SO053799","3000","0.75","0","0","0","2016-07-24","2016-07-24","","2016-07-24 14:31:59","26","2016-07-24 14:31:59","26","1","1","0"),
("53820","2","1","","16SO053800","5000","1.25","0","0","0","2016-07-24","2016-07-24","","2016-07-24 14:32:11","28","2016-07-24 14:32:11","28","1","1","0"),
("53821","2","1","","16SO053801","1500","0.375","0","0","0","2016-07-24","2016-07-24","","2016-07-24 14:32:25","28","2016-07-24 14:32:25","28","1","1","0"),
("53822","2","1","","16SO053802","57500","14.375","0","0","0","2016-07-24","2016-07-24","","2016-07-24 14:33:03","28","2016-07-24 14:33:03","28","1","1","0"),
("53823","2","1","","16SO053803","1000","0.25","0","0","0","2016-07-24","2016-07-24","","2016-07-24 14:33:10","26","2016-07-24 14:33:10","26","1","1","0"),
("53824","2","1","","16SO053804","7500","1.875","0","0","0","2016-07-24","2016-07-24","","2016-07-24 14:33:25","26","2016-07-24 14:33:25","26","1","1","0"),
("53825","2","1","","16SO053805","4500","1.125","0","0","0","2016-07-24","2016-07-24","","2016-07-24 14:34:01","26","2016-07-24 14:34:01","26","1","1","0"),
("53826","2","1","","16SO053806","6000","1.5","0","0","0","2016-07-24","2016-07-24","","2016-07-24 14:34:32","28","2016-07-24 14:34:32","28","1","1","0"),
("53827","2","1","","16SO053807","1000","0.25","0","0","0","2016-07-24","2016-07-24","","2016-07-24 14:34:44","28","2016-07-24 14:34:44","28","1","1","0"),
("53828","2","1","","16SO053808","5000","1.25","0","0","0","2016-07-24","2016-07-24","","2016-07-24 14:35:03","26","2016-07-24 14:35:03","26","1","1","0"),
("53829","2","1","","16SO053809","3000","0.75","0","0","0","2016-07-24","2016-07-24","","2016-07-24 14:37:10","26","2016-07-24 14:37:10","26","1","1","0"),
("53830","2","1","","16SO053810","1000","0.25","0","0","0","2016-07-24","2016-07-24","","2016-07-24 14:38:36","28","2016-07-24 14:38:36","28","1","1","0"),
("53831","2","1","","16SO053811","1000","0.25","0","0","0","2016-07-24","2016-07-24","","2016-07-24 14:39:59","28","2016-07-24 14:39:59","28","1","1","0"),
("53832","2","1","","16SO053812","10000","2.5","0","0","0","2016-07-24","2016-07-24","","2016-07-24 14:42:08","28","2016-07-24 14:42:08","28","1","1","0"),
("53833","2","1","","16SO053813","1500","0.375","0","0","0","2016-07-24","2016-07-24","","2016-07-24 14:42:38","28","2016-07-24 14:42:38","28","1","1","0"),
("53834","2","1","","16SO053814","1500","0.375","0","0","0","2016-07-24","2016-07-24","","2016-07-24 14:43:31","28","2016-07-24 14:43:31","28","1","1","0"),
("53835","2","1","","16SO053815","2500","0.625","0","0","0","2016-07-24","2016-07-24","","2016-07-24 14:43:40","26","2016-07-24 14:43:40","26","1","1","0"),
("53836","2","1","","16SO053816","500","0.125","0","0","0","2016-07-24","2016-07-24","","2016-07-24 14:45:22","26","2016-07-24 14:45:22","26","1","1","0"),
("53837","2","1","","16SO053817","2500","0.625","0","0","0","2016-07-24","2016-07-24","","2016-07-24 14:48:37","26","2016-07-24 14:48:37","26","1","1","0"),
("53838","2","1","","16SO053818","2500","0.625","0","0","0","2016-07-24","2016-07-24","","2016-07-24 14:49:33","28","2016-07-24 14:49:33","28","1","1","0"),
("53839","2","1","","16SO053819","13500","3.375","0","0","0","2016-07-24","2016-07-24","","2016-07-24 14:50:24","26","2016-07-24 14:50:24","26","1","1","0"),
("53840","2","1","","16SO053820","2500","0.625","0","0","0","2016-07-24","2016-07-24","","2016-07-24 14:50:52","26","2016-07-24 14:50:52","26","1","1","0"),
("53841","2","1","","16SO053821","1500","0.375","0","0","0","2016-07-24","2016-07-24","","2016-07-24 14:52:22","28","2016-07-24 14:52:22","28","1","1","0"),
("53842","2","1","","16SO053822","7500","1.875","0","0","0","2016-07-24","2016-07-24","","2016-07-24 14:53:09","26","2016-07-24 14:53:09","26","1","1","0"),
("53843","2","1","","16SO053823","11000","2.75","0","0","0","2016-07-24","2016-07-24","","2016-07-24 14:53:54","26","2016-07-24 14:53:54","26","1","1","0"),
("53844","2","1","","16SO053824","2500","0.625","0","0","0","2016-07-24","2016-07-24","","2016-07-24 14:58:29","26","2016-07-24 14:58:29","26","1","1","0"),
("53845","2","1","","16SO053825","2500","0.625","0","0","0","2016-07-24","2016-07-24","","2016-07-24 14:58:57","28","2016-07-24 14:58:57","28","1","1","0");

INSERT INTO sales_order_details VALUES("71305","53666","0","2125","1","1","1","1000","1000","","","0","0","2016-07-24 12:00:23","2016-07-24 12:00:23"),
("71306","53666","0","2233","1","1","1","2000","2000","","","0","0","2016-07-24 12:00:23","2016-07-24 12:00:23"),
("71307","53667","0","2165","2","1","1","1000","2000","","","0","0","2016-07-24 12:00:35","2016-07-24 12:00:35"),
("71308","53667","0","2067","1","1","1","1000","1000","","","0","0","2016-07-24 12:00:35","2016-07-24 12:00:35"),
("71309","53668","0","2228","30","1","1","500","15000","","","0","0","2016-07-24 12:02:06","2016-07-24 12:02:06"),
("71310","53669","0","2240","1","1","1","5000","5000","","","0","0","2016-07-24 12:02:53","2016-07-24 12:02:53"),
("71311","53669","0","2231","2","1","1","1500","3000","","","0","0","2016-07-24 12:02:53","2016-07-24 12:02:53"),
("71312","53670","0","2231","1","1","1","1500","1500","","","0","0","2016-07-24 12:03:09","2016-07-24 12:03:09"),
("71313","53671","0","2231","15","1","1","1500","22500","","","0","0","2016-07-24 12:05:48","2016-07-24 12:05:48"),
("71314","53672","0","2229","5","1","1","700","3500","","","0","0","2016-07-24 12:07:06","2016-07-24 12:07:06"),
("71315","53673","0","2104","2","1","1","5500","11000","","","0","0","2016-07-24 12:07:22","2016-07-24 12:07:22"),
("71316","53674","0","2083","4","1","1","2500","10000","","","0","0","2016-07-24 12:07:35","2016-07-24 12:07:35"),
("71317","53675","0","2235","1","1","1","2500","2500","","","0","0","2016-07-24 12:07:45","2016-07-24 12:07:45"),
("71318","53676","0","2235","1","1","1","2500","2500","","","0","0","2016-07-24 12:07:48","2016-07-24 12:07:48"),
("71319","53677","0","2083","2","1","1","2500","5000","","","0","0","2016-07-24 12:07:55","2016-07-24 12:07:55"),
("71320","53678","0","2250","1","1","1","500","500","","","0","0","2016-07-24 12:08:46","2016-07-24 12:08:46"),
("71321","53679","0","2231","10","1","1","1500","15000","","","0","0","2016-07-24 12:09:12","2016-07-24 12:09:12"),
("71322","53680","0","2064","1","1","1","2000","2000","","","0","0","2016-07-24 12:11:46","2016-07-24 12:11:46"),
("71323","53681","0","2126","1","1","1","2000","2000","","","0","0","2016-07-24 12:12:02","2016-07-24 12:12:02"),
("71324","53681","0","2099","1","1","1","2000","2000","","","0","0","2016-07-24 12:12:02","2016-07-24 12:12:02"),
("71325","53681","0","2235","1","1","1","2500","2500","","","0","0","2016-07-24 12:12:02","2016-07-24 12:12:02"),
("71326","53682","0","2228","30","1","1","500","15000","","","0","0","2016-07-24 12:16:31","2016-07-24 12:16:31"),
("71327","53683","0","2093","2","1","1","3000","6000","","","0","0","2016-07-24 12:16:45","2016-07-24 12:16:45"),
("71328","53684","0","2228","40","1","1","500","20000","","","0","0","2016-07-24 12:16:53","2016-07-24 12:16:53"),
("71329","53685","0","2228","2","1","1","500","1000","","","0","0","2016-07-24 12:16:58","2016-07-24 12:16:58"),
("71330","53686","0","2228","20","1","1","500","10000","","","0","0","2016-07-24 12:20:20","2016-07-24 12:20:20"),
("71331","53687","0","2229","1","1","1","700","700","","","0","0","2016-07-24 12:20:54","2016-07-24 12:20:54"),
("71332","53687","0","2099","1","1","1","2000","2000","","","0","0","2016-07-24 12:20:54","2016-07-24 12:20:54"),
("71333","53687","0","2164","1","1","1","3000","3000","","","0","0","2016-07-24 12:20:54","2016-07-24 12:20:54"),
("71334","53688","0","2228","10","1","1","500","5000","","","0","0","2016-07-24 12:21:24","2016-07-24 12:21:24"),
("71335","53689","0","2226","2","1","1","3000","6000","","","0","0","2016-07-24 12:22:11","2016-07-24 12:22:11"),
("71336","53690","0","2228","10","1","1","500","5000","","","0","0","2016-07-24 12:22:17","2016-07-24 12:22:17"),
("71337","53691","0","2076","1","1","1","2000","2000","","","0","0","2016-07-24 12:23:52","2016-07-24 12:23:52"),
("71338","53691","0","2075","1","1","1","1500","1500","","","0","0","2016-07-24 12:23:52","2016-07-24 12:23:52"),
("71339","53691","0","2095","1","1","1","4000","4000","","","0","0","2016-07-24 12:23:52","2016-07-24 12:23:52"),
("71340","53692","0","2228","10","1","1","500","5000","","","0","0","2016-07-24 12:24:30","2016-07-24 12:24:30"),
("71341","53693","0","2228","2","1","1","500","1000","","","0","0","2016-07-24 12:27:17","2016-07-24 12:27:17"),
("71342","53693","0","2197","2","1","1","2500","5000","","","0","0","2016-07-24 12:27:17","2016-07-24 12:27:17"),
("71343","53694","0","2228","10","1","1","500","5000","","","0","0","2016-07-24 12:29:03","2016-07-24 12:29:03"),
("71344","53695","0","2229","2","1","1","700","1400","","","0","0","2016-07-24 12:29:56","2016-07-24 12:29:56"),
("71345","53696","0","2228","10","1","1","500","5000","","","0","0","2016-07-24 12:31:32","2016-07-24 12:31:32"),
("71346","53697","0","2228","10","1","1","500","5000","","","0","0","2016-07-24 12:32:05","2016-07-24 12:32:05"),
("71347","53698","0","2083","1","1","1","2500","2500","","","0","0","2016-07-24 12:32:13","2016-07-24 12:32:13"),
("71348","53699","0","2125","1","1","1","1000","1000","","","0","0","2016-07-24 12:33:04","2016-07-24 12:33:04"),
("71349","53700","0","2236","1","1","1","2000","2000","","","0","0","2016-07-24 12:33:35","2016-07-24 12:33:35"),
("71350","53701","0","2231","5","1","1","1500","7500","","","0","0","2016-07-24 12:34:42","2016-07-24 12:34:42"),
("71351","53701","0","2172","2","1","1","2500","5000","","","0","0","2016-07-24 12:34:42","2016-07-24 12:34:42"),
("71352","53702","0","2071","6","1","1","1000","6000","","","0","0","2016-07-24 12:35:58","2016-07-24 12:35:58"),
("71353","53702","0","2095","1","1","1","4000","4000","","","0","0","2016-07-24 12:35:58","2016-07-24 12:35:58"),
("71354","53703","0","2228","5","1","1","500","2500","","","0","0","2016-07-24 12:36:50","2016-07-24 12:36:50"),
("71355","53704","0","2228","2","1","1","500","1000","","","0","0","2016-07-24 12:38:50","2016-07-24 12:38:50"),
("71356","53705","0","2228","10","1","1","500","5000","","","0","0","2016-07-24 12:39:01","2016-07-24 12:39:01"),
("71357","53706","0","2229","80","1","1","700","56000","","","0","0","2016-07-24 12:39:11","2016-07-24 12:39:11"),
("71358","53707","0","2102","1","1","1","5000","5000","","","0","0","2016-07-24 12:40:32","2016-07-24 12:40:32"),
("71359","53708","0","2083","2","1","1","2500","5000","","","0","0","2016-07-24 12:41:34","2016-07-24 12:41:34"),
("71360","53708","0","2228","2","1","1","500","1000","","","0","0","2016-07-24 12:41:34","2016-07-24 12:41:34"),
("71361","53708","0","2231","4","1","1","1500","6000","","","0","0","2016-07-24 12:41:35","2016-07-24 12:41:35"),
("71362","53709","0","2164","1","1","1","3000","3000","","","0","0","2016-07-24 12:42:10","2016-07-24 12:42:10"),
("71363","53709","0","2240","1","1","1","5000","5000","","","0","0","2016-07-24 12:42:10","2016-07-24 12:42:10"),
("71364","53710","0","2065","10","1","1","1000","10000","","","0","0","2016-07-24 12:42:43","2016-07-24 12:42:43"),
("71365","53711","0","2229","2","1","1","700","1400","","","0","0","2016-07-24 12:43:40","2016-07-24 12:43:40"),
("71366","53712","0","2076","2","1","1","2000","4000","","","0","0","2016-07-24 12:44:01","2016-07-24 12:44:01"),
("71367","53712","0","2067","5","1","1","1000","5000","","","0","0","2016-07-24 12:44:01","2016-07-24 12:44:01"),
("71368","53713","0","2121","1","1","1","13000","13000","","","0","0","2016-07-24 12:45:01","2016-07-24 12:45:01"),
("71369","53714","0","2095","1","1","1","4000","4000","","","0","0","2016-07-24 12:47:17","2016-07-24 12:47:17"),
("71370","53715","0","2229","5","1","1","700","3500","","","0","0","2016-07-24 12:51:31","2016-07-24 12:51:31"),
("71371","53716","0","2229","10","1","1","700","7000","","","0","0","2016-07-24 12:51:47","2016-07-24 12:51:47"),
("71372","53717","0","2164","1","1","1","3000","3000","","","0","0","2016-07-24 12:55:19","2016-07-24 12:55:19"),
("71373","53717","0","2071","2","1","1","1000","2000","","","0","0","2016-07-24 12:55:19","2016-07-24 12:55:19"),
("71374","53717","0","2228","10","1","1","500","5000","","","0","0","2016-07-24 12:55:19","2016-07-24 12:55:19"),
("71375","53718","0","2228","2","1","1","500","1000","","","0","0","2016-07-24 12:55:26","2016-07-24 12:55:26"),
("71376","53719","0","2229","10","1","1","700","7000","","","0","0","2016-07-24 12:57:59","2016-07-24 12:57:59"),
("71377","53720","0","2172","2","1","1","2500","5000","","","0","0","2016-07-24 13:00:34","2016-07-24 13:00:34"),
("71378","53721","0","2166","1","1","1","700","700","","","0","0","2016-07-24 13:01:43","2016-07-24 13:01:43"),
("71379","53722","0","2166","1","1","1","700","700","","","0","0","2016-07-24 13:01:52","2016-07-24 13:01:52"),
("71380","53723","0","2125","1","1","1","1000","1000","","","0","0","2016-07-24 13:02:26","2016-07-24 13:02:26"),
("71381","53724","0","2228","5","1","1","500","2500","","","0","0","2016-07-24 13:03:41","2016-07-24 13:03:41"),
("71382","53725","0","2110","1","1","1","2500","2500","","","0","0","2016-07-24 13:07:12","2016-07-24 13:07:12"),
("71383","53725","0","2231","2","1","1","1500","3000","","","0","0","2016-07-24 13:07:12","2016-07-24 13:07:12"),
("71384","53726","0","2163","2","1","1","2500","5000","","","0","0","2016-07-24 13:07:20","2016-07-24 13:07:20"),
("71385","53727","0","2231","2","1","1","1500","3000","","","0","0","2016-07-24 13:07:23","2016-07-24 13:07:23"),
("71386","53728","0","2228","2","1","1","500","1000","","","0","0","2016-07-24 13:08:27","2016-07-24 13:08:27"),
("71387","53729","0","2111","1","1","1","3000","3000","","","0","0","2016-07-24 13:10:44","2016-07-24 13:10:44"),
("71388","53730","0","2093","1","1","1","3000","3000","","","0","0","2016-07-24 13:11:34","2016-07-24 13:11:34"),
("71389","53731","0","2241","2","1","1","3000","6000","","","0","0","2016-07-24 13:12:16","2016-07-24 13:12:16"),
("71390","53731","0","2074","2","1","1","1500","3000","","","0","0","2016-07-24 13:12:16","2016-07-24 13:12:16"),
("71391","53731","0","2231","10","1","1","1500","15000","","","0","0","2016-07-24 13:12:16","2016-07-24 13:12:16"),
("71392","53732","0","2126","1","1","1","2000","2000","","","0","0","2016-07-24 13:12:32","2016-07-24 13:12:32"),
("71393","53733","0","2125","1","1","1","1000","1000","","","0","0","2016-07-24 13:14:22","2016-07-24 13:14:22"),
("71394","53734","0","2229","10","1","1","700","7000","","","0","0","2016-07-24 13:14:28","2016-07-24 13:14:28"),
("71395","53735","0","2133","1","1","1","6000","6000","","","0","0","2016-07-24 13:14:53","2016-07-24 13:14:53"),
("71396","53736","0","2231","2","1","1","1500","3000","","","0","0","2016-07-24 13:15:35","2016-07-24 13:15:35"),
("71397","53737","0","2197","1","1","1","2500","2500","","","0","0","2016-07-24 13:16:38","2016-07-24 13:16:38"),
("71398","53738","0","2231","1","1","1","1500","1500","","","0","0","2016-07-24 13:16:43","2016-07-24 13:16:43"),
("71399","53739","0","2228","10","1","1","500","5000","","","0","0","2016-07-24 13:17:35","2016-07-24 13:17:35"),
("71400","53740","0","2250","2","1","1","500","1000","","","0","0","2016-07-24 13:19:05","2016-07-24 13:19:05"),
("71401","53741","0","2125","1","1","1","1000","1000","","","0","0","2016-07-24 13:19:10","2016-07-24 13:19:10"),
("71402","53742","0","2229","10","1","1","700","7000","","","0","0","2016-07-24 13:20:30","2016-07-24 13:20:30"),
("71403","53743","0","2166","10","1","1","700","7000","","","0","0","2016-07-24 13:20:49","2016-07-24 13:20:49"),
("71404","53744","0","2197","1","1","1","2500","2500","","","0","0","2016-07-24 13:20:56","2016-07-24 13:20:56"),
("71405","53745","0","2250","1","1","1","500","500","","","0","0","2016-07-24 13:21:14","2016-07-24 13:21:14"),
("71406","53746","0","2064","1","1","1","2000","2000","","","0","0","2016-07-24 13:21:46","2016-07-24 13:21:46"),
("71407","53746","0","2083","4","1","1","2500","10000","","","0","0","2016-07-24 13:21:46","2016-07-24 13:21:46"),
("71408","53747","0","2126","1","1","1","2000","2000","","","0","0","2016-07-24 13:22:10","2016-07-24 13:22:10"),
("71409","53748","0","2166","5","1","1","700","3500","","","0","0","2016-07-24 13:22:31","2016-07-24 13:22:31"),
("71410","53749","0","2146","1","1","1","3500","3500","","","0","0","2016-07-24 13:22:54","2016-07-24 13:22:54"),
("71411","53750","0","2125","1","1","1","1000","1000","","","0","0","2016-07-24 13:23:17","2016-07-24 13:23:17"),
("71412","53751","0","2229","1","1","1","700","700","","","0","0","2016-07-24 13:23:58","2016-07-24 13:23:58"),
("71413","53752","0","2166","5","1","1","700","3500","","","0","0","2016-07-24 13:25:17","2016-07-24 13:25:17"),
("71414","53752","0","2095","1","1","1","4000","4000","","","0","0","2016-07-24 13:25:17","2016-07-24 13:25:17"),
("71415","53752","0","2121","1","1","1","13000","13000","","","0","0","2016-07-24 13:25:17","2016-07-24 13:25:17"),
("71416","53753","0","2164","2","1","1","3000","6000","","","0","0","2016-07-24 13:28:44","2016-07-24 13:28:44"),
("71417","53754","0","2228","4","1","1","500","2000","","","0","0","2016-07-24 13:29:22","2016-07-24 13:29:22"),
("71418","53755","0","2228","6","1","1","500","3000","","","0","0","2016-07-24 13:29:41","2016-07-24 13:29:41"),
("71419","53756","0","2250","2","1","1","500","1000","","","0","0","2016-07-24 13:32:29","2016-07-24 13:32:29"),
("71420","53757","0","2075","1","1","1","1500","1500","","","0","0","2016-07-24 13:32:55","2016-07-24 13:32:55"),
("71421","53757","0","2070","1","1","1","1000","1000","","","0","0","2016-07-24 13:32:55","2016-07-24 13:32:55"),
("71422","53758","0","2228","3","1","1","500","1500","","","0","0","2016-07-24 13:32:59","2016-07-24 13:32:59"),
("71423","53759","0","2235","2","1","1","2500","5000","","","0","0","2016-07-24 13:33:45","2016-07-24 13:33:45"),
("71424","53759","0","2104","1","1","1","5500","5500","","","0","0","2016-07-24 13:33:45","2016-07-24 13:33:45"),
("71425","53760","0","2095","1","1","1","4000","4000","","","0","0","2016-07-24 13:35:02","2016-07-24 13:35:02"),
("71426","53761","0","2172","2","1","1","2500","5000","","","0","0","2016-07-24 13:35:23","2016-07-24 13:35:23"),
("71427","53762","0","2228","8","1","1","500","4000","","","0","0","2016-07-24 13:35:59","2016-07-24 13:35:59"),
("71428","53763","0","2070","2","1","1","1000","2000","","","0","0","2016-07-24 13:36:21","2016-07-24 13:36:21"),
("71429","53763","0","2231","3","1","1","1500","4500","","","0","0","2016-07-24 13:36:21","2016-07-24 13:36:21"),
("71430","53764","0","2072","5","1","1","1000","5000","","","0","0","2016-07-24 13:36:33","2016-07-24 13:36:33"),
("71431","53764","0","2095","1","1","1","4000","4000","","","0","0","2016-07-24 13:36:33","2016-07-24 13:36:33"),
("71432","53764","0","2118","1","1","1","6500","6500","","","0","0","2016-07-24 13:36:33","2016-07-24 13:36:33"),
("71433","53765","0","2107","1","1","1","6000","6000","","","0","0","2016-07-24 13:36:59","2016-07-24 13:36:59"),
("71434","53766","0","2107","1","1","1","6000","6000","","","0","0","2016-07-24 13:37:04","2016-07-24 13:37:04"),
("71435","53767","0","2073","5","1","1","1000","5000","","","0","0","2016-07-24 13:37:19","2016-07-24 13:37:19"),
("71436","53768","0","2228","3","1","1","500","1500","","","0","0","2016-07-24 13:38:43","2016-07-24 13:38:43"),
("71437","53769","0","2228","4","1","1","500","2000","","","0","0","2016-07-24 13:40:20","2016-07-24 13:40:20"),
("71438","53770","0","2250","2","1","1","500","1000","","","0","0","2016-07-24 13:41:30","2016-07-24 13:41:30"),
("71439","53771","0","2228","10","1","1","500","5000","","","0","0","2016-07-24 13:46:04","2016-07-24 13:46:04"),
("71440","53772","0","2125","1","1","1","1000","1000","","","0","0","2016-07-24 13:47:38","2016-07-24 13:47:38"),
("71441","53773","0","2228","10","1","1","500","5000","","","0","0","2016-07-24 13:51:50","2016-07-24 13:51:50"),
("71442","53774","0","2228","5","1","1","500","2500","","","0","0","2016-07-24 13:51:51","2016-07-24 13:51:51"),
("71443","53775","0","2235","2","1","1","2500","5000","","","0","0","2016-07-24 13:53:15","2016-07-24 13:53:15"),
("71444","53776","0","2104","1","1","1","5500","5500","","","0","0","2016-07-24 13:53:57","2016-07-24 13:53:57"),
("71445","53777","0","2228","2","1","1","500","1000","","","0","0","2016-07-24 13:53:57","2016-07-24 13:53:57"),
("71446","53778","0","2250","1","1","1","500","500","","","0","0","2016-07-24 13:54:19","2016-07-24 13:54:19"),
("71447","53779","0","2231","3","1","1","1500","4500","","","0","0","2016-07-24 13:54:46","2016-07-24 13:54:46"),
("71448","53779","0","2110","1","1","1","2500","2500","","","0","0","2016-07-24 13:54:46","2016-07-24 13:54:46"),
("71449","53779","0","2118","1","1","1","6500","6500","","","0","0","2016-07-24 13:54:46","2016-07-24 13:54:46"),
("71450","53780","0","2228","5","1","1","500","2500","","","0","0","2016-07-24 13:54:57","2016-07-24 13:54:57"),
("71451","53781","0","2240","1","1","1","5000","5000","","","0","0","2016-07-24 13:55:27","2016-07-24 13:55:27"),
("71452","53782","0","2250","2","1","1","500","1000","","","0","0","2016-07-24 13:56:08","2016-07-24 13:56:08"),
("71453","53783","0","2166","10","1","1","700","7000","","","0","0","2016-07-24 13:56:34","2016-07-24 13:56:34"),
("71454","53784","0","2229","15","1","1","700","10500","","","0","0","2016-07-24 13:58:45","2016-07-24 13:58:45"),
("71455","53785","0","2229","10","1","1","700","7000","","","0","0","2016-07-24 13:59:16","2016-07-24 13:59:16"),
("71456","53786","0","2250","1","1","1","500","500","","","0","0","2016-07-24 13:59:32","2016-07-24 13:59:32"),
("71457","53787","0","2104","1","1","1","5500","5500","","","0","0","2016-07-24 14:00:10","2016-07-24 14:00:10"),
("71458","53788","0","2071","1","1","1","1000","1000","","","0","0","2016-07-24 14:00:17","2016-07-24 14:00:17"),
("71459","53788","0","2065","1","1","1","1000","1000","","","0","0","2016-07-24 14:00:17","2016-07-24 14:00:17"),
("71460","53789","0","2104","1","1","1","5500","5500","","","0","0","2016-07-24 14:00:56","2016-07-24 14:00:56"),
("71461","53790","0","2231","2","1","1","1500","3000","","","0","0","2016-07-24 14:02:24","2016-07-24 14:02:24"),
("71462","53791","0","2228","5","1","1","500","2500","","","0","0","2016-07-24 14:03:29","2016-07-24 14:03:29"),
("71463","53792","0","2110","1","1","1","2500","2500","","","0","0","2016-07-24 14:06:14","2016-07-24 14:06:14"),
("71464","53793","0","2111","1","1","1","3000","3000","","","0","0","2016-07-24 14:06:32","2016-07-24 14:06:32"),
("71465","53794","0","2083","1","1","1","2500","2500","","","0","0","2016-07-24 14:06:51","2016-07-24 14:06:51"),
("71466","53795","0","2228","20","1","1","500","10000","","","0","0","2016-07-24 14:06:57","2016-07-24 14:06:57"),
("71467","53796","0","2229","10","1","1","700","7000","","","0","0","2016-07-24 14:07:17","2016-07-24 14:07:17"),
("71468","53796","0","2164","2","1","1","3000","6000","","","0","0","2016-07-24 14:07:17","2016-07-24 14:07:17"),
("71469","53796","0","2172","2","1","1","2500","5000","","","0","0","2016-07-24 14:07:17","2016-07-24 14:07:17"),
("71470","53797","0","2228","2","1","1","500","1000","","","0","0","2016-07-24 14:09:15","2016-07-24 14:09:15"),
("71471","53798","0","2082","1","1","1","2500","2500","","","0","0","2016-07-24 14:09:28","2016-07-24 14:09:28"),
("71472","53799","0","2165","3","1","1","1000","3000","","","0","0","2016-07-24 14:09:45","2016-07-24 14:09:45"),
("71473","53799","0","2067","2","1","1","1000","2000","","","0","0","2016-07-24 14:09:45","2016-07-24 14:09:45"),
("71474","53799","0","2065","5","1","1","1000","5000","","","0","0","2016-07-24 14:09:45","2016-07-24 14:09:45"),
("71475","53800","0","2231","4","1","1","1500","6000","","","0","0","2016-07-24 14:10:01","2016-07-24 14:10:01"),
("71476","53801","0","2117","1","1","1","7500","7500","","","0","0","2016-07-24 14:11:36","2016-07-24 14:11:36"),
("71477","53801","0","2088","1","1","1","5000","5000","","","0","0","2016-07-24 14:11:36","2016-07-24 14:11:36"),
("71478","53802","0","2125","1","1","1","1000","1000","","","0","0","2016-07-24 14:11:41","2016-07-24 14:11:41"),
("71479","53803","0","2164","1","1","1","3000","3000","","","0","0","2016-07-24 14:11:54","2016-07-24 14:11:54"),
("71480","53804","0","2125","1","1","1","1000","1000","","","0","0","2016-07-24 14:12:14","2016-07-24 14:12:14"),
("71481","53805","0","2125","1","1","1","1000","1000","","","0","0","2016-07-24 14:12:53","2016-07-24 14:12:53"),
("71482","53806","0","2119","1","1","1","8000","8000","","","0","0","2016-07-24 14:12:59","2016-07-24 14:12:59"),
("71483","53807","0","2228","5","1","1","500","2500","","","0","0","2016-07-24 14:13:11","2016-07-24 14:13:11"),
("71484","53808","0","2228","5","1","1","500","2500","","","0","0","2016-07-24 14:13:33","2016-07-24 14:13:33"),
("71485","53809","0","2228","10","1","1","500","5000","","","0","0","2016-07-24 14:21:51","2016-07-24 14:21:51"),
("71486","53810","0","2118","1","1","1","6500","6500","","","0","0","2016-07-24 14:22:16","2016-07-24 14:22:16"),
("71487","53811","0","2231","1","1","1","1500","1500","","","0","0","2016-07-24 14:25:27","2016-07-24 14:25:27"),
("71488","53811","0","2228","6","1","1","500","3000","","","0","0","2016-07-24 14:25:27","2016-07-24 14:25:27"),
("71489","53812","0","2228","10","1","1","500","5000","","","0","0","2016-07-24 14:25:35","2016-07-24 14:25:35"),
("71490","53813","0","2228","5","1","1","500","2500","","","0","0","2016-07-24 14:28:06","2016-07-24 14:28:06"),
("71491","53814","0","2231","1","1","1","1500","1500","","","0","0","2016-07-24 14:28:34","2016-07-24 14:28:34"),
("71492","53815","0","2228","10","1","1","500","5000","","","0","0","2016-07-24 14:29:49","2016-07-24 14:29:49"),
("71493","53816","0","2107","2","1","1","6000","12000","","","0","0","2016-07-24 14:30:42","2016-07-24 14:30:42"),
("71494","53817","0","2228","10","1","1","500","5000","","","0","0","2016-07-24 14:31:09","2016-07-24 14:31:09"),
("71495","53818","0","2146","1","1","1","3500","3500","","","0","0","2016-07-24 14:31:48","2016-07-24 14:31:48"),
("71496","53818","0","2095","1","1","1","4000","4000","","","0","0","2016-07-24 14:31:48","2016-07-24 14:31:48"),
("71497","53819","0","2070","1","1","1","1000","1000","","","0","0","2016-07-24 14:31:59","2016-07-24 14:31:59"),
("71498","53819","0","2233","1","1","1","2000","2000","","","0","0","2016-07-24 14:31:59","2016-07-24 14:31:59"),
("71499","53820","0","2228","10","1","1","500","5000","","","0","0","2016-07-24 14:32:11","2016-07-24 14:32:11"),
("71500","53821","0","2228","3","1","1","500","1500","","","0","0","2016-07-24 14:32:25","2016-07-24 14:32:25"),
("71501","53822","0","2235","1","1","1","2500","2500","","","0","0","2016-07-24 14:33:03","2016-07-24 14:33:03"),
("71502","53822","0","2119","1","1","1","8000","8000","","","0","0","2016-07-24 14:33:04","2016-07-24 14:33:04"),
("71503","53822","0","2121","2","1","1","13000","26000","","","0","0","2016-07-24 14:33:04","2016-07-24 14:33:04"),
("71504","53822","0","2229","30","1","1","700","21000","","","0","0","2016-07-24 14:33:04","2016-07-24 14:33:04"),
("71505","53823","0","2100","1","1","1","1000","1000","","","0","0","2016-07-24 14:33:10","2016-07-24 14:33:10"),
("71506","53824","0","2065","1","1","1","1000","1000","","","0","0","2016-07-24 14:33:25","2016-07-24 14:33:25"),
("71507","53824","0","2073","1","1","1","1000","1000","","","0","0","2016-07-24 14:33:25","2016-07-24 14:33:25"),
("71508","53824","0","2226","1","1","1","3000","3000","","","0","0","2016-07-24 14:33:25","2016-07-24 14:33:25"),
("71509","53824","0","2084","1","1","1","2500","2500","","","0","0","2016-07-24 14:33:25","2016-07-24 14:33:25"),
("71510","53825","0","2197","1","1","1","2500","2500","","","0","0","2016-07-24 14:34:01","2016-07-24 14:34:01"),
("71511","53825","0","2126","1","1","1","2000","2000","","","0","0","2016-07-24 14:34:01","2016-07-24 14:34:01"),
("71512","53826","0","2231","2","1","1","1500","3000","","","0","0","2016-07-24 14:34:32","2016-07-24 14:34:32"),
("71513","53826","0","2164","1","1","1","3000","3000","","","0","0","2016-07-24 14:34:32","2016-07-24 14:34:32"),
("71514","53827","0","2250","2","1","1","500","1000","","","0","0","2016-07-24 14:34:44","2016-07-24 14:34:44"),
("71515","53828","0","2126","2","1","1","2000","4000","","","0","0","2016-07-24 14:35:03","2016-07-24 14:35:03"),
("71516","53828","0","2250","2","1","1","500","1000","","","0","0","2016-07-24 14:35:03","2016-07-24 14:35:03"),
("71517","53829","0","2164","1","1","1","3000","3000","","","0","0","2016-07-24 14:37:11","2016-07-24 14:37:11"),
("71518","53830","0","2228","2","1","1","500","1000","","","0","0","2016-07-24 14:38:37","2016-07-24 14:38:37"),
("71519","53831","0","2228","2","1","1","500","1000","","","0","0","2016-07-24 14:39:59","2016-07-24 14:39:59"),
("71520","53832","0","2228","20","1","1","500","10000","","","0","0","2016-07-24 14:42:08","2016-07-24 14:42:08"),
("71521","53833","0","2228","3","1","1","500","1500","","","0","0","2016-07-24 14:42:38","2016-07-24 14:42:38"),
("71522","53834","0","2228","3","1","1","500","1500","","","0","0","2016-07-24 14:43:31","2016-07-24 14:43:31"),
("71523","53835","0","2228","5","1","1","500","2500","","","0","0","2016-07-24 14:43:40","2016-07-24 14:43:40"),
("71524","53836","0","2250","1","1","1","500","500","","","0","0","2016-07-24 14:45:22","2016-07-24 14:45:22"),
("71525","53837","0","2228","5","1","1","500","2500","","","0","0","2016-07-24 14:48:37","2016-07-24 14:48:37"),
("71526","53838","0","2228","5","1","1","500","2500","","","0","0","2016-07-24 14:49:33","2016-07-24 14:49:33"),
("71527","53839","0","2231","5","1","1","1500","7500","","","0","0","2016-07-24 14:50:24","2016-07-24 14:50:24"),
("71528","53839","0","2107","1","1","1","6000","6000","","","0","0","2016-07-24 14:50:24","2016-07-24 14:50:24"),
("71529","53840","0","2083","1","1","1","2500","2500","","","0","0","2016-07-24 14:50:52","2016-07-24 14:50:52"),
("71530","53841","0","2228","3","1","1","500","1500","","","0","0","2016-07-24 14:52:22","2016-07-24 14:52:22"),
("71531","53842","0","2257","1","1","1","2500","2500","","","0","0","2016-07-24 14:53:09","2016-07-24 14:53:09"),
("71532","53842","0","2240","1","1","1","5000","5000","","","0","0","2016-07-24 14:53:09","2016-07-24 14:53:09"),
("71533","53843","0","2104","2","1","1","5500","11000","","","0","0","2016-07-24 14:53:54","2016-07-24 14:53:54"),
("71534","53844","0","2098","1","1","1","2500","2500","","","0","0","2016-07-24 14:58:29","2016-07-24 14:58:29"),
("71535","53845","0","2228","5","1","1","500","2500","","","0","0","2016-07-24 14:58:57","2016-07-24 14:58:57");

INSERT INTO sales_order_receipts VALUES("53786","53666","7","16RE053784","0","3000","3000","0","2016-07-24","2016-07-24","2016-07-24 12:00:23","28","2016-07-24 12:00:23","28","1"),
("53787","53667","7","16RE053785","0","3000","3000","0","2016-07-24","2016-07-24","2016-07-24 12:00:35","28","2016-07-24 12:00:35","28","1"),
("53788","53668","7","16RE053786","0","15000","15000","0","2016-07-24","2016-07-24","2016-07-24 12:02:06","28","2016-07-24 12:02:06","28","1"),
("53789","53669","7","16RE053787","0","8000","8000","0","2016-07-24","2016-07-24","2016-07-24 12:02:53","28","2016-07-24 12:02:53","28","1"),
("53790","53670","7","16RE053788","0","1500","1500","0","2016-07-24","2016-07-24","2016-07-24 12:03:09","28","2016-07-24 12:03:09","28","1"),
("53791","53671","7","16RE053789","0","22500","22500","0","2016-07-24","2016-07-24","2016-07-24 12:05:48","28","2016-07-24 12:05:48","28","1"),
("53792","53672","7","16RE053790","0","3500","3500","0","2016-07-24","2016-07-24","2016-07-24 12:07:06","28","2016-07-24 12:07:06","28","1"),
("53793","53673","7","16RE053791","0","11000","11000","0","2016-07-24","2016-07-24","2016-07-24 12:07:22","28","2016-07-24 12:07:22","28","1"),
("53794","53674","7","16RE053792","0","10000","10000","0","2016-07-24","2016-07-24","2016-07-24 12:07:35","28","2016-07-24 12:07:35","28","1"),
("53795","53675","7","16RE053793","0","2500","2500","0","2016-07-24","2016-07-24","2016-07-24 12:07:45","28","2016-07-24 12:07:45","28","1"),
("53796","53676","7","16RE053794","0","2500","2500","0","2016-07-24","2016-07-24","2016-07-24 12:07:47","28","2016-07-24 12:07:47","28","1"),
("53797","53677","7","16RE053795","0","5000","5000","0","2016-07-24","2016-07-24","2016-07-24 12:07:55","28","2016-07-24 12:07:55","28","1"),
("53798","53678","7","16RE053796","0","500","500","0","2016-07-24","2016-07-24","2016-07-24 12:08:46","28","2016-07-24 12:08:46","28","1"),
("53799","53679","7","16RE053797","0","15000","15000","0","2016-07-24","2016-07-24","2016-07-24 12:09:12","28","2016-07-24 12:09:12","28","1"),
("53800","53680","7","16RE053798","0","2000","2000","0","2016-07-24","2016-07-24","2016-07-24 12:11:46","28","2016-07-24 12:11:46","28","1"),
("53801","53681","7","16RE053799","0","6500","6500","0","2016-07-24","2016-07-24","2016-07-24 12:12:02","32","2016-07-24 12:12:02","32","1"),
("53802","53682","7","16RE053800","0","15000","15000","0","2016-07-24","2016-07-24","2016-07-24 12:16:31","32","2016-07-24 12:16:31","32","1"),
("53803","53683","7","16RE053801","0","6000","6000","0","2016-07-24","2016-07-24","2016-07-24 12:16:45","32","2016-07-24 12:16:45","32","1"),
("53804","53684","7","16RE053802","0","20000","20000","0","2016-07-24","2016-07-24","2016-07-24 12:16:53","32","2016-07-24 12:16:53","32","1"),
("53805","53685","7","16RE053803","0","1000","1000","0","2016-07-24","2016-07-24","2016-07-24 12:16:58","32","2016-07-24 12:16:58","32","1"),
("53806","53686","7","16RE053804","0","10000","10000","0","2016-07-24","2016-07-24","2016-07-24 12:20:20","32","2016-07-24 12:20:20","32","1"),
("53807","53687","7","16RE053805","0","5700","5700","0","2016-07-24","2016-07-24","2016-07-24 12:20:53","28","2016-07-24 12:20:53","28","1"),
("53808","53688","7","16RE053806","0","5000","5000","0","2016-07-24","2016-07-24","2016-07-24 12:21:24","32","2016-07-24 12:21:24","32","1"),
("53809","53689","7","16RE053807","0","6000","6000","0","2016-07-24","2016-07-24","2016-07-24 12:22:11","32","2016-07-24 12:22:11","32","1"),
("53810","53690","7","16RE053808","0","5000","5000","0","2016-07-24","2016-07-24","2016-07-24 12:22:17","32","2016-07-24 12:22:17","32","1"),
("53811","53691","7","16RE053809","0","7500","7500","0","2016-07-24","2016-07-24","2016-07-24 12:23:52","28","2016-07-24 12:23:52","28","1"),
("53812","53692","7","16RE053810","0","5000","5000","0","2016-07-24","2016-07-24","2016-07-24 12:24:30","32","2016-07-24 12:24:30","32","1"),
("53813","53693","7","16RE053811","0","6000","6000","0","2016-07-24","2016-07-24","2016-07-24 12:27:17","32","2016-07-24 12:27:17","32","1"),
("53814","53694","7","16RE053812","0","5000","5000","0","2016-07-24","2016-07-24","2016-07-24 12:29:03","32","2016-07-24 12:29:03","32","1"),
("53815","53695","7","16RE053813","0","1400","1400","0","2016-07-24","2016-07-24","2016-07-24 12:29:56","32","2016-07-24 12:29:56","32","1"),
("53816","53696","7","16RE053814","0","5000","5000","0","2016-07-24","2016-07-24","2016-07-24 12:31:32","32","2016-07-24 12:31:32","32","1"),
("53817","53697","7","16RE053815","0","5000","5000","0","2016-07-24","2016-07-24","2016-07-24 12:32:05","32","2016-07-24 12:32:05","32","1"),
("53818","53698","7","16RE053816","0","2500","2500","0","2016-07-24","2016-07-24","2016-07-24 12:32:13","32","2016-07-24 12:32:13","32","1"),
("53819","53699","7","16RE053817","0","1000","1000","0","2016-07-24","2016-07-24","2016-07-24 12:33:04","32","2016-07-24 12:33:04","32","1"),
("53820","53700","7","16RE053818","0","2000","2000","0","2016-07-24","2016-07-24","2016-07-24 12:33:35","32","2016-07-24 12:33:35","32","1"),
("53821","53701","7","16RE053819","0","12500","12500","0","2016-07-24","2016-07-24","2016-07-24 12:34:42","26","2016-07-24 12:34:42","26","1"),
("53822","53702","7","16RE053820","0","10000","10000","0","2016-07-24","2016-07-24","2016-07-24 12:35:58","26","2016-07-24 12:35:58","26","1"),
("53823","53703","7","16RE053821","0","2500","2500","0","2016-07-24","2016-07-24","2016-07-24 12:36:50","26","2016-07-24 12:36:50","26","1"),
("53824","53704","7","16RE053822","0","1000","1000","0","2016-07-24","2016-07-24","2016-07-24 12:38:50","26","2016-07-24 12:38:50","26","1"),
("53825","53705","7","16RE053823","0","5000","5000","0","2016-07-24","2016-07-24","2016-07-24 12:39:01","26","2016-07-24 12:39:01","26","1"),
("53826","53706","7","16RE053824","0","56000","56000","0","2016-07-24","2016-07-24","2016-07-24 12:39:11","26","2016-07-24 12:39:11","26","1"),
("53827","53707","7","16RE053825","0","5000","5000","0","2016-07-24","2016-07-24","2016-07-24 12:40:32","26","2016-07-24 12:40:32","26","1"),
("53828","53708","7","16RE053826","0","12000","12000","0","2016-07-24","2016-07-24","2016-07-24 12:41:34","26","2016-07-24 12:41:34","26","1"),
("53829","53709","7","16RE053827","0","8000","8000","0","2016-07-24","2016-07-24","2016-07-24 12:42:10","26","2016-07-24 12:42:10","26","1"),
("53830","53710","7","16RE053828","0","10000","10000","0","2016-07-24","2016-07-24","2016-07-24 12:42:42","26","2016-07-24 12:42:42","26","1"),
("53831","53711","7","16RE053829","0","1400","1400","0","2016-07-24","2016-07-24","2016-07-24 12:43:40","26","2016-07-24 12:43:40","26","1"),
("53832","53712","7","16RE053830","0","9000","9000","0","2016-07-24","2016-07-24","2016-07-24 12:44:01","26","2016-07-24 12:44:01","26","1"),
("53833","53713","7","16RE053831","0","13000","13000","0","2016-07-24","2016-07-24","2016-07-24 12:45:01","26","2016-07-24 12:45:01","26","1"),
("53834","53714","7","16RE053832","0","4000","4000","0","2016-07-24","2016-07-24","2016-07-24 12:47:17","26","2016-07-24 12:47:17","26","1"),
("53835","53715","7","16RE053833","0","3500","3500","0","2016-07-24","2016-07-24","2016-07-24 12:51:31","26","2016-07-24 12:51:31","26","1"),
("53836","53716","7","16RE053834","0","7000","7000","0","2016-07-24","2016-07-24","2016-07-24 12:51:47","26","2016-07-24 12:51:47","26","1"),
("53837","53717","7","16RE053835","0","10000","10000","0","2016-07-24","2016-07-24","2016-07-24 12:55:19","26","2016-07-24 12:55:19","26","1"),
("53838","53718","7","16RE053836","0","1000","1000","0","2016-07-24","2016-07-24","2016-07-24 12:55:26","26","2016-07-24 12:55:26","26","1"),
("53839","53719","7","16RE053837","0","7000","7000","0","2016-07-24","2016-07-24","2016-07-24 12:57:59","26","2016-07-24 12:57:59","26","1"),
("53840","53720","7","16RE053838","0","5000","5000","0","2016-07-24","2016-07-24","2016-07-24 13:00:34","26","2016-07-24 13:00:34","26","1"),
("53841","53721","7","16RE053839","0","700","700","0","2016-07-24","2016-07-24","2016-07-24 13:01:42","26","2016-07-24 13:01:42","26","1"),
("53842","53722","7","16RE053840","0","700","700","0","2016-07-24","2016-07-24","2016-07-24 13:01:52","26","2016-07-24 13:01:52","26","1"),
("53843","53723","7","16RE053841","0","1000","1000","0","2016-07-24","2016-07-24","2016-07-24 13:02:26","26","2016-07-24 13:02:26","26","1"),
("53844","53724","7","16RE053842","0","2500","2500","0","2016-07-24","2016-07-24","2016-07-24 13:03:41","26","2016-07-24 13:03:41","26","1"),
("53845","53725","7","16RE053843","0","5500","5500","0","2016-07-24","2016-07-24","2016-07-24 13:07:12","26","2016-07-24 13:07:12","26","1"),
("53846","53726","7","16RE053844","0","5000","5000","0","2016-07-24","2016-07-24","2016-07-24 13:07:20","32","2016-07-24 13:07:20","32","1"),
("53847","53727","7","16RE053845","0","3000","3000","0","2016-07-24","2016-07-24","2016-07-24 13:07:23","26","2016-07-24 13:07:23","26","1"),
("53848","53728","7","16RE053846","0","1000","1000","0","2016-07-24","2016-07-24","2016-07-24 13:08:27","32","2016-07-24 13:08:27","32","1"),
("53849","53729","7","16RE053847","0","3000","3000","0","2016-07-24","2016-07-24","2016-07-24 13:10:44","26","2016-07-24 13:10:44","26","1"),
("53850","53730","7","16RE053848","0","3000","3000","0","2016-07-24","2016-07-24","2016-07-24 13:11:34","26","2016-07-24 13:11:34","26","1"),
("53851","53731","7","16RE053849","0","24000","24000","0","2016-07-24","2016-07-24","2016-07-24 13:12:16","32","2016-07-24 13:12:16","32","1"),
("53852","53732","7","16RE053850","0","2000","2000","0","2016-07-24","2016-07-24","2016-07-24 13:12:32","26","2016-07-24 13:12:32","26","1"),
("53853","53733","7","16RE053851","0","1000","1000","0","2016-07-24","2016-07-24","2016-07-24 13:14:22","32","2016-07-24 13:14:22","32","1"),
("53854","53734","7","16RE053852","0","7000","7000","0","2016-07-24","2016-07-24","2016-07-24 13:14:28","26","2016-07-24 13:14:28","26","1"),
("53855","53735","7","16RE053853","0","6000","6000","0","2016-07-24","2016-07-24","2016-07-24 13:14:53","26","2016-07-24 13:14:53","26","1"),
("53856","53736","7","16RE053854","0","3000","3000","0","2016-07-24","2016-07-24","2016-07-24 13:15:35","32","2016-07-24 13:15:35","32","1"),
("53857","53737","7","16RE053855","0","2500","2500","0","2016-07-24","2016-07-24","2016-07-24 13:16:38","26","2016-07-24 13:16:38","26","1"),
("53858","53738","7","16RE053856","0","1500","1500","0","2016-07-24","2016-07-24","2016-07-24 13:16:43","32","2016-07-24 13:16:43","32","1"),
("53859","53739","7","16RE053857","0","5000","5000","0","2016-07-24","2016-07-24","2016-07-24 13:17:35","32","2016-07-24 13:17:35","32","1"),
("53860","53740","7","16RE053858","0","1000","1000","0","2016-07-24","2016-07-24","2016-07-24 13:19:05","26","2016-07-24 13:19:05","26","1"),
("53861","53741","7","16RE053859","0","1000","1000","0","2016-07-24","2016-07-24","2016-07-24 13:19:10","26","2016-07-24 13:19:10","26","1"),
("53862","53742","7","16RE053860","0","7000","7000","0","2016-07-24","2016-07-24","2016-07-24 13:20:30","32","2016-07-24 13:20:30","32","1"),
("53863","53743","7","16RE053861","0","7000","7000","0","2016-07-24","2016-07-24","2016-07-24 13:20:49","26","2016-07-24 13:20:49","26","1"),
("53864","53744","7","16RE053862","0","2500","2500","0","2016-07-24","2016-07-24","2016-07-24 13:20:56","32","2016-07-24 13:20:56","32","1"),
("53865","53745","7","16RE053863","0","500","500","0","2016-07-24","2016-07-24","2016-07-24 13:21:14","26","2016-07-24 13:21:14","26","1"),
("53866","53746","7","16RE053864","0","12000","12000","0","2016-07-24","2016-07-24","2016-07-24 13:21:46","32","2016-07-24 13:21:46","32","1"),
("53867","53747","7","16RE053865","0","2000","2000","0","2016-07-24","2016-07-24","2016-07-24 13:22:10","32","2016-07-24 13:22:10","32","1"),
("53868","53748","7","16RE053866","0","3500","3500","0","2016-07-24","2016-07-24","2016-07-24 13:22:31","32","2016-07-24 13:22:31","32","1"),
("53869","53749","7","16RE053867","0","3500","3500","0","2016-07-24","2016-07-24","2016-07-24 13:22:54","32","2016-07-24 13:22:54","32","1"),
("53870","53750","7","16RE053868","0","1000","1000","0","2016-07-24","2016-07-24","2016-07-24 13:23:17","32","2016-07-24 13:23:17","32","1"),
("53871","53751","7","16RE053869","0","700","700","0","2016-07-24","2016-07-24","2016-07-24 13:23:58","32","2016-07-24 13:23:58","32","1"),
("53872","53752","7","16RE053870","0","20500","20500","0","2016-07-24","2016-07-24","2016-07-24 13:25:17","32","2016-07-24 13:25:17","32","1"),
("53873","53753","7","16RE053871","0","6000","6000","0","2016-07-24","2016-07-24","2016-07-24 13:28:44","26","2016-07-24 13:28:44","26","1"),
("53874","53754","7","16RE053872","0","2000","2000","0","2016-07-24","2016-07-24","2016-07-24 13:29:22","32","2016-07-24 13:29:22","32","1"),
("53875","53755","7","16RE053873","0","3000","3000","0","2016-07-24","2016-07-24","2016-07-24 13:29:41","32","2016-07-24 13:29:41","32","1"),
("53876","53756","7","16RE053874","0","1000","1000","0","2016-07-24","2016-07-24","2016-07-24 13:32:29","32","2016-07-24 13:32:29","32","1"),
("53877","53757","7","16RE053875","0","2500","2500","0","2016-07-24","2016-07-24","2016-07-24 13:32:55","26","2016-07-24 13:32:55","26","1"),
("53878","53758","7","16RE053876","0","1500","1500","0","2016-07-24","2016-07-24","2016-07-24 13:32:59","32","2016-07-24 13:32:59","32","1"),
("53879","53759","7","16RE053877","0","10500","10500","0","2016-07-24","2016-07-24","2016-07-24 13:33:45","26","2016-07-24 13:33:45","26","1"),
("53880","53760","7","16RE053878","0","4000","4000","0","2016-07-24","2016-07-24","2016-07-24 13:35:02","26","2016-07-24 13:35:02","26","1"),
("53881","53761","7","16RE053879","0","5000","5000","0","2016-07-24","2016-07-24","2016-07-24 13:35:23","32","2016-07-24 13:35:23","32","1"),
("53882","53762","7","16RE053880","0","4000","4000","0","2016-07-24","2016-07-24","2016-07-24 13:35:59","26","2016-07-24 13:35:59","26","1"),
("53883","53763","7","16RE053881","0","6500","6500","0","2016-07-24","2016-07-24","2016-07-24 13:36:21","32","2016-07-24 13:36:21","32","1"),
("53884","53764","7","16RE053882","0","15500","15500","0","2016-07-24","2016-07-24","2016-07-24 13:36:33","32","2016-07-24 13:36:33","32","1"),
("53885","53765","7","16RE053883","0","6000","6000","0","2016-07-24","2016-07-24","2016-07-24 13:36:59","26","2016-07-24 13:36:59","26","1"),
("53886","53766","7","16RE053884","0","6000","6000","0","2016-07-24","2016-07-24","2016-07-24 13:37:04","32","2016-07-24 13:37:04","32","1"),
("53887","53767","7","16RE053885","0","5000","5000","0","2016-07-24","2016-07-24","2016-07-24 13:37:19","26","2016-07-24 13:37:19","26","1"),
("53888","53768","7","16RE053886","0","1500","1500","0","2016-07-24","2016-07-24","2016-07-24 13:38:43","32","2016-07-24 13:38:43","32","1"),
("53889","53769","7","16RE053887","0","2000","2000","0","2016-07-24","2016-07-24","2016-07-24 13:40:20","26","2016-07-24 13:40:20","26","1"),
("53890","53770","7","16RE053888","0","1000","1000","0","2016-07-24","2016-07-24","2016-07-24 13:41:30","26","2016-07-24 13:41:30","26","1"),
("53891","53771","7","16RE053889","0","5000","5000","0","2016-07-24","2016-07-24","2016-07-24 13:46:04","32","2016-07-24 13:46:04","32","1"),
("53892","53772","7","16RE053890","0","1000","1000","0","2016-07-24","2016-07-24","2016-07-24 13:47:38","32","2016-07-24 13:47:38","32","1"),
("53893","53773","7","16RE053891","0","5000","5000","0","2016-07-24","2016-07-24","2016-07-24 13:51:50","32","2016-07-24 13:51:50","32","1"),
("53894","53774","7","16RE053892","0","2500","2500","0","2016-07-24","2016-07-24","2016-07-24 13:51:51","26","2016-07-24 13:51:51","26","1"),
("53895","53775","7","16RE053893","0","5000","5000","0","2016-07-24","2016-07-24","2016-07-24 13:53:15","32","2016-07-24 13:53:15","32","1"),
("53896","53776","7","16RE053894","0","5500","5500","0","2016-07-24","2016-07-24","2016-07-24 13:53:57","26","2016-07-24 13:53:57","26","1"),
("53897","53777","7","16RE053895","0","1000","1000","0","2016-07-24","2016-07-24","2016-07-24 13:53:57","32","2016-07-24 13:53:57","32","1"),
("53898","53778","7","16RE053896","0","500","500","0","2016-07-24","2016-07-24","2016-07-24 13:54:19","26","2016-07-24 13:54:19","26","1"),
("53899","53779","7","16RE053897","0","13500","13500","0","2016-07-24","2016-07-24","2016-07-24 13:54:46","32","2016-07-24 13:54:46","32","1"),
("53900","53780","7","16RE053898","0","2500","2500","0","2016-07-24","2016-07-24","2016-07-24 13:54:57","26","2016-07-24 13:54:57","26","1"),
("53901","53781","7","16RE053899","0","5000","5000","0","2016-07-24","2016-07-24","2016-07-24 13:55:27","26","2016-07-24 13:55:27","26","1"),
("53902","53782","7","16RE053900","0","1000","1000","0","2016-07-24","2016-07-24","2016-07-24 13:56:08","26","2016-07-24 13:56:08","26","1"),
("53903","53783","7","16RE053901","0","7000","7000","0","2016-07-24","2016-07-24","2016-07-24 13:56:34","26","2016-07-24 13:56:34","26","1"),
("53904","53784","7","16RE053902","0","10500","10500","0","2016-07-24","2016-07-24","2016-07-24 13:58:45","26","2016-07-24 13:58:45","26","1"),
("53905","53785","7","16RE053903","0","7000","7000","0","2016-07-24","2016-07-24","2016-07-24 13:59:15","26","2016-07-24 13:59:15","26","1"),
("53906","53786","7","16RE053904","0","500","500","0","2016-07-24","2016-07-24","2016-07-24 13:59:32","26","2016-07-24 13:59:32","26","1"),
("53907","53787","7","16RE053905","0","5500","5500","0","2016-07-24","2016-07-24","2016-07-24 14:00:10","26","2016-07-24 14:00:10","26","1"),
("53908","53788","7","16RE053906","0","2000","2000","0","2016-07-24","2016-07-24","2016-07-24 14:00:17","26","2016-07-24 14:00:17","26","1"),
("53909","53789","7","16RE053907","0","5500","5500","0","2016-07-24","2016-07-24","2016-07-24 14:00:56","26","2016-07-24 14:00:56","26","1"),
("53910","53790","7","16RE053908","0","3000","3000","0","2016-07-24","2016-07-24","2016-07-24 14:02:24","28","2016-07-24 14:02:24","28","1"),
("53911","53791","7","16RE053909","0","2500","2500","0","2016-07-24","2016-07-24","2016-07-24 14:03:29","28","2016-07-24 14:03:29","28","1"),
("53912","53792","7","16RE053910","0","2500","2500","0","2016-07-24","2016-07-24","2016-07-24 14:06:14","26","2016-07-24 14:06:14","26","1"),
("53913","53793","7","16RE053911","0","3000","3000","0","2016-07-24","2016-07-24","2016-07-24 14:06:32","28","2016-07-24 14:06:32","28","1"),
("53914","53794","7","16RE053912","0","2500","2500","0","2016-07-24","2016-07-24","2016-07-24 14:06:51","28","2016-07-24 14:06:51","28","1"),
("53915","53795","7","16RE053913","0","10000","10000","0","2016-07-24","2016-07-24","2016-07-24 14:06:57","28","2016-07-24 14:06:57","28","1"),
("53916","53796","7","16RE053914","0","18000","18000","0","2016-07-24","2016-07-24","2016-07-24 14:07:17","26","2016-07-24 14:07:17","26","1"),
("53917","53797","7","16RE053915","0","1000","1000","0","2016-07-24","2016-07-24","2016-07-24 14:09:15","28","2016-07-24 14:09:15","28","1"),
("53918","53798","7","16RE053916","0","2500","2500","0","2016-07-24","2016-07-24","2016-07-24 14:09:28","28","2016-07-24 14:09:28","28","1"),
("53919","53799","7","16RE053917","0","10000","10000","0","2016-07-24","2016-07-24","2016-07-24 14:09:45","26","2016-07-24 14:09:45","26","1"),
("53920","53800","7","16RE053918","0","6000","6000","0","2016-07-24","2016-07-24","2016-07-24 14:10:01","26","2016-07-24 14:10:01","26","1"),
("53921","53801","7","16RE053919","0","12500","12500","0","2016-07-24","2016-07-24","2016-07-24 14:11:36","28","2016-07-24 14:11:36","28","1"),
("53922","53802","7","16RE053920","0","1000","1000","0","2016-07-24","2016-07-24","2016-07-24 14:11:41","26","2016-07-24 14:11:41","26","1"),
("53923","53803","7","16RE053921","0","3000","3000","0","2016-07-24","2016-07-24","2016-07-24 14:11:54","26","2016-07-24 14:11:54","26","1"),
("53924","53804","7","16RE053922","0","1000","1000","0","2016-07-24","2016-07-24","2016-07-24 14:12:14","28","2016-07-24 14:12:14","28","1"),
("53925","53805","7","16RE053923","0","1000","1000","0","2016-07-24","2016-07-24","2016-07-24 14:12:53","26","2016-07-24 14:12:53","26","1"),
("53926","53806","7","16RE053924","0","8000","8000","0","2016-07-24","2016-07-24","2016-07-24 14:12:59","26","2016-07-24 14:12:59","26","1"),
("53927","53807","7","16RE053925","0","2500","2500","0","2016-07-24","2016-07-24","2016-07-24 14:13:11","28","2016-07-24 14:13:11","28","1"),
("53928","53808","7","16RE053926","0","2500","2500","0","2016-07-24","2016-07-24","2016-07-24 14:13:33","26","2016-07-24 14:13:33","26","1"),
("53929","53809","7","16RE053927","0","5000","5000","0","2016-07-24","2016-07-24","2016-07-24 14:21:51","28","2016-07-24 14:21:51","28","1"),
("53930","53810","7","16RE053928","0","6500","6500","0","2016-07-24","2016-07-24","2016-07-24 14:22:16","26","2016-07-24 14:22:16","26","1"),
("53931","53811","7","16RE053929","0","4500","4500","0","2016-07-24","2016-07-24","2016-07-24 14:25:27","26","2016-07-24 14:25:27","26","1"),
("53932","53812","7","16RE053930","0","5000","5000","0","2016-07-24","2016-07-24","2016-07-24 14:25:35","26","2016-07-24 14:25:35","26","1"),
("53933","53813","7","16RE053931","0","2500","2500","0","2016-07-24","2016-07-24","2016-07-24 14:28:06","26","2016-07-24 14:28:06","26","1"),
("53934","53814","7","16RE053932","0","1500","1500","0","2016-07-24","2016-07-24","2016-07-24 14:28:34","26","2016-07-24 14:28:34","26","1"),
("53935","53815","7","16RE053933","0","5000","5000","0","2016-07-24","2016-07-24","2016-07-24 14:29:49","28","2016-07-24 14:29:49","28","1"),
("53936","53816","7","16RE053934","0","12000","12000","0","2016-07-24","2016-07-24","2016-07-24 14:30:42","26","2016-07-24 14:30:42","26","1"),
("53937","53817","7","16RE053935","0","5000","5000","0","2016-07-24","2016-07-24","2016-07-24 14:31:09","28","2016-07-24 14:31:09","28","1"),
("53938","53818","7","16RE053936","0","7500","7500","0","2016-07-24","2016-07-24","2016-07-24 14:31:48","26","2016-07-24 14:31:48","26","1"),
("53939","53819","7","16RE053937","0","3000","3000","0","2016-07-24","2016-07-24","2016-07-24 14:31:59","26","2016-07-24 14:31:59","26","1"),
("53940","53820","7","16RE053938","0","5000","5000","0","2016-07-24","2016-07-24","2016-07-24 14:32:11","28","2016-07-24 14:32:11","28","1"),
("53941","53821","7","16RE053939","0","1500","1500","0","2016-07-24","2016-07-24","2016-07-24 14:32:25","28","2016-07-24 14:32:25","28","1"),
("53942","53822","7","16RE053940","0","57500","57500","0","2016-07-24","2016-07-24","2016-07-24 14:33:03","28","2016-07-24 14:33:03","28","1"),
("53943","53823","7","16RE053941","0","1000","1000","0","2016-07-24","2016-07-24","2016-07-24 14:33:10","26","2016-07-24 14:33:10","26","1"),
("53944","53824","7","16RE053942","0","7500","7500","0","2016-07-24","2016-07-24","2016-07-24 14:33:25","26","2016-07-24 14:33:25","26","1"),
("53945","53825","7","16RE053943","0","4500","4500","0","2016-07-24","2016-07-24","2016-07-24 14:34:01","26","2016-07-24 14:34:01","26","1"),
("53946","53826","7","16RE053944","0","6000","6000","0","2016-07-24","2016-07-24","2016-07-24 14:34:32","28","2016-07-24 14:34:32","28","1"),
("53947","53827","7","16RE053945","0","1000","1000","0","2016-07-24","2016-07-24","2016-07-24 14:34:44","28","2016-07-24 14:34:44","28","1"),
("53948","53828","7","16RE053946","0","5000","5000","0","2016-07-24","2016-07-24","2016-07-24 14:35:03","26","2016-07-24 14:35:03","26","1"),
("53949","53829","7","16RE053947","0","3000","3000","0","2016-07-24","2016-07-24","2016-07-24 14:37:11","26","2016-07-24 14:37:11","26","1"),
("53950","53830","7","16RE053948","0","1000","1000","0","2016-07-24","2016-07-24","2016-07-24 14:38:37","28","2016-07-24 14:38:37","28","1"),
("53951","53831","7","16RE053949","0","1000","1000","0","2016-07-24","2016-07-24","2016-07-24 14:39:59","28","2016-07-24 14:39:59","28","1"),
("53952","53832","7","16RE053950","0","10000","10000","0","2016-07-24","2016-07-24","2016-07-24 14:42:08","28","2016-07-24 14:42:08","28","1"),
("53953","53833","7","16RE053951","0","1500","1500","0","2016-07-24","2016-07-24","2016-07-24 14:42:38","28","2016-07-24 14:42:38","28","1"),
("53954","53834","7","16RE053952","0","1500","1500","0","2016-07-24","2016-07-24","2016-07-24 14:43:31","28","2016-07-24 14:43:31","28","1"),
("53955","53835","7","16RE053953","0","2500","2500","0","2016-07-24","2016-07-24","2016-07-24 14:43:40","26","2016-07-24 14:43:40","26","1"),
("53956","53836","7","16RE053954","0","500","500","0","2016-07-24","2016-07-24","2016-07-24 14:45:22","26","2016-07-24 14:45:22","26","1"),
("53957","53837","7","16RE053955","0","2500","2500","0","2016-07-24","2016-07-24","2016-07-24 14:48:37","26","2016-07-24 14:48:37","26","1"),
("53958","53838","7","16RE053956","0","2500","2500","0","2016-07-24","2016-07-24","2016-07-24 14:49:33","28","2016-07-24 14:49:33","28","1"),
("53959","53839","7","16RE053957","0","13500","13500","0","2016-07-24","2016-07-24","2016-07-24 14:50:24","26","2016-07-24 14:50:24","26","1"),
("53960","53840","7","16RE053958","0","2500","2500","0","2016-07-24","2016-07-24","2016-07-24 14:50:52","26","2016-07-24 14:50:52","26","1"),
("53961","53841","7","16RE053959","0","1500","1500","0","2016-07-24","2016-07-24","2016-07-24 14:52:22","28","2016-07-24 14:52:22","28","1"),
("53962","53842","7","16RE053960","0","7500","7500","0","2016-07-24","2016-07-24","2016-07-24 14:53:09","26","2016-07-24 14:53:09","26","1"),
("53963","53843","7","16RE053961","0","11000","11000","0","2016-07-24","2016-07-24","2016-07-24 14:53:54","26","2016-07-24 14:53:54","26","1"),
("53964","53844","7","16RE053962","0","2500","2500","0","2016-07-24","2016-07-24","2016-07-24 14:58:29","26","2016-07-24 14:58:29","26","1"),
("53965","53845","7","16RE053963","0","2500","2500","0","2016-07-24","2016-07-24","2016-07-24 14:58:57","28","2016-07-24 14:58:57","28","1");

