INSERT INTO inventories VALUES("69808","","","","52599","","","2228","2","4","0","500","2016-07-23","0000-00-00","","2016-07-23 12:00:20","28","2016-07-23 12:00:20","28","1"),
("69809","","","","52600","","","2229","2","10","0","700","2016-07-23","0000-00-00","","2016-07-23 12:01:33","28","2016-07-23 12:01:33","28","1"),
("69810","","","","52601","","","2110","2","1","0","2500","2016-07-23","0000-00-00","","2016-07-23 12:05:49","28","2016-07-23 12:05:49","28","1"),
("69811","","","","52601","","","2076","2","3","0","2000","2016-07-23","0000-00-00","","2016-07-23 12:05:49","28","2016-07-23 12:05:49","28","1"),
("69812","","","","52601","","","2088","2","1","0","5000","2016-07-23","0000-00-00","","2016-07-23 12:05:49","28","2016-07-23 12:05:49","28","1"),
("69813","","","","52601","","","2121","2","2","0","13000","2016-07-23","0000-00-00","","2016-07-23 12:05:49","28","2016-07-23 12:05:49","28","1"),
("69814","","","","52602","","","2064","2","1","0","2000","2016-07-23","0000-00-00","","2016-07-23 12:06:22","28","2016-07-23 12:06:22","28","1"),
("69815","","","","52602","","","2118","2","1","0","6500","2016-07-23","0000-00-00","","2016-07-23 12:06:22","28","2016-07-23 12:06:22","28","1"),
("69816","","","","52603","","","2228","2","10","0","500","2016-07-23","0000-00-00","","2016-07-23 12:06:36","28","2016-07-23 12:06:36","28","1"),
("69817","","","","52604","","","2125","2","2","0","1000","2016-07-23","0000-00-00","","2016-07-23 12:07:21","28","2016-07-23 12:07:21","28","1"),
("69818","","","","52605","","","2228","2","4","0","500","2016-07-23","0000-00-00","","2016-07-23 12:07:52","28","2016-07-23 12:07:52","28","1"),
("69819","","","","52606","","","2095","2","1","0","4000","2016-07-23","0000-00-00","","2016-07-23 12:09:59","28","2016-07-23 12:09:59","28","1"),
("69820","","","","52607","","","2228","2","5","0","500","2016-07-23","0000-00-00","","2016-07-23 12:10:25","28","2016-07-23 12:10:25","28","1"),
("69821","","","","52608","","","2229","2","5","0","700","2016-07-23","0000-00-00","","2016-07-23 12:11:17","28","2016-07-23 12:11:17","28","1"),
("69822","","","","52609","","","2231","2","1","0","1500","2016-07-23","0000-00-00","","2016-07-23 12:11:49","28","2016-07-23 12:11:49","28","1"),
("69823","","","","52610","","","2146","2","1","0","3500","2016-07-23","0000-00-00","","2016-07-23 12:13:45","28","2016-07-23 12:13:45","28","1"),
("69824","","","","52610","","","2229","2","10","0","700","2016-07-23","0000-00-00","","2016-07-23 12:13:45","28","2016-07-23 12:13:45","28","1"),
("69825","","","","52610","","","2107","2","2","0","6000","2016-07-23","0000-00-00","","2016-07-23 12:13:45","28","2016-07-23 12:13:45","28","1"),
("69826","","","","52611","","","2228","2","2","0","500","2016-07-23","0000-00-00","","2016-07-23 12:14:08","28","2016-07-23 12:14:08","28","1"),
("69827","","","","52612","","","2228","2","4","0","500","2016-07-23","0000-00-00","","2016-07-23 12:14:34","28","2016-07-23 12:14:34","28","1"),
("69828","","","","52613","","","2104","2","1","0","5500","2016-07-23","0000-00-00","","2016-07-23 12:15:09","28","2016-07-23 12:15:09","28","1"),
("69829","","","","52614","","","2095","2","1","0","4000","2016-07-23","0000-00-00","","2016-07-23 12:16:05","28","2016-07-23 12:16:05","28","1"),
("69830","","","","52615","","","2197","2","1","0","2500","2016-07-23","0000-00-00","","2016-07-23 12:16:38","28","2016-07-23 12:16:38","28","1"),
("69831","","","","52616","","","2228","2","4","0","500","2016-07-23","0000-00-00","","2016-07-23 12:17:01","28","2016-07-23 12:17:01","28","1"),
("69832","","","","52617","","","2250","2","1","0","500","2016-07-23","0000-00-00","","2016-07-23 12:17:11","28","2016-07-23 12:17:11","28","1"),
("69833","","","52618","","","","2140","2","1","0","40000","2016-07-23","0000-00-00","","2016-07-23 12:19:47","28","2016-07-23 12:19:47","28","1"),
("69834","","","","52619","","","2235","2","1","0","2500","2016-07-23","0000-00-00","","2016-07-23 12:20:47","28","2016-07-23 12:20:47","28","1"),
("69835","","","","52619","","","2146","2","1","0","3500","2016-07-23","0000-00-00","","2016-07-23 12:20:47","28","2016-07-23 12:20:47","28","1"),
("69836","","","","52619","","","2228","2","10","0","500","2016-07-23","0000-00-00","","2016-07-23 12:20:47","28","2016-07-23 12:20:47","28","1"),
("69837","","","","52619","","","2164","2","1","0","3000","2016-07-23","0000-00-00","","2016-07-23 12:20:48","28","2016-07-23 12:20:48","28","1"),
("69838","","","","52620","","","2228","2","2","0","500","2016-07-23","0000-00-00","","2016-07-23 12:20:55","28","2016-07-23 12:20:55","28","1"),
("69839","","","","52621","","","2231","2","2","0","1500","2016-07-23","0000-00-00","","2016-07-23 12:21:16","28","2016-07-23 12:21:16","28","1"),
("69840","","","","52622","","","2231","2","3","0","1500","2016-07-23","0000-00-00","","2016-07-23 12:21:48","28","2016-07-23 12:21:48","28","1"),
("69841","","","","52622","","","2164","2","1","0","3000","2016-07-23","0000-00-00","","2016-07-23 12:21:48","28","2016-07-23 12:21:48","28","1"),
("69842","","","","52622","","","2090","2","1","0","2500","2016-07-23","0000-00-00","","2016-07-23 12:21:48","28","2016-07-23 12:21:48","28","1"),
("69843","","","","52623","","","2228","2","2","0","500","2016-07-23","0000-00-00","","2016-07-23 12:23:05","28","2016-07-23 12:23:05","28","1"),
("69844","","","","52624","","","2075","2","1","0","1500","2016-07-23","0000-00-00","","2016-07-23 12:23:55","28","2016-07-23 12:23:55","28","1"),
("69845","","","","52624","","","2235","2","1","0","2500","2016-07-23","0000-00-00","","2016-07-23 12:23:55","28","2016-07-23 12:23:55","28","1"),
("69846","","","","52625","","","2166","2","1","0","700","2016-07-23","0000-00-00","","2016-07-23 12:24:58","28","2016-07-23 12:24:58","28","1"),
("69847","","","","52625","","","2231","2","2","0","1500","2016-07-23","0000-00-00","","2016-07-23 12:24:58","28","2016-07-23 12:24:58","28","1"),
("69848","","","","52626","","","2229","2","3","0","700","2016-07-23","0000-00-00","","2016-07-23 12:27:12","28","2016-07-23 12:27:12","28","1"),
("69849","","","","52627","","","2067","2","2","0","1000","2016-07-23","0000-00-00","","2016-07-23 12:33:05","28","2016-07-23 12:33:05","28","1"),
("69850","","","","52627","","","2071","2","2","0","1000","2016-07-23","0000-00-00","","2016-07-23 12:33:05","28","2016-07-23 12:33:05","28","1"),
("69851","","","","52627","","","2070","2","1","0","1000","2016-07-23","0000-00-00","","2016-07-23 12:33:05","28","2016-07-23 12:33:05","28","1"),
("69852","","","","52628","","","2172","2","1","0","2500","2016-07-23","0000-00-00","","2016-07-23 12:33:27","28","2016-07-23 12:33:27","28","1"),
("69853","","","","52628","","","2065","2","2","0","1000","2016-07-23","0000-00-00","","2016-07-23 12:33:27","28","2016-07-23 12:33:27","28","1"),
("69854","","","","52628","","","2070","2","1","0","1000","2016-07-23","0000-00-00","","2016-07-23 12:33:27","28","2016-07-23 12:33:27","28","1"),
("69855","","","","52629","","","2231","2","1","0","1500","2016-07-23","0000-00-00","","2016-07-23 12:34:48","28","2016-07-23 12:34:48","28","1"),
("69856","","","","52629","","","2228","2","1","0","500","2016-07-23","0000-00-00","","2016-07-23 12:34:48","28","2016-07-23 12:34:48","28","1"),
("69857","","","","52630","","","2116","2","1","0","7500","2016-07-23","0000-00-00","","2016-07-23 12:35:28","28","2016-07-23 12:35:28","28","1"),
("69858","","","","52630","","","2228","2","20","0","500","2016-07-23","0000-00-00","","2016-07-23 12:35:28","28","2016-07-23 12:35:28","28","1"),
("69859","","","","52631","","","2228","2","5","0","500","2016-07-23","0000-00-00","","2016-07-23 12:35:43","28","2016-07-23 12:35:43","28","1"),
("69860","","","","52632","","","2133","2","2","0","6000","2016-07-23","0000-00-00","","2016-07-23 12:37:09","28","2016-07-23 12:37:09","28","1"),
("69861","","","","52633","","","2228","2","1","0","500","2016-07-23","0000-00-00","","2016-07-23 12:38:51","28","2016-07-23 12:38:51","28","1"),
("69862","","","","52634","","","2228","2","4","0","500","2016-07-23","0000-00-00","","2016-07-23 12:39:54","28","2016-07-23 12:39:54","28","1"),
("69863","","","","52634","","","2095","2","1","0","4000","2016-07-23","0000-00-00","","2016-07-23 12:39:54","28","2016-07-23 12:39:54","28","1"),
("69864","","","","52635","","","2228","2","5","0","500","2016-07-23","0000-00-00","","2016-07-23 12:41:38","28","2016-07-23 12:41:38","28","1"),
("69865","","","","52636","","","2250","2","2","0","500","2016-07-23","0000-00-00","","2016-07-23 12:43:27","28","2016-07-23 12:43:27","28","1"),
("69866","","","","52636","","","2231","2","10","0","1500","2016-07-23","0000-00-00","","2016-07-23 12:43:27","28","2016-07-23 12:43:27","28","1"),
("69867","","","","52637","","","2241","2","1","0","3000","2016-07-23","0000-00-00","","2016-07-23 12:46:31","28","2016-07-23 12:46:31","28","1"),
("69868","","","","52638","","","2125","2","1","0","1000","2016-07-23","0000-00-00","","2016-07-23 12:47:47","28","2016-07-23 12:47:47","28","1"),
("69869","","","","52638","","","2229","2","1","0","700","2016-07-23","0000-00-00","","2016-07-23 12:47:47","28","2016-07-23 12:47:47","28","1"),
("69870","","","","52638","","","2231","2","1","0","1500","2016-07-23","0000-00-00","","2016-07-23 12:47:47","28","2016-07-23 12:47:47","28","1"),
("69871","","","","52638","","","2113","2","1","0","5500","2016-07-23","0000-00-00","","2016-07-23 12:47:47","28","2016-07-23 12:47:47","28","1"),
("69872","","","","52639","","","2240","2","1","0","5000","2016-07-23","0000-00-00","","2016-07-23 12:48:43","28","2016-07-23 12:48:43","28","1"),
("69873","","","","52639","","","2083","2","2","0","2500","2016-07-23","0000-00-00","","2016-07-23 12:48:44","28","2016-07-23 12:48:44","28","1"),
("69874","","","","52640","","","2146","2","1","0","3500","2016-07-23","0000-00-00","","2016-07-23 12:50:37","28","2016-07-23 12:50:37","28","1"),
("69875","","","","52640","","","2228","2","10","0","500","2016-07-23","0000-00-00","","2016-07-23 12:50:37","28","2016-07-23 12:50:37","28","1"),
("69876","","","","52641","","","2125","2","1","0","1000","2016-07-23","0000-00-00","","2016-07-23 12:53:33","28","2016-07-23 12:53:33","28","1"),
("69877","","","","52642","","","2172","2","2","0","2500","2016-07-23","0000-00-00","","2016-07-23 12:54:07","28","2016-07-23 12:54:07","28","1"),
("69878","","","","52643","","","2104","2","2","0","5500","2016-07-23","0000-00-00","","2016-07-23 12:54:18","28","2016-07-23 12:54:18","28","1"),
("69879","","","","52644","","","2228","2","3","0","500","2016-07-23","0000-00-00","","2016-07-23 12:54:35","28","2016-07-23 12:54:35","28","1"),
("69880","","","","52645","","","2065","2","10","0","700","2016-07-23","0000-00-00","","2016-07-23 12:56:30","28","2016-07-23 12:56:30","28","1"),
("69881","","","","52645","","","2231","2","10","0","1200","2016-07-23","0000-00-00","","2016-07-23 12:56:30","28","2016-07-23 12:56:30","28","1"),
("69882","","","","52645","","","2229","2","40","0","500","2016-07-23","0000-00-00","","2016-07-23 12:56:31","28","2016-07-23 12:56:31","28","1"),
("69883","","","","52646","","","2164","2","1","0","3000","2016-07-23","0000-00-00","","2016-07-23 12:57:09","28","2016-07-23 12:57:09","28","1"),
("69884","","","","52646","","","2229","2","10","0","700","2016-07-23","0000-00-00","","2016-07-23 12:57:09","28","2016-07-23 12:57:09","28","1"),
("69885","","","","52646","","","2252","2","3","0","1500","2016-07-23","0000-00-00","","2016-07-23 12:57:09","28","2016-07-23 12:57:09","28","1"),
("69886","","","","52646","","","2075","2","4","0","1500","2016-07-23","0000-00-00","","2016-07-23 12:57:09","28","2016-07-23 12:57:09","28","1"),
("69887","","","","52647","","","2229","2","10","0","700","2016-07-23","0000-00-00","","2016-07-23 12:57:33","28","2016-07-23 12:57:33","28","1"),
("69888","","","","52647","","","2070","2","3","0","1000","2016-07-23","0000-00-00","","2016-07-23 12:57:33","28","2016-07-23 12:57:33","28","1"),
("69889","","","","52647","","","2065","2","2","0","1000","2016-07-23","0000-00-00","","2016-07-23 12:57:33","28","2016-07-23 12:57:33","28","1"),
("69890","","","","52648","","","2070","2","3","0","1000","2016-07-23","0000-00-00","","2016-07-23 13:00:33","28","2016-07-23 13:00:33","28","1"),
("69891","","","","52648","","","2240","2","2","0","5000","2016-07-23","0000-00-00","","2016-07-23 13:00:33","28","2016-07-23 13:00:33","28","1"),
("69892","","","","52648","","","2118","2","2","0","6500","2016-07-23","0000-00-00","","2016-07-23 13:00:33","28","2016-07-23 13:00:33","28","1"),
("69893","","","","52649","","","2228","2","1","0","500","2016-07-23","0000-00-00","","2016-07-23 13:05:59","28","2016-07-23 13:05:59","28","1"),
("69894","","","","52650","","","2228","2","5","0","500","2016-07-23","0000-00-00","","2016-07-23 13:06:54","28","2016-07-23 13:06:54","28","1"),
("69895","","","","52651","","","2231","2","10","0","1500","2016-07-23","0000-00-00","","2016-07-23 13:07:41","28","2016-07-23 13:07:41","28","1"),
("69896","","","","52652","","","2126","2","1","0","2000","2016-07-23","0000-00-00","","2016-07-23 13:07:57","28","2016-07-23 13:07:57","28","1"),
("69897","","","","52653","","","2228","2","4","0","500","2016-07-23","0000-00-00","","2016-07-23 13:08:52","28","2016-07-23 13:08:52","28","1"),
("69898","","","","52654","","","2228","2","7","0","500","2016-07-23","0000-00-00","","2016-07-23 13:09:10","28","2016-07-23 13:09:10","28","1"),
("69899","","","","52655","","","2078","2","4","0","1500","2016-07-23","0000-00-00","","2016-07-23 13:09:29","28","2016-07-23 13:09:29","28","1"),
("69900","","","","52655","","","2228","2","10","0","500","2016-07-23","0000-00-00","","2016-07-23 13:09:29","28","2016-07-23 13:09:29","28","1"),
("69901","","","","52656","","","2228","2","10","0","500","2016-07-23","0000-00-00","","2016-07-23 13:10:14","28","2016-07-23 13:10:14","28","1"),
("69902","","","","52657","","","2231","2","1","0","1500","2016-07-23","0000-00-00","","2016-07-23 13:11:41","28","2016-07-23 13:11:41","28","1"),
("69903","","","","52658","","","2197","2","1","0","2500","2016-07-23","0000-00-00","","2016-07-23 13:12:03","28","2016-07-23 13:12:03","28","1"),
("69904","","","","52659","","","2228","2","20","0","500","2016-07-23","0000-00-00","","2016-07-23 13:12:17","28","2016-07-23 13:12:17","28","1"),
("69905","","","","52660","","","2228","2","10","0","500","2016-07-23","0000-00-00","","2016-07-23 13:12:28","28","2016-07-23 13:12:28","28","1"),
("69906","","","","52661","","","2231","2","1","0","1500","2016-07-23","0000-00-00","","2016-07-23 13:12:37","28","2016-07-23 13:12:37","28","1"),
("69907","","","52662","","","","2140","2","1","0","40000","2016-07-23","0000-00-00","","2016-07-23 13:13:14","28","2016-07-23 13:13:14","28","1"),
("69908","","","","52663","","","2197","2","1","0","2500","2016-07-23","0000-00-00","","2016-07-23 13:14:16","28","2016-07-23 13:14:16","28","1"),
("69909","","","","52663","","","2231","2","1","0","1500","2016-07-23","0000-00-00","","2016-07-23 13:14:16","28","2016-07-23 13:14:16","28","1"),
("69910","","","","52663","","","2228","2","13","0","500","2016-07-23","0000-00-00","","2016-07-23 13:14:16","28","2016-07-23 13:14:16","28","1"),
("69911","","","","52664","","","2235","2","8","0","2500","2016-07-23","0000-00-00","","2016-07-23 13:15:18","28","2016-07-23 13:15:18","28","1"),
("69912","","","","52664","","","2226","2","3","0","3000","2016-07-23","0000-00-00","","2016-07-23 13:15:18","28","2016-07-23 13:15:18","28","1"),
("69913","","","","52665","","","2166","2","20","0","700","2016-07-23","0000-00-00","","2016-07-23 13:15:39","28","2016-07-23 13:15:39","28","1"),
("69914","","","","52666","","","2104","2","1","0","5500","2016-07-23","0000-00-00","","2016-07-23 13:16:15","28","2016-07-23 13:16:15","28","1"),
("69915","","","","52666","","","2065","2","2","0","1000","2016-07-23","0000-00-00","","2016-07-23 13:16:15","28","2016-07-23 13:16:15","28","1"),
("69916","","","","52666","","","2110","2","1","0","2500","2016-07-23","0000-00-00","","2016-07-23 13:16:16","28","2016-07-23 13:16:16","28","1"),
("69917","","","","52666","","","2228","2","10","0","500","2016-07-23","0000-00-00","","2016-07-23 13:16:16","28","2016-07-23 13:16:16","28","1"),
("69918","","","","52666","","","2121","2","1","0","13000","2016-07-23","0000-00-00","","2016-07-23 13:16:16","28","2016-07-23 13:16:16","28","1"),
("69919","","","","52667","","","2250","2","1","0","500","2016-07-23","0000-00-00","","2016-07-23 13:16:22","28","2016-07-23 13:16:22","28","1"),
("69920","","","","52668","","","2250","2","2","0","500","2016-07-23","0000-00-00","","2016-07-23 13:16:51","28","2016-07-23 13:16:51","28","1"),
("69921","","","","52668","","","2197","2","1","0","2500","2016-07-23","0000-00-00","","2016-07-23 13:16:51","28","2016-07-23 13:16:51","28","1"),
("69922","","","","52669","","","2064","2","1","0","2000","2016-07-23","0000-00-00","","2016-07-23 13:17:02","28","2016-07-23 13:17:02","28","1"),
("69923","","","","52670","","","2166","2","10","0","700","2016-07-23","0000-00-00","","2016-07-23 13:17:22","28","2016-07-23 13:17:22","28","1"),
("69924","","","","52670","","","2240","2","2","0","5000","2016-07-23","0000-00-00","","2016-07-23 13:17:22","28","2016-07-23 13:17:22","28","1"),
("69925","","","","52671","","","2166","2","10","0","700","2016-07-23","0000-00-00","","2016-07-23 13:17:31","28","2016-07-23 13:17:31","28","1"),
("69926","","","","52672","","","2250","2","2","0","500","2016-07-23","0000-00-00","","2016-07-23 13:17:50","28","2016-07-23 13:17:50","28","1"),
("69927","","","","52673","","","2228","2","5","0","500","2016-07-23","0000-00-00","","2016-07-23 13:17:59","28","2016-07-23 13:17:59","28","1"),
("69928","","","","52673","","","2231","2","2","0","1500","2016-07-23","0000-00-00","","2016-07-23 13:17:59","28","2016-07-23 13:17:59","28","1"),
("69929","","","","52674","","","2250","2","2","0","500","2016-07-23","0000-00-00","","2016-07-23 13:18:27","28","2016-07-23 13:18:27","28","1"),
("69930","","","","52674","","","2231","2","2","0","1500","2016-07-23","0000-00-00","","2016-07-23 13:18:27","28","2016-07-23 13:18:27","28","1"),
("69931","","","","52675","","","2231","2","5","0","1500","2016-07-23","0000-00-00","","2016-07-23 13:18:48","28","2016-07-23 13:18:48","28","1"),
("69932","","","","52676","","","2240","2","1","0","5000","2016-07-23","0000-00-00","","2016-07-23 13:19:39","28","2016-07-23 13:19:39","28","1"),
("69933","","","","52677","","","2231","2","10","0","1500","2016-07-23","0000-00-00","","2016-07-23 13:19:51","28","2016-07-23 13:19:51","28","1"),
("69934","","","","52678","","","2240","2","1","0","5000","2016-07-23","0000-00-00","","2016-07-23 13:20:00","28","2016-07-23 13:20:00","28","1"),
("69935","","","","52679","","","2125","2","2","0","1000","2016-07-23","0000-00-00","","2016-07-23 13:20:16","28","2016-07-23 13:20:16","28","1"),
("69936","","","","52680","","","2103","2","1","0","5000","2016-07-23","0000-00-00","","2016-07-23 13:20:53","28","2016-07-23 13:20:53","28","1"),
("69937","","","","52681","","","2076","2","2","0","2000","2016-07-23","0000-00-00","","2016-07-23 13:21:02","28","2016-07-23 13:21:02","28","1"),
("69938","","","","52682","","","2228","2","6","0","500","2016-07-23","0000-00-00","","2016-07-23 13:25:12","28","2016-07-23 13:25:12","28","1"),
("69939","","","","52683","","","2250","2","2","0","500","2016-07-23","0000-00-00","","2016-07-23 13:26:43","28","2016-07-23 13:26:43","28","1"),
("69940","","","","52684","","","2104","2","1","0","5500","2016-07-23","0000-00-00","","2016-07-23 13:27:34","28","2016-07-23 13:27:34","28","1"),
("69941","","","","52685","","","2166","2","10","0","700","2016-07-23","0000-00-00","","2016-07-23 13:27:47","28","2016-07-23 13:27:47","28","1"),
("69942","","","","52685","","","2228","2","10","0","500","2016-07-23","0000-00-00","","2016-07-23 13:27:47","28","2016-07-23 13:27:47","28","1"),
("69943","","","","52686","","","2075","2","1","0","1500","2016-07-23","0000-00-00","","2016-07-23 13:28:14","28","2016-07-23 13:28:14","28","1"),
("69944","","","","52687","","","2240","2","1","0","5000","2016-07-23","0000-00-00","","2016-07-23 13:31:02","28","2016-07-23 13:31:02","28","1"),
("69945","","","","52687","","","2250","2","1","0","500","2016-07-23","0000-00-00","","2016-07-23 13:31:02","28","2016-07-23 13:31:02","28","1"),
("69946","","","","52688","","","2166","2","10","0","700","2016-07-23","0000-00-00","","2016-07-23 13:34:51","26","2016-07-23 13:34:51","26","1"),
("69947","","","","52689","","","2126","2","1","0","2000","2016-07-23","0000-00-00","","2016-07-23 13:36:32","26","2016-07-23 13:36:32","26","1"),
("69948","","","","52689","","","2064","2","1","0","2000","2016-07-23","0000-00-00","","2016-07-23 13:36:32","26","2016-07-23 13:36:32","26","1"),
("69949","","","","52690","","","2118","2","2","0","6500","2016-07-23","0000-00-00","","2016-07-23 13:40:52","26","2016-07-23 13:40:52","26","1"),
("69950","","","","52691","","","2065","2","10","0","700","2016-07-23","0000-00-00","","2016-07-23 13:45:49","26","2016-07-23 13:45:49","26","1"),
("69951","","","","52691","","","2231","2","15","0","1200","2016-07-23","0000-00-00","","2016-07-23 13:45:49","26","2016-07-23 13:45:49","26","1"),
("69952","","","","52691","","","2229","2","40","0","500","2016-07-23","0000-00-00","","2016-07-23 13:45:49","26","2016-07-23 13:45:49","26","1"),
("69953","","","","52692","","","2231","2","1","0","1500","2016-07-23","0000-00-00","","2016-07-23 13:46:06","26","2016-07-23 13:46:06","26","1"),
("69954","","","","52692","","","2228","2","2","0","500","2016-07-23","0000-00-00","","2016-07-23 13:46:07","26","2016-07-23 13:46:07","26","1"),
("69955","","","","52693","","","2118","2","1","0","6500","2016-07-23","0000-00-00","","2016-07-23 13:48:08","26","2016-07-23 13:48:08","26","1"),
("69956","","","","52693","","","2141","2","1","0","60000","2016-07-23","0000-00-00","","2016-07-23 13:48:08","26","2016-07-23 13:48:08","26","1"),
("69957","","","","52694","","","2228","2","10","0","500","2016-07-23","0000-00-00","","2016-07-23 13:50:23","26","2016-07-23 13:50:23","26","1"),
("69958","","","","52695","","","2111","2","1","0","3000","2016-07-23","0000-00-00","","2016-07-23 13:50:25","32","2016-07-23 13:50:25","32","1"),
("69959","","","","52695","","","2110","2","5","0","2500","2016-07-23","0000-00-00","","2016-07-23 13:50:25","32","2016-07-23 13:50:25","32","1"),
("69960","","","","52696","","","2232","2","1","0","1000","2016-07-23","0000-00-00","","2016-07-23 13:50:40","26","2016-07-23 13:50:40","26","1"),
("69961","","","","52697","","","2255","2","6","0","500","2016-07-23","0000-00-00","","2016-07-23 13:54:09","26","2016-07-23 13:54:09","26","1"),
("69962","","","","52697","","","2254","2","7","0","500","2016-07-23","0000-00-00","","2016-07-23 13:54:09","26","2016-07-23 13:54:09","26","1"),
("69963","","","","52698","","","2231","2","2","0","1500","2016-07-23","0000-00-00","","2016-07-23 13:54:43","26","2016-07-23 13:54:43","26","1"),
("69964","","","","52699","","","2118","2","1","0","6500","2016-07-23","0000-00-00","","2016-07-23 13:54:54","26","2016-07-23 13:54:54","26","1"),
("69965","","","","52700","","","2102","2","1","0","5000","2016-07-23","0000-00-00","","2016-07-23 13:55:44","32","2016-07-23 13:55:44","32","1"),
("69966","","","","52700","","","2075","2","2","0","1500","2016-07-23","0000-00-00","","2016-07-23 13:55:44","32","2016-07-23 13:55:44","32","1"),
("69967","","","","52700","","","2074","2","2","0","1500","2016-07-23","0000-00-00","","2016-07-23 13:55:44","32","2016-07-23 13:55:44","32","1"),
("69968","","","","52700","","","2073","2","5","0","1000","2016-07-23","0000-00-00","","2016-07-23 13:55:44","32","2016-07-23 13:55:44","32","1"),
("69969","","","","52701","","","2228","2","2","0","500","2016-07-23","0000-00-00","","2016-07-23 14:00:16","32","2016-07-23 14:00:16","32","1"),
("69970","","","","52702","","","2231","2","4","0","1500","2016-07-23","0000-00-00","","2016-07-23 14:03:41","32","2016-07-23 14:03:41","32","1"),
("69971","","","","52702","","","2093","2","1","0","3000","2016-07-23","0000-00-00","","2016-07-23 14:03:41","32","2016-07-23 14:03:41","32","1"),
("69972","","","","52703","","","2135","2","1","0","12000","2016-07-23","0000-00-00","","2016-07-23 14:04:22","26","2016-07-23 14:04:22","26","1"),
("69973","","","","52703","","","2231","2","2","0","1500","2016-07-23","0000-00-00","","2016-07-23 14:04:23","26","2016-07-23 14:04:23","26","1"),
("69974","","","","52703","","","2164","2","1","0","3000","2016-07-23","0000-00-00","","2016-07-23 14:04:23","26","2016-07-23 14:04:23","26","1"),
("69975","","","","52703","","","2240","2","1","0","5000","2016-07-23","0000-00-00","","2016-07-23 14:04:23","26","2016-07-23 14:04:23","26","1"),
("69976","","","","52704","","","2163","2","1","0","2500","2016-07-23","0000-00-00","","2016-07-23 14:05:06","32","2016-07-23 14:05:06","32","1"),
("69977","","","","52704","","","2172","2","1","0","2500","2016-07-23","0000-00-00","","2016-07-23 14:05:06","32","2016-07-23 14:05:06","32","1"),
("69978","","","","52704","","","2166","2","10","0","700","2016-07-23","0000-00-00","","2016-07-23 14:05:06","32","2016-07-23 14:05:06","32","1"),
("69979","","","","52704","","","2229","2","10","0","700","2016-07-23","0000-00-00","","2016-07-23 14:05:06","32","2016-07-23 14:05:06","32","1"),
("69980","","","","52705","","","2250","2","1","0","500","2016-07-23","0000-00-00","","2016-07-23 14:05:13","26","2016-07-23 14:05:13","26","1"),
("69981","","","","52706","","","2229","2","1","0","700","2016-07-23","0000-00-00","","2016-07-23 14:05:57","32","2016-07-23 14:05:57","32","1"),
("69982","","","","52707","","","2228","2","5","0","500","2016-07-23","0000-00-00","","2016-07-23 14:06:17","32","2016-07-23 14:06:17","32","1"),
("69983","","","","52707","","","2099","2","3","0","2000","2016-07-23","0000-00-00","","2016-07-23 14:06:17","32","2016-07-23 14:06:17","32","1"),
("69984","","","","52708","","","2228","2","2","0","500","2016-07-23","0000-00-00","","2016-07-23 14:06:38","32","2016-07-23 14:06:38","32","1"),
("69985","","","","52709","","","2065","2","2","0","1000","2016-07-23","0000-00-00","","2016-07-23 14:07:09","32","2016-07-23 14:07:09","32","1"),
("69986","","","","52710","","","2172","2","1","0","2500","2016-07-23","0000-00-00","","2016-07-23 14:07:29","32","2016-07-23 14:07:29","32","1"),
("69987","","","","52711","","","2241","2","1","0","3000","2016-07-23","0000-00-00","","2016-07-23 14:07:35","26","2016-07-23 14:07:35","26","1"),
("69988","","","","52711","","","2198","2","1","0","2500","2016-07-23","0000-00-00","","2016-07-23 14:07:35","26","2016-07-23 14:07:35","26","1"),
("69989","","","","52711","","","2125","2","1","0","1000","2016-07-23","0000-00-00","","2016-07-23 14:07:35","26","2016-07-23 14:07:35","26","1"),
("69990","","","","52711","","","2093","2","1","0","3000","2016-07-23","0000-00-00","","2016-07-23 14:07:35","26","2016-07-23 14:07:35","26","1"),
("69991","","","","52712","","","2231","2","2","0","1500","2016-07-23","0000-00-00","","2016-07-23 14:07:41","32","2016-07-23 14:07:41","32","1"),
("69992","","","","52713","","","2231","2","1","0","1500","2016-07-23","0000-00-00","","2016-07-23 14:07:46","26","2016-07-23 14:07:46","26","1"),
("69993","","","","52714","","","2229","2","2","0","700","2016-07-23","0000-00-00","","2016-07-23 14:08:05","32","2016-07-23 14:08:05","32","1"),
("69994","","","","52715","","","2173","2","1","0","5500","2016-07-23","0000-00-00","","2016-07-23 14:08:08","26","2016-07-23 14:08:08","26","1"),
("69995","","","","52716","","","2228","2","1","0","500","2016-07-23","0000-00-00","","2016-07-23 14:08:52","32","2016-07-23 14:08:52","32","1"),
("69996","","","","52717","","","2228","2","1","0","500","2016-07-23","0000-00-00","","2016-07-23 14:10:00","32","2016-07-23 14:10:00","32","1"),
("69997","","","","52718","","","2228","2","4","0","500","2016-07-23","0000-00-00","","2016-07-23 14:11:52","32","2016-07-23 14:11:52","32","1"),
("69998","","","","52719","","","2228","2","3","0","500","2016-07-23","0000-00-00","","2016-07-23 14:12:39","32","2016-07-23 14:12:39","32","1"),
("69999","","","","52720","","","2121","2","1","0","13000","2016-07-23","0000-00-00","","2016-07-23 14:15:39","32","2016-07-23 14:15:39","32","1"),
("70000","","","","52721","","","2121","2","1","0","13000","2016-07-23","0000-00-00","","2016-07-23 14:15:40","26","2016-07-23 14:15:40","26","1"),
("70001","","","","52721","","","2064","2","1","0","2000","2016-07-23","0000-00-00","","2016-07-23 14:15:40","26","2016-07-23 14:15:40","26","1"),
("70002","","","","52721","","","2118","2","2","0","6500","2016-07-23","0000-00-00","","2016-07-23 14:15:40","26","2016-07-23 14:15:40","26","1"),
("70003","","","","52721","","","2104","2","1","0","5500","2016-07-23","0000-00-00","","2016-07-23 14:15:40","26","2016-07-23 14:15:40","26","1"),
("70004","","","","52722","","","2125","2","1","0","1000","2016-07-23","0000-00-00","","2016-07-23 14:15:59","32","2016-07-23 14:15:59","32","1"),
("70005","","","","52722","","","2231","2","1","0","1500","2016-07-23","0000-00-00","","2016-07-23 14:15:59","32","2016-07-23 14:15:59","32","1"),
("70006","","","","52723","","","2098","2","1","0","2500","2016-07-23","0000-00-00","","2016-07-23 14:17:58","26","2016-07-23 14:17:58","26","1"),
("70007","","","","52724","","","2228","2","10","0","500","2016-07-23","0000-00-00","","2016-07-23 14:18:08","32","2016-07-23 14:18:08","32","1"),
("70008","","","","52725","","","2065","2","2","0","1000","2016-07-23","0000-00-00","","2016-07-23 14:19:31","26","2016-07-23 14:19:31","26","1"),
("70009","","","","52726","","","2228","2","10","0","500","2016-07-23","0000-00-00","","2016-07-23 14:20:08","26","2016-07-23 14:20:08","26","1"),
("70010","","","","52727","","","2228","2","2","0","500","2016-07-23","0000-00-00","","2016-07-23 14:21:21","32","2016-07-23 14:21:21","32","1"),
("70011","","","","52728","","","2228","2","10","0","500","2016-07-23","0000-00-00","","2016-07-23 14:21:35","26","2016-07-23 14:21:35","26","1"),
("70012","","","","52729","","","2164","2","1","0","3000","2016-07-23","0000-00-00","","2016-07-23 14:23:01","26","2016-07-23 14:23:01","26","1"),
("70013","","","","52730","","","2125","2","1","0","1000","2016-07-23","0000-00-00","","2016-07-23 14:23:37","26","2016-07-23 14:23:37","26","1"),
("70014","","","","52730","","","2163","2","1","0","2500","2016-07-23","0000-00-00","","2016-07-23 14:23:37","26","2016-07-23 14:23:37","26","1"),
("70015","","","","52731","","","2090","2","1","0","2500","2016-07-23","0000-00-00","","2016-07-23 14:24:38","26","2016-07-23 14:24:38","26","1"),
("70016","","","","52732","","","2070","2","2","0","1000","2016-07-23","0000-00-00","","2016-07-23 14:24:58","32","2016-07-23 14:24:58","32","1"),
("70017","","","","52732","","","2071","2","5","0","1000","2016-07-23","0000-00-00","","2016-07-23 14:24:58","32","2016-07-23 14:24:58","32","1"),
("70018","","","","52732","","","2083","2","2","0","2500","2016-07-23","0000-00-00","","2016-07-23 14:24:58","32","2016-07-23 14:24:58","32","1"),
("70019","","","","52732","","","2231","2","4","0","1500","2016-07-23","0000-00-00","","2016-07-23 14:24:58","32","2016-07-23 14:24:58","32","1"),
("70020","","","","52733","","","2228","2","4","0","500","2016-07-23","0000-00-00","","2016-07-23 14:25:51","32","2016-07-23 14:25:51","32","1"),
("70021","","","","52734","","","2229","2","2","0","700","2016-07-23","0000-00-00","","2016-07-23 14:26:59","32","2016-07-23 14:26:59","32","1"),
("70022","","","","52735","","","2231","2","2","0","1500","2016-07-23","0000-00-00","","2016-07-23 14:29:03","26","2016-07-23 14:29:03","26","1"),
("70023","","","","52735","","","2228","2","5","0","500","2016-07-23","0000-00-00","","2016-07-23 14:29:03","26","2016-07-23 14:29:03","26","1"),
("70024","","","","52736","","","2229","2","10","0","700","2016-07-23","0000-00-00","","2016-07-23 14:29:22","32","2016-07-23 14:29:22","32","1"),
("70025","","","","52737","","","2231","2","10","0","1500","2016-07-23","0000-00-00","","2016-07-23 14:30:09","32","2016-07-23 14:30:09","32","1"),
("70026","","","","52738","","","2231","2","1","0","1500","2016-07-23","0000-00-00","","2016-07-23 14:30:18","32","2016-07-23 14:30:18","32","1"),
("70027","","","","52739","","","2228","2","10","0","500","2016-07-23","0000-00-00","","2016-07-23 14:31:17","26","2016-07-23 14:31:17","26","1"),
("70028","","","","52739","","","2090","2","1","0","2500","2016-07-23","0000-00-00","","2016-07-23 14:31:17","26","2016-07-23 14:31:17","26","1"),
("70029","","","","52739","","","2240","2","1","0","5000","2016-07-23","0000-00-00","","2016-07-23 14:31:17","26","2016-07-23 14:31:17","26","1"),
("70030","","","","52740","","","2226","2","1","0","3000","2016-07-23","0000-00-00","","2016-07-23 14:32:34","32","2016-07-23 14:32:34","32","1"),
("70031","","","","52740","","","2241","2","1","0","3000","2016-07-23","0000-00-00","","2016-07-23 14:32:34","32","2016-07-23 14:32:34","32","1"),
("70032","","","","52741","","","2228","2","2","0","500","2016-07-23","0000-00-00","","2016-07-23 14:34:28","32","2016-07-23 14:34:28","32","1"),
("70033","","","","52742","","","2228","2","2","0","500","2016-07-23","0000-00-00","","2016-07-23 14:36:23","32","2016-07-23 14:36:23","32","1"),
("70034","","","","52743","","","2250","2","3","0","500","2016-07-23","0000-00-00","","2016-07-23 14:36:37","32","2016-07-23 14:36:37","32","1"),
("70035","","","","52744","","","2250","2","1","0","500","2016-07-23","0000-00-00","","2016-07-23 14:37:43","26","2016-07-23 14:37:43","26","1"),
("70036","","","","52745","","","2228","2","20","0","500","2016-07-23","0000-00-00","","2016-07-23 14:38:06","32","2016-07-23 14:38:06","32","1"),
("70037","","","","52746","","","2240","2","1","0","5000","2016-07-23","0000-00-00","","2016-07-23 14:38:09","26","2016-07-23 14:38:09","26","1"),
("70038","","","","52747","","","2250","2","1","0","500","2016-07-23","0000-00-00","","2016-07-23 14:38:39","32","2016-07-23 14:38:39","32","1"),
("70039","","","","52748","","","2228","2","2","0","500","2016-07-23","0000-00-00","","2016-07-23 14:39:23","26","2016-07-23 14:39:23","26","1"),
("70040","","","","52748","","","2226","2","1","0","3000","2016-07-23","0000-00-00","","2016-07-23 14:39:23","26","2016-07-23 14:39:23","26","1"),
("70041","","","","52749","","","2065","2","3","0","1000","2016-07-23","0000-00-00","","2016-07-23 14:41:18","26","2016-07-23 14:41:18","26","1"),
("70042","","","","52750","","","2240","2","1","0","5000","2016-07-23","0000-00-00","","2016-07-23 14:45:25","32","2016-07-23 14:45:25","32","1"),
("70043","","","","52750","","","2228","2","10","0","500","2016-07-23","0000-00-00","","2016-07-23 14:45:25","32","2016-07-23 14:45:25","32","1"),
("70044","","","","52751","","","2231","2","1","0","1500","2016-07-23","0000-00-00","","2016-07-23 14:51:41","32","2016-07-23 14:51:41","32","1"),
("70045","","","","52752","","","2095","2","1","0","4000","2016-07-23","0000-00-00","","2016-07-23 14:54:02","26","2016-07-23 14:54:02","26","1"),
("70046","","","","52753","","","2233","2","1","0","2000","2016-07-23","0000-00-00","","2016-07-23 14:54:42","26","2016-07-23 14:54:42","26","1"),
("70047","","","","52754","","","2228","2","10","0","500","2016-07-23","0000-00-00","","2016-07-23 14:57:02","32","2016-07-23 14:57:02","32","1"),
("70048","","","","52755","","","2228","2","3","0","500","2016-07-23","0000-00-00","","2016-07-23 14:59:24","26","2016-07-23 14:59:24","26","1");

DROP TABLE inventory_totals;

CREATE TABLE `inventory_totals` (
  `product_id` bigint(20) NOT NULL,
  `location_id` bigint(20) NOT NULL,
  `total_qty` double DEFAULT '0',
  `created_at` datetime NOT NULL,
  `created_by` bigint(11) NOT NULL,
  `updated_at` datetime NOT NULL,
  `updated_by` bigint(11) NOT NULL,
  PRIMARY KEY (`product_id`,`location_id`),
  KEY `product_id` (`product_id`),
  KEY `location_id` (`location_id`)
) ENGINE=InnoDB DEFAULT CHARSET=utf8 COLLATE=utf8_unicode_ci;

INSERT INTO inventory_totals VALUES("2064","2","-925","2016-05-30 20:44:40","26","2016-07-23 14:15:40","26");
INSERT INTO inventory_totals VALUES("2065","2","-9835","2016-05-30 17:12:37","26","2016-07-23 14:41:18","26");
INSERT INTO inventory_totals VALUES("2067","2","-857","2016-05-30 20:12:19","28","2016-07-23 12:33:05","28");
INSERT INTO inventory_totals VALUES("2070","2","-1359","2016-05-30 19:12:04","32","2016-07-23 14:24:58","32");
INSERT INTO inventory_totals VALUES("2071","2","-2633","2016-05-30 20:20:55","32","2016-07-23 14:24:58","32");
INSERT INTO inventory_totals VALUES("2072","2","-534","2016-06-01 10:24:38","28","2016-07-23 11:16:48","28");
INSERT INTO inventory_totals VALUES("2073","2","-1450","2016-05-30 17:09:35","32","2016-07-23 13:55:44","32");
INSERT INTO inventory_totals VALUES("2074","2","-705","2016-05-30 17:09:50","32","2016-07-23 13:55:44","32");
INSERT INTO inventory_totals VALUES("2075","2","-1362","2016-05-30 19:40:28","32","2016-07-23 13:55:44","32");
INSERT INTO inventory_totals VALUES("2076","2","-595","2016-05-30 17:15:10","28","2016-07-23 13:21:02","28");
INSERT INTO inventory_totals VALUES("2077","2","-176","2016-06-02 16:11:58","28","2016-07-22 09:24:17","28");
INSERT INTO inventory_totals VALUES("2078","2","-469","2016-05-31 07:51:51","28","2016-07-23 13:09:29","28");
INSERT INTO inventory_totals VALUES("2079","2","-335","2016-05-30 17:34:03","28","2016-07-22 18:23:48","28");
INSERT INTO inventory_totals VALUES("2082","2","-264","2016-05-30 20:35:30","28","2016-07-23 11:43:20","28");
INSERT INTO inventory_totals VALUES("2083","2","-3492","2016-05-30 17:13:02","32","2016-07-23 14:24:58","32");
INSERT INTO inventory_totals VALUES("2084","2","-461","2016-05-30 17:13:26","28","2016-07-23 08:51:17","28");
INSERT INTO inventory_totals VALUES("2085","2","-446","2016-05-30 18:17:34","28","2016-07-23 08:51:17","28");
INSERT INTO inventory_totals VALUES("2088","2","-202","2016-05-31 08:25:04","28","2016-07-23 12:05:49","28");
INSERT INTO inventory_totals VALUES("2089","2","-156","2016-06-06 07:55:52","32","2016-07-22 08:57:24","32");
INSERT INTO inventory_totals VALUES("2090","2","-336","2016-06-03 07:53:09","26","2016-07-23 14:31:17","26");
INSERT INTO inventory_totals VALUES("2092","2","-22","2016-06-05 13:07:45","32","2016-06-26 17:13:30","32");
INSERT INTO inventory_totals VALUES("2093","2","-1274","2016-05-31 08:55:09","26","2016-07-23 14:07:35","26");
INSERT INTO inventory_totals VALUES("2095","2","-3291","2016-05-30 16:57:46","26","2016-07-23 14:54:02","26");
INSERT INTO inventory_totals VALUES("2097","2","-152","2016-05-31 11:50:36","28","2016-07-23 07:56:38","28");
INSERT INTO inventory_totals VALUES("2098","2","-137","2016-05-31 11:48:59","26","2016-07-23 14:17:58","26");
INSERT INTO inventory_totals VALUES("2099","2","-785","2016-05-30 19:54:32","32","2016-07-23 14:06:17","32");
INSERT INTO inventory_totals VALUES("2100","2","-123","2016-06-01 11:05:58","28","2016-07-21 06:55:57","28");
INSERT INTO inventory_totals VALUES("2101","2","-4","2016-06-04 16:36:48","28","2016-06-15 08:23:32","28");
INSERT INTO inventory_totals VALUES("2102","2","-227","2016-05-30 18:50:51","32","2016-07-23 13:55:44","32");
INSERT INTO inventory_totals VALUES("2103","2","-154","2016-05-30 18:21:22","28","2016-07-23 13:20:53","28");
INSERT INTO inventory_totals VALUES("2104","2","-2031","2016-05-30 18:45:00","26","2016-07-23 14:15:40","26");
INSERT INTO inventory_totals VALUES("2105","2","-92","2016-05-31 04:27:09","26","2016-07-23 06:29:51","26");
INSERT INTO inventory_totals VALUES("2107","2","-1187","2016-05-30 17:13:44","28","2016-07-23 12:13:45","28");
INSERT INTO inventory_totals VALUES("2108","2","-2","2016-06-22 07:31:24","26","2016-07-16 06:34:13","26");
INSERT INTO inventory_totals VALUES("2109","2","-4","2016-06-02 11:24:48","26","2016-07-14 13:26:17","26");
INSERT INTO inventory_totals VALUES("2110","2","-511","2016-05-31 09:56:02","32","2016-07-23 13:50:25","32");
INSERT INTO inventory_totals VALUES("2111","2","-96","2016-05-31 06:44:27","32","2016-07-23 13:50:25","32");
INSERT INTO inventory_totals VALUES("2112","2","-218","2016-05-31 17:42:17","28","2016-07-22 20:33:39","28");
INSERT INTO inventory_totals VALUES("2113","2","-384","2016-05-31 06:07:51","28","2016-07-23 12:47:47","28");
INSERT INTO inventory_totals VALUES("2114","2","-48","2016-05-31 17:05:12","28","2016-07-21 18:27:09","28");
INSERT INTO inventory_totals VALUES("2116","2","-102","2016-05-30 19:09:50","28","2016-07-23 12:35:28","28");
INSERT INTO inventory_totals VALUES("2117","2","-118","2016-05-31 15:15:55","28","2016-07-21 19:20:49","28");
INSERT INTO inventory_totals VALUES("2118","2","-1170","2016-05-30 17:25:00","26","2016-07-23 14:15:40","26");
INSERT INTO inventory_totals VALUES("2119","2","-103","2016-05-31 04:10:53","28","2016-07-23 11:32:07","28");
INSERT INTO inventory_totals VALUES("2120","2","-23","2016-06-01 15:07:34","28","2016-06-24 08:28:25","28");
INSERT INTO inventory_totals VALUES("2121","2","-398","2016-05-30 16:56:09","26","2016-07-23 14:15:40","26");
INSERT INTO inventory_totals VALUES("2125","2","-2318","2016-05-30 17:14:38","26","2016-07-23 14:23:37","26");
INSERT INTO inventory_totals VALUES("2126","2","-1077","2016-05-30 17:17:44","26","2016-07-23 13:36:32","26");
INSERT INTO inventory_totals VALUES("2127","2","-1","2016-06-01 09:16:57","28","2016-06-01 09:16:57","28");
INSERT INTO inventory_totals VALUES("2128","2","-3","2016-05-30 17:17:34","27","2016-05-31 08:21:59","27");
INSERT INTO inventory_totals VALUES("2129","2","-81","2016-05-31 08:02:05","32","2016-07-22 11:46:44","32");
INSERT INTO inventory_totals VALUES("2130","2","-2","2016-05-31 11:51:20","28","2016-05-31 12:08:32","28");
INSERT INTO inventory_totals VALUES("2131","2","-5","2016-06-02 09:48:54","28","2016-06-11 08:04:29","28");
INSERT INTO inventory_totals VALUES("2133","2","-232","2016-05-30 20:04:42","28","2016-07-23 12:37:09","28");
INSERT INTO inventory_totals VALUES("2134","2","-1098","2016-05-30 17:16:20","28","2016-07-22 17:18:59","28");
INSERT INTO inventory_totals VALUES("2135","2","-151","2016-05-31 18:50:40","26","2016-07-23 14:04:23","26");
INSERT INTO inventory_totals VALUES("2136","2","-424","2016-05-30 17:16:20","32","2016-07-23 08:29:07","32");
INSERT INTO inventory_totals VALUES("2137","2","-165","2016-05-30 17:00:35","28","2016-07-22 20:40:02","28");
INSERT INTO inventory_totals VALUES("2138","2","-64","2016-06-01 18:10:15","28","2016-07-22 19:11:50","28");
INSERT INTO inventory_totals VALUES("2139","2","-98","2016-05-30 19:37:44","32","2016-07-21 12:02:18","32");
INSERT INTO inventory_totals VALUES("2140","2","-240","2016-05-30 17:16:20","28","2016-07-23 13:13:14","28");
INSERT INTO inventory_totals VALUES("2141","2","-90","2016-05-31 16:15:13","26","2016-07-23 13:48:08","26");
INSERT INTO inventory_totals VALUES("2142","2","-12","2016-06-04 12:04:34","28","2016-07-16 14:20:54","28");
INSERT INTO inventory_totals VALUES("2143","2","-16","2016-06-01 14:37:00","28","2016-07-22 10:31:42","28");
INSERT INTO inventory_totals VALUES("2144","2","-6","2016-06-02 16:28:24","28","2016-07-22 18:41:13","28");
INSERT INTO inventory_totals VALUES("2146","2","-732","2016-05-31 04:25:13","28","2016-07-23 12:50:37","28");
INSERT INTO inventory_totals VALUES("2163","2","-796","2016-05-30 19:12:04","26","2016-07-23 14:23:37","26");
INSERT INTO inventory_totals VALUES("2164","2","-3347","2016-05-30 16:53:06","26","2016-07-23 14:23:02","26");
INSERT INTO inventory_totals VALUES("2165","2","-666","2016-05-30 17:13:26","28","2016-07-23 11:18:12","28");
INSERT INTO inventory_totals VALUES("2166","2","-11456","2016-05-30 15:16:51","32","2016-07-23 14:05:06","32");
INSERT INTO inventory_totals VALUES("2172","2","-993","2016-05-30 17:07:00","32","2016-07-23 14:07:29","32");
INSERT INTO inventory_totals VALUES("2173","2","-157","2016-05-31 10:33:36","26","2016-07-23 14:08:08","26");
INSERT INTO inventory_totals VALUES("2174","2","-62","2016-05-31 09:21:36","28","2016-07-23 11:36:07","28");
INSERT INTO inventory_totals VALUES("2178","2","-27","2016-06-02 05:19:47","28","2016-07-22 20:40:02","28");
INSERT INTO inventory_totals VALUES("2179","2","-2","2016-06-19 13:01:57","26","2016-06-22 13:15:45","26");
INSERT INTO inventory_totals VALUES("2182","2","-268","2016-05-30 18:50:52","28","2016-07-22 19:12:35","28");
INSERT INTO inventory_totals VALUES("2183","2","-5","2016-06-17 08:39:20","28","2016-07-10 20:20:53","28");
INSERT INTO inventory_totals VALUES("2188","2","-33","2016-06-02 05:19:47","28","2016-07-21 07:10:18","28");
INSERT INTO inventory_totals VALUES("2197","2","-1051","2016-05-31 05:33:48","28","2016-07-23 13:16:51","28");
INSERT INTO inventory_totals VALUES("2198","2","-51","2016-05-31 06:32:11","26","2016-07-23 14:07:35","26");
INSERT INTO inventory_totals VALUES("2199","2","-80","2016-05-30 20:45:32","32","2016-07-15 11:38:49","32");
INSERT INTO inventory_totals VALUES("2201","2","-1","2016-07-22 07:59:15","28","2016-07-22 07:59:15","28");
INSERT INTO inventory_totals VALUES("2202","2","-12","2016-06-05 05:43:31","26","2016-07-14 06:04:21","26");
INSERT INTO inventory_totals VALUES("2203","2","-27","2016-06-01 18:10:15","28","2016-07-14 12:28:33","28");
INSERT INTO inventory_totals VALUES("2204","2","-13","2016-06-05 15:46:14","26","2016-07-18 13:32:22","26");
INSERT INTO inventory_totals VALUES("2206","2","-6","2016-06-11 18:11:55","32","2016-07-19 18:21:51","32");
INSERT INTO inventory_totals VALUES("2207","2","-66","2016-06-05 20:28:13","28","2016-07-21 20:37:58","28");
INSERT INTO inventory_totals VALUES("2208","2","-9","2016-06-03 12:29:19","28","2016-07-22 16:13:30","28");
INSERT INTO inventory_totals VALUES("2209","2","-3","2016-06-01 15:42:51","28","2016-07-13 20:12:25","28");
INSERT INTO inventory_totals VALUES("2213","2","-45","2016-06-08 08:14:22","28","2016-07-22 19:09:38","28");
INSERT INTO inventory_totals VALUES("2217","2","-20","2016-06-03 19:05:30","28","2016-07-23 11:35:54","28");
INSERT INTO inventory_totals VALUES("2218","2","-99","2016-05-31 10:46:14","28","2016-07-23 11:36:43","28");
INSERT INTO inventory_totals VALUES("2219","2","-293","2016-06-02 07:11:01","28","2016-07-22 16:39:39","28");
INSERT INTO inventory_totals VALUES("2220","2","-1150","2016-06-06 12:05:02","28","2016-07-12 17:18:00","28");
INSERT INTO inventory_totals VALUES("2226","2","-718","2016-05-30 20:29:24","26","2016-07-23 14:39:23","26");
INSERT INTO inventory_totals VALUES("2228","2","-143898","2016-05-30 16:53:06","26","2016-07-23 14:59:24","26");
INSERT INTO inventory_totals VALUES("2229","2","-77621","2016-05-30 18:02:49","32","2016-07-23 14:29:22","32");
INSERT INTO inventory_totals VALUES("2231","2","-28241","2016-05-30 16:58:22","32","2016-07-23 14:51:41","32");
INSERT INTO inventory_totals VALUES("2232","2","-2855","2016-05-30 18:38:35","26","2016-07-23 13:50:40","26");
INSERT INTO inventory_totals VALUES("2233","2","-6173","2016-05-30 19:34:27","26","2016-07-23 14:54:42","26");
INSERT INTO inventory_totals VALUES("2235","2","-1300","2016-05-30 19:37:44","28","2016-07-23 13:15:18","28");
INSERT INTO inventory_totals VALUES("2236","2","-772","2016-05-30 20:25:09","26","2016-07-23 06:04:35","26");
INSERT INTO inventory_totals VALUES("2237","2","-49","2016-06-06 07:55:52","32","2016-07-22 10:51:18","32");
INSERT INTO inventory_totals VALUES("2238","2","-179","2016-05-31 06:54:44","28","2016-07-22 09:41:11","28");
INSERT INTO inventory_totals VALUES("2239","2","-458","2016-05-31 11:09:13","32","2016-07-19 08:38:36","32");
INSERT INTO inventory_totals VALUES("2240","2","-1664","2016-05-30 16:58:52","32","2016-07-23 14:45:25","32");
INSERT INTO inventory_totals VALUES("2241","2","-125","2016-05-31 13:05:46","32","2016-07-23 14:32:34","32");
INSERT INTO inventory_totals VALUES("2243","2","-126","2016-05-30 17:15:34","28","2016-07-20 08:54:05","28");
INSERT INTO inventory_totals VALUES("2250","2","-4884","2016-05-30 17:14:11","32","2016-07-23 14:38:39","32");
INSERT INTO inventory_totals VALUES("2251","2","-1","2016-07-09 18:58:52","28","2016-07-09 18:58:52","28");
INSERT INTO inventory_totals VALUES("2252","2","-83","2016-06-04 16:15:52","28","2016-07-23 12:57:09","28");
INSERT INTO inventory_totals VALUES("2253","2","-112","2016-05-31 13:24:22","28","2016-07-23 11:33:24","28");
INSERT INTO inventory_totals VALUES("2254","2","-867","2016-05-31 18:14:09","26","2016-07-23 13:54:09","26");
INSERT INTO inventory_totals VALUES("2255","2","-386","2016-06-02 18:24:09","26","2016-07-23 13:54:09","26");
INSERT INTO inventory_totals VALUES("2256","2","-28","2016-06-02 17:07:21","28","2016-07-07 23:27:23","28");
INSERT INTO inventory_totals VALUES("2257","2","-231","2016-06-02 18:53:00","28","2016-07-23 10:13:36","28");
INSERT INTO inventory_totals VALUES("2258","2","-51","2016-06-06 11:06:36","26","2016-07-18 15:45:43","26");
INSERT INTO inventory_totals VALUES("2259","2","-70","2016-06-22 14:12:02","26","2016-07-23 05:40:34","26");
INSERT INTO inventory_totals VALUES("2260","2","-16","2016-07-11 05:45:45","26","2016-07-23 05:09:29","26");
INSERT INTO inventory_totals VALUES("2262","2","-1","2016-07-21 07:37:38","26","2016-07-21 07:37:38","26");



DROP TABLE inventory_total_details;

CREATE TABLE `inventory_total_details` (
  `product_id` bigint(20) NOT NULL,
  `location_id` bigint(20) NOT NULL,
  `total_cycle` double DEFAULT '0',
  `total_so` double DEFAULT '0',
  `total_pos` double DEFAULT '0',
  `total_cm` double DEFAULT '0',
  `total_to_in` double DEFAULT '0',
  `total_to_out` double DEFAULT '0',
  `date` date NOT NULL,
  `created_at` datetime NOT NULL,
  `created_by` bigint(11) NOT NULL,
  `updated_at` datetime NOT NULL,
  `updated_by` bigint(11) NOT NULL,
  PRIMARY KEY (`product_id`,`location_id`,`date`),
  KEY `product_id` (`product_id`),
  KEY `location_id` (`location_id`),
  KEY `date` (`date`)
) ENGINE=InnoDB DEFAULT CHARSET=utf8 COLLATE=utf8_unicode_ci;

INSERT INTO inventory_total_details VALUES("2064","2","0","0","-1","0","0","0","2016-05-30","2016-05-30 20:44:40","24","2016-05-30 20:44:40","24");
INSERT INTO inventory_total_details VALUES("2065","2","0","0","-2","0","0","0","2016-05-30","2016-05-30 17:12:37","24","2016-05-30 21:01:14","24");
INSERT INTO inventory_total_details VALUES("2067","2","0","0","-2","0","0","0","2016-05-30","2016-05-30 20:12:19","24","2016-05-30 20:37:06","24");
INSERT INTO inventory_total_details VALUES("2070","2","0","0","-3","0","0","0","2016-05-30","2016-05-30 19:12:04","27","2016-05-30 19:12:04","27");
INSERT INTO inventory_total_details VALUES("2071","2","0","0","-1","0","0","0","2016-05-30","2016-05-30 20:20:55","24","2016-05-30 20:20:55","24");
INSERT INTO inventory_total_details VALUES("2072","2","0","0","-5","0","0","0","2016-06-01","2016-06-01 10:24:38","27","2016-06-01 17:19:29","27");
INSERT INTO inventory_total_details VALUES("2073","2","0","0","-2","0","0","0","2016-05-30","2016-05-30 17:09:35","24","2016-05-30 20:20:55","24");
INSERT INTO inventory_total_details VALUES("2074","2","0","0","-1","0","0","0","2016-05-30","2016-05-30 17:09:51","1","2016-05-30 17:09:51","1");
INSERT INTO inventory_total_details VALUES("2075","2","0","0","-2","0","0","0","2016-05-30","2016-05-30 19:40:28","27","2016-05-30 19:40:28","27");
INSERT INTO inventory_total_details VALUES("2076","2","0","0","-1","0","0","0","2016-05-30","2016-05-30 17:15:10","27","2016-05-30 19:40:28","27");
INSERT INTO inventory_total_details VALUES("2077","2","0","0","-2","0","0","0","2016-06-02","2016-06-02 16:11:58","27","2016-06-02 16:11:58","27");
INSERT INTO inventory_total_details VALUES("2078","2","0","0","-1","0","0","0","2016-05-31","2016-05-31 07:51:51","1","2016-05-31 13:22:44","1");
INSERT INTO inventory_total_details VALUES("2079","2","0","0","-1","0","0","0","2016-05-30","2016-05-30 17:34:03","1","2016-05-30 17:34:03","1");
INSERT INTO inventory_total_details VALUES("2082","2","0","0","-1","0","0","0","2016-05-30","2016-05-30 20:35:30","24","2016-05-30 20:35:30","24");
INSERT INTO inventory_total_details VALUES("2083","2","0","0","-2","0","0","0","2016-05-30","2016-05-30 17:13:02","24","2016-05-30 20:44:10","24");
INSERT INTO inventory_total_details VALUES("2084","2","0","0","-1","0","0","0","2016-05-30","2016-05-30 17:13:26","24","2016-05-30 20:36:29","24");
INSERT INTO inventory_total_details VALUES("2085","2","0","0","-1","0","0","0","2016-05-30","2016-05-30 18:17:35","24","2016-05-30 18:17:35","24");
INSERT INTO inventory_total_details VALUES("2088","2","0","0","-1","0","0","0","2016-05-31","2016-05-31 08:25:04","1","2016-05-31 15:55:07","1");
INSERT INTO inventory_total_details VALUES("2089","2","0","0","-1","0","0","0","2016-06-06","2016-06-06 07:55:52","28","2016-06-06 20:21:02","28");
INSERT INTO inventory_total_details VALUES("2090","2","0","0","-3","0","0","0","2016-06-03","2016-06-03 07:53:09","28","2016-06-03 17:42:59","28");
INSERT INTO inventory_total_details VALUES("2092","2","0","0","-2","0","0","0","2016-06-05","2016-06-05 13:07:45","26","2016-06-05 13:07:45","26");
INSERT INTO inventory_total_details VALUES("2093","2","0","0","-2","0","0","0","2016-05-31","2016-05-31 08:55:09","24","2016-05-31 18:27:26","24");
INSERT INTO inventory_total_details VALUES("2095","2","0","0","-1","0","0","0","2016-05-30","2016-05-30 16:57:46","24","2016-05-30 21:01:14","24");
INSERT INTO inventory_total_details VALUES("2097","2","0","0","-2","0","0","0","2016-05-31","2016-05-31 11:50:36","1","2016-05-31 11:57:30","1");
INSERT INTO inventory_total_details VALUES("2098","2","0","0","-1","0","0","0","2016-05-31","2016-05-31 11:48:59","1","2016-05-31 16:06:30","1");
INSERT INTO inventory_total_details VALUES("2099","2","0","0","-1","0","0","0","2016-05-30","2016-05-30 19:54:32","24","2016-05-30 20:46:56","24");
INSERT INTO inventory_total_details VALUES("2100","2","0","0","-6","0","0","0","2016-06-01","2016-06-01 11:05:58","28","2016-06-01 11:05:58","28");
INSERT INTO inventory_total_details VALUES("2101","2","0","0","-1","0","0","0","2016-06-04","2016-06-04 16:36:48","27","2016-06-04 16:36:48","27");
INSERT INTO inventory_total_details VALUES("2102","2","0","0","-1","0","0","0","2016-05-30","2016-05-30 18:50:51","27","2016-05-30 19:01:27","27");
INSERT INTO inventory_total_details VALUES("2103","2","0","0","-1","0","0","0","2016-05-30","2016-05-30 18:21:22","24","2016-05-30 18:21:22","24");
INSERT INTO inventory_total_details VALUES("2104","2","0","0","-1","0","0","0","2016-05-30","2016-05-30 18:45:00","24","2016-05-30 20:35:30","24");
INSERT INTO inventory_total_details VALUES("2105","2","0","0","-2","0","0","0","2016-05-31","2016-05-31 04:27:09","28","2016-05-31 11:08:37","28");
INSERT INTO inventory_total_details VALUES("2107","2","0","0","-2","0","0","0","2016-05-30","2016-05-30 17:13:44","1","2016-05-30 17:13:44","1");
INSERT INTO inventory_total_details VALUES("2108","2","0","0","-1","0","0","0","2016-06-22","2016-06-22 07:31:24","26","2016-06-22 07:31:24","26");
INSERT INTO inventory_total_details VALUES("2109","2","0","0","-1","0","0","0","2016-06-02","2016-06-02 11:24:48","28","2016-06-02 11:24:48","28");
INSERT INTO inventory_total_details VALUES("2110","2","0","0","-2","0","0","0","2016-05-31","2016-05-31 09:56:02","1","2016-05-31 16:59:11","1");
INSERT INTO inventory_total_details VALUES("2111","2","0","0","-1","0","0","0","2016-05-31","2016-05-31 06:44:27","1","2016-05-31 15:24:34","1");
INSERT INTO inventory_total_details VALUES("2112","2","0","0","-1","0","0","0","2016-05-31","2016-05-31 17:42:17","28","2016-05-31 17:42:17","28");
INSERT INTO inventory_total_details VALUES("2113","2","0","0","-1","0","0","0","2016-05-31","2016-05-31 06:07:51","28","2016-05-31 10:55:17","28");
INSERT INTO inventory_total_details VALUES("2114","2","0","0","-1","0","0","0","2016-05-31","2016-05-31 17:05:12","1","2016-05-31 17:05:12","1");
INSERT INTO inventory_total_details VALUES("2116","2","0","0","-1","0","0","0","2016-05-30","2016-05-30 19:09:50","27","2016-05-30 19:09:50","27");
INSERT INTO inventory_total_details VALUES("2117","2","0","0","-1","0","0","0","2016-05-31","2016-05-31 15:15:55","28","2016-05-31 15:15:55","28");
INSERT INTO inventory_total_details VALUES("2118","2","0","0","-2","0","0","0","2016-05-30","2016-05-30 17:25:00","24","2016-05-30 20:35:09","24");
INSERT INTO inventory_total_details VALUES("2119","2","0","0","-1","0","0","0","2016-05-31","2016-05-31 04:10:53","28","2016-05-31 19:23:07","28");
INSERT INTO inventory_total_details VALUES("2120","2","0","0","-4","0","0","0","2016-06-01","2016-06-01 15:07:34","28","2016-06-01 15:07:34","28");
INSERT INTO inventory_total_details VALUES("2121","2","0","0","-1","0","0","0","2016-05-30","2016-05-30 16:56:09","24","2016-05-30 17:57:00","24");
INSERT INTO inventory_total_details VALUES("2125","2","0","0","-1","0","0","0","2016-05-30","2016-05-30 17:14:38","24","2016-05-30 20:45:32","24");
INSERT INTO inventory_total_details VALUES("2126","2","0","0","-1","0","0","0","2016-05-30","2016-05-30 17:17:44","24","2016-05-30 20:46:56","24");
INSERT INTO inventory_total_details VALUES("2127","2","0","0","-1","0","0","0","2016-06-01","2016-06-01 09:16:57","28","2016-06-01 09:16:57","28");
INSERT INTO inventory_total_details VALUES("2128","2","0","0","-1","0","0","0","2016-05-30","2016-05-30 17:17:34","27","2016-05-30 18:49:32","27");
INSERT INTO inventory_total_details VALUES("2129","2","0","0","-1","0","0","0","2016-05-31","2016-05-31 08:02:05","28","2016-05-31 12:43:49","28");
INSERT INTO inventory_total_details VALUES("2130","2","0","0","-1","0","0","0","2016-05-31","2016-05-31 11:51:20","28","2016-05-31 12:08:32","28");
INSERT INTO inventory_total_details VALUES("2131","2","0","0","-1","0","0","0","2016-06-02","2016-06-02 09:48:54","28","2016-06-02 09:48:54","28");
INSERT INTO inventory_total_details VALUES("2133","2","0","0","-1","0","0","0","2016-05-30","2016-05-30 20:04:42","24","2016-05-30 20:04:42","24");
INSERT INTO inventory_total_details VALUES("2134","2","0","0","-2","0","0","0","2016-05-30","2016-05-30 17:16:20","27","2016-05-30 18:50:52","27");
INSERT INTO inventory_total_details VALUES("2135","2","0","0","-2","0","0","0","2016-05-31","2016-05-31 18:50:40","24","2016-05-31 18:50:40","24");
INSERT INTO inventory_total_details VALUES("2136","2","0","0","-2","0","0","0","2016-05-30","2016-05-30 17:16:20","27","2016-05-30 18:50:52","27");
INSERT INTO inventory_total_details VALUES("2137","2","0","0","-1","0","0","0","2016-05-30","2016-05-30 17:00:35","1","2016-05-30 17:00:35","1");
INSERT INTO inventory_total_details VALUES("2138","2","0","0","-1","0","0","0","2016-06-01","2016-06-01 18:10:15","27","2016-06-01 18:10:15","27");
INSERT INTO inventory_total_details VALUES("2139","2","0","0","-1","0","0","0","2016-05-30","2016-05-30 19:37:44","27","2016-05-30 19:37:44","27");
INSERT INTO inventory_total_details VALUES("2140","2","0","0","-1","0","0","0","2016-05-30","2016-05-30 17:16:20","27","2016-05-30 18:50:52","27");
INSERT INTO inventory_total_details VALUES("2141","2","0","0","-1","0","0","0","2016-05-31","2016-05-31 16:15:13","1","2016-05-31 16:15:13","1");
INSERT INTO inventory_total_details VALUES("2142","2","0","0","-1","0","0","0","2016-06-04","2016-06-04 12:04:34","27","2016-06-04 16:08:30","27");
INSERT INTO inventory_total_details VALUES("2143","2","0","0","-1","0","0","0","2016-06-01","2016-06-01 14:37:00","24","2016-06-01 14:37:00","24");
INSERT INTO inventory_total_details VALUES("2144","2","0","0","-1","0","0","0","2016-06-02","2016-06-02 16:28:24","27","2016-06-02 16:28:24","27");
INSERT INTO inventory_total_details VALUES("2146","2","0","0","-1","0","0","0","2016-05-31","2016-05-31 04:25:13","28","2016-05-31 19:18:40","28");
INSERT INTO inventory_total_details VALUES("2163","2","0","0","-1","0","0","0","2016-05-30","2016-05-30 19:12:04","24","2016-05-30 20:36:29","24");
INSERT INTO inventory_total_details VALUES("2164","2","0","0","-1","0","0","0","2016-05-30","2016-05-30 16:53:06","27","2016-05-30 19:14:29","27");
INSERT INTO inventory_total_details VALUES("2165","2","0","0","-1","0","0","0","2016-05-30","2016-05-30 17:13:26","1","2016-05-30 17:13:26","1");
INSERT INTO inventory_total_details VALUES("2166","2","0","0","-8","0","0","0","2016-05-30","2016-05-30 15:16:51","1","2016-05-30 16:55:10","1");
INSERT INTO inventory_total_details VALUES("2172","2","0","0","-1","0","0","0","2016-05-30","2016-05-30 17:07:00","24","2016-05-30 20:45:07","24");
INSERT INTO inventory_total_details VALUES("2173","2","0","0","-1","0","0","0","2016-05-31","2016-05-31 10:33:37","28","2016-05-31 11:09:13","28");
INSERT INTO inventory_total_details VALUES("2174","2","0","0","-1","0","0","0","2016-05-31","2016-05-31 09:21:37","24","2016-05-31 09:21:37","24");
INSERT INTO inventory_total_details VALUES("2178","2","0","0","-1","0","0","0","2016-06-02","2016-06-02 05:19:47","24","2016-06-02 05:19:47","24");
INSERT INTO inventory_total_details VALUES("2179","2","0","0","-1","0","0","0","2016-06-19","2016-06-19 13:01:57","26","2016-06-19 13:01:57","26");
INSERT INTO inventory_total_details VALUES("2182","2","0","0","-1","0","0","0","2016-05-30","2016-05-30 18:50:52","27","2016-05-30 18:50:52","27");
INSERT INTO inventory_total_details VALUES("2183","2","0","0","-1","0","0","0","2016-06-17","2016-06-17 08:39:20","26","2016-06-17 08:39:20","26");
INSERT INTO inventory_total_details VALUES("2188","2","0","0","-1","0","0","0","2016-06-02","2016-06-02 05:19:47","27","2016-06-02 19:29:45","27");
INSERT INTO inventory_total_details VALUES("2197","2","0","0","-2","0","0","0","2016-05-31","2016-05-31 05:33:48","24","2016-05-31 18:01:04","24");
INSERT INTO inventory_total_details VALUES("2198","2","0","0","-1","0","0","0","2016-05-31","2016-05-31 06:32:11","28","2016-05-31 15:18:23","28");
INSERT INTO inventory_total_details VALUES("2199","2","0","0","-1","0","0","0","2016-05-30","2016-05-30 20:45:32","24","2016-05-30 20:45:32","24");
INSERT INTO inventory_total_details VALUES("2201","2","0","0","-1","0","0","0","2016-07-22","2016-07-22 07:59:15","28","2016-07-22 07:59:15","28");
INSERT INTO inventory_total_details VALUES("2202","2","0","0","-1","0","0","0","2016-06-05","2016-06-05 05:43:31","24","2016-06-05 05:43:31","24");
INSERT INTO inventory_total_details VALUES("2203","2","0","0","-2","0","0","0","2016-06-01","2016-06-01 18:10:15","27","2016-06-01 18:10:15","27");
INSERT INTO inventory_total_details VALUES("2204","2","0","0","-1","0","0","0","2016-06-05","2016-06-05 15:46:14","24","2016-06-05 15:46:14","24");
INSERT INTO inventory_total_details VALUES("2206","2","0","0","-2","0","0","0","2016-06-11","2016-06-11 18:11:55","26","2016-06-11 18:11:55","26");
INSERT INTO inventory_total_details VALUES("2207","2","0","0","-1","0","0","0","2016-06-05","2016-06-05 20:28:13","28","2016-06-05 20:28:13","28");
INSERT INTO inventory_total_details VALUES("2208","2","0","0","-1","0","0","0","2016-06-03","2016-06-03 12:29:19","24","2016-06-03 12:29:19","24");
INSERT INTO inventory_total_details VALUES("2209","2","0","0","-1","0","0","0","2016-06-01","2016-06-01 15:42:51","24","2016-06-01 15:42:51","24");
INSERT INTO inventory_total_details VALUES("2213","2","0","0","-1","0","0","0","2016-06-08","2016-06-08 08:14:22","28","2016-06-08 08:14:22","28");
INSERT INTO inventory_total_details VALUES("2217","2","0","0","-2","0","0","0","2016-06-03","2016-06-03 19:05:30","28","2016-06-03 19:05:30","28");
INSERT INTO inventory_total_details VALUES("2218","2","0","0","-1","0","0","0","2016-05-31","2016-05-31 10:46:14","28","2016-05-31 18:18:24","28");
INSERT INTO inventory_total_details VALUES("2219","2","0","0","-1","0","0","0","2016-06-02","2016-06-02 07:11:01","27","2016-06-02 20:39:25","27");
INSERT INTO inventory_total_details VALUES("2220","2","0","0","-120","0","0","0","2016-06-06","2016-06-06 12:05:02","28","2016-06-06 12:05:02","28");
INSERT INTO inventory_total_details VALUES("2226","2","0","0","-1","0","0","0","2016-05-30","2016-05-30 20:29:24","24","2016-05-30 20:29:24","24");
INSERT INTO inventory_total_details VALUES("2228","2","0","0","-1","0","0","0","2016-05-30","2016-05-30 16:53:07","24","2016-05-30 20:52:03","24");
INSERT INTO inventory_total_details VALUES("2229","2","0","0","-10","0","0","0","2016-05-30","2016-05-30 18:02:49","24","2016-05-30 20:49:46","24");
INSERT INTO inventory_total_details VALUES("2231","2","0","0","-3","0","0","0","2016-05-30","2016-05-30 16:58:22","24","2016-05-30 21:01:14","24");
INSERT INTO inventory_total_details VALUES("2232","2","0","0","-2","0","0","0","2016-05-30","2016-05-30 18:38:35","27","2016-05-30 18:38:35","27");
INSERT INTO inventory_total_details VALUES("2233","2","0","0","-3","0","0","0","2016-05-30","2016-05-30 19:34:27","27","2016-05-30 19:51:04","27");
INSERT INTO inventory_total_details VALUES("2235","2","0","0","-1","0","0","0","2016-05-30","2016-05-30 19:37:45","27","2016-05-30 19:55:59","27");
INSERT INTO inventory_total_details VALUES("2236","2","0","0","-1","0","0","0","2016-05-30","2016-05-30 20:25:09","24","2016-05-30 20:25:09","24");
INSERT INTO inventory_total_details VALUES("2237","2","0","0","-2","0","0","0","2016-06-06","2016-06-06 07:55:52","26","2016-06-06 07:55:52","26");
INSERT INTO inventory_total_details VALUES("2238","2","0","0","-2","0","0","0","2016-05-31","2016-05-31 06:54:44","28","2016-05-31 18:18:35","28");
INSERT INTO inventory_total_details VALUES("2239","2","0","0","-1","0","0","0","2016-05-31","2016-05-31 11:09:13","28","2016-05-31 19:15:47","28");
INSERT INTO inventory_total_details VALUES("2240","2","0","0","-1","0","0","0","2016-05-30","2016-05-30 16:58:52","27","2016-05-30 19:23:13","27");
INSERT INTO inventory_total_details VALUES("2241","2","0","0","-1","0","0","0","2016-05-31","2016-05-31 13:05:46","28","2016-05-31 18:12:43","28");
INSERT INTO inventory_total_details VALUES("2243","2","0","0","-2","0","0","0","2016-05-30","2016-05-30 17:15:34","1","2016-05-30 17:15:34","1");
INSERT INTO inventory_total_details VALUES("2250","2","0","0","-1","0","0","0","2016-05-30","2016-05-30 17:14:12","24","2016-05-30 20:46:56","24");
INSERT INTO inventory_total_details VALUES("2251","2","0","0","-1","0","0","0","2016-07-09","2016-07-09 18:58:52","28","2016-07-09 18:58:52","28");
INSERT INTO inventory_total_details VALUES("2252","2","0","0","-3","0","0","0","2016-06-04","2016-06-04 16:15:52","28","2016-06-04 20:22:10","28");
INSERT INTO inventory_total_details VALUES("2253","2","0","0","-1","0","0","0","2016-05-31","2016-05-31 13:24:22","28","2016-05-31 13:24:22","28");
INSERT INTO inventory_total_details VALUES("2254","2","0","0","-5","0","0","0","2016-05-31","2016-05-31 18:14:09","28","2016-05-31 20:17:14","28");
INSERT INTO inventory_total_details VALUES("2255","2","0","0","-5","0","0","0","2016-06-02","2016-06-02 18:24:09","24","2016-06-02 18:24:09","24");
INSERT INTO inventory_total_details VALUES("2256","2","0","0","-1","0","0","0","2016-06-02","2016-06-02 17:07:21","28","2016-06-02 18:40:44","28");
INSERT INTO inventory_total_details VALUES("2257","2","0","0","-1","0","0","0","2016-06-02","2016-06-02 18:53:00","28","2016-06-02 18:53:00","28");
INSERT INTO inventory_total_details VALUES("2258","2","0","0","-1","0","0","0","2016-06-06","2016-06-06 11:06:36","26","2016-06-06 11:06:36","26");
INSERT INTO inventory_total_details VALUES("2259","2","0","0","-2","0","0","0","2016-06-22","2016-06-22 14:12:02","28","2016-06-22 19:30:07","28");
INSERT INTO inventory_total_details VALUES("2260","2","0","0","-1","0","0","0","2016-07-11","2016-07-11 05:45:45","26","2016-07-11 05:45:45","26");
INSERT INTO inventory_total_details VALUES("2262","2","0","0","-1","0","0","0","2016-07-21","2016-07-21 07:37:38","26","2016-07-21 07:37:38","26");



INSERT INTO bookers VALUES("166","","933405555","2016-07-23 12:19:47","28","2016-07-23 12:19:47","","1"),
("167","","0963680850","2016-07-23 13:13:14","28","2016-07-23 13:13:14","","1");

INSERT INTO sales_orders VALUES("52599","2","1","","16SO052579","2000","0.5","0","0","0","2016-07-23","2016-07-23","","2016-07-23 12:00:20","28","2016-07-23 12:00:20","28","1","1","0"),
("52600","2","1","","16SO052580","7000","1.75","0","0","0","2016-07-23","2016-07-23","","2016-07-23 12:01:33","28","2016-07-23 12:01:33","28","1","1","0"),
("52601","2","1","","16SO052581","39500","9.875","0","0","0","2016-07-23","2016-07-23","","2016-07-23 12:05:49","28","2016-07-23 12:05:49","28","1","1","0"),
("52602","2","1","","16SO052582","8500","2.125","0","0","0","2016-07-23","2016-07-23","","2016-07-23 12:06:22","28","2016-07-23 12:06:22","28","1","1","0"),
("52603","2","1","","16SO052583","5000","1.25","0","0","0","2016-07-23","2016-07-23","","2016-07-23 12:06:36","28","2016-07-23 12:06:36","28","1","1","0"),
("52604","2","1","","16SO052584","2000","0.5","0","0","0","2016-07-23","2016-07-23","","2016-07-23 12:07:21","28","2016-07-23 12:07:21","28","1","1","0"),
("52605","2","1","","16SO052585","2000","0.5","0","0","0","2016-07-23","2016-07-23","","2016-07-23 12:07:52","28","2016-07-23 12:07:52","28","1","1","0"),
("52606","2","1","","16SO052586","4000","1","0","0","0","2016-07-23","2016-07-23","","2016-07-23 12:09:59","28","2016-07-23 12:09:59","28","1","1","0"),
("52607","2","1","","16SO052587","2500","0.625","0","0","0","2016-07-23","2016-07-23","","2016-07-23 12:10:25","28","2016-07-23 12:10:25","28","1","1","0"),
("52608","2","1","","16SO052588","3500","0.875","0","0","0","2016-07-23","2016-07-23","","2016-07-23 12:11:17","28","2016-07-23 12:11:17","28","1","1","0"),
("52609","2","1","","16SO052589","1500","0.375","0","0","0","2016-07-23","2016-07-23","","2016-07-23 12:11:49","28","2016-07-23 12:11:49","28","1","1","0"),
("52610","2","1","","16SO052590","22500","5.625","0","0","0","2016-07-23","2016-07-23","","2016-07-23 12:13:45","28","2016-07-23 12:13:45","28","1","1","0"),
("52611","2","1","","16SO052591","1000","0.25","0","0","0","2016-07-23","2016-07-23","","2016-07-23 12:14:08","28","2016-07-23 12:14:08","28","1","1","0"),
("52612","2","1","","16SO052592","2000","0.5","0","0","0","2016-07-23","2016-07-23","","2016-07-23 12:14:34","28","2016-07-23 12:14:34","28","1","1","0"),
("52613","2","1","","16SO052593","5500","1.375","0","0","0","2016-07-23","2016-07-23","","2016-07-23 12:15:09","28","2016-07-23 12:15:09","28","1","1","0"),
("52614","2","1","","16SO052594","4000","1","0","0","0","2016-07-23","2016-07-23","","2016-07-23 12:16:05","28","2016-07-23 12:16:05","28","1","1","0"),
("52615","2","1","","16SO052595","2500","0.625","0","0","0","2016-07-23","2016-07-23","","2016-07-23 12:16:38","28","2016-07-23 12:16:38","28","1","1","0"),
("52616","2","1","","16SO052596","2000","0.5","0","0","0","2016-07-23","2016-07-23","","2016-07-23 12:17:01","28","2016-07-23 12:17:01","28","1","1","0"),
("52617","2","1","","16SO052597","500","0.125","0","0","0","2016-07-23","2016-07-23","","2016-07-23 12:17:11","28","2016-07-23 12:17:11","28","1","1","0"),
("52618","2","","166","16SO052598","40000","10","0","0","0","2016-07-23","2016-07-23","","2016-07-23 12:19:47","28","2016-07-23 12:19:47","28","1","0","1"),
("52619","2","1","","16SO052599","14000","3.5","0","0","0","2016-07-23","2016-07-23","","2016-07-23 12:20:47","28","2016-07-23 12:20:47","28","1","1","0"),
("52620","2","1","","16SO052600","1000","0.25","0","0","0","2016-07-23","2016-07-23","","2016-07-23 12:20:55","28","2016-07-23 12:20:55","28","1","1","0"),
("52621","2","1","","16SO052601","3000","0.75","0","0","0","2016-07-23","2016-07-23","","2016-07-23 12:21:16","28","2016-07-23 12:21:16","28","1","1","0"),
("52622","2","1","","16SO052602","10000","2.5","0","0","0","2016-07-23","2016-07-23","","2016-07-23 12:21:48","28","2016-07-23 12:21:48","28","1","1","0"),
("52623","2","1","","16SO052603","1000","0.25","0","0","0","2016-07-23","2016-07-23","","2016-07-23 12:23:05","28","2016-07-23 12:23:05","28","1","1","0"),
("52624","2","1","","16SO052604","4000","1","0","0","0","2016-07-23","2016-07-23","","2016-07-23 12:23:55","28","2016-07-23 12:23:55","28","1","1","0"),
("52625","2","1","","16SO052605","3700","0.925","0","0","0","2016-07-23","2016-07-23","","2016-07-23 12:24:58","28","2016-07-23 12:24:58","28","1","1","0"),
("52626","2","1","","16SO052606","2100","0.525","0","0","0","2016-07-23","2016-07-23","","2016-07-23 12:27:12","28","2016-07-23 12:27:12","28","1","1","0"),
("52627","2","1","","16SO052607","5000","1.25","0","0","0","2016-07-23","2016-07-23","","2016-07-23 12:33:05","28","2016-07-23 12:33:05","28","1","1","0"),
("52628","2","1","","16SO052608","5500","1.375","0","0","0","2016-07-23","2016-07-23","","2016-07-23 12:33:27","28","2016-07-23 12:33:27","28","1","1","0"),
("52629","2","1","","16SO052609","2000","0.5","0","0","0","2016-07-23","2016-07-23","","2016-07-23 12:34:48","28","2016-07-23 12:34:48","28","1","1","0"),
("52630","2","1","","16SO052610","17500","4.375","0","0","0","2016-07-23","2016-07-23","","2016-07-23 12:35:28","28","2016-07-23 12:35:28","28","1","1","0"),
("52631","2","1","","16SO052611","2500","0.625","0","0","0","2016-07-23","2016-07-23","","2016-07-23 12:35:43","28","2016-07-23 12:35:43","28","1","1","0"),
("52632","2","1","","16SO052612","12000","3","0","0","0","2016-07-23","2016-07-23","","2016-07-23 12:37:09","28","2016-07-23 12:37:09","28","1","1","0"),
("52633","2","1","","16SO052613","500","0.125","0","0","0","2016-07-23","2016-07-23","","2016-07-23 12:38:50","28","2016-07-23 12:38:50","28","1","1","0"),
("52634","2","1","","16SO052614","6000","1.5","0","0","0","2016-07-23","2016-07-23","","2016-07-23 12:39:54","28","2016-07-23 12:39:54","28","1","1","0"),
("52635","2","1","","16SO052615","2500","0.625","0","0","0","2016-07-23","2016-07-23","","2016-07-23 12:41:38","28","2016-07-23 12:41:38","28","1","1","0"),
("52636","2","1","","16SO052616","16000","4","0","0","0","2016-07-23","2016-07-23","","2016-07-23 12:43:27","28","2016-07-23 12:43:27","28","1","1","0"),
("52637","2","1","","16SO052617","3000","0.75","0","0","0","2016-07-23","2016-07-23","","2016-07-23 12:46:31","28","2016-07-23 12:46:31","28","1","1","0"),
("52638","2","1","","16SO052618","8700","2.175","0","0","0","2016-07-23","2016-07-23","","2016-07-23 12:47:46","28","2016-07-23 12:47:46","28","1","1","0"),
("52639","2","1","","16SO052619","10000","2.5","0","0","0","2016-07-23","2016-07-23","","2016-07-23 12:48:43","28","2016-07-23 12:48:43","28","1","1","0"),
("52640","2","1","","16SO052620","8500","2.125","0","0","0","2016-07-23","2016-07-23","","2016-07-23 12:50:37","28","2016-07-23 12:50:37","28","1","1","0"),
("52641","2","1","","16SO052621","1000","0.25","0","0","0","2016-07-23","2016-07-23","","2016-07-23 12:53:33","28","2016-07-23 12:53:33","28","1","1","0"),
("52642","2","1","","16SO052622","5000","1.25","0","0","0","2016-07-23","2016-07-23","","2016-07-23 12:54:07","28","2016-07-23 12:54:07","28","1","1","0"),
("52643","2","1","","16SO052623","11000","2.75","0","0","0","2016-07-23","2016-07-23","","2016-07-23 12:54:18","28","2016-07-23 12:54:18","28","1","1","0"),
("52644","2","1","","16SO052624","1500","0.375","0","0","0","2016-07-23","2016-07-23","","2016-07-23 12:54:35","28","2016-07-23 12:54:35","28","1","1","0"),
("52645","2","1","","16SO052625","39000","9.75","0","0","0","2016-07-23","2016-07-23","","2016-07-23 12:56:30","28","2016-07-23 12:56:30","28","1","1","0"),
("52646","2","1","","16SO052626","20500","5.125","0","0","0","2016-07-23","2016-07-23","","2016-07-23 12:57:09","28","2016-07-23 12:57:09","28","1","1","0"),
("52647","2","1","","16SO052627","12000","3","0","0","0","2016-07-23","2016-07-23","","2016-07-23 12:57:33","28","2016-07-23 12:57:33","28","1","1","0"),
("52648","2","1","","16SO052628","26000","6.5","0","0","0","2016-07-23","2016-07-23","","2016-07-23 13:00:33","28","2016-07-23 13:00:33","28","1","1","0"),
("52649","2","1","","16SO052629","500","0.125","0","0","0","2016-07-23","2016-07-23","","2016-07-23 13:05:59","28","2016-07-23 13:05:59","28","1","1","0"),
("52650","2","1","","16SO052630","2500","0.625","0","0","0","2016-07-23","2016-07-23","","2016-07-23 13:06:54","28","2016-07-23 13:06:54","28","1","1","0"),
("52651","2","1","","16SO052631","15000","3.75","0","0","0","2016-07-23","2016-07-23","","2016-07-23 13:07:41","28","2016-07-23 13:07:41","28","1","1","0"),
("52652","2","1","","16SO052632","2000","0.5","0","0","0","2016-07-23","2016-07-23","","2016-07-23 13:07:57","28","2016-07-23 13:07:57","28","1","1","0"),
("52653","2","1","","16SO052633","2000","0.5","0","0","0","2016-07-23","2016-07-23","","2016-07-23 13:08:52","28","2016-07-23 13:08:52","28","1","1","0"),
("52654","2","1","","16SO052634","3500","0.875","0","0","0","2016-07-23","2016-07-23","","2016-07-23 13:09:09","28","2016-07-23 13:09:09","28","1","1","0"),
("52655","2","1","","16SO052635","11000","2.75","0","0","0","2016-07-23","2016-07-23","","2016-07-23 13:09:29","28","2016-07-23 13:09:29","28","1","1","0"),
("52656","2","1","","16SO052636","5000","1.25","0","0","0","2016-07-23","2016-07-23","","2016-07-23 13:10:14","28","2016-07-23 13:10:14","28","1","1","0"),
("52657","2","1","","16SO052637","1500","0.375","0","0","0","2016-07-23","2016-07-23","","2016-07-23 13:11:41","28","2016-07-23 13:11:41","28","1","1","0"),
("52658","2","1","","16SO052638","2500","0.625","0","0","0","2016-07-23","2016-07-23","","2016-07-23 13:12:03","28","2016-07-23 13:12:03","28","1","1","0"),
("52659","2","1","","16SO052639","10000","2.5","0","0","0","2016-07-23","2016-07-23","","2016-07-23 13:12:17","28","2016-07-23 13:12:17","28","1","1","0"),
("52660","2","1","","16SO052640","5000","1.25","0","0","0","2016-07-23","2016-07-23","","2016-07-23 13:12:27","28","2016-07-23 13:12:27","28","1","1","0"),
("52661","2","1","","16SO052641","1500","0.375","0","0","0","2016-07-23","2016-07-23","","2016-07-23 13:12:37","28","2016-07-23 13:12:37","28","1","1","0"),
("52662","2","","167","16SO052642","40000","10","0","0","0","2016-07-23","2016-07-23","","2016-07-23 13:13:14","28","2016-07-23 13:13:14","28","1","0","1"),
("52663","2","1","","16SO052643","10500","2.625","0","0","0","2016-07-23","2016-07-23","","2016-07-23 13:14:16","28","2016-07-23 13:14:16","28","1","1","0"),
("52664","2","1","","16SO052644","29000","7.25","0","0","0","2016-07-23","2016-07-23","","2016-07-23 13:15:17","28","2016-07-23 13:15:17","28","1","1","0"),
("52665","2","1","","16SO052645","14000","3.5","0","0","0","2016-07-23","2016-07-23","","2016-07-23 13:15:39","28","2016-07-23 13:15:39","28","1","1","0"),
("52666","2","1","","16SO052646","28000","7","0","0","0","2016-07-23","2016-07-23","","2016-07-23 13:16:15","28","2016-07-23 13:16:15","28","1","1","0"),
("52667","2","1","","16SO052647","500","0.125","0","0","0","2016-07-23","2016-07-23","","2016-07-23 13:16:22","28","2016-07-23 13:16:22","28","1","1","0"),
("52668","2","1","","16SO052648","3500","0.875","0","0","0","2016-07-23","2016-07-23","","2016-07-23 13:16:51","28","2016-07-23 13:16:51","28","1","1","0"),
("52669","2","1","","16SO052649","2000","0.5","0","0","0","2016-07-23","2016-07-23","","2016-07-23 13:17:02","28","2016-07-23 13:17:02","28","1","1","0"),
("52670","2","1","","16SO052650","17000","4.25","0","0","0","2016-07-23","2016-07-23","","2016-07-23 13:17:22","28","2016-07-23 13:17:22","28","1","1","0"),
("52671","2","1","","16SO052651","7000","1.75","0","0","0","2016-07-23","2016-07-23","","2016-07-23 13:17:30","28","2016-07-23 13:17:30","28","1","1","0"),
("52672","2","1","","16SO052652","1000","0.25","0","0","0","2016-07-23","2016-07-23","","2016-07-23 13:17:50","28","2016-07-23 13:17:50","28","1","1","0"),
("52673","2","1","","16SO052653","5500","1.375","0","0","0","2016-07-23","2016-07-23","","2016-07-23 13:17:58","28","2016-07-23 13:17:58","28","1","1","0"),
("52674","2","1","","16SO052654","4000","1","0","0","0","2016-07-23","2016-07-23","","2016-07-23 13:18:26","28","2016-07-23 13:18:26","28","1","1","0"),
("52675","2","1","","16SO052655","7500","1.875","0","0","0","2016-07-23","2016-07-23","","2016-07-23 13:18:48","28","2016-07-23 13:18:48","28","1","1","0"),
("52676","2","1","","16SO052656","5000","1.25","0","0","0","2016-07-23","2016-07-23","","2016-07-23 13:19:39","28","2016-07-23 13:19:39","28","1","1","0"),
("52677","2","1","","16SO052657","15000","3.75","0","0","0","2016-07-23","2016-07-23","","2016-07-23 13:19:51","28","2016-07-23 13:19:51","28","1","1","0"),
("52678","2","1","","16SO052658","5000","1.25","0","0","0","2016-07-23","2016-07-23","","2016-07-23 13:20:00","28","2016-07-23 13:20:00","28","1","1","0"),
("52679","2","1","","16SO052659","2000","0.5","0","0","0","2016-07-23","2016-07-23","","2016-07-23 13:20:15","28","2016-07-23 13:20:15","28","1","1","0"),
("52680","2","1","","16SO052660","5000","1.25","0","0","0","2016-07-23","2016-07-23","","2016-07-23 13:20:52","28","2016-07-23 13:20:52","28","1","1","0"),
("52681","2","1","","16SO052661","4000","1","0","0","0","2016-07-23","2016-07-23","","2016-07-23 13:21:02","28","2016-07-23 13:21:02","28","1","1","0"),
("52682","2","1","","16SO052662","3000","0.75","0","0","0","2016-07-23","2016-07-23","","2016-07-23 13:25:11","28","2016-07-23 13:25:11","28","1","1","0"),
("52683","2","1","","16SO052663","1000","0.25","0","0","0","2016-07-23","2016-07-23","","2016-07-23 13:26:43","28","2016-07-23 13:26:43","28","1","1","0"),
("52684","2","1","","16SO052664","5500","1.375","0","0","0","2016-07-23","2016-07-23","","2016-07-23 13:27:34","28","2016-07-23 13:27:34","28","1","1","0"),
("52685","2","1","","16SO052665","12000","3","0","0","0","2016-07-23","2016-07-23","","2016-07-23 13:27:47","28","2016-07-23 13:27:47","28","1","1","0"),
("52686","2","1","","16SO052666","1500","0.375","0","0","0","2016-07-23","2016-07-23","","2016-07-23 13:28:14","28","2016-07-23 13:28:14","28","1","1","0"),
("52687","2","1","","16SO052667","5500","1.375","0","0","0","2016-07-23","2016-07-23","","2016-07-23 13:31:01","28","2016-07-23 13:31:01","28","1","1","0"),
("52688","2","1","","16SO052668","7000","1.75","0","0","0","2016-07-23","2016-07-23","","2016-07-23 13:34:51","26","2016-07-23 13:34:51","26","1","1","0"),
("52689","2","1","","16SO052669","4000","1","0","0","0","2016-07-23","2016-07-23","","2016-07-23 13:36:31","26","2016-07-23 13:36:31","26","1","1","0"),
("52690","2","1","","16SO052670","13000","3.25","0","0","0","2016-07-23","2016-07-23","","2016-07-23 13:40:52","26","2016-07-23 13:40:52","26","1","1","0"),
("52691","2","1","","16SO052671","45000","11.25","0","0","0","2016-07-23","2016-07-23","","2016-07-23 13:45:49","26","2016-07-23 13:45:49","26","1","1","0"),
("52692","2","1","","16SO052672","2500","0.625","0","0","0","2016-07-23","2016-07-23","","2016-07-23 13:46:06","26","2016-07-23 13:46:06","26","1","1","0"),
("52693","2","1","","16SO052673","66500","16.625","0","0","0","2016-07-23","2016-07-23","","2016-07-23 13:48:08","26","2016-07-23 13:48:08","26","1","1","0"),
("52694","2","1","","16SO052674","5000","1.25","0","0","0","2016-07-23","2016-07-23","","2016-07-23 13:50:23","26","2016-07-23 13:50:23","26","1","1","0"),
("52695","2","1","","16SO052675","15500","3.875","0","0","0","2016-07-23","2016-07-23","","2016-07-23 13:50:25","32","2016-07-23 13:50:25","32","1","1","0"),
("52696","2","1","","16SO052676","1000","0.25","0","0","0","2016-07-23","2016-07-23","","2016-07-23 13:50:40","26","2016-07-23 13:50:40","26","1","1","0"),
("52697","2","1","","16SO052677","6500","1.625","0","0","0","2016-07-23","2016-07-23","","2016-07-23 13:54:09","26","2016-07-23 13:54:09","26","1","1","0"),
("52698","2","1","","16SO052678","3000","0.75","0","0","0","2016-07-23","2016-07-23","","2016-07-23 13:54:43","26","2016-07-23 13:54:43","26","1","1","0"),
("52699","2","1","","16SO052679","6500","1.625","0","0","0","2016-07-23","2016-07-23","","2016-07-23 13:54:54","26","2016-07-23 13:54:54","26","1","1","0"),
("52700","2","1","","16SO052680","16000","4","0","0","0","2016-07-23","2016-07-23","","2016-07-23 13:55:44","32","2016-07-23 13:55:44","32","1","1","0"),
("52701","2","1","","16SO052681","1000","0.25","0","0","0","2016-07-23","2016-07-23","","2016-07-23 14:00:16","32","2016-07-23 14:00:16","32","1","1","0"),
("52702","2","1","","16SO052682","9000","2.25","0","0","0","2016-07-23","2016-07-23","","2016-07-23 14:03:41","32","2016-07-23 14:03:41","32","1","1","0"),
("52703","2","1","","16SO052683","23000","5.75","0","0","0","2016-07-23","2016-07-23","","2016-07-23 14:04:22","26","2016-07-23 14:04:22","26","1","1","0"),
("52704","2","1","","16SO052684","19000","4.75","0","0","0","2016-07-23","2016-07-23","","2016-07-23 14:05:06","32","2016-07-23 14:05:06","32","1","1","0"),
("52705","2","1","","16SO052685","500","0.125","0","0","0","2016-07-23","2016-07-23","","2016-07-23 14:05:13","26","2016-07-23 14:05:13","26","1","1","0"),
("52706","2","1","","16SO052686","700","0.175","0","0","0","2016-07-23","2016-07-23","","2016-07-23 14:05:57","32","2016-07-23 14:05:57","32","1","1","0"),
("52707","2","1","","16SO052687","8500","2.125","0","0","0","2016-07-23","2016-07-23","","2016-07-23 14:06:17","32","2016-07-23 14:06:17","32","1","1","0"),
("52708","2","1","","16SO052688","1000","0.25","0","0","0","2016-07-23","2016-07-23","","2016-07-23 14:06:38","32","2016-07-23 14:06:38","32","1","1","0"),
("52709","2","1","","16SO052689","2000","0.5","0","0","0","2016-07-23","2016-07-23","","2016-07-23 14:07:09","32","2016-07-23 14:07:09","32","1","1","0"),
("52710","2","1","","16SO052690","2500","0.625","0","0","0","2016-07-23","2016-07-23","","2016-07-23 14:07:29","32","2016-07-23 14:07:29","32","1","1","0"),
("52711","2","1","","16SO052691","9500","2.375","0","0","0","2016-07-23","2016-07-23","","2016-07-23 14:07:35","26","2016-07-23 14:07:35","26","1","1","0"),
("52712","2","1","","16SO052692","3000","0.75","0","0","0","2016-07-23","2016-07-23","","2016-07-23 14:07:41","32","2016-07-23 14:07:41","32","1","1","0"),
("52713","2","1","","16SO052693","1500","0.375","0","0","0","2016-07-23","2016-07-23","","2016-07-23 14:07:45","26","2016-07-23 14:07:45","26","1","1","0"),
("52714","2","1","","16SO052694","1400","0.35","0","0","0","2016-07-23","2016-07-23","","2016-07-23 14:08:05","32","2016-07-23 14:08:05","32","1","1","0"),
("52715","2","1","","16SO052695","5500","1.375","0","0","0","2016-07-23","2016-07-23","","2016-07-23 14:08:08","26","2016-07-23 14:08:08","26","1","1","0"),
("52716","2","1","","16SO052696","500","0.125","0","0","0","2016-07-23","2016-07-23","","2016-07-23 14:08:52","32","2016-07-23 14:08:52","32","1","1","0"),
("52717","2","1","","16SO052697","500","0.125","0","0","0","2016-07-23","2016-07-23","","2016-07-23 14:10:00","32","2016-07-23 14:10:00","32","1","1","0"),
("52718","2","1","","16SO052698","2000","0.5","0","0","0","2016-07-23","2016-07-23","","2016-07-23 14:11:51","32","2016-07-23 14:11:51","32","1","1","0"),
("52719","2","1","","16SO052699","1500","0.375","0","0","0","2016-07-23","2016-07-23","","2016-07-23 14:12:38","32","2016-07-23 14:12:38","32","1","1","0"),
("52720","2","1","","16SO052700","13000","3.25","0","0","0","2016-07-23","2016-07-23","","2016-07-23 14:15:39","32","2016-07-23 14:15:39","32","1","1","0"),
("52721","2","1","","16SO052701","33500","8.375","0","0","0","2016-07-23","2016-07-23","","2016-07-23 14:15:40","26","2016-07-23 14:15:40","26","1","1","0"),
("52722","2","1","","16SO052702","2500","0.625","0","0","0","2016-07-23","2016-07-23","","2016-07-23 14:15:58","32","2016-07-23 14:15:58","32","1","1","0"),
("52723","2","1","","16SO052703","2500","0.625","0","0","0","2016-07-23","2016-07-23","","2016-07-23 14:17:58","26","2016-07-23 14:17:58","26","1","1","0"),
("52724","2","1","","16SO052704","5000","1.25","0","0","0","2016-07-23","2016-07-23","","2016-07-23 14:18:08","32","2016-07-23 14:18:08","32","1","1","0"),
("52725","2","1","","16SO052705","2000","0.5","0","0","0","2016-07-23","2016-07-23","","2016-07-23 14:19:31","26","2016-07-23 14:19:31","26","1","1","0"),
("52726","2","1","","16SO052706","5000","1.25","0","0","0","2016-07-23","2016-07-23","","2016-07-23 14:20:08","26","2016-07-23 14:20:08","26","1","1","0"),
("52727","2","1","","16SO052707","1000","0.25","0","0","0","2016-07-23","2016-07-23","","2016-07-23 14:21:21","32","2016-07-23 14:21:21","32","1","1","0"),
("52728","2","1","","16SO052708","5000","1.25","0","0","0","2016-07-23","2016-07-23","","2016-07-23 14:21:35","26","2016-07-23 14:21:35","26","1","1","0"),
("52729","2","1","","16SO052709","3000","0.75","0","0","0","2016-07-23","2016-07-23","","2016-07-23 14:23:01","26","2016-07-23 14:23:01","26","1","1","0"),
("52730","2","1","","16SO052710","3500","0.875","0","0","0","2016-07-23","2016-07-23","","2016-07-23 14:23:37","26","2016-07-23 14:23:37","26","1","1","0"),
("52731","2","1","","16SO052711","2500","0.625","0","0","0","2016-07-23","2016-07-23","","2016-07-23 14:24:38","26","2016-07-23 14:24:38","26","1","1","0"),
("52732","2","1","","16SO052712","18000","4.5","0","0","0","2016-07-23","2016-07-23","","2016-07-23 14:24:58","32","2016-07-23 14:24:58","32","1","1","0"),
("52733","2","1","","16SO052713","2000","0.5","0","0","0","2016-07-23","2016-07-23","","2016-07-23 14:25:51","32","2016-07-23 14:25:51","32","1","1","0"),
("52734","2","1","","16SO052714","1400","0.35","0","0","0","2016-07-23","2016-07-23","","2016-07-23 14:26:59","32","2016-07-23 14:26:59","32","1","1","0"),
("52735","2","1","","16SO052715","5500","1.375","0","0","0","2016-07-23","2016-07-23","","2016-07-23 14:29:03","26","2016-07-23 14:29:03","26","1","1","0"),
("52736","2","1","","16SO052716","7000","1.75","0","0","0","2016-07-23","2016-07-23","","2016-07-23 14:29:21","32","2016-07-23 14:29:21","32","1","1","0"),
("52737","2","1","","16SO052717","15000","3.75","0","0","0","2016-07-23","2016-07-23","","2016-07-23 14:30:09","32","2016-07-23 14:30:09","32","1","1","0"),
("52738","2","1","","16SO052718","1500","0.375","0","0","0","2016-07-23","2016-07-23","","2016-07-23 14:30:17","32","2016-07-23 14:30:17","32","1","1","0"),
("52739","2","1","","16SO052719","12500","3.125","0","0","0","2016-07-23","2016-07-23","","2016-07-23 14:31:16","26","2016-07-23 14:31:16","26","1","1","0"),
("52740","2","1","","16SO052720","6000","1.5","0","0","0","2016-07-23","2016-07-23","","2016-07-23 14:32:33","32","2016-07-23 14:32:33","32","1","1","0"),
("52741","2","1","","16SO052721","1000","0.25","0","0","0","2016-07-23","2016-07-23","","2016-07-23 14:34:28","32","2016-07-23 14:34:28","32","1","1","0"),
("52742","2","1","","16SO052722","1000","0.25","0","0","0","2016-07-23","2016-07-23","","2016-07-23 14:36:23","32","2016-07-23 14:36:23","32","1","1","0"),
("52743","2","1","","16SO052723","1500","0.375","0","0","0","2016-07-23","2016-07-23","","2016-07-23 14:36:37","32","2016-07-23 14:36:37","32","1","1","0"),
("52744","2","1","","16SO052724","500","0.125","0","0","0","2016-07-23","2016-07-23","","2016-07-23 14:37:43","26","2016-07-23 14:37:43","26","1","1","0"),
("52745","2","1","","16SO052725","10000","2.5","0","0","0","2016-07-23","2016-07-23","","2016-07-23 14:38:05","32","2016-07-23 14:38:05","32","1","1","0"),
("52746","2","1","","16SO052726","5000","1.25","0","0","0","2016-07-23","2016-07-23","","2016-07-23 14:38:09","26","2016-07-23 14:38:09","26","1","1","0"),
("52747","2","1","","16SO052727","500","0.125","0","0","0","2016-07-23","2016-07-23","","2016-07-23 14:38:39","32","2016-07-23 14:38:39","32","1","1","0"),
("52748","2","1","","16SO052728","4000","1","0","0","0","2016-07-23","2016-07-23","","2016-07-23 14:39:23","26","2016-07-23 14:39:23","26","1","1","0"),
("52749","2","1","","16SO052729","3000","0.75","0","0","0","2016-07-23","2016-07-23","","2016-07-23 14:41:17","26","2016-07-23 14:41:17","26","1","1","0"),
("52750","2","1","","16SO052730","10000","2.5","0","0","0","2016-07-23","2016-07-23","","2016-07-23 14:45:25","32","2016-07-23 14:45:25","32","1","1","0"),
("52751","2","1","","16SO052731","1500","0.375","0","0","0","2016-07-23","2016-07-23","","2016-07-23 14:51:41","32","2016-07-23 14:51:41","32","1","1","0"),
("52752","2","1","","16SO052732","4000","1","0","0","0","2016-07-23","2016-07-23","","2016-07-23 14:54:02","26","2016-07-23 14:54:02","26","1","1","0"),
("52753","2","1","","16SO052733","2000","0.5","0","0","0","2016-07-23","2016-07-23","","2016-07-23 14:54:42","26","2016-07-23 14:54:42","26","1","1","0"),
("52754","2","1","","16SO052734","5000","1.25","0","0","0","2016-07-23","2016-07-23","","2016-07-23 14:57:02","32","2016-07-23 14:57:02","32","1","1","0"),
("52755","2","1","","16SO052735","1500","0.375","0","0","0","2016-07-23","2016-07-23","","2016-07-23 14:59:24","26","2016-07-23 14:59:24","26","1","1","0");

INSERT INTO sales_order_details VALUES("69808","52599","0","2228","4","1","1","500","2000","","","0","0","2016-07-23 12:00:20","2016-07-23 12:00:20"),
("69809","52600","0","2229","10","1","1","700","7000","","","0","0","2016-07-23 12:01:33","2016-07-23 12:01:33"),
("69810","52601","0","2110","1","1","1","2500","2500","","","0","0","2016-07-23 12:05:49","2016-07-23 12:05:49"),
("69811","52601","0","2076","3","1","1","2000","6000","","","0","0","2016-07-23 12:05:49","2016-07-23 12:05:49"),
("69812","52601","0","2088","1","1","1","5000","5000","","","0","0","2016-07-23 12:05:49","2016-07-23 12:05:49"),
("69813","52601","0","2121","2","1","1","13000","26000","","","0","0","2016-07-23 12:05:49","2016-07-23 12:05:49"),
("69814","52602","0","2064","1","1","1","2000","2000","","","0","0","2016-07-23 12:06:22","2016-07-23 12:06:22"),
("69815","52602","0","2118","1","1","1","6500","6500","","","0","0","2016-07-23 12:06:22","2016-07-23 12:06:22"),
("69816","52603","0","2228","10","1","1","500","5000","","","0","0","2016-07-23 12:06:36","2016-07-23 12:06:36"),
("69817","52604","0","2125","2","1","1","1000","2000","","","0","0","2016-07-23 12:07:21","2016-07-23 12:07:21"),
("69818","52605","0","2228","4","1","1","500","2000","","","0","0","2016-07-23 12:07:52","2016-07-23 12:07:52"),
("69819","52606","0","2095","1","1","1","4000","4000","","","0","0","2016-07-23 12:09:59","2016-07-23 12:09:59"),
("69820","52607","0","2228","5","1","1","500","2500","","","0","0","2016-07-23 12:10:25","2016-07-23 12:10:25"),
("69821","52608","0","2229","5","1","1","700","3500","","","0","0","2016-07-23 12:11:17","2016-07-23 12:11:17"),
("69822","52609","0","2231","1","1","1","1500","1500","","","0","0","2016-07-23 12:11:49","2016-07-23 12:11:49"),
("69823","52610","0","2146","1","1","1","3500","3500","","","0","0","2016-07-23 12:13:45","2016-07-23 12:13:45"),
("69824","52610","0","2229","10","1","1","700","7000","","","0","0","2016-07-23 12:13:45","2016-07-23 12:13:45"),
("69825","52610","0","2107","2","1","1","6000","12000","","","0","0","2016-07-23 12:13:45","2016-07-23 12:13:45"),
("69826","52611","0","2228","2","1","1","500","1000","","","0","0","2016-07-23 12:14:08","2016-07-23 12:14:08"),
("69827","52612","0","2228","4","1","1","500","2000","","","0","0","2016-07-23 12:14:34","2016-07-23 12:14:34"),
("69828","52613","0","2104","1","1","1","5500","5500","","","0","0","2016-07-23 12:15:09","2016-07-23 12:15:09"),
("69829","52614","0","2095","1","1","1","4000","4000","","","0","0","2016-07-23 12:16:05","2016-07-23 12:16:05"),
("69830","52615","0","2197","1","1","1","2500","2500","","","0","0","2016-07-23 12:16:38","2016-07-23 12:16:38"),
("69831","52616","0","2228","4","1","1","500","2000","","","0","0","2016-07-23 12:17:01","2016-07-23 12:17:01"),
("69832","52617","0","2250","1","1","1","500","500","","","0","0","2016-07-23 12:17:11","2016-07-23 12:17:11"),
("69833","52618","0","2140","1","1","1","40000","40000","","","0","0","2016-07-23 12:19:47","2016-07-23 12:19:47"),
("69834","52619","0","2235","1","1","1","2500","2500","","","0","0","2016-07-23 12:20:47","2016-07-23 12:20:47"),
("69835","52619","0","2146","1","1","1","3500","3500","","","0","0","2016-07-23 12:20:47","2016-07-23 12:20:47"),
("69836","52619","0","2228","10","1","1","500","5000","","","0","0","2016-07-23 12:20:47","2016-07-23 12:20:47"),
("69837","52619","0","2164","1","1","1","3000","3000","","","0","0","2016-07-23 12:20:47","2016-07-23 12:20:47"),
("69838","52620","0","2228","2","1","1","500","1000","","","0","0","2016-07-23 12:20:55","2016-07-23 12:20:55"),
("69839","52621","0","2231","2","1","1","1500","3000","","","0","0","2016-07-23 12:21:16","2016-07-23 12:21:16"),
("69840","52622","0","2231","3","1","1","1500","4500","","","0","0","2016-07-23 12:21:48","2016-07-23 12:21:48"),
("69841","52622","0","2164","1","1","1","3000","3000","","","0","0","2016-07-23 12:21:48","2016-07-23 12:21:48"),
("69842","52622","0","2090","1","1","1","2500","2500","","","0","0","2016-07-23 12:21:48","2016-07-23 12:21:48"),
("69843","52623","0","2228","2","1","1","500","1000","","","0","0","2016-07-23 12:23:05","2016-07-23 12:23:05"),
("69844","52624","0","2075","1","1","1","1500","1500","","","0","0","2016-07-23 12:23:55","2016-07-23 12:23:55"),
("69845","52624","0","2235","1","1","1","2500","2500","","","0","0","2016-07-23 12:23:55","2016-07-23 12:23:55"),
("69846","52625","0","2166","1","1","1","700","700","","","0","0","2016-07-23 12:24:58","2016-07-23 12:24:58"),
("69847","52625","0","2231","2","1","1","1500","3000","","","0","0","2016-07-23 12:24:58","2016-07-23 12:24:58"),
("69848","52626","0","2229","3","1","1","700","2100","","","0","0","2016-07-23 12:27:12","2016-07-23 12:27:12"),
("69849","52627","0","2067","2","1","1","1000","2000","","","0","0","2016-07-23 12:33:05","2016-07-23 12:33:05"),
("69850","52627","0","2071","2","1","1","1000","2000","","","0","0","2016-07-23 12:33:05","2016-07-23 12:33:05"),
("69851","52627","0","2070","1","1","1","1000","1000","","","0","0","2016-07-23 12:33:05","2016-07-23 12:33:05"),
("69852","52628","0","2172","1","1","1","2500","2500","","","0","0","2016-07-23 12:33:27","2016-07-23 12:33:27"),
("69853","52628","0","2065","2","1","1","1000","2000","","","0","0","2016-07-23 12:33:27","2016-07-23 12:33:27"),
("69854","52628","0","2070","1","1","1","1000","1000","","","0","0","2016-07-23 12:33:27","2016-07-23 12:33:27"),
("69855","52629","0","2231","1","1","1","1500","1500","","","0","0","2016-07-23 12:34:48","2016-07-23 12:34:48"),
("69856","52629","0","2228","1","1","1","500","500","","","0","0","2016-07-23 12:34:48","2016-07-23 12:34:48"),
("69857","52630","0","2116","1","1","1","7500","7500","","","0","0","2016-07-23 12:35:28","2016-07-23 12:35:28"),
("69858","52630","0","2228","20","1","1","500","10000","","","0","0","2016-07-23 12:35:28","2016-07-23 12:35:28"),
("69859","52631","0","2228","5","1","1","500","2500","","","0","0","2016-07-23 12:35:43","2016-07-23 12:35:43"),
("69860","52632","0","2133","2","1","1","6000","12000","","","0","0","2016-07-23 12:37:09","2016-07-23 12:37:09"),
("69861","52633","0","2228","1","1","1","500","500","","","0","0","2016-07-23 12:38:51","2016-07-23 12:38:51"),
("69862","52634","0","2228","4","1","1","500","2000","","","0","0","2016-07-23 12:39:54","2016-07-23 12:39:54"),
("69863","52634","0","2095","1","1","1","4000","4000","","","0","0","2016-07-23 12:39:54","2016-07-23 12:39:54"),
("69864","52635","0","2228","5","1","1","500","2500","","","0","0","2016-07-23 12:41:38","2016-07-23 12:41:38"),
("69865","52636","0","2250","2","1","1","500","1000","","","0","0","2016-07-23 12:43:27","2016-07-23 12:43:27"),
("69866","52636","0","2231","10","1","1","1500","15000","","","0","0","2016-07-23 12:43:27","2016-07-23 12:43:27"),
("69867","52637","0","2241","1","1","1","3000","3000","","","0","0","2016-07-23 12:46:31","2016-07-23 12:46:31"),
("69868","52638","0","2125","1","1","1","1000","1000","","","0","0","2016-07-23 12:47:47","2016-07-23 12:47:47"),
("69869","52638","0","2229","1","1","1","700","700","","","0","0","2016-07-23 12:47:47","2016-07-23 12:47:47"),
("69870","52638","0","2231","1","1","1","1500","1500","","","0","0","2016-07-23 12:47:47","2016-07-23 12:47:47"),
("69871","52638","0","2113","1","1","1","5500","5500","","","0","0","2016-07-23 12:47:47","2016-07-23 12:47:47"),
("69872","52639","0","2240","1","1","1","5000","5000","","","0","0","2016-07-23 12:48:43","2016-07-23 12:48:43"),
("69873","52639","0","2083","2","1","1","2500","5000","","","0","0","2016-07-23 12:48:43","2016-07-23 12:48:43"),
("69874","52640","0","2146","1","1","1","3500","3500","","","0","0","2016-07-23 12:50:37","2016-07-23 12:50:37"),
("69875","52640","0","2228","10","1","1","500","5000","","","0","0","2016-07-23 12:50:37","2016-07-23 12:50:37"),
("69876","52641","0","2125","1","1","1","1000","1000","","","0","0","2016-07-23 12:53:33","2016-07-23 12:53:33"),
("69877","52642","0","2172","2","1","1","2500","5000","","","0","0","2016-07-23 12:54:07","2016-07-23 12:54:07"),
("69878","52643","0","2104","2","1","1","5500","11000","","","0","0","2016-07-23 12:54:18","2016-07-23 12:54:18"),
("69879","52644","0","2228","3","1","1","500","1500","","","0","0","2016-07-23 12:54:35","2016-07-23 12:54:35"),
("69880","52645","0","2065","10","1","1","700","7000","","","0","0","2016-07-23 12:56:30","2016-07-23 12:56:30"),
("69881","52645","0","2231","10","1","1","1200","12000","","","0","0","2016-07-23 12:56:30","2016-07-23 12:56:30"),
("69882","52645","0","2229","40","1","1","500","20000","","","0","0","2016-07-23 12:56:30","2016-07-23 12:56:30"),
("69883","52646","0","2164","1","1","1","3000","3000","","","0","0","2016-07-23 12:57:09","2016-07-23 12:57:09"),
("69884","52646","0","2229","10","1","1","700","7000","","","0","0","2016-07-23 12:57:09","2016-07-23 12:57:09"),
("69885","52646","0","2252","3","1","1","1500","4500","","","0","0","2016-07-23 12:57:09","2016-07-23 12:57:09"),
("69886","52646","0","2075","4","1","1","1500","6000","","","0","0","2016-07-23 12:57:09","2016-07-23 12:57:09"),
("69887","52647","0","2229","10","1","1","700","7000","","","0","0","2016-07-23 12:57:33","2016-07-23 12:57:33"),
("69888","52647","0","2070","3","1","1","1000","3000","","","0","0","2016-07-23 12:57:33","2016-07-23 12:57:33"),
("69889","52647","0","2065","2","1","1","1000","2000","","","0","0","2016-07-23 12:57:33","2016-07-23 12:57:33"),
("69890","52648","0","2070","3","1","1","1000","3000","","","0","0","2016-07-23 13:00:33","2016-07-23 13:00:33"),
("69891","52648","0","2240","2","1","1","5000","10000","","","0","0","2016-07-23 13:00:33","2016-07-23 13:00:33"),
("69892","52648","0","2118","2","1","1","6500","13000","","","0","0","2016-07-23 13:00:33","2016-07-23 13:00:33"),
("69893","52649","0","2228","1","1","1","500","500","","","0","0","2016-07-23 13:05:59","2016-07-23 13:05:59"),
("69894","52650","0","2228","5","1","1","500","2500","","","0","0","2016-07-23 13:06:54","2016-07-23 13:06:54"),
("69895","52651","0","2231","10","1","1","1500","15000","","","0","0","2016-07-23 13:07:41","2016-07-23 13:07:41"),
("69896","52652","0","2126","1","1","1","2000","2000","","","0","0","2016-07-23 13:07:57","2016-07-23 13:07:57"),
("69897","52653","0","2228","4","1","1","500","2000","","","0","0","2016-07-23 13:08:52","2016-07-23 13:08:52"),
("69898","52654","0","2228","7","1","1","500","3500","","","0","0","2016-07-23 13:09:10","2016-07-23 13:09:10"),
("69899","52655","0","2078","4","1","1","1500","6000","","","0","0","2016-07-23 13:09:29","2016-07-23 13:09:29"),
("69900","52655","0","2228","10","1","1","500","5000","","","0","0","2016-07-23 13:09:29","2016-07-23 13:09:29"),
("69901","52656","0","2228","10","1","1","500","5000","","","0","0","2016-07-23 13:10:14","2016-07-23 13:10:14"),
("69902","52657","0","2231","1","1","1","1500","1500","","","0","0","2016-07-23 13:11:41","2016-07-23 13:11:41"),
("69903","52658","0","2197","1","1","1","2500","2500","","","0","0","2016-07-23 13:12:03","2016-07-23 13:12:03"),
("69904","52659","0","2228","20","1","1","500","10000","","","0","0","2016-07-23 13:12:17","2016-07-23 13:12:17"),
("69905","52660","0","2228","10","1","1","500","5000","","","0","0","2016-07-23 13:12:27","2016-07-23 13:12:27"),
("69906","52661","0","2231","1","1","1","1500","1500","","","0","0","2016-07-23 13:12:37","2016-07-23 13:12:37"),
("69907","52662","0","2140","1","1","1","40000","40000","","","0","0","2016-07-23 13:13:14","2016-07-23 13:13:14"),
("69908","52663","0","2197","1","1","1","2500","2500","","","0","0","2016-07-23 13:14:16","2016-07-23 13:14:16"),
("69909","52663","0","2231","1","1","1","1500","1500","","","0","0","2016-07-23 13:14:16","2016-07-23 13:14:16"),
("69910","52663","0","2228","13","1","1","500","6500","","","0","0","2016-07-23 13:14:16","2016-07-23 13:14:16"),
("69911","52664","0","2235","8","1","1","2500","20000","","","0","0","2016-07-23 13:15:17","2016-07-23 13:15:17"),
("69912","52664","0","2226","3","1","1","3000","9000","","","0","0","2016-07-23 13:15:17","2016-07-23 13:15:17"),
("69913","52665","0","2166","20","1","1","700","14000","","","0","0","2016-07-23 13:15:39","2016-07-23 13:15:39"),
("69914","52666","0","2104","1","1","1","5500","5500","","","0","0","2016-07-23 13:16:15","2016-07-23 13:16:15"),
("69915","52666","0","2065","2","1","1","1000","2000","","","0","0","2016-07-23 13:16:15","2016-07-23 13:16:15"),
("69916","52666","0","2110","1","1","1","2500","2500","","","0","0","2016-07-23 13:16:15","2016-07-23 13:16:15"),
("69917","52666","0","2228","10","1","1","500","5000","","","0","0","2016-07-23 13:16:15","2016-07-23 13:16:15"),
("69918","52666","0","2121","1","1","1","13000","13000","","","0","0","2016-07-23 13:16:15","2016-07-23 13:16:15"),
("69919","52667","0","2250","1","1","1","500","500","","","0","0","2016-07-23 13:16:22","2016-07-23 13:16:22"),
("69920","52668","0","2250","2","1","1","500","1000","","","0","0","2016-07-23 13:16:51","2016-07-23 13:16:51"),
("69921","52668","0","2197","1","1","1","2500","2500","","","0","0","2016-07-23 13:16:51","2016-07-23 13:16:51"),
("69922","52669","0","2064","1","1","1","2000","2000","","","0","0","2016-07-23 13:17:02","2016-07-23 13:17:02"),
("69923","52670","0","2166","10","1","1","700","7000","","","0","0","2016-07-23 13:17:22","2016-07-23 13:17:22"),
("69924","52670","0","2240","2","1","1","5000","10000","","","0","0","2016-07-23 13:17:22","2016-07-23 13:17:22"),
("69925","52671","0","2166","10","1","1","700","7000","","","0","0","2016-07-23 13:17:31","2016-07-23 13:17:31"),
("69926","52672","0","2250","2","1","1","500","1000","","","0","0","2016-07-23 13:17:50","2016-07-23 13:17:50"),
("69927","52673","0","2228","5","1","1","500","2500","","","0","0","2016-07-23 13:17:58","2016-07-23 13:17:58"),
("69928","52673","0","2231","2","1","1","1500","3000","","","0","0","2016-07-23 13:17:58","2016-07-23 13:17:58"),
("69929","52674","0","2250","2","1","1","500","1000","","","0","0","2016-07-23 13:18:26","2016-07-23 13:18:26"),
("69930","52674","0","2231","2","1","1","1500","3000","","","0","0","2016-07-23 13:18:27","2016-07-23 13:18:27"),
("69931","52675","0","2231","5","1","1","1500","7500","","","0","0","2016-07-23 13:18:48","2016-07-23 13:18:48"),
("69932","52676","0","2240","1","1","1","5000","5000","","","0","0","2016-07-23 13:19:39","2016-07-23 13:19:39"),
("69933","52677","0","2231","10","1","1","1500","15000","","","0","0","2016-07-23 13:19:51","2016-07-23 13:19:51"),
("69934","52678","0","2240","1","1","1","5000","5000","","","0","0","2016-07-23 13:20:00","2016-07-23 13:20:00"),
("69935","52679","0","2125","2","1","1","1000","2000","","","0","0","2016-07-23 13:20:16","2016-07-23 13:20:16"),
("69936","52680","0","2103","1","1","1","5000","5000","","","0","0","2016-07-23 13:20:53","2016-07-23 13:20:53"),
("69937","52681","0","2076","2","1","1","2000","4000","","","0","0","2016-07-23 13:21:02","2016-07-23 13:21:02"),
("69938","52682","0","2228","6","1","1","500","3000","","","0","0","2016-07-23 13:25:11","2016-07-23 13:25:11"),
("69939","52683","0","2250","2","1","1","500","1000","","","0","0","2016-07-23 13:26:43","2016-07-23 13:26:43"),
("69940","52684","0","2104","1","1","1","5500","5500","","","0","0","2016-07-23 13:27:34","2016-07-23 13:27:34"),
("69941","52685","0","2166","10","1","1","700","7000","","","0","0","2016-07-23 13:27:47","2016-07-23 13:27:47"),
("69942","52685","0","2228","10","1","1","500","5000","","","0","0","2016-07-23 13:27:47","2016-07-23 13:27:47"),
("69943","52686","0","2075","1","1","1","1500","1500","","","0","0","2016-07-23 13:28:14","2016-07-23 13:28:14"),
("69944","52687","0","2240","1","1","1","5000","5000","","","0","0","2016-07-23 13:31:02","2016-07-23 13:31:02"),
("69945","52687","0","2250","1","1","1","500","500","","","0","0","2016-07-23 13:31:02","2016-07-23 13:31:02"),
("69946","52688","0","2166","10","1","1","700","7000","","","0","0","2016-07-23 13:34:51","2016-07-23 13:34:51"),
("69947","52689","0","2126","1","1","1","2000","2000","","","0","0","2016-07-23 13:36:31","2016-07-23 13:36:31"),
("69948","52689","0","2064","1","1","1","2000","2000","","","0","0","2016-07-23 13:36:31","2016-07-23 13:36:31"),
("69949","52690","0","2118","2","1","1","6500","13000","","","0","0","2016-07-23 13:40:52","2016-07-23 13:40:52"),
("69950","52691","0","2065","10","1","1","700","7000","","","0","0","2016-07-23 13:45:49","2016-07-23 13:45:49"),
("69951","52691","0","2231","15","1","1","1200","18000","","","0","0","2016-07-23 13:45:49","2016-07-23 13:45:49"),
("69952","52691","0","2229","40","1","1","500","20000","","","0","0","2016-07-23 13:45:49","2016-07-23 13:45:49"),
("69953","52692","0","2231","1","1","1","1500","1500","","","0","0","2016-07-23 13:46:06","2016-07-23 13:46:06"),
("69954","52692","0","2228","2","1","1","500","1000","","","0","0","2016-07-23 13:46:06","2016-07-23 13:46:06"),
("69955","52693","0","2118","1","1","1","6500","6500","","","0","0","2016-07-23 13:48:08","2016-07-23 13:48:08"),
("69956","52693","0","2141","1","1","1","60000","60000","","","0","0","2016-07-23 13:48:08","2016-07-23 13:48:08"),
("69957","52694","0","2228","10","1","1","500","5000","","","0","0","2016-07-23 13:50:23","2016-07-23 13:50:23"),
("69958","52695","0","2111","1","1","1","3000","3000","","","0","0","2016-07-23 13:50:25","2016-07-23 13:50:25"),
("69959","52695","0","2110","5","1","1","2500","12500","","","0","0","2016-07-23 13:50:25","2016-07-23 13:50:25"),
("69960","52696","0","2232","1","1","1","1000","1000","","","0","0","2016-07-23 13:50:40","2016-07-23 13:50:40"),
("69961","52697","0","2255","6","1","1","500","3000","","","0","0","2016-07-23 13:54:09","2016-07-23 13:54:09"),
("69962","52697","0","2254","7","1","1","500","3500","","","0","0","2016-07-23 13:54:09","2016-07-23 13:54:09"),
("69963","52698","0","2231","2","1","1","1500","3000","","","0","0","2016-07-23 13:54:43","2016-07-23 13:54:43"),
("69964","52699","0","2118","1","1","1","6500","6500","","","0","0","2016-07-23 13:54:54","2016-07-23 13:54:54"),
("69965","52700","0","2102","1","1","1","5000","5000","","","0","0","2016-07-23 13:55:44","2016-07-23 13:55:44"),
("69966","52700","0","2075","2","1","1","1500","3000","","","0","0","2016-07-23 13:55:44","2016-07-23 13:55:44"),
("69967","52700","0","2074","2","1","1","1500","3000","","","0","0","2016-07-23 13:55:44","2016-07-23 13:55:44"),
("69968","52700","0","2073","5","1","1","1000","5000","","","0","0","2016-07-23 13:55:44","2016-07-23 13:55:44"),
("69969","52701","0","2228","2","1","1","500","1000","","","0","0","2016-07-23 14:00:16","2016-07-23 14:00:16"),
("69970","52702","0","2231","4","1","1","1500","6000","","","0","0","2016-07-23 14:03:41","2016-07-23 14:03:41"),
("69971","52702","0","2093","1","1","1","3000","3000","","","0","0","2016-07-23 14:03:41","2016-07-23 14:03:41"),
("69972","52703","0","2135","1","1","1","12000","12000","","","0","0","2016-07-23 14:04:22","2016-07-23 14:04:22"),
("69973","52703","0","2231","2","1","1","1500","3000","","","0","0","2016-07-23 14:04:22","2016-07-23 14:04:22"),
("69974","52703","0","2164","1","1","1","3000","3000","","","0","0","2016-07-23 14:04:22","2016-07-23 14:04:22"),
("69975","52703","0","2240","1","1","1","5000","5000","","","0","0","2016-07-23 14:04:22","2016-07-23 14:04:22"),
("69976","52704","0","2163","1","1","1","2500","2500","","","0","0","2016-07-23 14:05:06","2016-07-23 14:05:06"),
("69977","52704","0","2172","1","1","1","2500","2500","","","0","0","2016-07-23 14:05:06","2016-07-23 14:05:06"),
("69978","52704","0","2166","10","1","1","700","7000","","","0","0","2016-07-23 14:05:06","2016-07-23 14:05:06"),
("69979","52704","0","2229","10","1","1","700","7000","","","0","0","2016-07-23 14:05:06","2016-07-23 14:05:06"),
("69980","52705","0","2250","1","1","1","500","500","","","0","0","2016-07-23 14:05:13","2016-07-23 14:05:13"),
("69981","52706","0","2229","1","1","1","700","700","","","0","0","2016-07-23 14:05:57","2016-07-23 14:05:57"),
("69982","52707","0","2228","5","1","1","500","2500","","","0","0","2016-07-23 14:06:17","2016-07-23 14:06:17"),
("69983","52707","0","2099","3","1","1","2000","6000","","","0","0","2016-07-23 14:06:17","2016-07-23 14:06:17"),
("69984","52708","0","2228","2","1","1","500","1000","","","0","0","2016-07-23 14:06:38","2016-07-23 14:06:38"),
("69985","52709","0","2065","2","1","1","1000","2000","","","0","0","2016-07-23 14:07:09","2016-07-23 14:07:09"),
("69986","52710","0","2172","1","1","1","2500","2500","","","0","0","2016-07-23 14:07:29","2016-07-23 14:07:29"),
("69987","52711","0","2241","1","1","1","3000","3000","","","0","0","2016-07-23 14:07:35","2016-07-23 14:07:35"),
("69988","52711","0","2198","1","1","1","2500","2500","","","0","0","2016-07-23 14:07:35","2016-07-23 14:07:35"),
("69989","52711","0","2125","1","1","1","1000","1000","","","0","0","2016-07-23 14:07:35","2016-07-23 14:07:35"),
("69990","52711","0","2093","1","1","1","3000","3000","","","0","0","2016-07-23 14:07:35","2016-07-23 14:07:35"),
("69991","52712","0","2231","2","1","1","1500","3000","","","0","0","2016-07-23 14:07:41","2016-07-23 14:07:41"),
("69992","52713","0","2231","1","1","1","1500","1500","","","0","0","2016-07-23 14:07:46","2016-07-23 14:07:46"),
("69993","52714","0","2229","2","1","1","700","1400","","","0","0","2016-07-23 14:08:05","2016-07-23 14:08:05"),
("69994","52715","0","2173","1","1","1","5500","5500","","","0","0","2016-07-23 14:08:08","2016-07-23 14:08:08"),
("69995","52716","0","2228","1","1","1","500","500","","","0","0","2016-07-23 14:08:52","2016-07-23 14:08:52"),
("69996","52717","0","2228","1","1","1","500","500","","","0","0","2016-07-23 14:10:00","2016-07-23 14:10:00"),
("69997","52718","0","2228","4","1","1","500","2000","","","0","0","2016-07-23 14:11:51","2016-07-23 14:11:51"),
("69998","52719","0","2228","3","1","1","500","1500","","","0","0","2016-07-23 14:12:39","2016-07-23 14:12:39"),
("69999","52720","0","2121","1","1","1","13000","13000","","","0","0","2016-07-23 14:15:39","2016-07-23 14:15:39"),
("70000","52721","0","2121","1","1","1","13000","13000","","","0","0","2016-07-23 14:15:40","2016-07-23 14:15:40"),
("70001","52721","0","2064","1","1","1","2000","2000","","","0","0","2016-07-23 14:15:40","2016-07-23 14:15:40"),
("70002","52721","0","2118","2","1","1","6500","13000","","","0","0","2016-07-23 14:15:40","2016-07-23 14:15:40"),
("70003","52721","0","2104","1","1","1","5500","5500","","","0","0","2016-07-23 14:15:40","2016-07-23 14:15:40"),
("70004","52722","0","2125","1","1","1","1000","1000","","","0","0","2016-07-23 14:15:59","2016-07-23 14:15:59"),
("70005","52722","0","2231","1","1","1","1500","1500","","","0","0","2016-07-23 14:15:59","2016-07-23 14:15:59"),
("70006","52723","0","2098","1","1","1","2500","2500","","","0","0","2016-07-23 14:17:58","2016-07-23 14:17:58"),
("70007","52724","0","2228","10","1","1","500","5000","","","0","0","2016-07-23 14:18:08","2016-07-23 14:18:08"),
("70008","52725","0","2065","2","1","1","1000","2000","","","0","0","2016-07-23 14:19:31","2016-07-23 14:19:31"),
("70009","52726","0","2228","10","1","1","500","5000","","","0","0","2016-07-23 14:20:08","2016-07-23 14:20:08"),
("70010","52727","0","2228","2","1","1","500","1000","","","0","0","2016-07-23 14:21:21","2016-07-23 14:21:21"),
("70011","52728","0","2228","10","1","1","500","5000","","","0","0","2016-07-23 14:21:35","2016-07-23 14:21:35"),
("70012","52729","0","2164","1","1","1","3000","3000","","","0","0","2016-07-23 14:23:01","2016-07-23 14:23:01"),
("70013","52730","0","2125","1","1","1","1000","1000","","","0","0","2016-07-23 14:23:37","2016-07-23 14:23:37"),
("70014","52730","0","2163","1","1","1","2500","2500","","","0","0","2016-07-23 14:23:37","2016-07-23 14:23:37"),
("70015","52731","0","2090","1","1","1","2500","2500","","","0","0","2016-07-23 14:24:38","2016-07-23 14:24:38"),
("70016","52732","0","2070","2","1","1","1000","2000","","","0","0","2016-07-23 14:24:58","2016-07-23 14:24:58"),
("70017","52732","0","2071","5","1","1","1000","5000","","","0","0","2016-07-23 14:24:58","2016-07-23 14:24:58"),
("70018","52732","0","2083","2","1","1","2500","5000","","","0","0","2016-07-23 14:24:58","2016-07-23 14:24:58"),
("70019","52732","0","2231","4","1","1","1500","6000","","","0","0","2016-07-23 14:24:58","2016-07-23 14:24:58"),
("70020","52733","0","2228","4","1","1","500","2000","","","0","0","2016-07-23 14:25:51","2016-07-23 14:25:51"),
("70021","52734","0","2229","2","1","1","700","1400","","","0","0","2016-07-23 14:26:59","2016-07-23 14:26:59"),
("70022","52735","0","2231","2","1","1","1500","3000","","","0","0","2016-07-23 14:29:03","2016-07-23 14:29:03"),
("70023","52735","0","2228","5","1","1","500","2500","","","0","0","2016-07-23 14:29:03","2016-07-23 14:29:03"),
("70024","52736","0","2229","10","1","1","700","7000","","","0","0","2016-07-23 14:29:22","2016-07-23 14:29:22"),
("70025","52737","0","2231","10","1","1","1500","15000","","","0","0","2016-07-23 14:30:09","2016-07-23 14:30:09"),
("70026","52738","0","2231","1","1","1","1500","1500","","","0","0","2016-07-23 14:30:18","2016-07-23 14:30:18"),
("70027","52739","0","2228","10","1","1","500","5000","","","0","0","2016-07-23 14:31:16","2016-07-23 14:31:16"),
("70028","52739","0","2090","1","1","1","2500","2500","","","0","0","2016-07-23 14:31:17","2016-07-23 14:31:17"),
("70029","52739","0","2240","1","1","1","5000","5000","","","0","0","2016-07-23 14:31:17","2016-07-23 14:31:17"),
("70030","52740","0","2226","1","1","1","3000","3000","","","0","0","2016-07-23 14:32:33","2016-07-23 14:32:33"),
("70031","52740","0","2241","1","1","1","3000","3000","","","0","0","2016-07-23 14:32:33","2016-07-23 14:32:33"),
("70032","52741","0","2228","2","1","1","500","1000","","","0","0","2016-07-23 14:34:28","2016-07-23 14:34:28"),
("70033","52742","0","2228","2","1","1","500","1000","","","0","0","2016-07-23 14:36:23","2016-07-23 14:36:23"),
("70034","52743","0","2250","3","1","1","500","1500","","","0","0","2016-07-23 14:36:37","2016-07-23 14:36:37"),
("70035","52744","0","2250","1","1","1","500","500","","","0","0","2016-07-23 14:37:43","2016-07-23 14:37:43"),
("70036","52745","0","2228","20","1","1","500","10000","","","0","0","2016-07-23 14:38:06","2016-07-23 14:38:06"),
("70037","52746","0","2240","1","1","1","5000","5000","","","0","0","2016-07-23 14:38:09","2016-07-23 14:38:09"),
("70038","52747","0","2250","1","1","1","500","500","","","0","0","2016-07-23 14:38:39","2016-07-23 14:38:39"),
("70039","52748","0","2228","2","1","1","500","1000","","","0","0","2016-07-23 14:39:23","2016-07-23 14:39:23"),
("70040","52748","0","2226","1","1","1","3000","3000","","","0","0","2016-07-23 14:39:23","2016-07-23 14:39:23"),
("70041","52749","0","2065","3","1","1","1000","3000","","","0","0","2016-07-23 14:41:18","2016-07-23 14:41:18"),
("70042","52750","0","2240","1","1","1","5000","5000","","","0","0","2016-07-23 14:45:25","2016-07-23 14:45:25"),
("70043","52750","0","2228","10","1","1","500","5000","","","0","0","2016-07-23 14:45:25","2016-07-23 14:45:25"),
("70044","52751","0","2231","1","1","1","1500","1500","","","0","0","2016-07-23 14:51:41","2016-07-23 14:51:41"),
("70045","52752","0","2095","1","1","1","4000","4000","","","0","0","2016-07-23 14:54:02","2016-07-23 14:54:02"),
("70046","52753","0","2233","1","1","1","2000","2000","","","0","0","2016-07-23 14:54:42","2016-07-23 14:54:42"),
("70047","52754","0","2228","10","1","1","500","5000","","","0","0","2016-07-23 14:57:02","2016-07-23 14:57:02"),
("70048","52755","0","2228","3","1","1","500","1500","","","0","0","2016-07-23 14:59:24","2016-07-23 14:59:24");

INSERT INTO sales_order_receipts VALUES("52713","52599","7","16RE052711","0","2000","2000","0","2016-07-23","2016-07-23","2016-07-23 12:00:20","28","2016-07-23 12:00:20","28","1"),
("52714","52600","7","16RE052712","0","7000","7000","0","2016-07-23","2016-07-23","2016-07-23 12:01:33","28","2016-07-23 12:01:33","28","1"),
("52715","52601","7","16RE052713","0","39500","39500","0","2016-07-23","2016-07-23","2016-07-23 12:05:49","28","2016-07-23 12:05:49","28","1"),
("52716","52602","7","16RE052714","0","8500","8500","0","2016-07-23","2016-07-23","2016-07-23 12:06:22","28","2016-07-23 12:06:22","28","1"),
("52717","52603","7","16RE052715","0","5000","5000","0","2016-07-23","2016-07-23","2016-07-23 12:06:36","28","2016-07-23 12:06:36","28","1"),
("52718","52604","7","16RE052716","0","2000","2000","0","2016-07-23","2016-07-23","2016-07-23 12:07:21","28","2016-07-23 12:07:21","28","1"),
("52719","52605","7","16RE052717","0","2000","2000","0","2016-07-23","2016-07-23","2016-07-23 12:07:52","28","2016-07-23 12:07:52","28","1"),
("52720","52606","7","16RE052718","0","4000","4000","0","2016-07-23","2016-07-23","2016-07-23 12:09:59","28","2016-07-23 12:09:59","28","1"),
("52721","52607","7","16RE052719","0","2500","2500","0","2016-07-23","2016-07-23","2016-07-23 12:10:25","28","2016-07-23 12:10:25","28","1"),
("52722","52608","7","16RE052720","0","3500","3500","0","2016-07-23","2016-07-23","2016-07-23 12:11:17","28","2016-07-23 12:11:17","28","1"),
("52723","52609","7","16RE052721","0","1500","1500","0","2016-07-23","2016-07-23","2016-07-23 12:11:49","28","2016-07-23 12:11:49","28","1"),
("52724","52610","7","16RE052722","0","22500","22500","0","2016-07-23","2016-07-23","2016-07-23 12:13:45","28","2016-07-23 12:13:45","28","1"),
("52725","52611","7","16RE052723","0","1000","1000","0","2016-07-23","2016-07-23","2016-07-23 12:14:08","28","2016-07-23 12:14:08","28","1"),
("52726","52612","7","16RE052724","0","2000","2000","0","2016-07-23","2016-07-23","2016-07-23 12:14:34","28","2016-07-23 12:14:34","28","1"),
("52727","52613","7","16RE052725","0","5500","5500","0","2016-07-23","2016-07-23","2016-07-23 12:15:09","28","2016-07-23 12:15:09","28","1"),
("52728","52614","7","16RE052726","0","4000","4000","0","2016-07-23","2016-07-23","2016-07-23 12:16:05","28","2016-07-23 12:16:05","28","1"),
("52729","52615","7","16RE052727","0","2500","2500","0","2016-07-23","2016-07-23","2016-07-23 12:16:38","28","2016-07-23 12:16:38","28","1"),
("52730","52616","7","16RE052728","0","2000","2000","0","2016-07-23","2016-07-23","2016-07-23 12:17:01","28","2016-07-23 12:17:01","28","1"),
("52731","52617","7","16RE052729","0","500","500","0","2016-07-23","2016-07-23","2016-07-23 12:17:11","28","2016-07-23 12:17:11","28","1"),
("52732","52618","7","16RE052730","0","40000","40000","0","2016-07-23","2016-07-23","2016-07-23 12:19:47","28","2016-07-23 12:19:47","28","1"),
("52733","52619","7","16RE052731","0","14000","14000","0","2016-07-23","2016-07-23","2016-07-23 12:20:47","28","2016-07-23 12:20:47","28","1"),
("52734","52620","7","16RE052732","0","1000","1000","0","2016-07-23","2016-07-23","2016-07-23 12:20:55","28","2016-07-23 12:20:55","28","1"),
("52735","52621","7","16RE052733","0","3000","3000","0","2016-07-23","2016-07-23","2016-07-23 12:21:16","28","2016-07-23 12:21:16","28","1"),
("52736","52622","7","16RE052734","0","10000","10000","0","2016-07-23","2016-07-23","2016-07-23 12:21:48","28","2016-07-23 12:21:48","28","1"),
("52737","52623","7","16RE052735","0","1000","1000","0","2016-07-23","2016-07-23","2016-07-23 12:23:05","28","2016-07-23 12:23:05","28","1"),
("52738","52624","7","16RE052736","0","4000","4000","0","2016-07-23","2016-07-23","2016-07-23 12:23:55","28","2016-07-23 12:23:55","28","1"),
("52739","52625","7","16RE052737","0","3700","3700","0","2016-07-23","2016-07-23","2016-07-23 12:24:58","28","2016-07-23 12:24:58","28","1"),
("52740","52626","7","16RE052738","0","2100","2100","0","2016-07-23","2016-07-23","2016-07-23 12:27:12","28","2016-07-23 12:27:12","28","1"),
("52741","52627","7","16RE052739","0","5000","5000","0","2016-07-23","2016-07-23","2016-07-23 12:33:05","28","2016-07-23 12:33:05","28","1"),
("52742","52628","7","16RE052740","0","5500","5500","0","2016-07-23","2016-07-23","2016-07-23 12:33:27","28","2016-07-23 12:33:27","28","1"),
("52743","52629","7","16RE052741","0","2000","2000","0","2016-07-23","2016-07-23","2016-07-23 12:34:48","28","2016-07-23 12:34:48","28","1"),
("52744","52630","7","16RE052742","0","17500","17500","0","2016-07-23","2016-07-23","2016-07-23 12:35:28","28","2016-07-23 12:35:28","28","1"),
("52745","52631","7","16RE052743","0","2500","2500","0","2016-07-23","2016-07-23","2016-07-23 12:35:43","28","2016-07-23 12:35:43","28","1"),
("52746","52632","7","16RE052744","0","12000","12000","0","2016-07-23","2016-07-23","2016-07-23 12:37:09","28","2016-07-23 12:37:09","28","1"),
("52747","52633","7","16RE052745","0","500","500","0","2016-07-23","2016-07-23","2016-07-23 12:38:51","28","2016-07-23 12:38:51","28","1"),
("52748","52634","7","16RE052746","0","6000","6000","0","2016-07-23","2016-07-23","2016-07-23 12:39:54","28","2016-07-23 12:39:54","28","1"),
("52749","52635","7","16RE052747","0","2500","2500","0","2016-07-23","2016-07-23","2016-07-23 12:41:38","28","2016-07-23 12:41:38","28","1"),
("52750","52636","7","16RE052748","0","16000","16000","0","2016-07-23","2016-07-23","2016-07-23 12:43:27","28","2016-07-23 12:43:27","28","1"),
("52751","52637","7","16RE052749","0","3000","3000","0","2016-07-23","2016-07-23","2016-07-23 12:46:31","28","2016-07-23 12:46:31","28","1"),
("52752","52638","7","16RE052750","0","8700","8700","0","2016-07-23","2016-07-23","2016-07-23 12:47:47","28","2016-07-23 12:47:47","28","1"),
("52753","52639","7","16RE052751","0","10000","10000","0","2016-07-23","2016-07-23","2016-07-23 12:48:43","28","2016-07-23 12:48:43","28","1"),
("52754","52640","7","16RE052752","0","8500","8500","0","2016-07-23","2016-07-23","2016-07-23 12:50:37","28","2016-07-23 12:50:37","28","1"),
("52755","52641","7","16RE052753","0","1000","1000","0","2016-07-23","2016-07-23","2016-07-23 12:53:33","28","2016-07-23 12:53:33","28","1"),
("52756","52642","7","16RE052754","0","5000","5000","0","2016-07-23","2016-07-23","2016-07-23 12:54:07","28","2016-07-23 12:54:07","28","1"),
("52757","52643","7","16RE052755","0","11000","11000","0","2016-07-23","2016-07-23","2016-07-23 12:54:18","28","2016-07-23 12:54:18","28","1"),
("52758","52644","7","16RE052756","0","1500","1500","0","2016-07-23","2016-07-23","2016-07-23 12:54:35","28","2016-07-23 12:54:35","28","1"),
("52759","52645","7","16RE052757","0","39000","39000","0","2016-07-23","2016-07-23","2016-07-23 12:56:30","28","2016-07-23 12:56:30","28","1"),
("52760","52646","7","16RE052758","0","20500","20500","0","2016-07-23","2016-07-23","2016-07-23 12:57:09","28","2016-07-23 12:57:09","28","1"),
("52761","52647","7","16RE052759","0","12000","12000","0","2016-07-23","2016-07-23","2016-07-23 12:57:33","28","2016-07-23 12:57:33","28","1"),
("52762","52648","7","16RE052760","0","26000","26000","0","2016-07-23","2016-07-23","2016-07-23 13:00:33","28","2016-07-23 13:00:33","28","1"),
("52763","52649","7","16RE052761","0","500","500","0","2016-07-23","2016-07-23","2016-07-23 13:05:59","28","2016-07-23 13:05:59","28","1"),
("52764","52650","7","16RE052762","0","2500","2500","0","2016-07-23","2016-07-23","2016-07-23 13:06:54","28","2016-07-23 13:06:54","28","1"),
("52765","52651","7","16RE052763","0","15000","15000","0","2016-07-23","2016-07-23","2016-07-23 13:07:41","28","2016-07-23 13:07:41","28","1"),
("52766","52652","7","16RE052764","0","2000","2000","0","2016-07-23","2016-07-23","2016-07-23 13:07:57","28","2016-07-23 13:07:57","28","1"),
("52767","52653","7","16RE052765","0","2000","2000","0","2016-07-23","2016-07-23","2016-07-23 13:08:52","28","2016-07-23 13:08:52","28","1"),
("52768","52654","7","16RE052766","0","3500","3500","0","2016-07-23","2016-07-23","2016-07-23 13:09:10","28","2016-07-23 13:09:10","28","1"),
("52769","52655","7","16RE052767","0","11000","11000","0","2016-07-23","2016-07-23","2016-07-23 13:09:29","28","2016-07-23 13:09:29","28","1"),
("52770","52656","7","16RE052768","0","5000","5000","0","2016-07-23","2016-07-23","2016-07-23 13:10:14","28","2016-07-23 13:10:14","28","1"),
("52771","52657","7","16RE052769","0","1500","1500","0","2016-07-23","2016-07-23","2016-07-23 13:11:41","28","2016-07-23 13:11:41","28","1"),
("52772","52658","7","16RE052770","0","2500","2500","0","2016-07-23","2016-07-23","2016-07-23 13:12:03","28","2016-07-23 13:12:03","28","1"),
("52773","52659","7","16RE052771","0","10000","10000","0","2016-07-23","2016-07-23","2016-07-23 13:12:17","28","2016-07-23 13:12:17","28","1"),
("52774","52660","7","16RE052772","0","5000","5000","0","2016-07-23","2016-07-23","2016-07-23 13:12:27","28","2016-07-23 13:12:27","28","1"),
("52775","52661","7","16RE052773","0","1500","1500","0","2016-07-23","2016-07-23","2016-07-23 13:12:37","28","2016-07-23 13:12:37","28","1"),
("52776","52662","7","16RE052774","0","40000","40000","0","2016-07-23","2016-07-23","2016-07-23 13:13:14","28","2016-07-23 13:13:14","28","1"),
("52777","52663","7","16RE052775","0","10500","10500","0","2016-07-23","2016-07-23","2016-07-23 13:14:16","28","2016-07-23 13:14:16","28","1"),
("52778","52664","7","16RE052776","0","29000","29000","0","2016-07-23","2016-07-23","2016-07-23 13:15:17","28","2016-07-23 13:15:17","28","1"),
("52779","52665","7","16RE052777","0","14000","14000","0","2016-07-23","2016-07-23","2016-07-23 13:15:39","28","2016-07-23 13:15:39","28","1"),
("52780","52666","7","16RE052778","0","28000","28000","0","2016-07-23","2016-07-23","2016-07-23 13:16:15","28","2016-07-23 13:16:15","28","1"),
("52781","52667","7","16RE052779","0","500","500","0","2016-07-23","2016-07-23","2016-07-23 13:16:22","28","2016-07-23 13:16:22","28","1"),
("52782","52668","7","16RE052780","0","3500","3500","0","2016-07-23","2016-07-23","2016-07-23 13:16:51","28","2016-07-23 13:16:51","28","1"),
("52783","52669","7","16RE052781","0","2000","2000","0","2016-07-23","2016-07-23","2016-07-23 13:17:02","28","2016-07-23 13:17:02","28","1"),
("52784","52670","7","16RE052782","0","17000","17000","0","2016-07-23","2016-07-23","2016-07-23 13:17:22","28","2016-07-23 13:17:22","28","1"),
("52785","52671","7","16RE052783","0","7000","7000","0","2016-07-23","2016-07-23","2016-07-23 13:17:31","28","2016-07-23 13:17:31","28","1"),
("52786","52672","7","16RE052784","0","1000","1000","0","2016-07-23","2016-07-23","2016-07-23 13:17:50","28","2016-07-23 13:17:50","28","1"),
("52787","52673","7","16RE052785","0","5500","5500","0","2016-07-23","2016-07-23","2016-07-23 13:17:58","28","2016-07-23 13:17:58","28","1"),
("52788","52674","7","16RE052786","0","4000","4000","0","2016-07-23","2016-07-23","2016-07-23 13:18:26","28","2016-07-23 13:18:26","28","1"),
("52789","52675","7","16RE052787","0","7500","7500","0","2016-07-23","2016-07-23","2016-07-23 13:18:48","28","2016-07-23 13:18:48","28","1"),
("52790","52676","7","16RE052788","0","5000","5000","0","2016-07-23","2016-07-23","2016-07-23 13:19:39","28","2016-07-23 13:19:39","28","1"),
("52791","52677","7","16RE052789","0","15000","15000","0","2016-07-23","2016-07-23","2016-07-23 13:19:51","28","2016-07-23 13:19:51","28","1"),
("52792","52678","7","16RE052790","0","5000","5000","0","2016-07-23","2016-07-23","2016-07-23 13:20:00","28","2016-07-23 13:20:00","28","1"),
("52793","52679","7","16RE052791","0","2000","2000","0","2016-07-23","2016-07-23","2016-07-23 13:20:15","28","2016-07-23 13:20:15","28","1"),
("52794","52680","7","16RE052792","0","5000","5000","0","2016-07-23","2016-07-23","2016-07-23 13:20:53","28","2016-07-23 13:20:53","28","1"),
("52795","52681","7","16RE052793","0","4000","4000","0","2016-07-23","2016-07-23","2016-07-23 13:21:02","28","2016-07-23 13:21:02","28","1"),
("52796","52682","7","16RE052794","0","3000","3000","0","2016-07-23","2016-07-23","2016-07-23 13:25:11","28","2016-07-23 13:25:11","28","1"),
("52797","52683","7","16RE052795","0","1000","1000","0","2016-07-23","2016-07-23","2016-07-23 13:26:43","28","2016-07-23 13:26:43","28","1"),
("52798","52684","7","16RE052796","0","5500","5500","0","2016-07-23","2016-07-23","2016-07-23 13:27:34","28","2016-07-23 13:27:34","28","1"),
("52799","52685","7","16RE052797","0","12000","12000","0","2016-07-23","2016-07-23","2016-07-23 13:27:47","28","2016-07-23 13:27:47","28","1"),
("52800","52686","7","16RE052798","0","1500","1500","0","2016-07-23","2016-07-23","2016-07-23 13:28:14","28","2016-07-23 13:28:14","28","1"),
("52801","52687","7","16RE052799","0","5500","5500","0","2016-07-23","2016-07-23","2016-07-23 13:31:02","28","2016-07-23 13:31:02","28","1"),
("52802","52688","7","16RE052800","0","7000","7000","0","2016-07-23","2016-07-23","2016-07-23 13:34:51","26","2016-07-23 13:34:51","26","1"),
("52803","52689","7","16RE052801","0","4000","4000","0","2016-07-23","2016-07-23","2016-07-23 13:36:31","26","2016-07-23 13:36:31","26","1"),
("52804","52690","7","16RE052802","0","13000","13000","0","2016-07-23","2016-07-23","2016-07-23 13:40:52","26","2016-07-23 13:40:52","26","1"),
("52805","52691","7","16RE052803","0","45000","45000","0","2016-07-23","2016-07-23","2016-07-23 13:45:49","26","2016-07-23 13:45:49","26","1"),
("52806","52692","7","16RE052804","0","2500","2500","0","2016-07-23","2016-07-23","2016-07-23 13:46:06","26","2016-07-23 13:46:06","26","1"),
("52807","52693","7","16RE052805","0","66500","66500","0","2016-07-23","2016-07-23","2016-07-23 13:48:08","26","2016-07-23 13:48:08","26","1"),
("52808","52694","7","16RE052806","0","5000","5000","0","2016-07-23","2016-07-23","2016-07-23 13:50:23","26","2016-07-23 13:50:23","26","1"),
("52809","52695","7","16RE052807","0","15500","15500","0","2016-07-23","2016-07-23","2016-07-23 13:50:25","32","2016-07-23 13:50:25","32","1"),
("52810","52696","7","16RE052808","0","1000","1000","0","2016-07-23","2016-07-23","2016-07-23 13:50:40","26","2016-07-23 13:50:40","26","1"),
("52811","52697","7","16RE052809","0","6500","6500","0","2016-07-23","2016-07-23","2016-07-23 13:54:09","26","2016-07-23 13:54:09","26","1"),
("52812","52698","7","16RE052810","0","3000","3000","0","2016-07-23","2016-07-23","2016-07-23 13:54:43","26","2016-07-23 13:54:43","26","1"),
("52813","52699","7","16RE052811","0","6500","6500","0","2016-07-23","2016-07-23","2016-07-23 13:54:54","26","2016-07-23 13:54:54","26","1"),
("52814","52700","7","16RE052812","0","16000","16000","0","2016-07-23","2016-07-23","2016-07-23 13:55:44","32","2016-07-23 13:55:44","32","1"),
("52815","52701","7","16RE052813","0","1000","1000","0","2016-07-23","2016-07-23","2016-07-23 14:00:16","32","2016-07-23 14:00:16","32","1"),
("52816","52702","7","16RE052814","0","9000","9000","0","2016-07-23","2016-07-23","2016-07-23 14:03:41","32","2016-07-23 14:03:41","32","1"),
("52817","52703","7","16RE052815","0","23000","23000","0","2016-07-23","2016-07-23","2016-07-23 14:04:22","26","2016-07-23 14:04:22","26","1"),
("52818","52704","7","16RE052816","0","19000","19000","0","2016-07-23","2016-07-23","2016-07-23 14:05:06","32","2016-07-23 14:05:06","32","1"),
("52819","52705","7","16RE052817","0","500","500","0","2016-07-23","2016-07-23","2016-07-23 14:05:13","26","2016-07-23 14:05:13","26","1"),
("52820","52706","7","16RE052818","0","700","700","0","2016-07-23","2016-07-23","2016-07-23 14:05:57","32","2016-07-23 14:05:57","32","1"),
("52821","52707","7","16RE052819","0","8500","8500","0","2016-07-23","2016-07-23","2016-07-23 14:06:17","32","2016-07-23 14:06:17","32","1"),
("52822","52708","7","16RE052820","0","1000","1000","0","2016-07-23","2016-07-23","2016-07-23 14:06:38","32","2016-07-23 14:06:38","32","1"),
("52823","52709","7","16RE052821","0","2000","2000","0","2016-07-23","2016-07-23","2016-07-23 14:07:09","32","2016-07-23 14:07:09","32","1"),
("52824","52710","7","16RE052822","0","2500","2500","0","2016-07-23","2016-07-23","2016-07-23 14:07:29","32","2016-07-23 14:07:29","32","1"),
("52825","52711","7","16RE052823","0","9500","9500","0","2016-07-23","2016-07-23","2016-07-23 14:07:35","26","2016-07-23 14:07:35","26","1"),
("52826","52712","7","16RE052824","0","3000","3000","0","2016-07-23","2016-07-23","2016-07-23 14:07:41","32","2016-07-23 14:07:41","32","1"),
("52827","52713","7","16RE052825","0","1500","1500","0","2016-07-23","2016-07-23","2016-07-23 14:07:46","26","2016-07-23 14:07:46","26","1"),
("52828","52714","7","16RE052826","0","1400","1400","0","2016-07-23","2016-07-23","2016-07-23 14:08:05","32","2016-07-23 14:08:05","32","1"),
("52829","52715","7","16RE052827","0","5500","5500","0","2016-07-23","2016-07-23","2016-07-23 14:08:08","26","2016-07-23 14:08:08","26","1"),
("52830","52716","7","16RE052828","0","500","500","0","2016-07-23","2016-07-23","2016-07-23 14:08:52","32","2016-07-23 14:08:52","32","1"),
("52831","52717","7","16RE052829","0","500","500","0","2016-07-23","2016-07-23","2016-07-23 14:10:00","32","2016-07-23 14:10:00","32","1"),
("52832","52718","7","16RE052830","0","2000","2000","0","2016-07-23","2016-07-23","2016-07-23 14:11:51","32","2016-07-23 14:11:51","32","1"),
("52833","52719","7","16RE052831","0","1500","1500","0","2016-07-23","2016-07-23","2016-07-23 14:12:39","32","2016-07-23 14:12:39","32","1"),
("52834","52720","7","16RE052832","0","13000","13000","0","2016-07-23","2016-07-23","2016-07-23 14:15:39","32","2016-07-23 14:15:39","32","1"),
("52835","52721","7","16RE052833","0","33500","33500","0","2016-07-23","2016-07-23","2016-07-23 14:15:40","26","2016-07-23 14:15:40","26","1"),
("52836","52722","7","16RE052834","0","2500","2500","0","2016-07-23","2016-07-23","2016-07-23 14:15:59","32","2016-07-23 14:15:59","32","1"),
("52837","52723","7","16RE052835","0","2500","2500","0","2016-07-23","2016-07-23","2016-07-23 14:17:58","26","2016-07-23 14:17:58","26","1"),
("52838","52724","7","16RE052836","0","5000","5000","0","2016-07-23","2016-07-23","2016-07-23 14:18:08","32","2016-07-23 14:18:08","32","1"),
("52839","52725","7","16RE052837","0","2000","2000","0","2016-07-23","2016-07-23","2016-07-23 14:19:31","26","2016-07-23 14:19:31","26","1"),
("52840","52726","7","16RE052838","0","5000","5000","0","2016-07-23","2016-07-23","2016-07-23 14:20:08","26","2016-07-23 14:20:08","26","1"),
("52841","52727","7","16RE052839","0","1000","1000","0","2016-07-23","2016-07-23","2016-07-23 14:21:21","32","2016-07-23 14:21:21","32","1"),
("52842","52728","7","16RE052840","0","5000","5000","0","2016-07-23","2016-07-23","2016-07-23 14:21:35","26","2016-07-23 14:21:35","26","1"),
("52843","52729","7","16RE052841","0","3000","3000","0","2016-07-23","2016-07-23","2016-07-23 14:23:01","26","2016-07-23 14:23:01","26","1"),
("52844","52730","7","16RE052842","0","3500","3500","0","2016-07-23","2016-07-23","2016-07-23 14:23:37","26","2016-07-23 14:23:37","26","1"),
("52845","52731","7","16RE052843","0","2500","2500","0","2016-07-23","2016-07-23","2016-07-23 14:24:38","26","2016-07-23 14:24:38","26","1"),
("52846","52732","7","16RE052844","0","18000","18000","0","2016-07-23","2016-07-23","2016-07-23 14:24:58","32","2016-07-23 14:24:58","32","1"),
("52847","52733","7","16RE052845","0","2000","2000","0","2016-07-23","2016-07-23","2016-07-23 14:25:51","32","2016-07-23 14:25:51","32","1"),
("52848","52734","7","16RE052846","0","1400","1400","0","2016-07-23","2016-07-23","2016-07-23 14:26:59","32","2016-07-23 14:26:59","32","1"),
("52849","52735","7","16RE052847","0","5500","5500","0","2016-07-23","2016-07-23","2016-07-23 14:29:03","26","2016-07-23 14:29:03","26","1"),
("52850","52736","7","16RE052848","0","7000","7000","0","2016-07-23","2016-07-23","2016-07-23 14:29:22","32","2016-07-23 14:29:22","32","1"),
("52851","52737","7","16RE052849","0","15000","15000","0","2016-07-23","2016-07-23","2016-07-23 14:30:09","32","2016-07-23 14:30:09","32","1"),
("52852","52738","7","16RE052850","0","1500","1500","0","2016-07-23","2016-07-23","2016-07-23 14:30:17","32","2016-07-23 14:30:17","32","1"),
("52853","52739","7","16RE052851","0","12500","12500","0","2016-07-23","2016-07-23","2016-07-23 14:31:16","26","2016-07-23 14:31:16","26","1"),
("52854","52740","7","16RE052852","0","6000","6000","0","2016-07-23","2016-07-23","2016-07-23 14:32:33","32","2016-07-23 14:32:33","32","1"),
("52855","52741","7","16RE052853","0","1000","1000","0","2016-07-23","2016-07-23","2016-07-23 14:34:28","32","2016-07-23 14:34:28","32","1"),
("52856","52742","7","16RE052854","0","1000","1000","0","2016-07-23","2016-07-23","2016-07-23 14:36:23","32","2016-07-23 14:36:23","32","1"),
("52857","52743","7","16RE052855","0","1500","1500","0","2016-07-23","2016-07-23","2016-07-23 14:36:37","32","2016-07-23 14:36:37","32","1"),
("52858","52744","7","16RE052856","0","500","500","0","2016-07-23","2016-07-23","2016-07-23 14:37:43","26","2016-07-23 14:37:43","26","1"),
("52859","52745","7","16RE052857","0","10000","10000","0","2016-07-23","2016-07-23","2016-07-23 14:38:06","32","2016-07-23 14:38:06","32","1"),
("52860","52746","7","16RE052858","0","5000","5000","0","2016-07-23","2016-07-23","2016-07-23 14:38:09","26","2016-07-23 14:38:09","26","1"),
("52861","52747","7","16RE052859","0","500","500","0","2016-07-23","2016-07-23","2016-07-23 14:38:39","32","2016-07-23 14:38:39","32","1"),
("52862","52748","7","16RE052860","0","4000","4000","0","2016-07-23","2016-07-23","2016-07-23 14:39:23","26","2016-07-23 14:39:23","26","1"),
("52863","52749","7","16RE052861","0","3000","3000","0","2016-07-23","2016-07-23","2016-07-23 14:41:18","26","2016-07-23 14:41:18","26","1"),
("52864","52750","7","16RE052862","0","10000","10000","0","2016-07-23","2016-07-23","2016-07-23 14:45:25","32","2016-07-23 14:45:25","32","1"),
("52865","52751","7","16RE052863","0","1500","1500","0","2016-07-23","2016-07-23","2016-07-23 14:51:41","32","2016-07-23 14:51:41","32","1"),
("52866","52752","7","16RE052864","0","4000","4000","0","2016-07-23","2016-07-23","2016-07-23 14:54:02","26","2016-07-23 14:54:02","26","1"),
("52867","52753","7","16RE052865","0","2000","2000","0","2016-07-23","2016-07-23","2016-07-23 14:54:42","26","2016-07-23 14:54:42","26","1"),
("52868","52754","7","16RE052866","0","5000","5000","0","2016-07-23","2016-07-23","2016-07-23 14:57:02","32","2016-07-23 14:57:02","32","1"),
("52869","52755","7","16RE052867","0","1500","1500","0","2016-07-23","2016-07-23","2016-07-23 14:59:24","26","2016-07-23 14:59:24","26","1");

