INSERT INTO inventories VALUES("74006","","","","55714","","","2118","2","1","0","6500","2016-07-26","0000-00-00","","2016-07-26 12:00:13","28","2016-07-26 12:00:13","28","1"),
("74007","","","","55715","","","2099","2","3","0","2000","2016-07-26","0000-00-00","","2016-07-26 12:02:17","32","2016-07-26 12:02:17","32","1"),
("74008","","","","55715","","","2231","2","5","0","1500","2016-07-26","0000-00-00","","2016-07-26 12:02:17","32","2016-07-26 12:02:17","32","1"),
("74009","","","","55716","","","2078","2","1","0","1500","2016-07-26","0000-00-00","","2016-07-26 12:02:24","28","2016-07-26 12:02:24","28","1"),
("74010","","","","55717","","","2125","2","2","0","1000","2016-07-26","0000-00-00","","2016-07-26 12:03:05","32","2016-07-26 12:03:05","32","1"),
("74011","","","","55718","","","2104","2","1","0","5500","2016-07-26","0000-00-00","","2016-07-26 12:03:10","32","2016-07-26 12:03:10","32","1"),
("74012","","","","55719","","","2065","2","4","0","1000","2016-07-26","0000-00-00","","2016-07-26 12:03:19","32","2016-07-26 12:03:19","32","1"),
("74013","","","","55720","","","2078","2","1","0","1500","2016-07-26","0000-00-00","","2016-07-26 12:04:25","32","2016-07-26 12:04:25","32","1"),
("74014","","","","55721","","","2228","2","2","0","500","2016-07-26","0000-00-00","","2016-07-26 12:05:43","32","2016-07-26 12:05:43","32","1"),
("74015","","","","55722","","","2250","2","1","0","500","2016-07-26","0000-00-00","","2016-07-26 12:05:57","32","2016-07-26 12:05:57","32","1"),
("74016","","","","55723","","","2228","2","5","0","500","2016-07-26","0000-00-00","","2016-07-26 12:07:01","32","2016-07-26 12:07:01","32","1"),
("74017","","","","55723","","","2118","2","1","0","6500","2016-07-26","0000-00-00","","2016-07-26 12:07:01","32","2016-07-26 12:07:01","32","1"),
("74018","","","","55724","","","2095","2","1","0","4000","2016-07-26","0000-00-00","","2016-07-26 12:14:23","32","2016-07-26 12:14:23","32","1"),
("74019","","","","55725","","","2228","2","20","0","500","2016-07-26","0000-00-00","","2016-07-26 12:15:56","32","2016-07-26 12:15:56","32","1"),
("74020","","","","55726","","","2166","2","10","0","700","2016-07-26","0000-00-00","","2016-07-26 12:18:02","32","2016-07-26 12:18:02","32","1"),
("74021","","","","55727","","","2229","2","5","0","700","2016-07-26","0000-00-00","","2016-07-26 12:19:08","32","2016-07-26 12:19:08","32","1"),
("74022","","","","55728","","","2228","2","2","0","500","2016-07-26","0000-00-00","","2016-07-26 12:19:15","28","2016-07-26 12:19:15","28","1"),
("74023","","","","55729","","","2073","2","2","0","1000","2016-07-26","0000-00-00","","2016-07-26 12:19:43","28","2016-07-26 12:19:43","28","1"),
("74024","","","","55730","","","2110","2","1","0","2500","2016-07-26","0000-00-00","","2016-07-26 12:20:05","28","2016-07-26 12:20:05","28","1"),
("74025","","","","55731","","","2231","2","2","0","1500","2016-07-26","0000-00-00","","2016-07-26 12:20:26","28","2016-07-26 12:20:26","28","1"),
("74026","","","","55732","","","2146","2","1","0","3500","2016-07-26","0000-00-00","","2016-07-26 12:20:39","32","2016-07-26 12:20:39","32","1"),
("74027","","","","55733","","","2118","2","1","0","6500","2016-07-26","0000-00-00","","2016-07-26 12:21:01","32","2016-07-26 12:21:01","32","1"),
("74028","","","","55734","","","2235","2","4","0","2500","2016-07-26","0000-00-00","","2016-07-26 12:21:14","28","2016-07-26 12:21:14","28","1"),
("74029","","","","55735","","","2231","2","1","0","1500","2016-07-26","0000-00-00","","2016-07-26 12:21:50","28","2016-07-26 12:21:50","28","1"),
("74030","","","","55736","","","2110","2","1","0","2500","2016-07-26","0000-00-00","","2016-07-26 12:22:02","28","2016-07-26 12:22:02","28","1"),
("74031","","","","55737","","","2121","2","1","0","13000","2016-07-26","0000-00-00","","2016-07-26 12:22:19","28","2016-07-26 12:22:19","28","1"),
("74032","","","","55738","","","2231","2","2","0","1500","2016-07-26","0000-00-00","","2016-07-26 12:22:28","28","2016-07-26 12:22:28","28","1"),
("74033","","","","55739","","","2231","2","2","0","1500","2016-07-26","0000-00-00","","2016-07-26 12:22:44","32","2016-07-26 12:22:44","32","1"),
("74034","","","","55740","","","2228","2","2","0","500","2016-07-26","0000-00-00","","2016-07-26 12:22:52","32","2016-07-26 12:22:52","32","1"),
("74035","","","","55741","","","2125","2","1","0","1000","2016-07-26","0000-00-00","","2016-07-26 12:22:59","28","2016-07-26 12:22:59","28","1"),
("74036","","","","55741","","","2064","2","1","0","2000","2016-07-26","0000-00-00","","2016-07-26 12:22:59","28","2016-07-26 12:22:59","28","1"),
("74037","","","","55741","","","2172","2","1","0","2500","2016-07-26","0000-00-00","","2016-07-26 12:22:59","28","2016-07-26 12:22:59","28","1"),
("74038","","","","55742","","","2231","2","1","0","1500","2016-07-26","0000-00-00","","2016-07-26 12:23:13","32","2016-07-26 12:23:13","32","1"),
("74039","","","","55743","","","2125","2","1","0","1000","2016-07-26","0000-00-00","","2016-07-26 12:23:22","28","2016-07-26 12:23:22","28","1"),
("74040","","","","55743","","","2197","2","1","0","2500","2016-07-26","0000-00-00","","2016-07-26 12:23:22","28","2016-07-26 12:23:22","28","1"),
("74041","","","","55743","","","2093","2","1","0","3000","2016-07-26","0000-00-00","","2016-07-26 12:23:22","28","2016-07-26 12:23:22","28","1"),
("74042","","","","55743","","","2102","2","1","0","5000","2016-07-26","0000-00-00","","2016-07-26 12:23:22","28","2016-07-26 12:23:22","28","1"),
("74043","","","","55744","","","2228","2","10","0","500","2016-07-26","0000-00-00","","2016-07-26 12:23:48","32","2016-07-26 12:23:48","32","1"),
("74044","","","","55745","","","2228","2","5","0","500","2016-07-26","0000-00-00","","2016-07-26 12:25:03","32","2016-07-26 12:25:03","32","1"),
("74045","","","","55746","","","2228","2","10","0","500","2016-07-26","0000-00-00","","2016-07-26 12:26:21","32","2016-07-26 12:26:21","32","1"),
("74046","","","","55747","","","2125","2","1","0","1000","2016-07-26","0000-00-00","","2016-07-26 12:28:12","32","2016-07-26 12:28:12","32","1"),
("74047","","","","55748","","","2104","2","1","0","5500","2016-07-26","0000-00-00","","2016-07-26 12:28:13","28","2016-07-26 12:28:13","28","1"),
("74048","","","","55749","","","2228","2","5","0","500","2016-07-26","0000-00-00","","2016-07-26 12:30:12","32","2016-07-26 12:30:12","32","1"),
("74049","","","","55750","","","2164","2","1","0","3000","2016-07-26","0000-00-00","","2016-07-26 12:30:39","28","2016-07-26 12:30:39","28","1"),
("74050","","","","55750","","","2218","2","1","0","1000","2016-07-26","0000-00-00","","2016-07-26 12:30:39","28","2016-07-26 12:30:39","28","1"),
("74051","","","","55750","","","2125","2","1","0","1000","2016-07-26","0000-00-00","","2016-07-26 12:30:39","28","2016-07-26 12:30:39","28","1"),
("74052","","","","55751","","","2107","2","1","0","6000","2016-07-26","0000-00-00","","2016-07-26 12:31:42","28","2016-07-26 12:31:42","28","1"),
("74053","","","","55752","","","2125","2","1","0","1000","2016-07-26","0000-00-00","","2016-07-26 12:32:51","28","2016-07-26 12:32:51","28","1"),
("74054","","","","55752","","","2174","2","1","0","8500","2016-07-26","0000-00-00","","2016-07-26 12:32:51","28","2016-07-26 12:32:51","28","1"),
("74055","","","","55753","","","2250","2","2","0","500","2016-07-26","0000-00-00","","2016-07-26 12:34:19","32","2016-07-26 12:34:19","32","1"),
("74056","","","","55754","","","2228","2","2","0","500","2016-07-26","0000-00-00","","2016-07-26 12:34:36","32","2016-07-26 12:34:36","32","1"),
("74057","","","","55754","","","2095","2","1","0","4000","2016-07-26","0000-00-00","","2016-07-26 12:34:36","32","2016-07-26 12:34:36","32","1"),
("74058","","","","55755","","","2228","2","3","0","500","2016-07-26","0000-00-00","","2016-07-26 12:34:48","32","2016-07-26 12:34:48","32","1"),
("74059","","","","55756","","","2228","2","2","0","500","2016-07-26","0000-00-00","","2016-07-26 12:35:02","32","2016-07-26 12:35:02","32","1"),
("74060","","","","55757","","","2228","2","1","0","500","2016-07-26","0000-00-00","","2016-07-26 12:37:26","32","2016-07-26 12:37:26","32","1"),
("74061","","","","55758","","","2231","2","2","0","1500","2016-07-26","0000-00-00","","2016-07-26 12:39:58","32","2016-07-26 12:39:58","32","1"),
("74062","","","","55759","","","2228","2","4","0","500","2016-07-26","0000-00-00","","2016-07-26 12:40:33","32","2016-07-26 12:40:33","32","1"),
("74063","","","","55760","","","2231","2","2","0","1500","2016-07-26","0000-00-00","","2016-07-26 12:41:31","32","2016-07-26 12:41:31","32","1"),
("74064","","","","55760","","","2228","2","6","0","500","2016-07-26","0000-00-00","","2016-07-26 12:41:31","32","2016-07-26 12:41:31","32","1"),
("74065","","","","55761","","","2231","2","2","0","1500","2016-07-26","0000-00-00","","2016-07-26 12:42:08","32","2016-07-26 12:42:08","32","1"),
("74066","","","","55762","","","2228","2","2","0","500","2016-07-26","0000-00-00","","2016-07-26 12:42:30","32","2016-07-26 12:42:30","32","1"),
("74067","","","","55763","","","2073","2","1","0","1000","2016-07-26","0000-00-00","","2016-07-26 12:46:06","26","2016-07-26 12:46:06","26","1"),
("74068","","","","55764","","","2228","2","4","0","500","2016-07-26","0000-00-00","","2016-07-26 12:47:18","32","2016-07-26 12:47:18","32","1"),
("74069","","","","55765","","","2228","2","30","0","500","2016-07-26","0000-00-00","","2016-07-26 12:48:20","26","2016-07-26 12:48:20","26","1"),
("74070","","","","55766","","","2240","2","1","0","5000","2016-07-26","0000-00-00","","2016-07-26 12:49:19","26","2016-07-26 12:49:19","26","1"),
("74071","","","","55766","","","2164","2","2","0","3000","2016-07-26","0000-00-00","","2016-07-26 12:49:19","26","2016-07-26 12:49:19","26","1"),
("74072","","","","55767","","","2233","2","1","0","2000","2016-07-26","0000-00-00","","2016-07-26 12:49:36","32","2016-07-26 12:49:36","32","1"),
("74073","","","","55768","","","2095","2","1","0","4000","2016-07-26","0000-00-00","","2016-07-26 12:49:48","26","2016-07-26 12:49:48","26","1"),
("74074","","","","55769","","","2104","2","1","0","5500","2016-07-26","0000-00-00","","2016-07-26 12:50:21","26","2016-07-26 12:50:21","26","1"),
("74075","","","","55769","","","2231","2","10","0","1500","2016-07-26","0000-00-00","","2016-07-26 12:50:21","26","2016-07-26 12:50:21","26","1"),
("74076","","","","55770","","","2095","2","2","0","4000","2016-07-26","0000-00-00","","2016-07-26 12:50:39","32","2016-07-26 12:50:39","32","1"),
("74077","","","","55771","","","2250","2","1","0","500","2016-07-26","0000-00-00","","2016-07-26 12:50:57","32","2016-07-26 12:50:57","32","1"),
("74078","","","","55772","","","2164","2","1","0","3000","2016-07-26","0000-00-00","","2016-07-26 12:51:13","32","2016-07-26 12:51:13","32","1"),
("74079","","","","55772","","","2095","2","2","0","4000","2016-07-26","0000-00-00","","2016-07-26 12:51:13","32","2016-07-26 12:51:13","32","1"),
("74080","","","","55773","","","2095","2","1","0","4000","2016-07-26","0000-00-00","","2016-07-26 12:52:27","32","2016-07-26 12:52:27","32","1"),
("74081","","","","55774","","","2067","2","5","0","1000","2016-07-26","0000-00-00","","2016-07-26 12:52:34","26","2016-07-26 12:52:34","26","1"),
("74082","","","","55775","","","2250","2","1","0","500","2016-07-26","0000-00-00","","2016-07-26 12:52:42","32","2016-07-26 12:52:42","32","1"),
("74083","","","","55776","","","2110","2","2","0","2500","2016-07-26","0000-00-00","","2016-07-26 12:52:58","26","2016-07-26 12:52:58","26","1"),
("74084","","","","55776","","","2228","2","2","0","500","2016-07-26","0000-00-00","","2016-07-26 12:52:58","26","2016-07-26 12:52:58","26","1"),
("74085","","","","55777","","","2250","2","1","0","500","2016-07-26","0000-00-00","","2016-07-26 12:53:11","26","2016-07-26 12:53:11","26","1"),
("74086","","","","55778","","","2095","2","1","0","4000","2016-07-26","0000-00-00","","2016-07-26 12:53:37","26","2016-07-26 12:53:37","26","1"),
("74087","","","","55779","","","2228","2","6","0","500","2016-07-26","0000-00-00","","2016-07-26 12:54:09","26","2016-07-26 12:54:09","26","1"),
("74088","","","","55780","","","2228","2","2","0","500","2016-07-26","0000-00-00","","2016-07-26 12:54:36","26","2016-07-26 12:54:36","26","1"),
("74089","","","","55781","","","2140","2","1","0","40000","2016-07-26","0000-00-00","","2016-07-26 12:54:43","32","2016-07-26 12:54:43","32","1"),
("74090","","","","55782","","","2065","2","15","0","700","2016-07-26","0000-00-00","","2016-07-26 12:58:43","26","2016-07-26 12:58:43","26","1"),
("74091","","","","55782","","","2229","2","40","0","500","2016-07-26","0000-00-00","","2016-07-26 12:58:43","26","2016-07-26 12:58:43","26","1"),
("74092","","","","55782","","","2231","2","10","0","1200","2016-07-26","0000-00-00","","2016-07-26 12:58:43","26","2016-07-26 12:58:43","26","1"),
("74093","","","","55783","","","2121","2","2","0","13000","2016-07-26","0000-00-00","","2016-07-26 13:02:29","32","2016-07-26 13:02:29","32","1"),
("74094","","","","55784","","","2228","2","10","0","500","2016-07-26","0000-00-00","","2016-07-26 13:08:05","26","2016-07-26 13:08:05","26","1"),
("74095","","","","55785","","","2228","2","10","0","500","2016-07-26","0000-00-00","","2016-07-26 13:08:29","32","2016-07-26 13:08:29","32","1"),
("74096","","","","55786","","","2231","2","2","0","1500","2016-07-26","0000-00-00","","2016-07-26 13:09:02","26","2016-07-26 13:09:02","26","1"),
("74097","","","","55786","","","2165","2","2","0","1000","2016-07-26","0000-00-00","","2016-07-26 13:09:02","26","2016-07-26 13:09:02","26","1"),
("74098","","","","55786","","","2067","2","3","0","1000","2016-07-26","0000-00-00","","2016-07-26 13:09:02","26","2016-07-26 13:09:02","26","1"),
("74099","","","","55787","","","2228","2","2","0","500","2016-07-26","0000-00-00","","2016-07-26 13:10:10","26","2016-07-26 13:10:10","26","1"),
("74100","","","","55788","","","2065","2","1","0","1000","2016-07-26","0000-00-00","","2016-07-26 13:15:04","26","2016-07-26 13:15:04","26","1"),
("74101","","","","55789","","","2228","2","2","0","500","2016-07-26","0000-00-00","","2016-07-26 13:15:54","32","2016-07-26 13:15:54","32","1"),
("74102","","","","55790","","","2113","2","1","0","5500","2016-07-26","0000-00-00","","2016-07-26 13:17:13","26","2016-07-26 13:17:13","26","1"),
("74103","","","","55791","","","2095","2","1","0","4000","2016-07-26","0000-00-00","","2016-07-26 13:18:18","26","2016-07-26 13:18:18","26","1"),
("74104","","","","55791","","","2166","2","2","0","700","2016-07-26","0000-00-00","","2016-07-26 13:18:18","26","2016-07-26 13:18:18","26","1"),
("74105","","","","55792","","","2231","2","1","0","1500","2016-07-26","0000-00-00","","2016-07-26 13:22:19","32","2016-07-26 13:22:19","32","1"),
("74106","","","","55792","","","2228","2","3","0","500","2016-07-26","0000-00-00","","2016-07-26 13:22:19","32","2016-07-26 13:22:19","32","1"),
("74107","","","","55793","","","2228","2","4","0","500","2016-07-26","0000-00-00","","2016-07-26 13:22:54","32","2016-07-26 13:22:54","32","1"),
("74108","","","","55794","","","2228","2","6","0","500","2016-07-26","0000-00-00","","2016-07-26 13:26:55","32","2016-07-26 13:26:55","32","1"),
("74109","","","","55795","","","2228","2","6","0","500","2016-07-26","0000-00-00","","2016-07-26 13:27:38","32","2016-07-26 13:27:38","32","1"),
("74110","","","","55796","","","2126","2","1","0","2000","2016-07-26","0000-00-00","","2016-07-26 13:28:56","32","2016-07-26 13:28:56","32","1"),
("74111","","","","55797","","","2083","2","4","0","2500","2016-07-26","0000-00-00","","2016-07-26 13:29:14","32","2016-07-26 13:29:14","32","1"),
("74112","","","","55798","","","2107","2","1","0","6000","2016-07-26","0000-00-00","","2016-07-26 13:29:48","32","2016-07-26 13:29:48","32","1"),
("74113","","","","55798","","","2228","2","2","0","500","2016-07-26","0000-00-00","","2016-07-26 13:29:48","32","2016-07-26 13:29:48","32","1"),
("74114","","","","55799","","","2228","2","8","0","500","2016-07-26","0000-00-00","","2016-07-26 13:29:55","32","2016-07-26 13:29:55","32","1"),
("74115","","","","55800","","","2228","2","2","0","500","2016-07-26","0000-00-00","","2016-07-26 13:32:23","26","2016-07-26 13:32:23","26","1"),
("74116","","","","55801","","","2065","2","15","0","700","2016-07-26","0000-00-00","","2016-07-26 13:32:53","32","2016-07-26 13:32:53","32","1"),
("74117","","","","55801","","","2231","2","15","0","1200","2016-07-26","0000-00-00","","2016-07-26 13:32:53","32","2016-07-26 13:32:53","32","1"),
("74118","","","","55801","","","2229","2","50","0","500","2016-07-26","0000-00-00","","2016-07-26 13:32:53","32","2016-07-26 13:32:53","32","1"),
("74119","","","","55802","","","2093","2","2","0","3000","2016-07-26","0000-00-00","","2016-07-26 13:32:58","26","2016-07-26 13:32:58","26","1"),
("74120","","","","55802","","","2146","2","1","0","3500","2016-07-26","0000-00-00","","2016-07-26 13:32:58","26","2016-07-26 13:32:58","26","1"),
("74121","","","","55802","","","2104","2","1","0","5500","2016-07-26","0000-00-00","","2016-07-26 13:32:58","26","2016-07-26 13:32:58","26","1"),
("74122","","","","55803","","","2064","2","1","0","2000","2016-07-26","0000-00-00","","2016-07-26 13:33:35","32","2016-07-26 13:33:35","32","1"),
("74123","","","","55804","","","2233","2","1","0","2000","2016-07-26","0000-00-00","","2016-07-26 13:37:07","32","2016-07-26 13:37:07","32","1"),
("74124","","","","55805","","","2231","2","2","0","1500","2016-07-26","0000-00-00","","2016-07-26 13:41:43","26","2016-07-26 13:41:43","26","1"),
("74125","","","","55806","","","2228","2","6","0","500","2016-07-26","0000-00-00","","2016-07-26 13:42:10","26","2016-07-26 13:42:10","26","1"),
("74126","","","","55807","","","2065","2","2","0","1000","2016-07-26","0000-00-00","","2016-07-26 13:43:22","26","2016-07-26 13:43:22","26","1"),
("74127","","","","55808","","","2110","2","2","0","2500","2016-07-26","0000-00-00","","2016-07-26 13:45:11","26","2016-07-26 13:45:11","26","1"),
("74128","","","","55809","","","2228","2","10","0","500","2016-07-26","0000-00-00","","2016-07-26 13:46:02","26","2016-07-26 13:46:02","26","1"),
("74129","","","","55810","","","2231","2","3","0","1500","2016-07-26","0000-00-00","","2016-07-26 13:48:19","26","2016-07-26 13:48:19","26","1"),
("74130","","","","55811","","","2236","2","1","0","2000","2016-07-26","0000-00-00","","2016-07-26 13:48:54","26","2016-07-26 13:48:54","26","1"),
("74131","","","","55812","","","2231","2","3","0","1500","2016-07-26","0000-00-00","","2016-07-26 13:49:01","32","2016-07-26 13:49:01","32","1"),
("74132","","","","55813","","","2250","2","1","0","500","2016-07-26","0000-00-00","","2016-07-26 13:49:17","26","2016-07-26 13:49:17","26","1"),
("74133","","","","55814","","","2250","2","1","0","500","2016-07-26","0000-00-00","","2016-07-26 13:53:29","26","2016-07-26 13:53:29","26","1"),
("74134","","","","55815","","","2104","2","1","0","5500","2016-07-26","0000-00-00","","2016-07-26 13:54:26","26","2016-07-26 13:54:26","26","1"),
("74135","","","","55816","","","2104","2","3","0","5500","2016-07-26","0000-00-00","","2016-07-26 13:55:36","26","2016-07-26 13:55:36","26","1"),
("74136","","","","55817","","","2166","2","5","0","700","2016-07-26","0000-00-00","","2016-07-26 13:58:09","28","2016-07-26 13:58:09","28","1"),
("74137","","","","55817","","","2228","2","5","0","500","2016-07-26","0000-00-00","","2016-07-26 13:58:09","28","2016-07-26 13:58:09","28","1"),
("74138","","","","55818","","","2229","2","5","0","700","2016-07-26","0000-00-00","","2016-07-26 13:59:30","28","2016-07-26 13:59:30","28","1"),
("74139","","","","55819","","","2125","2","1","0","1000","2016-07-26","0000-00-00","","2016-07-26 13:59:36","26","2016-07-26 13:59:36","26","1"),
("74140","","","","55820","","","2125","2","1","0","1000","2016-07-26","0000-00-00","","2016-07-26 14:00:08","26","2016-07-26 14:00:08","26","1"),
("74141","","","","55821","","","2250","2","1","0","500","2016-07-26","0000-00-00","","2016-07-26 14:03:07","26","2016-07-26 14:03:07","26","1"),
("74142","","","","55821","","","2231","2","1","0","1500","2016-07-26","0000-00-00","","2016-07-26 14:03:07","26","2016-07-26 14:03:07","26","1"),
("74143","","","","55822","","","2228","2","2","0","500","2016-07-26","0000-00-00","","2016-07-26 14:03:23","26","2016-07-26 14:03:23","26","1"),
("74144","","","","55823","","","2228","2","1","0","500","2016-07-26","0000-00-00","","2016-07-26 14:03:39","26","2016-07-26 14:03:39","26","1"),
("74145","","","","55823","","","2232","2","1","0","1000","2016-07-26","0000-00-00","","2016-07-26 14:03:39","26","2016-07-26 14:03:39","26","1"),
("74146","","","","55824","","","2125","2","1","0","1000","2016-07-26","0000-00-00","","2016-07-26 14:04:21","26","2016-07-26 14:04:21","26","1"),
("74147","","","","55825","","","2228","2","10","0","500","2016-07-26","0000-00-00","","2016-07-26 14:04:32","26","2016-07-26 14:04:32","26","1"),
("74148","","","","55826","","","2228","2","2","0","500","2016-07-26","0000-00-00","","2016-07-26 14:04:48","28","2016-07-26 14:04:48","28","1"),
("74149","","","","55827","","","2228","2","4","0","500","2016-07-26","0000-00-00","","2016-07-26 14:06:38","26","2016-07-26 14:06:38","26","1"),
("74150","","","","55828","","","2228","2","2","0","500","2016-07-26","0000-00-00","","2016-07-26 14:08:47","26","2016-07-26 14:08:47","26","1"),
("74151","","","","55828","","","2073","2","2","0","1000","2016-07-26","0000-00-00","","2016-07-26 14:08:47","26","2016-07-26 14:08:47","26","1"),
("74152","","","","55829","","","2229","2","10","0","700","2016-07-26","0000-00-00","","2016-07-26 14:09:00","26","2016-07-26 14:09:00","26","1"),
("74153","","","","55830","","","2231","2","1","0","1500","2016-07-26","0000-00-00","","2016-07-26 14:11:34","26","2016-07-26 14:11:34","26","1"),
("74154","","","","55831","","","2228","2","1","0","500","2016-07-26","0000-00-00","","2016-07-26 14:12:19","26","2016-07-26 14:12:19","26","1"),
("74155","","","","55831","","","2231","2","1","0","1500","2016-07-26","0000-00-00","","2016-07-26 14:12:19","26","2016-07-26 14:12:19","26","1"),
("74156","","","","55832","","","2231","2","5","0","1500","2016-07-26","0000-00-00","","2016-07-26 14:12:23","28","2016-07-26 14:12:23","28","1"),
("74157","","","","55833","","","2250","2","2","0","500","2016-07-26","0000-00-00","","2016-07-26 14:12:31","26","2016-07-26 14:12:31","26","1"),
("74158","","","","55834","","","2197","2","1","0","2500","2016-07-26","0000-00-00","","2016-07-26 14:13:13","26","2016-07-26 14:13:13","26","1"),
("74159","","","","55835","","","2228","2","2","0","500","2016-07-26","0000-00-00","","2016-07-26 14:13:30","26","2016-07-26 14:13:30","26","1"),
("74160","","","","55836","","","2228","2","5","0","500","2016-07-26","0000-00-00","","2016-07-26 14:13:32","28","2016-07-26 14:13:32","28","1"),
("74161","","","","55837","","","2104","2","1","0","5500","2016-07-26","0000-00-00","","2016-07-26 14:13:52","26","2016-07-26 14:13:52","26","1"),
("74162","","","","55838","","","2110","2","1","0","2500","2016-07-26","0000-00-00","","2016-07-26 14:14:11","26","2016-07-26 14:14:11","26","1"),
("74163","","","","55839","","","2118","2","1","0","6500","2016-07-26","0000-00-00","","2016-07-26 14:14:43","26","2016-07-26 14:14:43","26","1"),
("74164","","","","55840","","","2113","2","4","0","5500","2016-07-26","0000-00-00","","2016-07-26 14:14:51","28","2016-07-26 14:14:51","28","1"),
("74165","","","","55841","","","2104","2","1","0","5500","2016-07-26","0000-00-00","","2016-07-26 14:15:19","26","2016-07-26 14:15:19","26","1"),
("74166","","","","55842","","","2228","2","10","0","500","2016-07-26","0000-00-00","","2016-07-26 14:16:04","28","2016-07-26 14:16:04","28","1"),
("74167","","","","55843","","","2228","2","1","0","500","2016-07-26","0000-00-00","","2016-07-26 14:19:42","28","2016-07-26 14:19:42","28","1"),
("74168","","","","55844","","","2250","2","1","0","500","2016-07-26","0000-00-00","","2016-07-26 14:21:30","26","2016-07-26 14:21:30","26","1"),
("74169","","","","55845","","","2228","2","20","0","500","2016-07-26","0000-00-00","","2016-07-26 14:21:33","28","2016-07-26 14:21:33","28","1"),
("74170","","","","55846","","","2164","2","1","0","3000","2016-07-26","0000-00-00","","2016-07-26 14:23:00","28","2016-07-26 14:23:00","28","1"),
("74171","","","","55846","","","2240","2","2","0","5000","2016-07-26","0000-00-00","","2016-07-26 14:23:00","28","2016-07-26 14:23:00","28","1"),
("74172","","","","55847","","","2228","2","3","0","500","2016-07-26","0000-00-00","","2016-07-26 14:25:23","26","2016-07-26 14:25:23","26","1"),
("74173","","","","55848","","","2231","2","1","0","1500","2016-07-26","0000-00-00","","2016-07-26 14:25:49","26","2016-07-26 14:25:49","26","1"),
("74174","","","","55848","","","2164","2","1","0","3000","2016-07-26","0000-00-00","","2016-07-26 14:25:49","26","2016-07-26 14:25:49","26","1"),
("74175","","","","55849","","","2228","2","2","0","500","2016-07-26","0000-00-00","","2016-07-26 14:26:16","26","2016-07-26 14:26:16","26","1"),
("74176","","","","55850","","","2232","2","3","0","1000","2016-07-26","0000-00-00","","2016-07-26 14:26:35","26","2016-07-26 14:26:35","26","1"),
("74177","","","","55851","","","2228","2","5","0","500","2016-07-26","0000-00-00","","2016-07-26 14:26:54","28","2016-07-26 14:26:54","28","1"),
("74178","","","","55852","","","2228","2","5","0","500","2016-07-26","0000-00-00","","2016-07-26 14:27:29","28","2016-07-26 14:27:29","28","1"),
("74179","","","","55853","","","2228","2","5","0","500","2016-07-26","0000-00-00","","2016-07-26 14:27:29","28","2016-07-26 14:27:29","28","1"),
("74180","","","","55854","","","2228","2","5","0","500","2016-07-26","0000-00-00","","2016-07-26 14:27:29","28","2016-07-26 14:27:29","28","1"),
("74181","","","","55855","","","2231","2","2","0","1500","2016-07-26","0000-00-00","","2016-07-26 14:28:00","26","2016-07-26 14:28:00","26","1"),
("74182","","","","55856","","","2235","2","1","0","2500","2016-07-26","0000-00-00","","2016-07-26 14:28:33","26","2016-07-26 14:28:33","26","1"),
("74183","","","","55856","","","2074","2","1","0","1500","2016-07-26","0000-00-00","","2016-07-26 14:28:33","26","2016-07-26 14:28:33","26","1"),
("74184","","","","55857","","","2125","2","1","0","1000","2016-07-26","0000-00-00","","2016-07-26 14:28:33","28","2016-07-26 14:28:33","28","1"),
("74185","","","","55858","","","2231","2","1","0","1500","2016-07-26","0000-00-00","","2016-07-26 14:28:43","28","2016-07-26 14:28:43","28","1"),
("74186","","","","55859","","","2231","2","2","0","1500","2016-07-26","0000-00-00","","2016-07-26 14:28:53","28","2016-07-26 14:28:53","28","1"),
("74187","","","","55860","","","2104","2","1","0","5500","2016-07-26","0000-00-00","","2016-07-26 14:29:58","28","2016-07-26 14:29:58","28","1"),
("74188","","","","55860","","","2110","2","2","0","2500","2016-07-26","0000-00-00","","2016-07-26 14:29:58","28","2016-07-26 14:29:58","28","1"),
("74189","","","","55861","","","2219","2","1","0","2500","2016-07-26","0000-00-00","","2016-07-26 14:31:14","26","2016-07-26 14:31:14","26","1"),
("74190","","","","55862","","","2065","2","2","0","1000","2016-07-26","0000-00-00","","2016-07-26 14:31:45","26","2016-07-26 14:31:45","26","1"),
("74191","","","","55863","","","2126","2","2","0","2000","2016-07-26","0000-00-00","","2016-07-26 14:32:29","26","2016-07-26 14:32:29","26","1"),
("74192","","","","55864","","","2228","2","1","0","500","2016-07-26","0000-00-00","","2016-07-26 14:32:33","28","2016-07-26 14:32:33","28","1"),
("74193","","","","55865","","","2125","2","1","0","1000","2016-07-26","0000-00-00","","2016-07-26 14:34:04","26","2016-07-26 14:34:04","26","1"),
("74194","","","","55866","","","2228","2","5","0","500","2016-07-26","0000-00-00","","2016-07-26 14:34:18","26","2016-07-26 14:34:18","26","1"),
("74195","","","","55867","","","2228","2","5","0","500","2016-07-26","0000-00-00","","2016-07-26 14:34:40","28","2016-07-26 14:34:40","28","1"),
("74196","","","","55868","","","2231","2","2","0","1500","2016-07-26","0000-00-00","","2016-07-26 14:35:41","26","2016-07-26 14:35:41","26","1"),
("74197","","","","55869","","","2231","2","2","0","1500","2016-07-26","0000-00-00","","2016-07-26 14:35:52","28","2016-07-26 14:35:52","28","1"),
("74198","","","","55870","","","2231","2","10","0","1500","2016-07-26","0000-00-00","","2016-07-26 14:37:39","28","2016-07-26 14:37:39","28","1"),
("74199","","","","55871","","","2166","2","6","0","700","2016-07-26","0000-00-00","","2016-07-26 14:38:27","28","2016-07-26 14:38:27","28","1"),
("74200","","","","55872","","","2231","2","5","0","1500","2016-07-26","0000-00-00","","2016-07-26 14:38:48","28","2016-07-26 14:38:48","28","1"),
("74201","","","","55873","","","2228","2","11","0","500","2016-07-26","0000-00-00","","2016-07-26 14:40:05","28","2016-07-26 14:40:05","28","1"),
("74202","","","","55874","","","2240","2","2","0","5000","2016-07-26","0000-00-00","","2016-07-26 14:40:33","26","2016-07-26 14:40:33","26","1"),
("74203","","","","55875","","","2228","2","3","0","500","2016-07-26","0000-00-00","","2016-07-26 14:47:11","26","2016-07-26 14:47:11","26","1"),
("74204","","","","55876","","","2125","2","1","0","1000","2016-07-26","0000-00-00","","2016-07-26 14:49:04","26","2016-07-26 14:49:04","26","1"),
("74205","","","","55877","","","2065","2","2","0","1000","2016-07-26","0000-00-00","","2016-07-26 14:49:44","26","2016-07-26 14:49:44","26","1"),
("74206","","","","55878","","","2064","2","5","0","1500","2016-07-26","0000-00-00","","2016-07-26 14:51:33","26","2016-07-26 14:51:33","26","1"),
("74207","","","","55879","","","2064","2","2","0","1500","2016-07-26","0000-00-00","","2016-07-26 14:52:13","26","2016-07-26 14:52:13","26","1"),
("74208","","","","55880","","","2231","2","1","0","1500","2016-07-26","0000-00-00","","2016-07-26 14:54:27","28","2016-07-26 14:54:27","28","1"),
("74209","","","","55881","","","2110","2","1","0","2500","2016-07-26","0000-00-00","","2016-07-26 14:55:32","26","2016-07-26 14:55:32","26","1"),
("74210","","","","55882","","","2233","2","1","0","2000","2016-07-26","0000-00-00","","2016-07-26 14:55:52","28","2016-07-26 14:55:52","28","1"),
("74211","","","","55883","","","2250","2","1","0","500","2016-07-26","0000-00-00","","2016-07-26 14:56:49","28","2016-07-26 14:56:49","28","1"),
("74212","","","","55884","","","2126","2","8","0","1500","2016-07-26","0000-00-00","","2016-07-26 14:56:53","26","2016-07-26 14:56:53","26","1"),
("74213","","","","55885","","","2126","2","1","0","1500","2016-07-26","0000-00-00","","2016-07-26 14:57:47","26","2016-07-26 14:57:47","26","1"),
("74214","","","","55886","","","2126","2","1","0","1500","2016-07-26","0000-00-00","","2016-07-26 14:58:44","26","2016-07-26 14:58:44","26","1");

DROP TABLE inventory_totals;

CREATE TABLE `inventory_totals` (
  `product_id` bigint(20) NOT NULL,
  `location_id` bigint(20) NOT NULL,
  `total_qty` double DEFAULT '0',
  `created_at` datetime NOT NULL,
  `created_by` bigint(11) NOT NULL,
  `updated_at` datetime NOT NULL,
  `updated_by` bigint(11) NOT NULL,
  PRIMARY KEY (`product_id`,`location_id`),
  KEY `product_id` (`product_id`),
  KEY `location_id` (`location_id`)
) ENGINE=InnoDB DEFAULT CHARSET=utf8 COLLATE=utf8_unicode_ci;

INSERT INTO inventory_totals VALUES("2064","2","-986","2016-05-30 20:44:40","26","2016-07-26 14:52:13","26");
INSERT INTO inventory_totals VALUES("2065","2","-10335","2016-05-30 17:12:37","26","2016-07-26 14:49:44","26");
INSERT INTO inventory_totals VALUES("2067","2","-931","2016-05-30 20:12:19","26","2016-07-26 13:09:02","26");
INSERT INTO inventory_totals VALUES("2070","2","-1451","2016-05-30 19:12:04","28","2016-07-26 09:00:48","28");
INSERT INTO inventory_totals VALUES("2071","2","-2814","2016-05-30 20:20:55","32","2016-07-26 10:24:26","32");
INSERT INTO inventory_totals VALUES("2072","2","-560","2016-06-01 10:24:38","28","2016-07-26 11:39:25","28");
INSERT INTO inventory_totals VALUES("2073","2","-1605","2016-05-30 17:09:35","26","2016-07-26 14:08:47","26");
INSERT INTO inventory_totals VALUES("2074","2","-739","2016-05-30 17:09:50","26","2016-07-26 14:28:33","26");
INSERT INTO inventory_totals VALUES("2075","2","-1441","2016-05-30 19:40:28","28","2016-07-26 11:57:15","28");
INSERT INTO inventory_totals VALUES("2076","2","-639","2016-05-30 17:15:10","28","2016-07-26 10:42:07","28");
INSERT INTO inventory_totals VALUES("2077","2","-187","2016-06-02 16:11:58","28","2016-07-26 07:35:24","28");
INSERT INTO inventory_totals VALUES("2078","2","-507","2016-05-31 07:51:51","32","2016-07-26 12:04:25","32");
INSERT INTO inventory_totals VALUES("2079","2","-358","2016-05-30 17:34:03","32","2016-07-26 10:07:18","32");
INSERT INTO inventory_totals VALUES("2082","2","-275","2016-05-30 20:35:30","28","2016-07-26 07:20:21","28");
INSERT INTO inventory_totals VALUES("2083","2","-3662","2016-05-30 17:13:02","32","2016-07-26 13:29:14","32");
INSERT INTO inventory_totals VALUES("2084","2","-480","2016-05-30 17:13:26","28","2016-07-26 08:03:12","28");
INSERT INTO inventory_totals VALUES("2085","2","-473","2016-05-30 18:17:34","28","2016-07-26 09:10:52","28");
INSERT INTO inventory_totals VALUES("2088","2","-216","2016-05-31 08:25:04","28","2016-07-26 11:19:31","28");
INSERT INTO inventory_totals VALUES("2089","2","-167","2016-06-06 07:55:52","28","2016-07-26 10:42:07","28");
INSERT INTO inventory_totals VALUES("2090","2","-353","2016-06-03 07:53:09","32","2016-07-26 11:02:58","32");
INSERT INTO inventory_totals VALUES("2092","2","-22","2016-06-05 13:07:45","32","2016-06-26 17:13:30","32");
INSERT INTO inventory_totals VALUES("2093","2","-1334","2016-05-31 08:55:09","26","2016-07-26 13:32:58","26");
INSERT INTO inventory_totals VALUES("2095","2","-3463","2016-05-30 16:57:46","26","2016-07-26 13:18:18","26");
INSERT INTO inventory_totals VALUES("2097","2","-154","2016-05-31 11:50:36","32","2016-07-26 09:51:21","32");
INSERT INTO inventory_totals VALUES("2098","2","-144","2016-05-31 11:48:59","28","2016-07-26 10:46:57","28");
INSERT INTO inventory_totals VALUES("2099","2","-814","2016-05-30 19:54:32","32","2016-07-26 12:02:17","32");
INSERT INTO inventory_totals VALUES("2100","2","-127","2016-06-01 11:05:58","26","2016-07-24 14:33:10","26");
INSERT INTO inventory_totals VALUES("2101","2","-4","2016-06-04 16:36:48","28","2016-06-15 08:23:32","28");
INSERT INTO inventory_totals VALUES("2102","2","-249","2016-05-30 18:50:51","28","2016-07-26 12:23:22","28");
INSERT INTO inventory_totals VALUES("2103","2","-166","2016-05-30 18:21:22","28","2016-07-25 19:25:58","28");
INSERT INTO inventory_totals VALUES("2104","2","-2123","2016-05-30 18:45:00","28","2016-07-26 14:29:58","28");
INSERT INTO inventory_totals VALUES("2105","2","-99","2016-05-31 04:27:09","26","2016-07-25 15:24:40","26");
INSERT INTO inventory_totals VALUES("2107","2","-1232","2016-05-30 17:13:44","32","2016-07-26 13:29:48","32");
INSERT INTO inventory_totals VALUES("2108","2","-2","2016-06-22 07:31:24","26","2016-07-16 06:34:13","26");
INSERT INTO inventory_totals VALUES("2109","2","-4","2016-06-02 11:24:48","26","2016-07-14 13:26:17","26");
INSERT INTO inventory_totals VALUES("2110","2","-551","2016-05-31 09:56:02","26","2016-07-26 14:55:32","26");
INSERT INTO inventory_totals VALUES("2111","2","-101","2016-05-31 06:44:27","28","2016-07-25 20:03:16","28");
INSERT INTO inventory_totals VALUES("2112","2","-222","2016-05-31 17:42:17","28","2016-07-25 16:52:33","28");
INSERT INTO inventory_totals VALUES("2113","2","-400","2016-05-31 06:07:51","28","2016-07-26 14:14:51","28");
INSERT INTO inventory_totals VALUES("2114","2","-49","2016-05-31 17:05:12","32","2016-07-25 10:05:59","32");
INSERT INTO inventory_totals VALUES("2116","2","-110","2016-05-30 19:09:50","28","2016-07-26 11:39:26","28");
INSERT INTO inventory_totals VALUES("2117","2","-125","2016-05-31 15:15:55","28","2016-07-26 11:39:26","28");
INSERT INTO inventory_totals VALUES("2118","2","-1221","2016-05-30 17:25:00","26","2016-07-26 14:14:43","26");
INSERT INTO inventory_totals VALUES("2119","2","-115","2016-05-31 04:10:53","26","2016-07-26 06:44:24","26");
INSERT INTO inventory_totals VALUES("2120","2","-23","2016-06-01 15:07:34","28","2016-06-24 08:28:25","28");
INSERT INTO inventory_totals VALUES("2121","2","-438","2016-05-30 16:56:09","32","2016-07-26 13:02:29","32");
INSERT INTO inventory_totals VALUES("2125","2","-2447","2016-05-30 17:14:38","26","2016-07-26 14:49:04","26");
INSERT INTO inventory_totals VALUES("2126","2","-1155","2016-05-30 17:17:44","26","2016-07-26 14:58:44","26");
INSERT INTO inventory_totals VALUES("2127","2","-1","2016-06-01 09:16:57","28","2016-06-01 09:16:57","28");
INSERT INTO inventory_totals VALUES("2128","2","-3","2016-05-30 17:17:34","27","2016-05-31 08:21:59","27");
INSERT INTO inventory_totals VALUES("2129","2","-85","2016-05-31 08:02:05","28","2016-07-26 07:24:59","28");
INSERT INTO inventory_totals VALUES("2130","2","-2","2016-05-31 11:51:20","28","2016-05-31 12:08:32","28");
INSERT INTO inventory_totals VALUES("2131","2","-5","2016-06-02 09:48:54","28","2016-06-11 08:04:29","28");
INSERT INTO inventory_totals VALUES("2133","2","-245","2016-05-30 20:04:42","32","2016-07-25 12:56:04","32");
INSERT INTO inventory_totals VALUES("2134","2","-1145","2016-05-30 17:16:20","32","2016-07-25 18:20:02","32");
INSERT INTO inventory_totals VALUES("2135","2","-160","2016-05-31 18:50:40","32","2016-07-25 16:44:51","32");
INSERT INTO inventory_totals VALUES("2136","2","-440","2016-05-30 17:16:20","32","2016-07-25 18:20:02","32");
INSERT INTO inventory_totals VALUES("2137","2","-176","2016-05-30 17:00:35","28","2016-07-25 17:50:07","28");
INSERT INTO inventory_totals VALUES("2138","2","-66","2016-06-01 18:10:15","28","2016-07-25 11:28:57","28");
INSERT INTO inventory_totals VALUES("2139","2","-101","2016-05-30 19:37:44","32","2016-07-25 18:31:09","32");
INSERT INTO inventory_totals VALUES("2140","2","-251","2016-05-30 17:16:20","32","2016-07-26 12:54:43","32");
INSERT INTO inventory_totals VALUES("2141","2","-93","2016-05-31 16:15:13","26","2016-07-25 14:50:46","26");
INSERT INTO inventory_totals VALUES("2142","2","-12","2016-06-04 12:04:34","28","2016-07-16 14:20:54","28");
INSERT INTO inventory_totals VALUES("2143","2","-16","2016-06-01 14:37:00","28","2016-07-22 10:31:42","28");
INSERT INTO inventory_totals VALUES("2144","2","-6","2016-06-02 16:28:24","28","2016-07-22 18:41:13","28");
INSERT INTO inventory_totals VALUES("2146","2","-785","2016-05-31 04:25:13","26","2016-07-26 13:32:58","26");
INSERT INTO inventory_totals VALUES("2163","2","-839","2016-05-30 19:12:04","28","2016-07-26 11:39:25","28");
INSERT INTO inventory_totals VALUES("2164","2","-3511","2016-05-30 16:53:06","26","2016-07-26 14:25:49","26");
INSERT INTO inventory_totals VALUES("2165","2","-732","2016-05-30 17:13:26","26","2016-07-26 13:09:02","26");
INSERT INTO inventory_totals VALUES("2166","2","-12246","2016-05-30 15:16:51","28","2016-07-26 14:38:27","28");
INSERT INTO inventory_totals VALUES("2172","2","-1068","2016-05-30 17:07:00","28","2016-07-26 12:22:59","28");
INSERT INTO inventory_totals VALUES("2173","2","-165","2016-05-31 10:33:36","26","2016-07-25 13:59:43","26");
INSERT INTO inventory_totals VALUES("2174","2","-65","2016-05-31 09:21:36","28","2016-07-26 12:32:51","28");
INSERT INTO inventory_totals VALUES("2178","2","-29","2016-06-02 05:19:47","26","2016-07-23 15:37:22","26");
INSERT INTO inventory_totals VALUES("2179","2","-2","2016-06-19 13:01:57","26","2016-06-22 13:15:45","26");
INSERT INTO inventory_totals VALUES("2182","2","-276","2016-05-30 18:50:52","32","2016-07-25 18:23:50","32");
INSERT INTO inventory_totals VALUES("2183","2","-5","2016-06-17 08:39:20","28","2016-07-10 20:20:53","28");
INSERT INTO inventory_totals VALUES("2188","2","-34","2016-06-02 05:19:47","26","2016-07-23 15:37:22","26");
INSERT INTO inventory_totals VALUES("2197","2","-1122","2016-05-31 05:33:48","26","2016-07-26 14:13:13","26");
INSERT INTO inventory_totals VALUES("2198","2","-51","2016-05-31 06:32:11","26","2016-07-23 14:07:35","26");
INSERT INTO inventory_totals VALUES("2199","2","-80","2016-05-30 20:45:32","32","2016-07-15 11:38:49","32");
INSERT INTO inventory_totals VALUES("2201","2","-1","2016-07-22 07:59:15","28","2016-07-22 07:59:15","28");
INSERT INTO inventory_totals VALUES("2202","2","-12","2016-06-05 05:43:31","26","2016-07-14 06:04:21","26");
INSERT INTO inventory_totals VALUES("2203","2","-27","2016-06-01 18:10:15","28","2016-07-14 12:28:33","28");
INSERT INTO inventory_totals VALUES("2204","2","-14","2016-06-05 15:46:14","28","2016-07-25 11:28:56","28");
INSERT INTO inventory_totals VALUES("2206","2","-6","2016-06-11 18:11:55","32","2016-07-19 18:21:51","32");
INSERT INTO inventory_totals VALUES("2207","2","-67","2016-06-05 20:28:13","28","2016-07-24 08:45:28","28");
INSERT INTO inventory_totals VALUES("2208","2","-9","2016-06-03 12:29:19","28","2016-07-22 16:13:30","28");
INSERT INTO inventory_totals VALUES("2209","2","-3","2016-06-01 15:42:51","28","2016-07-13 20:12:25","28");
INSERT INTO inventory_totals VALUES("2213","2","-45","2016-06-08 08:14:22","28","2016-07-22 19:09:38","28");
INSERT INTO inventory_totals VALUES("2217","2","-24","2016-06-03 19:05:30","28","2016-07-25 16:08:27","28");
INSERT INTO inventory_totals VALUES("2218","2","-105","2016-05-31 10:46:14","28","2016-07-26 12:30:39","28");
INSERT INTO inventory_totals VALUES("2219","2","-302","2016-06-02 07:11:01","26","2016-07-26 14:31:14","26");
INSERT INTO inventory_totals VALUES("2220","2","-1150","2016-06-06 12:05:02","28","2016-07-12 17:18:00","28");
INSERT INTO inventory_totals VALUES("2226","2","-754","2016-05-30 20:29:24","26","2016-07-26 07:14:41","26");
INSERT INTO inventory_totals VALUES("2228","2","-153026","2016-05-30 16:53:06","26","2016-07-26 14:47:11","26");
INSERT INTO inventory_totals VALUES("2229","2","-80979","2016-05-30 18:02:49","26","2016-07-26 14:09:00","26");
INSERT INTO inventory_totals VALUES("2231","2","-29790","2016-05-30 16:58:22","28","2016-07-26 14:54:27","28");
INSERT INTO inventory_totals VALUES("2232","2","-3025","2016-05-30 18:38:35","26","2016-07-26 14:26:35","26");
INSERT INTO inventory_totals VALUES("2233","2","-6526","2016-05-30 19:34:27","28","2016-07-26 14:55:52","28");
INSERT INTO inventory_totals VALUES("2235","2","-1388","2016-05-30 19:37:44","26","2016-07-26 14:28:33","26");
INSERT INTO inventory_totals VALUES("2236","2","-821","2016-05-30 20:25:09","26","2016-07-26 13:48:54","26");
INSERT INTO inventory_totals VALUES("2237","2","-56","2016-06-06 07:55:52","28","2016-07-26 11:39:26","28");
INSERT INTO inventory_totals VALUES("2238","2","-189","2016-05-31 06:54:44","28","2016-07-26 11:05:38","28");
INSERT INTO inventory_totals VALUES("2239","2","-458","2016-05-31 11:09:13","32","2016-07-19 08:38:36","32");
INSERT INTO inventory_totals VALUES("2240","2","-1771","2016-05-30 16:58:52","26","2016-07-26 14:40:33","26");
INSERT INTO inventory_totals VALUES("2241","2","-144","2016-05-31 13:05:46","28","2016-07-26 11:35:19","28");
INSERT INTO inventory_totals VALUES("2243","2","-126","2016-05-30 17:15:34","28","2016-07-20 08:54:05","28");
INSERT INTO inventory_totals VALUES("2250","2","-5094","2016-05-30 17:14:11","28","2016-07-26 14:56:49","28");
INSERT INTO inventory_totals VALUES("2251","2","-1","2016-07-09 18:58:52","28","2016-07-09 18:58:52","28");
INSERT INTO inventory_totals VALUES("2252","2","-90","2016-06-04 16:15:52","28","2016-07-24 15:12:07","28");
INSERT INTO inventory_totals VALUES("2253","2","-127","2016-05-31 13:24:22","26","2016-07-26 07:55:32","26");
INSERT INTO inventory_totals VALUES("2254","2","-899","2016-05-31 18:14:09","28","2016-07-25 06:19:48","28");
INSERT INTO inventory_totals VALUES("2255","2","-392","2016-06-02 18:24:09","28","2016-07-23 19:47:10","28");
INSERT INTO inventory_totals VALUES("2256","2","-28","2016-06-02 17:07:21","28","2016-07-07 23:27:23","28");
INSERT INTO inventory_totals VALUES("2257","2","-245","2016-06-02 18:53:00","26","2016-07-26 06:07:44","26");
INSERT INTO inventory_totals VALUES("2258","2","-52","2016-06-06 11:06:36","28","2016-07-25 11:34:29","28");
INSERT INTO inventory_totals VALUES("2259","2","-74","2016-06-22 14:12:02","28","2016-07-25 20:53:07","28");
INSERT INTO inventory_totals VALUES("2260","2","-22","2016-07-11 05:45:45","28","2016-07-25 17:09:36","28");
INSERT INTO inventory_totals VALUES("2262","2","-1","2016-07-21 07:37:38","26","2016-07-21 07:37:38","26");



DROP TABLE inventory_total_details;

CREATE TABLE `inventory_total_details` (
  `product_id` bigint(20) NOT NULL,
  `location_id` bigint(20) NOT NULL,
  `total_cycle` double DEFAULT '0',
  `total_so` double DEFAULT '0',
  `total_pos` double DEFAULT '0',
  `total_cm` double DEFAULT '0',
  `total_to_in` double DEFAULT '0',
  `total_to_out` double DEFAULT '0',
  `date` date NOT NULL,
  `created_at` datetime NOT NULL,
  `created_by` bigint(11) NOT NULL,
  `updated_at` datetime NOT NULL,
  `updated_by` bigint(11) NOT NULL,
  PRIMARY KEY (`product_id`,`location_id`,`date`),
  KEY `product_id` (`product_id`),
  KEY `location_id` (`location_id`),
  KEY `date` (`date`)
) ENGINE=InnoDB DEFAULT CHARSET=utf8 COLLATE=utf8_unicode_ci;

INSERT INTO inventory_total_details VALUES("2064","2","0","0","-1","0","0","0","2016-05-30","2016-05-30 20:44:40","24","2016-05-30 20:44:40","24");
INSERT INTO inventory_total_details VALUES("2065","2","0","0","-2","0","0","0","2016-05-30","2016-05-30 17:12:37","24","2016-05-30 21:01:14","24");
INSERT INTO inventory_total_details VALUES("2067","2","0","0","-2","0","0","0","2016-05-30","2016-05-30 20:12:19","24","2016-05-30 20:37:06","24");
INSERT INTO inventory_total_details VALUES("2070","2","0","0","-3","0","0","0","2016-05-30","2016-05-30 19:12:04","27","2016-05-30 19:12:04","27");
INSERT INTO inventory_total_details VALUES("2071","2","0","0","-1","0","0","0","2016-05-30","2016-05-30 20:20:55","24","2016-05-30 20:20:55","24");
INSERT INTO inventory_total_details VALUES("2072","2","0","0","-5","0","0","0","2016-06-01","2016-06-01 10:24:38","27","2016-06-01 17:19:29","27");
INSERT INTO inventory_total_details VALUES("2073","2","0","0","-2","0","0","0","2016-05-30","2016-05-30 17:09:35","24","2016-05-30 20:20:55","24");
INSERT INTO inventory_total_details VALUES("2074","2","0","0","-1","0","0","0","2016-05-30","2016-05-30 17:09:51","1","2016-05-30 17:09:51","1");
INSERT INTO inventory_total_details VALUES("2075","2","0","0","-2","0","0","0","2016-05-30","2016-05-30 19:40:28","27","2016-05-30 19:40:28","27");
INSERT INTO inventory_total_details VALUES("2076","2","0","0","-1","0","0","0","2016-05-30","2016-05-30 17:15:10","27","2016-05-30 19:40:28","27");
INSERT INTO inventory_total_details VALUES("2077","2","0","0","-2","0","0","0","2016-06-02","2016-06-02 16:11:58","27","2016-06-02 16:11:58","27");
INSERT INTO inventory_total_details VALUES("2078","2","0","0","-1","0","0","0","2016-05-31","2016-05-31 07:51:51","1","2016-05-31 13:22:44","1");
INSERT INTO inventory_total_details VALUES("2079","2","0","0","-1","0","0","0","2016-05-30","2016-05-30 17:34:03","1","2016-05-30 17:34:03","1");
INSERT INTO inventory_total_details VALUES("2082","2","0","0","-1","0","0","0","2016-05-30","2016-05-30 20:35:30","24","2016-05-30 20:35:30","24");
INSERT INTO inventory_total_details VALUES("2083","2","0","0","-2","0","0","0","2016-05-30","2016-05-30 17:13:02","24","2016-05-30 20:44:10","24");
INSERT INTO inventory_total_details VALUES("2084","2","0","0","-1","0","0","0","2016-05-30","2016-05-30 17:13:26","24","2016-05-30 20:36:29","24");
INSERT INTO inventory_total_details VALUES("2085","2","0","0","-1","0","0","0","2016-05-30","2016-05-30 18:17:35","24","2016-05-30 18:17:35","24");
INSERT INTO inventory_total_details VALUES("2088","2","0","0","-1","0","0","0","2016-05-31","2016-05-31 08:25:04","1","2016-05-31 15:55:07","1");
INSERT INTO inventory_total_details VALUES("2089","2","0","0","-1","0","0","0","2016-06-06","2016-06-06 07:55:52","28","2016-06-06 20:21:02","28");
INSERT INTO inventory_total_details VALUES("2090","2","0","0","-3","0","0","0","2016-06-03","2016-06-03 07:53:09","28","2016-06-03 17:42:59","28");
INSERT INTO inventory_total_details VALUES("2092","2","0","0","-2","0","0","0","2016-06-05","2016-06-05 13:07:45","26","2016-06-05 13:07:45","26");
INSERT INTO inventory_total_details VALUES("2093","2","0","0","-2","0","0","0","2016-05-31","2016-05-31 08:55:09","24","2016-05-31 18:27:26","24");
INSERT INTO inventory_total_details VALUES("2095","2","0","0","-1","0","0","0","2016-05-30","2016-05-30 16:57:46","24","2016-05-30 21:01:14","24");
INSERT INTO inventory_total_details VALUES("2097","2","0","0","-2","0","0","0","2016-05-31","2016-05-31 11:50:36","1","2016-05-31 11:57:30","1");
INSERT INTO inventory_total_details VALUES("2098","2","0","0","-1","0","0","0","2016-05-31","2016-05-31 11:48:59","1","2016-05-31 16:06:30","1");
INSERT INTO inventory_total_details VALUES("2099","2","0","0","-1","0","0","0","2016-05-30","2016-05-30 19:54:32","24","2016-05-30 20:46:56","24");
INSERT INTO inventory_total_details VALUES("2100","2","0","0","-6","0","0","0","2016-06-01","2016-06-01 11:05:58","28","2016-06-01 11:05:58","28");
INSERT INTO inventory_total_details VALUES("2101","2","0","0","-1","0","0","0","2016-06-04","2016-06-04 16:36:48","27","2016-06-04 16:36:48","27");
INSERT INTO inventory_total_details VALUES("2102","2","0","0","-1","0","0","0","2016-05-30","2016-05-30 18:50:51","27","2016-05-30 19:01:27","27");
INSERT INTO inventory_total_details VALUES("2103","2","0","0","-1","0","0","0","2016-05-30","2016-05-30 18:21:22","24","2016-05-30 18:21:22","24");
INSERT INTO inventory_total_details VALUES("2104","2","0","0","-1","0","0","0","2016-05-30","2016-05-30 18:45:00","24","2016-05-30 20:35:30","24");
INSERT INTO inventory_total_details VALUES("2105","2","0","0","-2","0","0","0","2016-05-31","2016-05-31 04:27:09","28","2016-05-31 11:08:37","28");
INSERT INTO inventory_total_details VALUES("2107","2","0","0","-2","0","0","0","2016-05-30","2016-05-30 17:13:44","1","2016-05-30 17:13:44","1");
INSERT INTO inventory_total_details VALUES("2108","2","0","0","-1","0","0","0","2016-06-22","2016-06-22 07:31:24","26","2016-06-22 07:31:24","26");
INSERT INTO inventory_total_details VALUES("2109","2","0","0","-1","0","0","0","2016-06-02","2016-06-02 11:24:48","28","2016-06-02 11:24:48","28");
INSERT INTO inventory_total_details VALUES("2110","2","0","0","-2","0","0","0","2016-05-31","2016-05-31 09:56:02","1","2016-05-31 16:59:11","1");
INSERT INTO inventory_total_details VALUES("2111","2","0","0","-1","0","0","0","2016-05-31","2016-05-31 06:44:27","1","2016-05-31 15:24:34","1");
INSERT INTO inventory_total_details VALUES("2112","2","0","0","-1","0","0","0","2016-05-31","2016-05-31 17:42:17","28","2016-05-31 17:42:17","28");
INSERT INTO inventory_total_details VALUES("2113","2","0","0","-1","0","0","0","2016-05-31","2016-05-31 06:07:51","28","2016-05-31 10:55:17","28");
INSERT INTO inventory_total_details VALUES("2114","2","0","0","-1","0","0","0","2016-05-31","2016-05-31 17:05:12","1","2016-05-31 17:05:12","1");
INSERT INTO inventory_total_details VALUES("2116","2","0","0","-1","0","0","0","2016-05-30","2016-05-30 19:09:50","27","2016-05-30 19:09:50","27");
INSERT INTO inventory_total_details VALUES("2117","2","0","0","-1","0","0","0","2016-05-31","2016-05-31 15:15:55","28","2016-05-31 15:15:55","28");
INSERT INTO inventory_total_details VALUES("2118","2","0","0","-2","0","0","0","2016-05-30","2016-05-30 17:25:00","24","2016-05-30 20:35:09","24");
INSERT INTO inventory_total_details VALUES("2119","2","0","0","-1","0","0","0","2016-05-31","2016-05-31 04:10:53","28","2016-05-31 19:23:07","28");
INSERT INTO inventory_total_details VALUES("2120","2","0","0","-4","0","0","0","2016-06-01","2016-06-01 15:07:34","28","2016-06-01 15:07:34","28");
INSERT INTO inventory_total_details VALUES("2121","2","0","0","-1","0","0","0","2016-05-30","2016-05-30 16:56:09","24","2016-05-30 17:57:00","24");
INSERT INTO inventory_total_details VALUES("2125","2","0","0","-1","0","0","0","2016-05-30","2016-05-30 17:14:38","24","2016-05-30 20:45:32","24");
INSERT INTO inventory_total_details VALUES("2126","2","0","0","-1","0","0","0","2016-05-30","2016-05-30 17:17:44","24","2016-05-30 20:46:56","24");
INSERT INTO inventory_total_details VALUES("2127","2","0","0","-1","0","0","0","2016-06-01","2016-06-01 09:16:57","28","2016-06-01 09:16:57","28");
INSERT INTO inventory_total_details VALUES("2128","2","0","0","-1","0","0","0","2016-05-30","2016-05-30 17:17:34","27","2016-05-30 18:49:32","27");
INSERT INTO inventory_total_details VALUES("2129","2","0","0","-1","0","0","0","2016-05-31","2016-05-31 08:02:05","28","2016-05-31 12:43:49","28");
INSERT INTO inventory_total_details VALUES("2130","2","0","0","-1","0","0","0","2016-05-31","2016-05-31 11:51:20","28","2016-05-31 12:08:32","28");
INSERT INTO inventory_total_details VALUES("2131","2","0","0","-1","0","0","0","2016-06-02","2016-06-02 09:48:54","28","2016-06-02 09:48:54","28");
INSERT INTO inventory_total_details VALUES("2133","2","0","0","-1","0","0","0","2016-05-30","2016-05-30 20:04:42","24","2016-05-30 20:04:42","24");
INSERT INTO inventory_total_details VALUES("2134","2","0","0","-2","0","0","0","2016-05-30","2016-05-30 17:16:20","27","2016-05-30 18:50:52","27");
INSERT INTO inventory_total_details VALUES("2135","2","0","0","-2","0","0","0","2016-05-31","2016-05-31 18:50:40","24","2016-05-31 18:50:40","24");
INSERT INTO inventory_total_details VALUES("2136","2","0","0","-2","0","0","0","2016-05-30","2016-05-30 17:16:20","27","2016-05-30 18:50:52","27");
INSERT INTO inventory_total_details VALUES("2137","2","0","0","-1","0","0","0","2016-05-30","2016-05-30 17:00:35","1","2016-05-30 17:00:35","1");
INSERT INTO inventory_total_details VALUES("2138","2","0","0","-1","0","0","0","2016-06-01","2016-06-01 18:10:15","27","2016-06-01 18:10:15","27");
INSERT INTO inventory_total_details VALUES("2139","2","0","0","-1","0","0","0","2016-05-30","2016-05-30 19:37:44","27","2016-05-30 19:37:44","27");
INSERT INTO inventory_total_details VALUES("2140","2","0","0","-1","0","0","0","2016-05-30","2016-05-30 17:16:20","27","2016-05-30 18:50:52","27");
INSERT INTO inventory_total_details VALUES("2141","2","0","0","-1","0","0","0","2016-05-31","2016-05-31 16:15:13","1","2016-05-31 16:15:13","1");
INSERT INTO inventory_total_details VALUES("2142","2","0","0","-1","0","0","0","2016-06-04","2016-06-04 12:04:34","27","2016-06-04 16:08:30","27");
INSERT INTO inventory_total_details VALUES("2143","2","0","0","-1","0","0","0","2016-06-01","2016-06-01 14:37:00","24","2016-06-01 14:37:00","24");
INSERT INTO inventory_total_details VALUES("2144","2","0","0","-1","0","0","0","2016-06-02","2016-06-02 16:28:24","27","2016-06-02 16:28:24","27");
INSERT INTO inventory_total_details VALUES("2146","2","0","0","-1","0","0","0","2016-05-31","2016-05-31 04:25:13","28","2016-05-31 19:18:40","28");
INSERT INTO inventory_total_details VALUES("2163","2","0","0","-1","0","0","0","2016-05-30","2016-05-30 19:12:04","24","2016-05-30 20:36:29","24");
INSERT INTO inventory_total_details VALUES("2164","2","0","0","-1","0","0","0","2016-05-30","2016-05-30 16:53:06","27","2016-05-30 19:14:29","27");
INSERT INTO inventory_total_details VALUES("2165","2","0","0","-1","0","0","0","2016-05-30","2016-05-30 17:13:26","1","2016-05-30 17:13:26","1");
INSERT INTO inventory_total_details VALUES("2166","2","0","0","-8","0","0","0","2016-05-30","2016-05-30 15:16:51","1","2016-05-30 16:55:10","1");
INSERT INTO inventory_total_details VALUES("2172","2","0","0","-1","0","0","0","2016-05-30","2016-05-30 17:07:00","24","2016-05-30 20:45:07","24");
INSERT INTO inventory_total_details VALUES("2173","2","0","0","-1","0","0","0","2016-05-31","2016-05-31 10:33:37","28","2016-05-31 11:09:13","28");
INSERT INTO inventory_total_details VALUES("2174","2","0","0","-1","0","0","0","2016-05-31","2016-05-31 09:21:37","24","2016-05-31 09:21:37","24");
INSERT INTO inventory_total_details VALUES("2178","2","0","0","-1","0","0","0","2016-06-02","2016-06-02 05:19:47","24","2016-06-02 05:19:47","24");
INSERT INTO inventory_total_details VALUES("2179","2","0","0","-1","0","0","0","2016-06-19","2016-06-19 13:01:57","26","2016-06-19 13:01:57","26");
INSERT INTO inventory_total_details VALUES("2182","2","0","0","-1","0","0","0","2016-05-30","2016-05-30 18:50:52","27","2016-05-30 18:50:52","27");
INSERT INTO inventory_total_details VALUES("2183","2","0","0","-1","0","0","0","2016-06-17","2016-06-17 08:39:20","26","2016-06-17 08:39:20","26");
INSERT INTO inventory_total_details VALUES("2188","2","0","0","-1","0","0","0","2016-06-02","2016-06-02 05:19:47","27","2016-06-02 19:29:45","27");
INSERT INTO inventory_total_details VALUES("2197","2","0","0","-2","0","0","0","2016-05-31","2016-05-31 05:33:48","24","2016-05-31 18:01:04","24");
INSERT INTO inventory_total_details VALUES("2198","2","0","0","-1","0","0","0","2016-05-31","2016-05-31 06:32:11","28","2016-05-31 15:18:23","28");
INSERT INTO inventory_total_details VALUES("2199","2","0","0","-1","0","0","0","2016-05-30","2016-05-30 20:45:32","24","2016-05-30 20:45:32","24");
INSERT INTO inventory_total_details VALUES("2201","2","0","0","-1","0","0","0","2016-07-22","2016-07-22 07:59:15","28","2016-07-22 07:59:15","28");
INSERT INTO inventory_total_details VALUES("2202","2","0","0","-1","0","0","0","2016-06-05","2016-06-05 05:43:31","24","2016-06-05 05:43:31","24");
INSERT INTO inventory_total_details VALUES("2203","2","0","0","-2","0","0","0","2016-06-01","2016-06-01 18:10:15","27","2016-06-01 18:10:15","27");
INSERT INTO inventory_total_details VALUES("2204","2","0","0","-1","0","0","0","2016-06-05","2016-06-05 15:46:14","24","2016-06-05 15:46:14","24");
INSERT INTO inventory_total_details VALUES("2206","2","0","0","-2","0","0","0","2016-06-11","2016-06-11 18:11:55","26","2016-06-11 18:11:55","26");
INSERT INTO inventory_total_details VALUES("2207","2","0","0","-1","0","0","0","2016-06-05","2016-06-05 20:28:13","28","2016-06-05 20:28:13","28");
INSERT INTO inventory_total_details VALUES("2208","2","0","0","-1","0","0","0","2016-06-03","2016-06-03 12:29:19","24","2016-06-03 12:29:19","24");
INSERT INTO inventory_total_details VALUES("2209","2","0","0","-1","0","0","0","2016-06-01","2016-06-01 15:42:51","24","2016-06-01 15:42:51","24");
INSERT INTO inventory_total_details VALUES("2213","2","0","0","-1","0","0","0","2016-06-08","2016-06-08 08:14:22","28","2016-06-08 08:14:22","28");
INSERT INTO inventory_total_details VALUES("2217","2","0","0","-2","0","0","0","2016-06-03","2016-06-03 19:05:30","28","2016-06-03 19:05:30","28");
INSERT INTO inventory_total_details VALUES("2218","2","0","0","-1","0","0","0","2016-05-31","2016-05-31 10:46:14","28","2016-05-31 18:18:24","28");
INSERT INTO inventory_total_details VALUES("2219","2","0","0","-1","0","0","0","2016-06-02","2016-06-02 07:11:01","27","2016-06-02 20:39:25","27");
INSERT INTO inventory_total_details VALUES("2220","2","0","0","-120","0","0","0","2016-06-06","2016-06-06 12:05:02","28","2016-06-06 12:05:02","28");
INSERT INTO inventory_total_details VALUES("2226","2","0","0","-1","0","0","0","2016-05-30","2016-05-30 20:29:24","24","2016-05-30 20:29:24","24");
INSERT INTO inventory_total_details VALUES("2228","2","0","0","-1","0","0","0","2016-05-30","2016-05-30 16:53:07","24","2016-05-30 20:52:03","24");
INSERT INTO inventory_total_details VALUES("2229","2","0","0","-10","0","0","0","2016-05-30","2016-05-30 18:02:49","24","2016-05-30 20:49:46","24");
INSERT INTO inventory_total_details VALUES("2231","2","0","0","-3","0","0","0","2016-05-30","2016-05-30 16:58:22","24","2016-05-30 21:01:14","24");
INSERT INTO inventory_total_details VALUES("2232","2","0","0","-2","0","0","0","2016-05-30","2016-05-30 18:38:35","27","2016-05-30 18:38:35","27");
INSERT INTO inventory_total_details VALUES("2233","2","0","0","-3","0","0","0","2016-05-30","2016-05-30 19:34:27","27","2016-05-30 19:51:04","27");
INSERT INTO inventory_total_details VALUES("2235","2","0","0","-1","0","0","0","2016-05-30","2016-05-30 19:37:45","27","2016-05-30 19:55:59","27");
INSERT INTO inventory_total_details VALUES("2236","2","0","0","-1","0","0","0","2016-05-30","2016-05-30 20:25:09","24","2016-05-30 20:25:09","24");
INSERT INTO inventory_total_details VALUES("2237","2","0","0","-2","0","0","0","2016-06-06","2016-06-06 07:55:52","26","2016-06-06 07:55:52","26");
INSERT INTO inventory_total_details VALUES("2238","2","0","0","-2","0","0","0","2016-05-31","2016-05-31 06:54:44","28","2016-05-31 18:18:35","28");
INSERT INTO inventory_total_details VALUES("2239","2","0","0","-1","0","0","0","2016-05-31","2016-05-31 11:09:13","28","2016-05-31 19:15:47","28");
INSERT INTO inventory_total_details VALUES("2240","2","0","0","-1","0","0","0","2016-05-30","2016-05-30 16:58:52","27","2016-05-30 19:23:13","27");
INSERT INTO inventory_total_details VALUES("2241","2","0","0","-1","0","0","0","2016-05-31","2016-05-31 13:05:46","28","2016-05-31 18:12:43","28");
INSERT INTO inventory_total_details VALUES("2243","2","0","0","-2","0","0","0","2016-05-30","2016-05-30 17:15:34","1","2016-05-30 17:15:34","1");
INSERT INTO inventory_total_details VALUES("2250","2","0","0","-1","0","0","0","2016-05-30","2016-05-30 17:14:12","24","2016-05-30 20:46:56","24");
INSERT INTO inventory_total_details VALUES("2251","2","0","0","-1","0","0","0","2016-07-09","2016-07-09 18:58:52","28","2016-07-09 18:58:52","28");
INSERT INTO inventory_total_details VALUES("2252","2","0","0","-3","0","0","0","2016-06-04","2016-06-04 16:15:52","28","2016-06-04 20:22:10","28");
INSERT INTO inventory_total_details VALUES("2253","2","0","0","-1","0","0","0","2016-05-31","2016-05-31 13:24:22","28","2016-05-31 13:24:22","28");
INSERT INTO inventory_total_details VALUES("2254","2","0","0","-5","0","0","0","2016-05-31","2016-05-31 18:14:09","28","2016-05-31 20:17:14","28");
INSERT INTO inventory_total_details VALUES("2255","2","0","0","-5","0","0","0","2016-06-02","2016-06-02 18:24:09","24","2016-06-02 18:24:09","24");
INSERT INTO inventory_total_details VALUES("2256","2","0","0","-1","0","0","0","2016-06-02","2016-06-02 17:07:21","28","2016-06-02 18:40:44","28");
INSERT INTO inventory_total_details VALUES("2257","2","0","0","-1","0","0","0","2016-06-02","2016-06-02 18:53:00","28","2016-06-02 18:53:00","28");
INSERT INTO inventory_total_details VALUES("2258","2","0","0","-1","0","0","0","2016-06-06","2016-06-06 11:06:36","26","2016-06-06 11:06:36","26");
INSERT INTO inventory_total_details VALUES("2259","2","0","0","-2","0","0","0","2016-06-22","2016-06-22 14:12:02","28","2016-06-22 19:30:07","28");
INSERT INTO inventory_total_details VALUES("2260","2","0","0","-1","0","0","0","2016-07-11","2016-07-11 05:45:45","26","2016-07-11 05:45:45","26");
INSERT INTO inventory_total_details VALUES("2262","2","0","0","-1","0","0","0","2016-07-21","2016-07-21 07:37:38","26","2016-07-21 07:37:38","26");



INSERT INTO sales_orders VALUES("55714","2","1","","16SO055693","6500","1.625","0","0","0","2016-07-26","2016-07-26","","2016-07-26 12:00:13","28","2016-07-26 12:00:13","28","1","1","0"),
("55715","2","1","","16SO055694","13500","3.375","0","0","0","2016-07-26","2016-07-26","","2016-07-26 12:02:17","32","2016-07-26 12:02:17","32","1","1","0"),
("55716","2","1","","16SO055695","1500","0.375","0","0","0","2016-07-26","2016-07-26","","2016-07-26 12:02:24","28","2016-07-26 12:02:24","28","1","1","0"),
("55717","2","1","","16SO055696","2000","0.5","0","0","0","2016-07-26","2016-07-26","","2016-07-26 12:03:05","32","2016-07-26 12:03:05","32","1","1","0"),
("55718","2","1","","16SO055697","5500","1.375","0","0","0","2016-07-26","2016-07-26","","2016-07-26 12:03:10","32","2016-07-26 12:03:10","32","1","1","0"),
("55719","2","1","","16SO055698","4000","1","0","0","0","2016-07-26","2016-07-26","","2016-07-26 12:03:19","32","2016-07-26 12:03:19","32","1","1","0"),
("55720","2","1","","16SO055699","1500","0.375","0","0","0","2016-07-26","2016-07-26","","2016-07-26 12:04:25","32","2016-07-26 12:04:25","32","1","1","0"),
("55721","2","1","","16SO055700","1000","0.25","0","0","0","2016-07-26","2016-07-26","","2016-07-26 12:05:43","32","2016-07-26 12:05:43","32","1","1","0"),
("55722","2","1","","16SO055701","500","0.125","0","0","0","2016-07-26","2016-07-26","","2016-07-26 12:05:57","32","2016-07-26 12:05:57","32","1","1","0"),
("55723","2","1","","16SO055702","9000","2.25","0","0","0","2016-07-26","2016-07-26","","2016-07-26 12:07:01","32","2016-07-26 12:07:01","32","1","1","0"),
("55724","2","1","","16SO055703","4000","1","0","0","0","2016-07-26","2016-07-26","","2016-07-26 12:14:23","32","2016-07-26 12:14:23","32","1","1","0"),
("55725","2","1","","16SO055704","10000","2.5","0","0","0","2016-07-26","2016-07-26","","2016-07-26 12:15:56","32","2016-07-26 12:15:56","32","1","1","0"),
("55726","2","1","","16SO055705","7000","1.75","0","0","0","2016-07-26","2016-07-26","","2016-07-26 12:18:02","32","2016-07-26 12:18:02","32","1","1","0"),
("55727","2","1","","16SO055706","3500","0.875","0","0","0","2016-07-26","2016-07-26","","2016-07-26 12:19:08","32","2016-07-26 12:19:08","32","1","1","0"),
("55728","2","1","","16SO055707","1000","0.25","0","0","0","2016-07-26","2016-07-26","","2016-07-26 12:19:15","28","2016-07-26 12:19:15","28","1","1","0"),
("55729","2","1","","16SO055708","2000","0.5","0","0","0","2016-07-26","2016-07-26","","2016-07-26 12:19:42","28","2016-07-26 12:19:42","28","1","1","0"),
("55730","2","1","","16SO055709","2500","0.625","0","0","0","2016-07-26","2016-07-26","","2016-07-26 12:20:05","28","2016-07-26 12:20:05","28","1","1","0"),
("55731","2","1","","16SO055710","3000","0.75","0","0","0","2016-07-26","2016-07-26","","2016-07-26 12:20:26","28","2016-07-26 12:20:26","28","1","1","0"),
("55732","2","1","","16SO055711","3500","0.875","0","0","0","2016-07-26","2016-07-26","","2016-07-26 12:20:39","32","2016-07-26 12:20:39","32","1","1","0"),
("55733","2","1","","16SO055712","6500","1.625","0","0","0","2016-07-26","2016-07-26","","2016-07-26 12:21:01","32","2016-07-26 12:21:01","32","1","1","0"),
("55734","2","1","","16SO055713","10000","2.5","0","0","0","2016-07-26","2016-07-26","","2016-07-26 12:21:14","28","2016-07-26 12:21:14","28","1","1","0"),
("55735","2","1","","16SO055714","1500","0.375","0","0","0","2016-07-26","2016-07-26","","2016-07-26 12:21:50","28","2016-07-26 12:21:50","28","1","1","0"),
("55736","2","1","","16SO055715","2500","0.625","0","0","0","2016-07-26","2016-07-26","","2016-07-26 12:22:02","28","2016-07-26 12:22:02","28","1","1","0"),
("55737","2","1","","16SO055716","13000","3.25","0","0","0","2016-07-26","2016-07-26","","2016-07-26 12:22:18","28","2016-07-26 12:22:18","28","1","1","0"),
("55738","2","1","","16SO055717","3000","0.75","0","0","0","2016-07-26","2016-07-26","","2016-07-26 12:22:28","28","2016-07-26 12:22:28","28","1","1","0"),
("55739","2","1","","16SO055718","3000","0.75","0","0","0","2016-07-26","2016-07-26","","2016-07-26 12:22:44","32","2016-07-26 12:22:44","32","1","1","0"),
("55740","2","1","","16SO055719","1000","0.25","0","0","0","2016-07-26","2016-07-26","","2016-07-26 12:22:52","32","2016-07-26 12:22:52","32","1","1","0"),
("55741","2","1","","16SO055720","5500","1.375","0","0","0","2016-07-26","2016-07-26","","2016-07-26 12:22:59","28","2016-07-26 12:22:59","28","1","1","0"),
("55742","2","1","","16SO055721","1500","0.375","0","0","0","2016-07-26","2016-07-26","","2016-07-26 12:23:13","32","2016-07-26 12:23:13","32","1","1","0"),
("55743","2","1","","16SO055722","11500","2.875","0","0","0","2016-07-26","2016-07-26","","2016-07-26 12:23:22","28","2016-07-26 12:23:22","28","1","1","0"),
("55744","2","1","","16SO055723","5000","1.25","0","0","0","2016-07-26","2016-07-26","","2016-07-26 12:23:48","32","2016-07-26 12:23:48","32","1","1","0"),
("55745","2","1","","16SO055724","2500","0.625","0","0","0","2016-07-26","2016-07-26","","2016-07-26 12:25:03","32","2016-07-26 12:25:03","32","1","1","0"),
("55746","2","1","","16SO055725","5000","1.25","0","0","0","2016-07-26","2016-07-26","","2016-07-26 12:26:21","32","2016-07-26 12:26:21","32","1","1","0"),
("55747","2","1","","16SO055726","1000","0.25","0","0","0","2016-07-26","2016-07-26","","2016-07-26 12:28:12","32","2016-07-26 12:28:12","32","1","1","0"),
("55748","2","1","","16SO055727","5500","1.375","0","0","0","2016-07-26","2016-07-26","","2016-07-26 12:28:13","28","2016-07-26 12:28:13","28","1","1","0"),
("55749","2","1","","16SO055728","2500","0.625","0","0","0","2016-07-26","2016-07-26","","2016-07-26 12:30:12","32","2016-07-26 12:30:12","32","1","1","0"),
("55750","2","1","","16SO055729","5000","1.25","0","0","0","2016-07-26","2016-07-26","","2016-07-26 12:30:39","28","2016-07-26 12:30:39","28","1","1","0"),
("55751","2","1","","16SO055730","6000","1.5","0","0","0","2016-07-26","2016-07-26","","2016-07-26 12:31:42","28","2016-07-26 12:31:42","28","1","1","0"),
("55752","2","1","","16SO055731","9500","2.375","0","0","0","2016-07-26","2016-07-26","","2016-07-26 12:32:51","28","2016-07-26 12:32:51","28","1","1","0"),
("55753","2","1","","16SO055732","1000","0.25","0","0","0","2016-07-26","2016-07-26","","2016-07-26 12:34:19","32","2016-07-26 12:34:19","32","1","1","0"),
("55754","2","1","","16SO055733","5000","1.25","0","0","0","2016-07-26","2016-07-26","","2016-07-26 12:34:36","32","2016-07-26 12:34:36","32","1","1","0"),
("55755","2","1","","16SO055734","1500","0.375","0","0","0","2016-07-26","2016-07-26","","2016-07-26 12:34:48","32","2016-07-26 12:34:48","32","1","1","0"),
("55756","2","1","","16SO055735","1000","0.25","0","0","0","2016-07-26","2016-07-26","","2016-07-26 12:35:02","32","2016-07-26 12:35:02","32","1","1","0"),
("55757","2","1","","16SO055736","500","0.125","0","0","0","2016-07-26","2016-07-26","","2016-07-26 12:37:26","32","2016-07-26 12:37:26","32","1","1","0"),
("55758","2","1","","16SO055737","3000","0.75","0","0","0","2016-07-26","2016-07-26","","2016-07-26 12:39:58","32","2016-07-26 12:39:58","32","1","1","0"),
("55759","2","1","","16SO055738","2000","0.5","0","0","0","2016-07-26","2016-07-26","","2016-07-26 12:40:33","32","2016-07-26 12:40:33","32","1","1","0"),
("55760","2","1","","16SO055739","6000","1.5","0","0","0","2016-07-26","2016-07-26","","2016-07-26 12:41:31","32","2016-07-26 12:41:31","32","1","1","0"),
("55761","2","1","","16SO055740","3000","0.75","0","0","0","2016-07-26","2016-07-26","","2016-07-26 12:42:08","32","2016-07-26 12:42:08","32","1","1","0"),
("55762","2","1","","16SO055741","1000","0.25","0","0","0","2016-07-26","2016-07-26","","2016-07-26 12:42:30","32","2016-07-26 12:42:30","32","1","1","0"),
("55763","2","1","","16SO055742","1000","0.25","0","0","0","2016-07-26","2016-07-26","","2016-07-26 12:46:06","26","2016-07-26 12:46:06","26","1","1","0"),
("55764","2","1","","16SO055743","2000","0.5","0","0","0","2016-07-26","2016-07-26","","2016-07-26 12:47:18","32","2016-07-26 12:47:18","32","1","1","0"),
("55765","2","1","","16SO055744","15000","3.75","0","0","0","2016-07-26","2016-07-26","","2016-07-26 12:48:20","26","2016-07-26 12:48:20","26","1","1","0"),
("55766","2","1","","16SO055745","11000","2.75","0","0","0","2016-07-26","2016-07-26","","2016-07-26 12:49:19","26","2016-07-26 12:49:19","26","1","1","0"),
("55767","2","1","","16SO055746","2000","0.5","0","0","0","2016-07-26","2016-07-26","","2016-07-26 12:49:36","32","2016-07-26 12:49:36","32","1","1","0"),
("55768","2","1","","16SO055747","4000","1","0","0","0","2016-07-26","2016-07-26","","2016-07-26 12:49:48","26","2016-07-26 12:49:48","26","1","1","0"),
("55769","2","1","","16SO055748","20500","5.125","0","0","0","2016-07-26","2016-07-26","","2016-07-26 12:50:21","26","2016-07-26 12:50:21","26","1","1","0"),
("55770","2","1","","16SO055749","8000","2","0","0","0","2016-07-26","2016-07-26","","2016-07-26 12:50:39","32","2016-07-26 12:50:39","32","1","1","0"),
("55771","2","1","","16SO055750","500","0.125","0","0","0","2016-07-26","2016-07-26","","2016-07-26 12:50:57","32","2016-07-26 12:50:57","32","1","1","0"),
("55772","2","1","","16SO055751","11000","2.75","0","0","0","2016-07-26","2016-07-26","","2016-07-26 12:51:13","32","2016-07-26 12:51:13","32","1","1","0"),
("55773","2","1","","16SO055752","4000","1","0","0","0","2016-07-26","2016-07-26","","2016-07-26 12:52:26","32","2016-07-26 12:52:26","32","1","1","0"),
("55774","2","1","","16SO055753","5000","1.25","0","0","0","2016-07-26","2016-07-26","","2016-07-26 12:52:34","26","2016-07-26 12:52:34","26","1","1","0"),
("55775","2","1","","16SO055754","500","0.125","0","0","0","2016-07-26","2016-07-26","","2016-07-26 12:52:42","32","2016-07-26 12:52:42","32","1","1","0"),
("55776","2","1","","16SO055755","6000","1.5","0","0","0","2016-07-26","2016-07-26","","2016-07-26 12:52:58","26","2016-07-26 12:52:58","26","1","1","0"),
("55777","2","1","","16SO055756","500","0.125","0","0","0","2016-07-26","2016-07-26","","2016-07-26 12:53:11","26","2016-07-26 12:53:11","26","1","1","0"),
("55778","2","1","","16SO055757","4000","1","0","0","0","2016-07-26","2016-07-26","","2016-07-26 12:53:37","26","2016-07-26 12:53:37","26","1","1","0"),
("55779","2","1","","16SO055758","3000","0.75","0","0","0","2016-07-26","2016-07-26","","2016-07-26 12:54:09","26","2016-07-26 12:54:09","26","1","1","0"),
("55780","2","1","","16SO055759","1000","0.25","0","0","0","2016-07-26","2016-07-26","","2016-07-26 12:54:36","26","2016-07-26 12:54:36","26","1","1","0"),
("55781","2","1","","16SO055760","40000","10","0","0","0","2016-07-26","2016-07-26","","2016-07-26 12:54:43","32","2016-07-26 12:54:43","32","1","1","0"),
("55782","2","1","","16SO055761","42500","10.625","0","0","0","2016-07-26","2016-07-26","","2016-07-26 12:58:43","26","2016-07-26 12:58:43","26","1","1","0"),
("55783","2","1","","16SO055762","26000","6.5","0","0","0","2016-07-26","2016-07-26","","2016-07-26 13:02:29","32","2016-07-26 13:02:29","32","1","1","0"),
("55784","2","1","","16SO055763","5000","1.25","0","0","0","2016-07-26","2016-07-26","","2016-07-26 13:08:05","26","2016-07-26 13:08:05","26","1","1","0"),
("55785","2","1","","16SO055764","5000","1.25","0","0","0","2016-07-26","2016-07-26","","2016-07-26 13:08:29","32","2016-07-26 13:08:29","32","1","1","0"),
("55786","2","1","","16SO055765","8000","2","0","0","0","2016-07-26","2016-07-26","","2016-07-26 13:09:02","26","2016-07-26 13:09:02","26","1","1","0"),
("55787","2","1","","16SO055766","1000","0.25","0","0","0","2016-07-26","2016-07-26","","2016-07-26 13:10:10","26","2016-07-26 13:10:10","26","1","1","0"),
("55788","2","1","","16SO055767","1000","0.25","0","0","0","2016-07-26","2016-07-26","","2016-07-26 13:15:04","26","2016-07-26 13:15:04","26","1","1","0"),
("55789","2","1","","16SO055768","1000","0.25","0","0","0","2016-07-26","2016-07-26","","2016-07-26 13:15:54","32","2016-07-26 13:15:54","32","1","1","0"),
("55790","2","1","","16SO055769","5500","1.375","0","0","0","2016-07-26","2016-07-26","","2016-07-26 13:17:13","26","2016-07-26 13:17:13","26","1","1","0"),
("55791","2","1","","16SO055770","5400","1.35","0","0","0","2016-07-26","2016-07-26","","2016-07-26 13:18:18","26","2016-07-26 13:18:18","26","1","1","0"),
("55792","2","1","","16SO055771","3000","0.75","0","0","0","2016-07-26","2016-07-26","","2016-07-26 13:22:19","32","2016-07-26 13:22:19","32","1","1","0"),
("55793","2","1","","16SO055772","2000","0.5","0","0","0","2016-07-26","2016-07-26","","2016-07-26 13:22:54","32","2016-07-26 13:22:54","32","1","1","0"),
("55794","2","1","","16SO055773","3000","0.75","0","0","0","2016-07-26","2016-07-26","","2016-07-26 13:26:55","32","2016-07-26 13:26:55","32","1","1","0"),
("55795","2","1","","16SO055774","3000","0.75","0","0","0","2016-07-26","2016-07-26","","2016-07-26 13:27:38","32","2016-07-26 13:27:38","32","1","1","0"),
("55796","2","1","","16SO055775","2000","0.5","0","0","0","2016-07-26","2016-07-26","","2016-07-26 13:28:56","32","2016-07-26 13:28:56","32","1","1","0"),
("55797","2","1","","16SO055776","10000","2.5","0","0","0","2016-07-26","2016-07-26","","2016-07-26 13:29:14","32","2016-07-26 13:29:14","32","1","1","0"),
("55798","2","1","","16SO055777","7000","1.75","0","0","0","2016-07-26","2016-07-26","","2016-07-26 13:29:48","32","2016-07-26 13:29:48","32","1","1","0"),
("55799","2","1","","16SO055778","4000","1","0","0","0","2016-07-26","2016-07-26","","2016-07-26 13:29:55","32","2016-07-26 13:29:55","32","1","1","0"),
("55800","2","1","","16SO055779","1000","0.25","0","0","0","2016-07-26","2016-07-26","","2016-07-26 13:32:23","26","2016-07-26 13:32:23","26","1","1","0"),
("55801","2","1","","16SO055780","50500","12.625","0","0","0","2016-07-26","2016-07-26","","2016-07-26 13:32:53","32","2016-07-26 13:32:53","32","1","1","0"),
("55802","2","1","","16SO055781","15000","3.75","0","0","0","2016-07-26","2016-07-26","","2016-07-26 13:32:58","26","2016-07-26 13:32:58","26","1","1","0"),
("55803","2","1","","16SO055782","2000","0.5","0","0","0","2016-07-26","2016-07-26","","2016-07-26 13:33:34","32","2016-07-26 13:33:34","32","1","1","0"),
("55804","2","1","","16SO055783","2000","0.5","0","0","0","2016-07-26","2016-07-26","","2016-07-26 13:37:07","32","2016-07-26 13:37:07","32","1","1","0"),
("55805","2","1","","16SO055784","3000","0.75","0","0","0","2016-07-26","2016-07-26","","2016-07-26 13:41:43","26","2016-07-26 13:41:43","26","1","1","0"),
("55806","2","1","","16SO055785","3000","0.75","0","0","0","2016-07-26","2016-07-26","","2016-07-26 13:42:10","26","2016-07-26 13:42:10","26","1","1","0"),
("55807","2","1","","16SO055786","2000","0.5","0","0","0","2016-07-26","2016-07-26","","2016-07-26 13:43:22","26","2016-07-26 13:43:22","26","1","1","0"),
("55808","2","1","","16SO055787","5000","1.25","0","0","0","2016-07-26","2016-07-26","","2016-07-26 13:45:11","26","2016-07-26 13:45:11","26","1","1","0"),
("55809","2","1","","16SO055788","5000","1.25","0","0","0","2016-07-26","2016-07-26","","2016-07-26 13:46:01","26","2016-07-26 13:46:01","26","1","1","0"),
("55810","2","1","","16SO055789","4500","1.125","0","0","0","2016-07-26","2016-07-26","","2016-07-26 13:48:19","26","2016-07-26 13:48:19","26","1","1","0"),
("55811","2","1","","16SO055790","2000","0.5","0","0","0","2016-07-26","2016-07-26","","2016-07-26 13:48:54","26","2016-07-26 13:48:54","26","1","1","0"),
("55812","2","1","","16SO055791","4500","1.125","0","0","0","2016-07-26","2016-07-26","","2016-07-26 13:49:01","32","2016-07-26 13:49:01","32","1","1","0"),
("55813","2","1","","16SO055792","500","0.125","0","0","0","2016-07-26","2016-07-26","","2016-07-26 13:49:17","26","2016-07-26 13:49:17","26","1","1","0"),
("55814","2","1","","16SO055793","500","0.125","0","0","0","2016-07-26","2016-07-26","","2016-07-26 13:53:29","26","2016-07-26 13:53:29","26","1","1","0"),
("55815","2","1","","16SO055794","5500","1.375","0","0","0","2016-07-26","2016-07-26","","2016-07-26 13:54:26","26","2016-07-26 13:54:26","26","1","1","0"),
("55816","2","1","","16SO055795","16500","4.125","0","0","0","2016-07-26","2016-07-26","","2016-07-26 13:55:36","26","2016-07-26 13:55:36","26","1","1","0"),
("55817","2","1","","16SO055796","6000","1.5","0","0","0","2016-07-26","2016-07-26","","2016-07-26 13:58:08","28","2016-07-26 13:58:08","28","1","1","0"),
("55818","2","1","","16SO055797","3500","0.875","0","0","0","2016-07-26","2016-07-26","","2016-07-26 13:59:30","28","2016-07-26 13:59:30","28","1","1","0"),
("55819","2","1","","16SO055798","1000","0.25","0","0","0","2016-07-26","2016-07-26","","2016-07-26 13:59:36","26","2016-07-26 13:59:36","26","1","1","0"),
("55820","2","1","","16SO055799","1000","0.25","0","0","0","2016-07-26","2016-07-26","","2016-07-26 14:00:08","26","2016-07-26 14:00:08","26","1","1","0"),
("55821","2","1","","16SO055800","2000","0.5","0","0","0","2016-07-26","2016-07-26","","2016-07-26 14:03:07","26","2016-07-26 14:03:07","26","1","1","0"),
("55822","2","1","","16SO055801","1000","0.25","0","0","0","2016-07-26","2016-07-26","","2016-07-26 14:03:23","26","2016-07-26 14:03:23","26","1","1","0"),
("55823","2","1","","16SO055802","1500","0.375","0","0","0","2016-07-26","2016-07-26","","2016-07-26 14:03:39","26","2016-07-26 14:03:39","26","1","1","0"),
("55824","2","1","","16SO055803","1000","0.25","0","0","0","2016-07-26","2016-07-26","","2016-07-26 14:04:21","26","2016-07-26 14:04:21","26","1","1","0"),
("55825","2","1","","16SO055804","5000","1.25","0","0","0","2016-07-26","2016-07-26","","2016-07-26 14:04:32","26","2016-07-26 14:04:32","26","1","1","0"),
("55826","2","1","","16SO055805","1000","0.25","0","0","0","2016-07-26","2016-07-26","","2016-07-26 14:04:48","28","2016-07-26 14:04:48","28","1","1","0"),
("55827","2","1","","16SO055806","2000","0.5","0","0","0","2016-07-26","2016-07-26","","2016-07-26 14:06:38","26","2016-07-26 14:06:38","26","1","1","0"),
("55828","2","1","","16SO055807","3000","0.75","0","0","0","2016-07-26","2016-07-26","","2016-07-26 14:08:47","26","2016-07-26 14:08:47","26","1","1","0"),
("55829","2","1","","16SO055808","7000","1.75","0","0","0","2016-07-26","2016-07-26","","2016-07-26 14:09:00","26","2016-07-26 14:09:00","26","1","1","0"),
("55830","2","1","","16SO055809","1500","0.375","0","0","0","2016-07-26","2016-07-26","","2016-07-26 14:11:34","26","2016-07-26 14:11:34","26","1","1","0"),
("55831","2","1","","16SO055810","2000","0.5","0","0","0","2016-07-26","2016-07-26","","2016-07-26 14:12:19","26","2016-07-26 14:12:19","26","1","1","0"),
("55832","2","1","","16SO055811","7500","1.875","0","0","0","2016-07-26","2016-07-26","","2016-07-26 14:12:22","28","2016-07-26 14:12:22","28","1","1","0"),
("55833","2","1","","16SO055812","1000","0.25","0","0","0","2016-07-26","2016-07-26","","2016-07-26 14:12:31","26","2016-07-26 14:12:31","26","1","1","0"),
("55834","2","1","","16SO055813","2500","0.625","0","0","0","2016-07-26","2016-07-26","","2016-07-26 14:13:13","26","2016-07-26 14:13:13","26","1","1","0"),
("55835","2","1","","16SO055814","1000","0.25","0","0","0","2016-07-26","2016-07-26","","2016-07-26 14:13:30","26","2016-07-26 14:13:30","26","1","1","0"),
("55836","2","1","","16SO055815","2500","0.625","0","0","0","2016-07-26","2016-07-26","","2016-07-26 14:13:32","28","2016-07-26 14:13:32","28","1","1","0"),
("55837","2","1","","16SO055816","5500","1.375","0","0","0","2016-07-26","2016-07-26","","2016-07-26 14:13:51","26","2016-07-26 14:13:51","26","1","1","0"),
("55838","2","1","","16SO055817","2500","0.625","0","0","0","2016-07-26","2016-07-26","","2016-07-26 14:14:11","26","2016-07-26 14:14:11","26","1","1","0"),
("55839","2","1","","16SO055818","6500","1.625","0","0","0","2016-07-26","2016-07-26","","2016-07-26 14:14:42","26","2016-07-26 14:14:42","26","1","1","0"),
("55840","2","1","","16SO055819","22000","5.5","0","0","0","2016-07-26","2016-07-26","","2016-07-26 14:14:51","28","2016-07-26 14:14:51","28","1","1","0"),
("55841","2","1","","16SO055820","5500","1.375","0","0","0","2016-07-26","2016-07-26","","2016-07-26 14:15:19","26","2016-07-26 14:15:19","26","1","1","0"),
("55842","2","1","","16SO055821","5000","1.25","0","0","0","2016-07-26","2016-07-26","","2016-07-26 14:16:04","28","2016-07-26 14:16:04","28","1","1","0"),
("55843","2","1","","16SO055822","500","0.125","0","0","0","2016-07-26","2016-07-26","","2016-07-26 14:19:41","28","2016-07-26 14:19:41","28","1","1","0"),
("55844","2","1","","16SO055823","500","0.125","0","0","0","2016-07-26","2016-07-26","","2016-07-26 14:21:30","26","2016-07-26 14:21:30","26","1","1","0"),
("55845","2","1","","16SO055824","10000","2.5","0","0","0","2016-07-26","2016-07-26","","2016-07-26 14:21:33","28","2016-07-26 14:21:33","28","1","1","0"),
("55846","2","1","","16SO055825","13000","3.25","0","0","0","2016-07-26","2016-07-26","","2016-07-26 14:23:00","28","2016-07-26 14:23:00","28","1","1","0"),
("55847","2","1","","16SO055826","1500","0.375","0","0","0","2016-07-26","2016-07-26","","2016-07-26 14:25:23","26","2016-07-26 14:25:23","26","1","1","0"),
("55848","2","1","","16SO055827","4500","1.125","0","0","0","2016-07-26","2016-07-26","","2016-07-26 14:25:49","26","2016-07-26 14:25:49","26","1","1","0"),
("55849","2","1","","16SO055828","1000","0.25","0","0","0","2016-07-26","2016-07-26","","2016-07-26 14:26:15","26","2016-07-26 14:26:15","26","1","1","0"),
("55850","2","1","","16SO055829","3000","0.75","0","0","0","2016-07-26","2016-07-26","","2016-07-26 14:26:35","26","2016-07-26 14:26:35","26","1","1","0"),
("55851","2","1","","16SO055830","2500","0.625","0","0","0","2016-07-26","2016-07-26","","2016-07-26 14:26:54","28","2016-07-26 14:26:54","28","1","1","0"),
("55852","2","1","","16SO055831","2500","0.625","0","0","0","2016-07-26","2016-07-26","","2016-07-26 14:27:29","28","2016-07-26 14:27:29","28","1","1","0"),
("55853","2","1","","16SO055832","2500","0.625","0","0","0","2016-07-26","2016-07-26","","2016-07-26 14:27:29","28","2016-07-26 14:27:29","28","1","1","0"),
("55854","2","1","","16SO055832","2500","0.625","0","0","0","2016-07-26","2016-07-26","","2016-07-26 14:27:29","28","2016-07-26 14:27:29","28","1","1","0"),
("55855","2","1","","16SO055833","3000","0.75","0","0","0","2016-07-26","2016-07-26","","2016-07-26 14:28:00","26","2016-07-26 14:28:00","26","1","1","0"),
("55856","2","1","","16SO055834","4000","1","0","0","0","2016-07-26","2016-07-26","","2016-07-26 14:28:32","26","2016-07-26 14:28:32","26","1","1","0"),
("55857","2","1","","16SO055835","1000","0.25","0","0","0","2016-07-26","2016-07-26","","2016-07-26 14:28:33","28","2016-07-26 14:28:33","28","1","1","0"),
("55858","2","1","","16SO055836","1500","0.375","0","0","0","2016-07-26","2016-07-26","","2016-07-26 14:28:43","28","2016-07-26 14:28:43","28","1","1","0"),
("55859","2","1","","16SO055837","3000","0.75","0","0","0","2016-07-26","2016-07-26","","2016-07-26 14:28:53","28","2016-07-26 14:28:53","28","1","1","0"),
("55860","2","1","","16SO055838","10500","2.625","0","0","0","2016-07-26","2016-07-26","","2016-07-26 14:29:58","28","2016-07-26 14:29:58","28","1","1","0"),
("55861","2","1","","16SO055839","2500","0.625","0","0","0","2016-07-26","2016-07-26","","2016-07-26 14:31:14","26","2016-07-26 14:31:14","26","1","1","0"),
("55862","2","1","","16SO055840","2000","0.5","0","0","0","2016-07-26","2016-07-26","","2016-07-26 14:31:45","26","2016-07-26 14:31:45","26","1","1","0"),
("55863","2","1","","16SO055841","4000","1","0","0","0","2016-07-26","2016-07-26","","2016-07-26 14:32:29","26","2016-07-26 14:32:29","26","1","1","0"),
("55864","2","1","","16SO055842","500","0.125","0","0","0","2016-07-26","2016-07-26","","2016-07-26 14:32:33","28","2016-07-26 14:32:33","28","1","1","0"),
("55865","2","1","","16SO055843","1000","0.25","0","0","0","2016-07-26","2016-07-26","","2016-07-26 14:34:04","26","2016-07-26 14:34:04","26","1","1","0"),
("55866","2","1","","16SO055844","2500","0.625","0","0","0","2016-07-26","2016-07-26","","2016-07-26 14:34:18","26","2016-07-26 14:34:18","26","1","1","0"),
("55867","2","1","","16SO055845","2500","0.625","0","0","0","2016-07-26","2016-07-26","","2016-07-26 14:34:40","28","2016-07-26 14:34:40","28","1","1","0"),
("55868","2","1","","16SO055846","3000","0.75","0","0","0","2016-07-26","2016-07-26","","2016-07-26 14:35:41","26","2016-07-26 14:35:41","26","1","1","0"),
("55869","2","1","","16SO055847","3000","0.75","0","0","0","2016-07-26","2016-07-26","","2016-07-26 14:35:52","28","2016-07-26 14:35:52","28","1","1","0"),
("55870","2","1","","16SO055848","15000","3.75","0","0","0","2016-07-26","2016-07-26","","2016-07-26 14:37:39","28","2016-07-26 14:37:39","28","1","1","0"),
("55871","2","1","","16SO055849","4200","1.05","0","0","0","2016-07-26","2016-07-26","","2016-07-26 14:38:27","28","2016-07-26 14:38:27","28","1","1","0"),
("55872","2","1","","16SO055850","7500","1.875","0","0","0","2016-07-26","2016-07-26","","2016-07-26 14:38:47","28","2016-07-26 14:38:47","28","1","1","0"),
("55873","2","1","","16SO055851","5500","1.375","0","0","0","2016-07-26","2016-07-26","","2016-07-26 14:40:05","28","2016-07-26 14:40:05","28","1","1","0"),
("55874","2","1","","16SO055852","10000","2.5","0","0","0","2016-07-26","2016-07-26","","2016-07-26 14:40:33","26","2016-07-26 14:40:33","26","1","1","0"),
("55875","2","1","","16SO055853","1500","0.375","0","0","0","2016-07-26","2016-07-26","","2016-07-26 14:47:11","26","2016-07-26 14:47:11","26","1","1","0"),
("55876","2","1","","16SO055854","1000","0.25","0","0","0","2016-07-26","2016-07-26","","2016-07-26 14:49:04","26","2016-07-26 14:49:04","26","1","1","0"),
("55877","2","1","","16SO055855","2000","0.5","0","0","0","2016-07-26","2016-07-26","","2016-07-26 14:49:44","26","2016-07-26 14:49:44","26","1","1","0"),
("55878","2","1","","16SO055856","7500","1.875","0","0","0","2016-07-26","2016-07-26","","2016-07-26 14:51:33","26","2016-07-26 14:51:33","26","1","1","0"),
("55879","2","1","","16SO055857","3000","0.75","0","0","0","2016-07-26","2016-07-26","","2016-07-26 14:52:13","26","2016-07-26 14:52:13","26","1","1","0"),
("55880","2","1","","16SO055858","1500","0.375","0","0","0","2016-07-26","2016-07-26","","2016-07-26 14:54:27","28","2016-07-26 14:54:27","28","1","1","0"),
("55881","2","1","","16SO055859","2500","0.625","0","0","0","2016-07-26","2016-07-26","","2016-07-26 14:55:32","26","2016-07-26 14:55:32","26","1","1","0"),
("55882","2","1","","16SO055860","2000","0.5","0","0","0","2016-07-26","2016-07-26","","2016-07-26 14:55:52","28","2016-07-26 14:55:52","28","1","1","0"),
("55883","2","1","","16SO055861","500","0.125","0","0","0","2016-07-26","2016-07-26","","2016-07-26 14:56:49","28","2016-07-26 14:56:49","28","1","1","0"),
("55884","2","1","","16SO055862","12000","3","0","0","0","2016-07-26","2016-07-26","","2016-07-26 14:56:53","26","2016-07-26 14:56:53","26","1","1","0"),
("55885","2","1","","16SO055863","1500","0.375","0","0","0","2016-07-26","2016-07-26","","2016-07-26 14:57:47","26","2016-07-26 14:57:47","26","1","1","0"),
("55886","2","1","","16SO055864","1500","0.375","0","0","0","2016-07-26","2016-07-26","","2016-07-26 14:58:44","26","2016-07-26 14:58:44","26","1","1","0");

INSERT INTO sales_order_details VALUES("74006","55714","0","2118","1","1","1","6500","6500","","","0","0","2016-07-26 12:00:13","2016-07-26 12:00:13"),
("74007","55715","0","2099","3","1","1","2000","6000","","","0","0","2016-07-26 12:02:17","2016-07-26 12:02:17"),
("74008","55715","0","2231","5","1","1","1500","7500","","","0","0","2016-07-26 12:02:17","2016-07-26 12:02:17"),
("74009","55716","0","2078","1","1","1","1500","1500","","","0","0","2016-07-26 12:02:24","2016-07-26 12:02:24"),
("74010","55717","0","2125","2","1","1","1000","2000","","","0","0","2016-07-26 12:03:05","2016-07-26 12:03:05"),
("74011","55718","0","2104","1","1","1","5500","5500","","","0","0","2016-07-26 12:03:10","2016-07-26 12:03:10"),
("74012","55719","0","2065","4","1","1","1000","4000","","","0","0","2016-07-26 12:03:19","2016-07-26 12:03:19"),
("74013","55720","0","2078","1","1","1","1500","1500","","","0","0","2016-07-26 12:04:25","2016-07-26 12:04:25"),
("74014","55721","0","2228","2","1","1","500","1000","","","0","0","2016-07-26 12:05:43","2016-07-26 12:05:43"),
("74015","55722","0","2250","1","1","1","500","500","","","0","0","2016-07-26 12:05:57","2016-07-26 12:05:57"),
("74016","55723","0","2228","5","1","1","500","2500","","","0","0","2016-07-26 12:07:01","2016-07-26 12:07:01"),
("74017","55723","0","2118","1","1","1","6500","6500","","","0","0","2016-07-26 12:07:01","2016-07-26 12:07:01"),
("74018","55724","0","2095","1","1","1","4000","4000","","","0","0","2016-07-26 12:14:23","2016-07-26 12:14:23"),
("74019","55725","0","2228","20","1","1","500","10000","","","0","0","2016-07-26 12:15:56","2016-07-26 12:15:56"),
("74020","55726","0","2166","10","1","1","700","7000","","","0","0","2016-07-26 12:18:02","2016-07-26 12:18:02"),
("74021","55727","0","2229","5","1","1","700","3500","","","0","0","2016-07-26 12:19:08","2016-07-26 12:19:08"),
("74022","55728","0","2228","2","1","1","500","1000","","","0","0","2016-07-26 12:19:15","2016-07-26 12:19:15"),
("74023","55729","0","2073","2","1","1","1000","2000","","","0","0","2016-07-26 12:19:43","2016-07-26 12:19:43"),
("74024","55730","0","2110","1","1","1","2500","2500","","","0","0","2016-07-26 12:20:05","2016-07-26 12:20:05"),
("74025","55731","0","2231","2","1","1","1500","3000","","","0","0","2016-07-26 12:20:26","2016-07-26 12:20:26"),
("74026","55732","0","2146","1","1","1","3500","3500","","","0","0","2016-07-26 12:20:39","2016-07-26 12:20:39"),
("74027","55733","0","2118","1","1","1","6500","6500","","","0","0","2016-07-26 12:21:01","2016-07-26 12:21:01"),
("74028","55734","0","2235","4","1","1","2500","10000","","","0","0","2016-07-26 12:21:14","2016-07-26 12:21:14"),
("74029","55735","0","2231","1","1","1","1500","1500","","","0","0","2016-07-26 12:21:50","2016-07-26 12:21:50"),
("74030","55736","0","2110","1","1","1","2500","2500","","","0","0","2016-07-26 12:22:02","2016-07-26 12:22:02"),
("74031","55737","0","2121","1","1","1","13000","13000","","","0","0","2016-07-26 12:22:19","2016-07-26 12:22:19"),
("74032","55738","0","2231","2","1","1","1500","3000","","","0","0","2016-07-26 12:22:28","2016-07-26 12:22:28"),
("74033","55739","0","2231","2","1","1","1500","3000","","","0","0","2016-07-26 12:22:44","2016-07-26 12:22:44"),
("74034","55740","0","2228","2","1","1","500","1000","","","0","0","2016-07-26 12:22:52","2016-07-26 12:22:52"),
("74035","55741","0","2125","1","1","1","1000","1000","","","0","0","2016-07-26 12:22:59","2016-07-26 12:22:59"),
("74036","55741","0","2064","1","1","1","2000","2000","","","0","0","2016-07-26 12:22:59","2016-07-26 12:22:59"),
("74037","55741","0","2172","1","1","1","2500","2500","","","0","0","2016-07-26 12:22:59","2016-07-26 12:22:59"),
("74038","55742","0","2231","1","1","1","1500","1500","","","0","0","2016-07-26 12:23:13","2016-07-26 12:23:13"),
("74039","55743","0","2125","1","1","1","1000","1000","","","0","0","2016-07-26 12:23:22","2016-07-26 12:23:22"),
("74040","55743","0","2197","1","1","1","2500","2500","","","0","0","2016-07-26 12:23:22","2016-07-26 12:23:22"),
("74041","55743","0","2093","1","1","1","3000","3000","","","0","0","2016-07-26 12:23:22","2016-07-26 12:23:22"),
("74042","55743","0","2102","1","1","1","5000","5000","","","0","0","2016-07-26 12:23:22","2016-07-26 12:23:22"),
("74043","55744","0","2228","10","1","1","500","5000","","","0","0","2016-07-26 12:23:48","2016-07-26 12:23:48"),
("74044","55745","0","2228","5","1","1","500","2500","","","0","0","2016-07-26 12:25:03","2016-07-26 12:25:03"),
("74045","55746","0","2228","10","1","1","500","5000","","","0","0","2016-07-26 12:26:21","2016-07-26 12:26:21"),
("74046","55747","0","2125","1","1","1","1000","1000","","","0","0","2016-07-26 12:28:12","2016-07-26 12:28:12"),
("74047","55748","0","2104","1","1","1","5500","5500","","","0","0","2016-07-26 12:28:13","2016-07-26 12:28:13"),
("74048","55749","0","2228","5","1","1","500","2500","","","0","0","2016-07-26 12:30:12","2016-07-26 12:30:12"),
("74049","55750","0","2164","1","1","1","3000","3000","","","0","0","2016-07-26 12:30:39","2016-07-26 12:30:39"),
("74050","55750","0","2218","1","1","1","1000","1000","","","0","0","2016-07-26 12:30:39","2016-07-26 12:30:39"),
("74051","55750","0","2125","1","1","1","1000","1000","","","0","0","2016-07-26 12:30:39","2016-07-26 12:30:39"),
("74052","55751","0","2107","1","1","1","6000","6000","","","0","0","2016-07-26 12:31:42","2016-07-26 12:31:42"),
("74053","55752","0","2125","1","1","1","1000","1000","","","0","0","2016-07-26 12:32:51","2016-07-26 12:32:51"),
("74054","55752","0","2174","1","1","1","8500","8500","","","0","0","2016-07-26 12:32:51","2016-07-26 12:32:51"),
("74055","55753","0","2250","2","1","1","500","1000","","","0","0","2016-07-26 12:34:19","2016-07-26 12:34:19"),
("74056","55754","0","2228","2","1","1","500","1000","","","0","0","2016-07-26 12:34:36","2016-07-26 12:34:36"),
("74057","55754","0","2095","1","1","1","4000","4000","","","0","0","2016-07-26 12:34:36","2016-07-26 12:34:36"),
("74058","55755","0","2228","3","1","1","500","1500","","","0","0","2016-07-26 12:34:48","2016-07-26 12:34:48"),
("74059","55756","0","2228","2","1","1","500","1000","","","0","0","2016-07-26 12:35:02","2016-07-26 12:35:02"),
("74060","55757","0","2228","1","1","1","500","500","","","0","0","2016-07-26 12:37:26","2016-07-26 12:37:26"),
("74061","55758","0","2231","2","1","1","1500","3000","","","0","0","2016-07-26 12:39:58","2016-07-26 12:39:58"),
("74062","55759","0","2228","4","1","1","500","2000","","","0","0","2016-07-26 12:40:33","2016-07-26 12:40:33"),
("74063","55760","0","2231","2","1","1","1500","3000","","","0","0","2016-07-26 12:41:31","2016-07-26 12:41:31"),
("74064","55760","0","2228","6","1","1","500","3000","","","0","0","2016-07-26 12:41:31","2016-07-26 12:41:31"),
("74065","55761","0","2231","2","1","1","1500","3000","","","0","0","2016-07-26 12:42:08","2016-07-26 12:42:08"),
("74066","55762","0","2228","2","1","1","500","1000","","","0","0","2016-07-26 12:42:30","2016-07-26 12:42:30"),
("74067","55763","0","2073","1","1","1","1000","1000","","","0","0","2016-07-26 12:46:06","2016-07-26 12:46:06"),
("74068","55764","0","2228","4","1","1","500","2000","","","0","0","2016-07-26 12:47:18","2016-07-26 12:47:18"),
("74069","55765","0","2228","30","1","1","500","15000","","","0","0","2016-07-26 12:48:20","2016-07-26 12:48:20"),
("74070","55766","0","2240","1","1","1","5000","5000","","","0","0","2016-07-26 12:49:19","2016-07-26 12:49:19"),
("74071","55766","0","2164","2","1","1","3000","6000","","","0","0","2016-07-26 12:49:19","2016-07-26 12:49:19"),
("74072","55767","0","2233","1","1","1","2000","2000","","","0","0","2016-07-26 12:49:36","2016-07-26 12:49:36"),
("74073","55768","0","2095","1","1","1","4000","4000","","","0","0","2016-07-26 12:49:48","2016-07-26 12:49:48"),
("74074","55769","0","2104","1","1","1","5500","5500","","","0","0","2016-07-26 12:50:21","2016-07-26 12:50:21"),
("74075","55769","0","2231","10","1","1","1500","15000","","","0","0","2016-07-26 12:50:21","2016-07-26 12:50:21"),
("74076","55770","0","2095","2","1","1","4000","8000","","","0","0","2016-07-26 12:50:39","2016-07-26 12:50:39"),
("74077","55771","0","2250","1","1","1","500","500","","","0","0","2016-07-26 12:50:57","2016-07-26 12:50:57"),
("74078","55772","0","2164","1","1","1","3000","3000","","","0","0","2016-07-26 12:51:13","2016-07-26 12:51:13"),
("74079","55772","0","2095","2","1","1","4000","8000","","","0","0","2016-07-26 12:51:13","2016-07-26 12:51:13"),
("74080","55773","0","2095","1","1","1","4000","4000","","","0","0","2016-07-26 12:52:27","2016-07-26 12:52:27"),
("74081","55774","0","2067","5","1","1","1000","5000","","","0","0","2016-07-26 12:52:34","2016-07-26 12:52:34"),
("74082","55775","0","2250","1","1","1","500","500","","","0","0","2016-07-26 12:52:42","2016-07-26 12:52:42"),
("74083","55776","0","2110","2","1","1","2500","5000","","","0","0","2016-07-26 12:52:58","2016-07-26 12:52:58"),
("74084","55776","0","2228","2","1","1","500","1000","","","0","0","2016-07-26 12:52:58","2016-07-26 12:52:58"),
("74085","55777","0","2250","1","1","1","500","500","","","0","0","2016-07-26 12:53:11","2016-07-26 12:53:11"),
("74086","55778","0","2095","1","1","1","4000","4000","","","0","0","2016-07-26 12:53:37","2016-07-26 12:53:37"),
("74087","55779","0","2228","6","1","1","500","3000","","","0","0","2016-07-26 12:54:09","2016-07-26 12:54:09"),
("74088","55780","0","2228","2","1","1","500","1000","","","0","0","2016-07-26 12:54:36","2016-07-26 12:54:36"),
("74089","55781","0","2140","1","1","1","40000","40000","","","0","0","2016-07-26 12:54:43","2016-07-26 12:54:43"),
("74090","55782","0","2065","15","1","1","700","10500","","","0","0","2016-07-26 12:58:43","2016-07-26 12:58:43"),
("74091","55782","0","2229","40","1","1","500","20000","","","0","0","2016-07-26 12:58:43","2016-07-26 12:58:43"),
("74092","55782","0","2231","10","1","1","1200","12000","","","0","0","2016-07-26 12:58:43","2016-07-26 12:58:43"),
("74093","55783","0","2121","2","1","1","13000","26000","","","0","0","2016-07-26 13:02:29","2016-07-26 13:02:29"),
("74094","55784","0","2228","10","1","1","500","5000","","","0","0","2016-07-26 13:08:05","2016-07-26 13:08:05"),
("74095","55785","0","2228","10","1","1","500","5000","","","0","0","2016-07-26 13:08:29","2016-07-26 13:08:29"),
("74096","55786","0","2231","2","1","1","1500","3000","","","0","0","2016-07-26 13:09:02","2016-07-26 13:09:02"),
("74097","55786","0","2165","2","1","1","1000","2000","","","0","0","2016-07-26 13:09:02","2016-07-26 13:09:02"),
("74098","55786","0","2067","3","1","1","1000","3000","","","0","0","2016-07-26 13:09:02","2016-07-26 13:09:02"),
("74099","55787","0","2228","2","1","1","500","1000","","","0","0","2016-07-26 13:10:10","2016-07-26 13:10:10"),
("74100","55788","0","2065","1","1","1","1000","1000","","","0","0","2016-07-26 13:15:04","2016-07-26 13:15:04"),
("74101","55789","0","2228","2","1","1","500","1000","","","0","0","2016-07-26 13:15:54","2016-07-26 13:15:54"),
("74102","55790","0","2113","1","1","1","5500","5500","","","0","0","2016-07-26 13:17:13","2016-07-26 13:17:13"),
("74103","55791","0","2095","1","1","1","4000","4000","","","0","0","2016-07-26 13:18:18","2016-07-26 13:18:18"),
("74104","55791","0","2166","2","1","1","700","1400","","","0","0","2016-07-26 13:18:18","2016-07-26 13:18:18"),
("74105","55792","0","2231","1","1","1","1500","1500","","","0","0","2016-07-26 13:22:19","2016-07-26 13:22:19"),
("74106","55792","0","2228","3","1","1","500","1500","","","0","0","2016-07-26 13:22:19","2016-07-26 13:22:19"),
("74107","55793","0","2228","4","1","1","500","2000","","","0","0","2016-07-26 13:22:54","2016-07-26 13:22:54"),
("74108","55794","0","2228","6","1","1","500","3000","","","0","0","2016-07-26 13:26:55","2016-07-26 13:26:55"),
("74109","55795","0","2228","6","1","1","500","3000","","","0","0","2016-07-26 13:27:38","2016-07-26 13:27:38"),
("74110","55796","0","2126","1","1","1","2000","2000","","","0","0","2016-07-26 13:28:56","2016-07-26 13:28:56"),
("74111","55797","0","2083","4","1","1","2500","10000","","","0","0","2016-07-26 13:29:14","2016-07-26 13:29:14"),
("74112","55798","0","2107","1","1","1","6000","6000","","","0","0","2016-07-26 13:29:48","2016-07-26 13:29:48"),
("74113","55798","0","2228","2","1","1","500","1000","","","0","0","2016-07-26 13:29:48","2016-07-26 13:29:48"),
("74114","55799","0","2228","8","1","1","500","4000","","","0","0","2016-07-26 13:29:55","2016-07-26 13:29:55"),
("74115","55800","0","2228","2","1","1","500","1000","","","0","0","2016-07-26 13:32:23","2016-07-26 13:32:23"),
("74116","55801","0","2065","15","1","1","700","10500","","","0","0","2016-07-26 13:32:53","2016-07-26 13:32:53"),
("74117","55801","0","2231","15","1","1","1200","18000","","","0","0","2016-07-26 13:32:53","2016-07-26 13:32:53"),
("74118","55801","0","2229","50","1","1","500","25000","","","0","0","2016-07-26 13:32:53","2016-07-26 13:32:53"),
("74119","55802","0","2093","2","1","1","3000","6000","","","0","0","2016-07-26 13:32:58","2016-07-26 13:32:58"),
("74120","55802","0","2146","1","1","1","3500","3500","","","0","0","2016-07-26 13:32:58","2016-07-26 13:32:58"),
("74121","55802","0","2104","1","1","1","5500","5500","","","0","0","2016-07-26 13:32:58","2016-07-26 13:32:58"),
("74122","55803","0","2064","1","1","1","2000","2000","","","0","0","2016-07-26 13:33:34","2016-07-26 13:33:34"),
("74123","55804","0","2233","1","1","1","2000","2000","","","0","0","2016-07-26 13:37:07","2016-07-26 13:37:07"),
("74124","55805","0","2231","2","1","1","1500","3000","","","0","0","2016-07-26 13:41:43","2016-07-26 13:41:43"),
("74125","55806","0","2228","6","1","1","500","3000","","","0","0","2016-07-26 13:42:10","2016-07-26 13:42:10"),
("74126","55807","0","2065","2","1","1","1000","2000","","","0","0","2016-07-26 13:43:22","2016-07-26 13:43:22"),
("74127","55808","0","2110","2","1","1","2500","5000","","","0","0","2016-07-26 13:45:11","2016-07-26 13:45:11"),
("74128","55809","0","2228","10","1","1","500","5000","","","0","0","2016-07-26 13:46:02","2016-07-26 13:46:02"),
("74129","55810","0","2231","3","1","1","1500","4500","","","0","0","2016-07-26 13:48:19","2016-07-26 13:48:19"),
("74130","55811","0","2236","1","1","1","2000","2000","","","0","0","2016-07-26 13:48:54","2016-07-26 13:48:54"),
("74131","55812","0","2231","3","1","1","1500","4500","","","0","0","2016-07-26 13:49:01","2016-07-26 13:49:01"),
("74132","55813","0","2250","1","1","1","500","500","","","0","0","2016-07-26 13:49:17","2016-07-26 13:49:17"),
("74133","55814","0","2250","1","1","1","500","500","","","0","0","2016-07-26 13:53:29","2016-07-26 13:53:29"),
("74134","55815","0","2104","1","1","1","5500","5500","","","0","0","2016-07-26 13:54:26","2016-07-26 13:54:26"),
("74135","55816","0","2104","3","1","1","5500","16500","","","0","0","2016-07-26 13:55:36","2016-07-26 13:55:36"),
("74136","55817","0","2166","5","1","1","700","3500","","","0","0","2016-07-26 13:58:08","2016-07-26 13:58:08"),
("74137","55817","0","2228","5","1","1","500","2500","","","0","0","2016-07-26 13:58:09","2016-07-26 13:58:09"),
("74138","55818","0","2229","5","1","1","700","3500","","","0","0","2016-07-26 13:59:30","2016-07-26 13:59:30"),
("74139","55819","0","2125","1","1","1","1000","1000","","","0","0","2016-07-26 13:59:36","2016-07-26 13:59:36"),
("74140","55820","0","2125","1","1","1","1000","1000","","","0","0","2016-07-26 14:00:08","2016-07-26 14:00:08"),
("74141","55821","0","2250","1","1","1","500","500","","","0","0","2016-07-26 14:03:07","2016-07-26 14:03:07"),
("74142","55821","0","2231","1","1","1","1500","1500","","","0","0","2016-07-26 14:03:07","2016-07-26 14:03:07"),
("74143","55822","0","2228","2","1","1","500","1000","","","0","0","2016-07-26 14:03:23","2016-07-26 14:03:23"),
("74144","55823","0","2228","1","1","1","500","500","","","0","0","2016-07-26 14:03:39","2016-07-26 14:03:39"),
("74145","55823","0","2232","1","1","1","1000","1000","","","0","0","2016-07-26 14:03:39","2016-07-26 14:03:39"),
("74146","55824","0","2125","1","1","1","1000","1000","","","0","0","2016-07-26 14:04:21","2016-07-26 14:04:21"),
("74147","55825","0","2228","10","1","1","500","5000","","","0","0","2016-07-26 14:04:32","2016-07-26 14:04:32"),
("74148","55826","0","2228","2","1","1","500","1000","","","0","0","2016-07-26 14:04:48","2016-07-26 14:04:48"),
("74149","55827","0","2228","4","1","1","500","2000","","","0","0","2016-07-26 14:06:38","2016-07-26 14:06:38"),
("74150","55828","0","2228","2","1","1","500","1000","","","0","0","2016-07-26 14:08:47","2016-07-26 14:08:47"),
("74151","55828","0","2073","2","1","1","1000","2000","","","0","0","2016-07-26 14:08:47","2016-07-26 14:08:47"),
("74152","55829","0","2229","10","1","1","700","7000","","","0","0","2016-07-26 14:09:00","2016-07-26 14:09:00"),
("74153","55830","0","2231","1","1","1","1500","1500","","","0","0","2016-07-26 14:11:34","2016-07-26 14:11:34"),
("74154","55831","0","2228","1","1","1","500","500","","","0","0","2016-07-26 14:12:19","2016-07-26 14:12:19"),
("74155","55831","0","2231","1","1","1","1500","1500","","","0","0","2016-07-26 14:12:19","2016-07-26 14:12:19"),
("74156","55832","0","2231","5","1","1","1500","7500","","","0","0","2016-07-26 14:12:22","2016-07-26 14:12:22"),
("74157","55833","0","2250","2","1","1","500","1000","","","0","0","2016-07-26 14:12:31","2016-07-26 14:12:31"),
("74158","55834","0","2197","1","1","1","2500","2500","","","0","0","2016-07-26 14:13:13","2016-07-26 14:13:13"),
("74159","55835","0","2228","2","1","1","500","1000","","","0","0","2016-07-26 14:13:30","2016-07-26 14:13:30"),
("74160","55836","0","2228","5","1","1","500","2500","","","0","0","2016-07-26 14:13:32","2016-07-26 14:13:32"),
("74161","55837","0","2104","1","1","1","5500","5500","","","0","0","2016-07-26 14:13:52","2016-07-26 14:13:52"),
("74162","55838","0","2110","1","1","1","2500","2500","","","0","0","2016-07-26 14:14:11","2016-07-26 14:14:11"),
("74163","55839","0","2118","1","1","1","6500","6500","","","0","0","2016-07-26 14:14:43","2016-07-26 14:14:43"),
("74164","55840","0","2113","4","1","1","5500","22000","","","0","0","2016-07-26 14:14:51","2016-07-26 14:14:51"),
("74165","55841","0","2104","1","1","1","5500","5500","","","0","0","2016-07-26 14:15:19","2016-07-26 14:15:19"),
("74166","55842","0","2228","10","1","1","500","5000","","","0","0","2016-07-26 14:16:04","2016-07-26 14:16:04"),
("74167","55843","0","2228","1","1","1","500","500","","","0","0","2016-07-26 14:19:42","2016-07-26 14:19:42"),
("74168","55844","0","2250","1","1","1","500","500","","","0","0","2016-07-26 14:21:30","2016-07-26 14:21:30"),
("74169","55845","0","2228","20","1","1","500","10000","","","0","0","2016-07-26 14:21:33","2016-07-26 14:21:33"),
("74170","55846","0","2164","1","1","1","3000","3000","","","0","0","2016-07-26 14:23:00","2016-07-26 14:23:00"),
("74171","55846","0","2240","2","1","1","5000","10000","","","0","0","2016-07-26 14:23:00","2016-07-26 14:23:00"),
("74172","55847","0","2228","3","1","1","500","1500","","","0","0","2016-07-26 14:25:23","2016-07-26 14:25:23"),
("74173","55848","0","2231","1","1","1","1500","1500","","","0","0","2016-07-26 14:25:49","2016-07-26 14:25:49"),
("74174","55848","0","2164","1","1","1","3000","3000","","","0","0","2016-07-26 14:25:49","2016-07-26 14:25:49"),
("74175","55849","0","2228","2","1","1","500","1000","","","0","0","2016-07-26 14:26:16","2016-07-26 14:26:16"),
("74176","55850","0","2232","3","1","1","1000","3000","","","0","0","2016-07-26 14:26:35","2016-07-26 14:26:35"),
("74177","55851","0","2228","5","1","1","500","2500","","","0","0","2016-07-26 14:26:54","2016-07-26 14:26:54"),
("74178","55852","0","2228","5","1","1","500","2500","","","0","0","2016-07-26 14:27:29","2016-07-26 14:27:29"),
("74179","55853","0","2228","5","1","1","500","2500","","","0","0","2016-07-26 14:27:29","2016-07-26 14:27:29"),
("74180","55854","0","2228","5","1","1","500","2500","","","0","0","2016-07-26 14:27:29","2016-07-26 14:27:29"),
("74181","55855","0","2231","2","1","1","1500","3000","","","0","0","2016-07-26 14:28:00","2016-07-26 14:28:00"),
("74182","55856","0","2235","1","1","1","2500","2500","","","0","0","2016-07-26 14:28:33","2016-07-26 14:28:33"),
("74183","55856","0","2074","1","1","1","1500","1500","","","0","0","2016-07-26 14:28:33","2016-07-26 14:28:33"),
("74184","55857","0","2125","1","1","1","1000","1000","","","0","0","2016-07-26 14:28:33","2016-07-26 14:28:33"),
("74185","55858","0","2231","1","1","1","1500","1500","","","0","0","2016-07-26 14:28:43","2016-07-26 14:28:43"),
("74186","55859","0","2231","2","1","1","1500","3000","","","0","0","2016-07-26 14:28:53","2016-07-26 14:28:53"),
("74187","55860","0","2104","1","1","1","5500","5500","","","0","0","2016-07-26 14:29:58","2016-07-26 14:29:58"),
("74188","55860","0","2110","2","1","1","2500","5000","","","0","0","2016-07-26 14:29:58","2016-07-26 14:29:58"),
("74189","55861","0","2219","1","1","1","2500","2500","","","0","0","2016-07-26 14:31:14","2016-07-26 14:31:14"),
("74190","55862","0","2065","2","1","1","1000","2000","","","0","0","2016-07-26 14:31:45","2016-07-26 14:31:45"),
("74191","55863","0","2126","2","1","1","2000","4000","","","0","0","2016-07-26 14:32:29","2016-07-26 14:32:29"),
("74192","55864","0","2228","1","1","1","500","500","","","0","0","2016-07-26 14:32:33","2016-07-26 14:32:33"),
("74193","55865","0","2125","1","1","1","1000","1000","","","0","0","2016-07-26 14:34:04","2016-07-26 14:34:04"),
("74194","55866","0","2228","5","1","1","500","2500","","","0","0","2016-07-26 14:34:18","2016-07-26 14:34:18"),
("74195","55867","0","2228","5","1","1","500","2500","","","0","0","2016-07-26 14:34:40","2016-07-26 14:34:40"),
("74196","55868","0","2231","2","1","1","1500","3000","","","0","0","2016-07-26 14:35:41","2016-07-26 14:35:41"),
("74197","55869","0","2231","2","1","1","1500","3000","","","0","0","2016-07-26 14:35:52","2016-07-26 14:35:52"),
("74198","55870","0","2231","10","1","1","1500","15000","","","0","0","2016-07-26 14:37:39","2016-07-26 14:37:39"),
("74199","55871","0","2166","6","1","1","700","4200","","","0","0","2016-07-26 14:38:27","2016-07-26 14:38:27"),
("74200","55872","0","2231","5","1","1","1500","7500","","","0","0","2016-07-26 14:38:47","2016-07-26 14:38:47"),
("74201","55873","0","2228","11","1","1","500","5500","","","0","0","2016-07-26 14:40:05","2016-07-26 14:40:05"),
("74202","55874","0","2240","2","1","1","5000","10000","","","0","0","2016-07-26 14:40:33","2016-07-26 14:40:33"),
("74203","55875","0","2228","3","1","1","500","1500","","","0","0","2016-07-26 14:47:11","2016-07-26 14:47:11"),
("74204","55876","0","2125","1","1","1","1000","1000","","","0","0","2016-07-26 14:49:04","2016-07-26 14:49:04"),
("74205","55877","0","2065","2","1","1","1000","2000","","","0","0","2016-07-26 14:49:44","2016-07-26 14:49:44"),
("74206","55878","0","2064","5","1","1","1500","7500","","","0","0","2016-07-26 14:51:33","2016-07-26 14:51:33"),
("74207","55879","0","2064","2","1","1","1500","3000","","","0","0","2016-07-26 14:52:13","2016-07-26 14:52:13"),
("74208","55880","0","2231","1","1","1","1500","1500","","","0","0","2016-07-26 14:54:27","2016-07-26 14:54:27"),
("74209","55881","0","2110","1","1","1","2500","2500","","","0","0","2016-07-26 14:55:32","2016-07-26 14:55:32"),
("74210","55882","0","2233","1","1","1","2000","2000","","","0","0","2016-07-26 14:55:52","2016-07-26 14:55:52"),
("74211","55883","0","2250","1","1","1","500","500","","","0","0","2016-07-26 14:56:49","2016-07-26 14:56:49"),
("74212","55884","0","2126","8","1","1","1500","12000","","","0","0","2016-07-26 14:56:53","2016-07-26 14:56:53"),
("74213","55885","0","2126","1","1","1","1500","1500","","","0","0","2016-07-26 14:57:47","2016-07-26 14:57:47"),
("74214","55886","0","2126","1","1","1","1500","1500","","","0","0","2016-07-26 14:58:44","2016-07-26 14:58:44");

INSERT INTO sales_order_receipts VALUES("55835","55714","7","16RE055833","0","6500","6500","0","2016-07-26","2016-07-26","2016-07-26 12:00:13","28","2016-07-26 12:00:13","28","1"),
("55836","55715","7","16RE055834","0","13500","13500","0","2016-07-26","2016-07-26","2016-07-26 12:02:17","32","2016-07-26 12:02:17","32","1"),
("55837","55716","7","16RE055835","0","1500","1500","0","2016-07-26","2016-07-26","2016-07-26 12:02:24","28","2016-07-26 12:02:24","28","1"),
("55838","55717","7","16RE055836","0","2000","2000","0","2016-07-26","2016-07-26","2016-07-26 12:03:05","32","2016-07-26 12:03:05","32","1"),
("55839","55718","7","16RE055837","0","5500","5500","0","2016-07-26","2016-07-26","2016-07-26 12:03:10","32","2016-07-26 12:03:10","32","1"),
("55840","55719","7","16RE055838","0","4000","4000","0","2016-07-26","2016-07-26","2016-07-26 12:03:19","32","2016-07-26 12:03:19","32","1"),
("55841","55720","7","16RE055839","0","1500","1500","0","2016-07-26","2016-07-26","2016-07-26 12:04:25","32","2016-07-26 12:04:25","32","1"),
("55842","55721","7","16RE055840","0","1000","1000","0","2016-07-26","2016-07-26","2016-07-26 12:05:43","32","2016-07-26 12:05:43","32","1"),
("55843","55722","7","16RE055841","0","500","500","0","2016-07-26","2016-07-26","2016-07-26 12:05:57","32","2016-07-26 12:05:57","32","1"),
("55844","55723","7","16RE055842","0","9000","9000","0","2016-07-26","2016-07-26","2016-07-26 12:07:01","32","2016-07-26 12:07:01","32","1"),
("55845","55724","7","16RE055843","0","4000","4000","0","2016-07-26","2016-07-26","2016-07-26 12:14:23","32","2016-07-26 12:14:23","32","1"),
("55846","55725","7","16RE055844","0","10000","10000","0","2016-07-26","2016-07-26","2016-07-26 12:15:56","32","2016-07-26 12:15:56","32","1"),
("55847","55726","7","16RE055845","0","7000","7000","0","2016-07-26","2016-07-26","2016-07-26 12:18:02","32","2016-07-26 12:18:02","32","1"),
("55848","55727","7","16RE055846","0","3500","3500","0","2016-07-26","2016-07-26","2016-07-26 12:19:08","32","2016-07-26 12:19:08","32","1"),
("55849","55728","7","16RE055847","0","1000","1000","0","2016-07-26","2016-07-26","2016-07-26 12:19:15","28","2016-07-26 12:19:15","28","1"),
("55850","55729","7","16RE055848","0","2000","2000","0","2016-07-26","2016-07-26","2016-07-26 12:19:43","28","2016-07-26 12:19:43","28","1"),
("55851","55730","7","16RE055849","0","2500","2500","0","2016-07-26","2016-07-26","2016-07-26 12:20:05","28","2016-07-26 12:20:05","28","1"),
("55852","55731","7","16RE055850","0","3000","3000","0","2016-07-26","2016-07-26","2016-07-26 12:20:26","28","2016-07-26 12:20:26","28","1"),
("55853","55732","7","16RE055851","0","3500","3500","0","2016-07-26","2016-07-26","2016-07-26 12:20:39","32","2016-07-26 12:20:39","32","1"),
("55854","55733","7","16RE055852","0","6500","6500","0","2016-07-26","2016-07-26","2016-07-26 12:21:01","32","2016-07-26 12:21:01","32","1"),
("55855","55734","7","16RE055853","0","10000","10000","0","2016-07-26","2016-07-26","2016-07-26 12:21:14","28","2016-07-26 12:21:14","28","1"),
("55856","55735","7","16RE055854","0","1500","1500","0","2016-07-26","2016-07-26","2016-07-26 12:21:50","28","2016-07-26 12:21:50","28","1"),
("55857","55736","7","16RE055855","0","2500","2500","0","2016-07-26","2016-07-26","2016-07-26 12:22:02","28","2016-07-26 12:22:02","28","1"),
("55858","55737","7","16RE055856","0","13000","13000","0","2016-07-26","2016-07-26","2016-07-26 12:22:18","28","2016-07-26 12:22:18","28","1"),
("55859","55738","7","16RE055857","0","3000","3000","0","2016-07-26","2016-07-26","2016-07-26 12:22:28","28","2016-07-26 12:22:28","28","1"),
("55860","55739","7","16RE055858","0","3000","3000","0","2016-07-26","2016-07-26","2016-07-26 12:22:44","32","2016-07-26 12:22:44","32","1"),
("55861","55740","7","16RE055859","0","1000","1000","0","2016-07-26","2016-07-26","2016-07-26 12:22:52","32","2016-07-26 12:22:52","32","1"),
("55862","55741","7","16RE055860","0","5500","5500","0","2016-07-26","2016-07-26","2016-07-26 12:22:59","28","2016-07-26 12:22:59","28","1"),
("55863","55742","7","16RE055861","0","1500","1500","0","2016-07-26","2016-07-26","2016-07-26 12:23:13","32","2016-07-26 12:23:13","32","1"),
("55864","55743","7","16RE055862","0","11500","11500","0","2016-07-26","2016-07-26","2016-07-26 12:23:22","28","2016-07-26 12:23:22","28","1"),
("55865","55744","7","16RE055863","0","5000","5000","0","2016-07-26","2016-07-26","2016-07-26 12:23:48","32","2016-07-26 12:23:48","32","1"),
("55866","55745","7","16RE055864","0","2500","2500","0","2016-07-26","2016-07-26","2016-07-26 12:25:03","32","2016-07-26 12:25:03","32","1"),
("55867","55746","7","16RE055865","0","5000","5000","0","2016-07-26","2016-07-26","2016-07-26 12:26:21","32","2016-07-26 12:26:21","32","1"),
("55868","55747","7","16RE055866","0","1000","1000","0","2016-07-26","2016-07-26","2016-07-26 12:28:12","32","2016-07-26 12:28:12","32","1"),
("55869","55748","7","16RE055867","0","5500","5500","0","2016-07-26","2016-07-26","2016-07-26 12:28:13","28","2016-07-26 12:28:13","28","1"),
("55870","55749","7","16RE055868","0","2500","2500","0","2016-07-26","2016-07-26","2016-07-26 12:30:12","32","2016-07-26 12:30:12","32","1"),
("55871","55750","7","16RE055869","0","5000","5000","0","2016-07-26","2016-07-26","2016-07-26 12:30:39","28","2016-07-26 12:30:39","28","1"),
("55872","55751","7","16RE055870","0","6000","6000","0","2016-07-26","2016-07-26","2016-07-26 12:31:42","28","2016-07-26 12:31:42","28","1"),
("55873","55752","7","16RE055871","0","9500","9500","0","2016-07-26","2016-07-26","2016-07-26 12:32:51","28","2016-07-26 12:32:51","28","1"),
("55874","55753","7","16RE055872","0","1000","1000","0","2016-07-26","2016-07-26","2016-07-26 12:34:19","32","2016-07-26 12:34:19","32","1"),
("55875","55754","7","16RE055873","0","5000","5000","0","2016-07-26","2016-07-26","2016-07-26 12:34:36","32","2016-07-26 12:34:36","32","1"),
("55876","55755","7","16RE055874","0","1500","1500","0","2016-07-26","2016-07-26","2016-07-26 12:34:48","32","2016-07-26 12:34:48","32","1"),
("55877","55756","7","16RE055875","0","1000","1000","0","2016-07-26","2016-07-26","2016-07-26 12:35:02","32","2016-07-26 12:35:02","32","1"),
("55878","55757","7","16RE055876","0","500","500","0","2016-07-26","2016-07-26","2016-07-26 12:37:26","32","2016-07-26 12:37:26","32","1"),
("55879","55758","7","16RE055877","0","3000","3000","0","2016-07-26","2016-07-26","2016-07-26 12:39:58","32","2016-07-26 12:39:58","32","1"),
("55880","55759","7","16RE055878","0","2000","2000","0","2016-07-26","2016-07-26","2016-07-26 12:40:33","32","2016-07-26 12:40:33","32","1"),
("55881","55760","7","16RE055879","0","6000","6000","0","2016-07-26","2016-07-26","2016-07-26 12:41:31","32","2016-07-26 12:41:31","32","1"),
("55882","55761","7","16RE055880","0","3000","3000","0","2016-07-26","2016-07-26","2016-07-26 12:42:08","32","2016-07-26 12:42:08","32","1"),
("55883","55762","7","16RE055881","0","1000","1000","0","2016-07-26","2016-07-26","2016-07-26 12:42:30","32","2016-07-26 12:42:30","32","1"),
("55884","55763","7","16RE055882","0","1000","1000","0","2016-07-26","2016-07-26","2016-07-26 12:46:06","26","2016-07-26 12:46:06","26","1"),
("55885","55764","7","16RE055883","0","2000","2000","0","2016-07-26","2016-07-26","2016-07-26 12:47:18","32","2016-07-26 12:47:18","32","1"),
("55886","55765","7","16RE055884","0","15000","15000","0","2016-07-26","2016-07-26","2016-07-26 12:48:20","26","2016-07-26 12:48:20","26","1"),
("55887","55766","7","16RE055885","0","11000","11000","0","2016-07-26","2016-07-26","2016-07-26 12:49:19","26","2016-07-26 12:49:19","26","1"),
("55888","55767","7","16RE055886","0","2000","2000","0","2016-07-26","2016-07-26","2016-07-26 12:49:36","32","2016-07-26 12:49:36","32","1"),
("55889","55768","7","16RE055887","0","4000","4000","0","2016-07-26","2016-07-26","2016-07-26 12:49:48","26","2016-07-26 12:49:48","26","1"),
("55890","55769","7","16RE055888","0","20500","20500","0","2016-07-26","2016-07-26","2016-07-26 12:50:21","26","2016-07-26 12:50:21","26","1"),
("55891","55770","7","16RE055889","0","8000","8000","0","2016-07-26","2016-07-26","2016-07-26 12:50:39","32","2016-07-26 12:50:39","32","1"),
("55892","55771","7","16RE055890","0","500","500","0","2016-07-26","2016-07-26","2016-07-26 12:50:57","32","2016-07-26 12:50:57","32","1"),
("55893","55772","7","16RE055891","0","11000","11000","0","2016-07-26","2016-07-26","2016-07-26 12:51:13","32","2016-07-26 12:51:13","32","1"),
("55894","55773","7","16RE055892","0","4000","4000","0","2016-07-26","2016-07-26","2016-07-26 12:52:27","32","2016-07-26 12:52:27","32","1"),
("55895","55774","7","16RE055893","0","5000","5000","0","2016-07-26","2016-07-26","2016-07-26 12:52:34","26","2016-07-26 12:52:34","26","1"),
("55896","55775","7","16RE055894","0","500","500","0","2016-07-26","2016-07-26","2016-07-26 12:52:42","32","2016-07-26 12:52:42","32","1"),
("55897","55776","7","16RE055895","0","6000","6000","0","2016-07-26","2016-07-26","2016-07-26 12:52:58","26","2016-07-26 12:52:58","26","1"),
("55898","55777","7","16RE055896","0","500","500","0","2016-07-26","2016-07-26","2016-07-26 12:53:11","26","2016-07-26 12:53:11","26","1"),
("55899","55778","7","16RE055897","0","4000","4000","0","2016-07-26","2016-07-26","2016-07-26 12:53:37","26","2016-07-26 12:53:37","26","1"),
("55900","55779","7","16RE055898","0","3000","3000","0","2016-07-26","2016-07-26","2016-07-26 12:54:09","26","2016-07-26 12:54:09","26","1"),
("55901","55780","7","16RE055899","0","1000","1000","0","2016-07-26","2016-07-26","2016-07-26 12:54:36","26","2016-07-26 12:54:36","26","1"),
("55902","55781","7","16RE055900","0","40000","40000","0","2016-07-26","2016-07-26","2016-07-26 12:54:43","32","2016-07-26 12:54:43","32","1"),
("55903","55782","7","16RE055901","0","42500","42500","0","2016-07-26","2016-07-26","2016-07-26 12:58:43","26","2016-07-26 12:58:43","26","1"),
("55904","55783","7","16RE055902","0","26000","26000","0","2016-07-26","2016-07-26","2016-07-26 13:02:29","32","2016-07-26 13:02:29","32","1"),
("55905","55784","7","16RE055903","0","5000","5000","0","2016-07-26","2016-07-26","2016-07-26 13:08:05","26","2016-07-26 13:08:05","26","1"),
("55906","55785","7","16RE055904","0","5000","5000","0","2016-07-26","2016-07-26","2016-07-26 13:08:29","32","2016-07-26 13:08:29","32","1"),
("55907","55786","7","16RE055905","0","8000","8000","0","2016-07-26","2016-07-26","2016-07-26 13:09:02","26","2016-07-26 13:09:02","26","1"),
("55908","55787","7","16RE055906","0","1000","1000","0","2016-07-26","2016-07-26","2016-07-26 13:10:10","26","2016-07-26 13:10:10","26","1"),
("55909","55788","7","16RE055907","0","1000","1000","0","2016-07-26","2016-07-26","2016-07-26 13:15:04","26","2016-07-26 13:15:04","26","1"),
("55910","55789","7","16RE055908","0","1000","1000","0","2016-07-26","2016-07-26","2016-07-26 13:15:54","32","2016-07-26 13:15:54","32","1"),
("55911","55790","7","16RE055909","0","5500","5500","0","2016-07-26","2016-07-26","2016-07-26 13:17:13","26","2016-07-26 13:17:13","26","1"),
("55912","55791","7","16RE055910","0","5400","5400","0","2016-07-26","2016-07-26","2016-07-26 13:18:18","26","2016-07-26 13:18:18","26","1"),
("55913","55792","7","16RE055911","0","3000","3000","0","2016-07-26","2016-07-26","2016-07-26 13:22:19","32","2016-07-26 13:22:19","32","1"),
("55914","55793","7","16RE055912","0","2000","2000","0","2016-07-26","2016-07-26","2016-07-26 13:22:54","32","2016-07-26 13:22:54","32","1"),
("55915","55794","7","16RE055913","0","3000","3000","0","2016-07-26","2016-07-26","2016-07-26 13:26:55","32","2016-07-26 13:26:55","32","1"),
("55916","55795","7","16RE055914","0","3000","3000","0","2016-07-26","2016-07-26","2016-07-26 13:27:38","32","2016-07-26 13:27:38","32","1"),
("55917","55796","7","16RE055915","0","2000","2000","0","2016-07-26","2016-07-26","2016-07-26 13:28:56","32","2016-07-26 13:28:56","32","1"),
("55918","55797","7","16RE055916","0","10000","10000","0","2016-07-26","2016-07-26","2016-07-26 13:29:14","32","2016-07-26 13:29:14","32","1"),
("55919","55798","7","16RE055917","0","7000","7000","0","2016-07-26","2016-07-26","2016-07-26 13:29:48","32","2016-07-26 13:29:48","32","1"),
("55920","55799","7","16RE055918","0","4000","4000","0","2016-07-26","2016-07-26","2016-07-26 13:29:55","32","2016-07-26 13:29:55","32","1"),
("55921","55800","7","16RE055919","0","1000","1000","0","2016-07-26","2016-07-26","2016-07-26 13:32:23","26","2016-07-26 13:32:23","26","1"),
("55922","55801","7","16RE055920","0","50500","50500","0","2016-07-26","2016-07-26","2016-07-26 13:32:53","32","2016-07-26 13:32:53","32","1"),
("55923","55802","7","16RE055921","0","15000","15000","0","2016-07-26","2016-07-26","2016-07-26 13:32:58","26","2016-07-26 13:32:58","26","1"),
("55924","55803","7","16RE055922","0","2000","2000","0","2016-07-26","2016-07-26","2016-07-26 13:33:34","32","2016-07-26 13:33:34","32","1"),
("55925","55804","7","16RE055923","0","2000","2000","0","2016-07-26","2016-07-26","2016-07-26 13:37:07","32","2016-07-26 13:37:07","32","1"),
("55926","55805","7","16RE055924","0","3000","3000","0","2016-07-26","2016-07-26","2016-07-26 13:41:43","26","2016-07-26 13:41:43","26","1"),
("55927","55806","7","16RE055925","0","3000","3000","0","2016-07-26","2016-07-26","2016-07-26 13:42:10","26","2016-07-26 13:42:10","26","1"),
("55928","55807","7","16RE055926","0","2000","2000","0","2016-07-26","2016-07-26","2016-07-26 13:43:22","26","2016-07-26 13:43:22","26","1"),
("55929","55808","7","16RE055927","0","5000","5000","0","2016-07-26","2016-07-26","2016-07-26 13:45:11","26","2016-07-26 13:45:11","26","1"),
("55930","55809","7","16RE055928","0","5000","5000","0","2016-07-26","2016-07-26","2016-07-26 13:46:01","26","2016-07-26 13:46:01","26","1"),
("55931","55810","7","16RE055929","0","4500","4500","0","2016-07-26","2016-07-26","2016-07-26 13:48:19","26","2016-07-26 13:48:19","26","1"),
("55932","55811","7","16RE055930","0","2000","2000","0","2016-07-26","2016-07-26","2016-07-26 13:48:54","26","2016-07-26 13:48:54","26","1"),
("55933","55812","7","16RE055931","0","4500","4500","0","2016-07-26","2016-07-26","2016-07-26 13:49:01","32","2016-07-26 13:49:01","32","1"),
("55934","55813","7","16RE055932","0","500","500","0","2016-07-26","2016-07-26","2016-07-26 13:49:17","26","2016-07-26 13:49:17","26","1"),
("55935","55814","7","16RE055933","0","500","500","0","2016-07-26","2016-07-26","2016-07-26 13:53:29","26","2016-07-26 13:53:29","26","1"),
("55936","55815","7","16RE055934","0","5500","5500","0","2016-07-26","2016-07-26","2016-07-26 13:54:26","26","2016-07-26 13:54:26","26","1"),
("55937","55816","7","16RE055935","0","16500","16500","0","2016-07-26","2016-07-26","2016-07-26 13:55:36","26","2016-07-26 13:55:36","26","1"),
("55938","55817","7","16RE055936","0","6000","6000","0","2016-07-26","2016-07-26","2016-07-26 13:58:08","28","2016-07-26 13:58:08","28","1"),
("55939","55818","7","16RE055937","0","3500","3500","0","2016-07-26","2016-07-26","2016-07-26 13:59:30","28","2016-07-26 13:59:30","28","1"),
("55940","55819","7","16RE055938","0","1000","1000","0","2016-07-26","2016-07-26","2016-07-26 13:59:36","26","2016-07-26 13:59:36","26","1"),
("55941","55820","7","16RE055939","0","1000","1000","0","2016-07-26","2016-07-26","2016-07-26 14:00:08","26","2016-07-26 14:00:08","26","1"),
("55942","55821","7","16RE055940","0","2000","2000","0","2016-07-26","2016-07-26","2016-07-26 14:03:07","26","2016-07-26 14:03:07","26","1"),
("55943","55822","7","16RE055941","0","1000","1000","0","2016-07-26","2016-07-26","2016-07-26 14:03:23","26","2016-07-26 14:03:23","26","1"),
("55944","55823","7","16RE055942","0","1500","1500","0","2016-07-26","2016-07-26","2016-07-26 14:03:39","26","2016-07-26 14:03:39","26","1"),
("55945","55824","7","16RE055943","0","1000","1000","0","2016-07-26","2016-07-26","2016-07-26 14:04:21","26","2016-07-26 14:04:21","26","1"),
("55946","55825","7","16RE055944","0","5000","5000","0","2016-07-26","2016-07-26","2016-07-26 14:04:32","26","2016-07-26 14:04:32","26","1"),
("55947","55826","7","16RE055945","0","1000","1000","0","2016-07-26","2016-07-26","2016-07-26 14:04:48","28","2016-07-26 14:04:48","28","1"),
("55948","55827","7","16RE055946","0","2000","2000","0","2016-07-26","2016-07-26","2016-07-26 14:06:38","26","2016-07-26 14:06:38","26","1"),
("55949","55828","7","16RE055947","0","3000","3000","0","2016-07-26","2016-07-26","2016-07-26 14:08:47","26","2016-07-26 14:08:47","26","1"),
("55950","55829","7","16RE055948","0","7000","7000","0","2016-07-26","2016-07-26","2016-07-26 14:09:00","26","2016-07-26 14:09:00","26","1"),
("55951","55830","7","16RE055949","0","1500","1500","0","2016-07-26","2016-07-26","2016-07-26 14:11:34","26","2016-07-26 14:11:34","26","1"),
("55952","55831","7","16RE055950","0","2000","2000","0","2016-07-26","2016-07-26","2016-07-26 14:12:19","26","2016-07-26 14:12:19","26","1"),
("55953","55832","7","16RE055951","0","7500","7500","0","2016-07-26","2016-07-26","2016-07-26 14:12:22","28","2016-07-26 14:12:22","28","1"),
("55954","55833","7","16RE055952","0","1000","1000","0","2016-07-26","2016-07-26","2016-07-26 14:12:31","26","2016-07-26 14:12:31","26","1"),
("55955","55834","7","16RE055953","0","2500","2500","0","2016-07-26","2016-07-26","2016-07-26 14:13:13","26","2016-07-26 14:13:13","26","1"),
("55956","55835","7","16RE055954","0","1000","1000","0","2016-07-26","2016-07-26","2016-07-26 14:13:30","26","2016-07-26 14:13:30","26","1"),
("55957","55836","7","16RE055955","0","2500","2500","0","2016-07-26","2016-07-26","2016-07-26 14:13:32","28","2016-07-26 14:13:32","28","1"),
("55958","55837","7","16RE055956","0","5500","5500","0","2016-07-26","2016-07-26","2016-07-26 14:13:52","26","2016-07-26 14:13:52","26","1"),
("55959","55838","7","16RE055957","0","2500","2500","0","2016-07-26","2016-07-26","2016-07-26 14:14:11","26","2016-07-26 14:14:11","26","1"),
("55960","55839","7","16RE055958","0","6500","6500","0","2016-07-26","2016-07-26","2016-07-26 14:14:43","26","2016-07-26 14:14:43","26","1"),
("55961","55840","7","16RE055959","0","22000","22000","0","2016-07-26","2016-07-26","2016-07-26 14:14:51","28","2016-07-26 14:14:51","28","1"),
("55962","55841","7","16RE055960","0","5500","5500","0","2016-07-26","2016-07-26","2016-07-26 14:15:19","26","2016-07-26 14:15:19","26","1"),
("55963","55842","7","16RE055961","0","5000","5000","0","2016-07-26","2016-07-26","2016-07-26 14:16:04","28","2016-07-26 14:16:04","28","1"),
("55964","55843","7","16RE055962","0","500","500","0","2016-07-26","2016-07-26","2016-07-26 14:19:41","28","2016-07-26 14:19:41","28","1"),
("55965","55844","7","16RE055963","0","500","500","0","2016-07-26","2016-07-26","2016-07-26 14:21:30","26","2016-07-26 14:21:30","26","1"),
("55966","55845","7","16RE055964","0","10000","10000","0","2016-07-26","2016-07-26","2016-07-26 14:21:33","28","2016-07-26 14:21:33","28","1"),
("55967","55846","7","16RE055965","0","13000","13000","0","2016-07-26","2016-07-26","2016-07-26 14:23:00","28","2016-07-26 14:23:00","28","1"),
("55968","55847","7","16RE055966","0","1500","1500","0","2016-07-26","2016-07-26","2016-07-26 14:25:23","26","2016-07-26 14:25:23","26","1"),
("55969","55848","7","16RE055967","0","4500","4500","0","2016-07-26","2016-07-26","2016-07-26 14:25:49","26","2016-07-26 14:25:49","26","1"),
("55970","55849","7","16RE055968","0","1000","1000","0","2016-07-26","2016-07-26","2016-07-26 14:26:15","26","2016-07-26 14:26:15","26","1"),
("55971","55850","7","16RE055969","0","3000","3000","0","2016-07-26","2016-07-26","2016-07-26 14:26:35","26","2016-07-26 14:26:35","26","1"),
("55972","55851","7","16RE055970","0","2500","2500","0","2016-07-26","2016-07-26","2016-07-26 14:26:54","28","2016-07-26 14:26:54","28","1"),
("55973","55852","7","16RE055971","0","2500","2500","0","2016-07-26","2016-07-26","2016-07-26 14:27:29","28","2016-07-26 14:27:29","28","1"),
("55974","55854","7","16RE055972","0","2500","2500","0","2016-07-26","2016-07-26","2016-07-26 14:27:29","28","2016-07-26 14:27:29","28","1"),
("55975","55853","7","16RE055972","0","2500","2500","0","2016-07-26","2016-07-26","2016-07-26 14:27:29","28","2016-07-26 14:27:29","28","1"),
("55976","55855","7","16RE055973","0","3000","3000","0","2016-07-26","2016-07-26","2016-07-26 14:28:00","26","2016-07-26 14:28:00","26","1"),
("55977","55856","7","16RE055974","0","4000","4000","0","2016-07-26","2016-07-26","2016-07-26 14:28:32","26","2016-07-26 14:28:32","26","1"),
("55978","55857","7","16RE055975","0","1000","1000","0","2016-07-26","2016-07-26","2016-07-26 14:28:33","28","2016-07-26 14:28:33","28","1"),
("55979","55858","7","16RE055976","0","1500","1500","0","2016-07-26","2016-07-26","2016-07-26 14:28:43","28","2016-07-26 14:28:43","28","1"),
("55980","55859","7","16RE055977","0","3000","3000","0","2016-07-26","2016-07-26","2016-07-26 14:28:53","28","2016-07-26 14:28:53","28","1"),
("55981","55860","7","16RE055978","0","10500","10500","0","2016-07-26","2016-07-26","2016-07-26 14:29:58","28","2016-07-26 14:29:58","28","1"),
("55982","55861","7","16RE055979","0","2500","2500","0","2016-07-26","2016-07-26","2016-07-26 14:31:14","26","2016-07-26 14:31:14","26","1"),
("55983","55862","7","16RE055980","0","2000","2000","0","2016-07-26","2016-07-26","2016-07-26 14:31:45","26","2016-07-26 14:31:45","26","1"),
("55984","55863","7","16RE055981","0","4000","4000","0","2016-07-26","2016-07-26","2016-07-26 14:32:29","26","2016-07-26 14:32:29","26","1"),
("55985","55864","7","16RE055982","0","500","500","0","2016-07-26","2016-07-26","2016-07-26 14:32:33","28","2016-07-26 14:32:33","28","1"),
("55986","55865","7","16RE055983","0","1000","1000","0","2016-07-26","2016-07-26","2016-07-26 14:34:04","26","2016-07-26 14:34:04","26","1"),
("55987","55866","7","16RE055984","0","2500","2500","0","2016-07-26","2016-07-26","2016-07-26 14:34:18","26","2016-07-26 14:34:18","26","1"),
("55988","55867","7","16RE055985","0","2500","2500","0","2016-07-26","2016-07-26","2016-07-26 14:34:40","28","2016-07-26 14:34:40","28","1"),
("55989","55868","7","16RE055986","0","3000","3000","0","2016-07-26","2016-07-26","2016-07-26 14:35:41","26","2016-07-26 14:35:41","26","1"),
("55990","55869","7","16RE055987","0","3000","3000","0","2016-07-26","2016-07-26","2016-07-26 14:35:52","28","2016-07-26 14:35:52","28","1"),
("55991","55870","7","16RE055988","0","15000","15000","0","2016-07-26","2016-07-26","2016-07-26 14:37:39","28","2016-07-26 14:37:39","28","1"),
("55992","55871","7","16RE055989","0","4200","4200","0","2016-07-26","2016-07-26","2016-07-26 14:38:27","28","2016-07-26 14:38:27","28","1"),
("55993","55872","7","16RE055990","0","7500","7500","0","2016-07-26","2016-07-26","2016-07-26 14:38:47","28","2016-07-26 14:38:47","28","1"),
("55994","55873","7","16RE055991","0","5500","5500","0","2016-07-26","2016-07-26","2016-07-26 14:40:05","28","2016-07-26 14:40:05","28","1"),
("55995","55874","7","16RE055992","0","10000","10000","0","2016-07-26","2016-07-26","2016-07-26 14:40:33","26","2016-07-26 14:40:33","26","1"),
("55996","55875","7","16RE055993","0","1500","1500","0","2016-07-26","2016-07-26","2016-07-26 14:47:11","26","2016-07-26 14:47:11","26","1"),
("55997","55876","7","16RE055994","0","1000","1000","0","2016-07-26","2016-07-26","2016-07-26 14:49:04","26","2016-07-26 14:49:04","26","1"),
("55998","55877","7","16RE055995","0","2000","2000","0","2016-07-26","2016-07-26","2016-07-26 14:49:44","26","2016-07-26 14:49:44","26","1"),
("55999","55878","7","16RE055996","0","7500","7500","0","2016-07-26","2016-07-26","2016-07-26 14:51:33","26","2016-07-26 14:51:33","26","1"),
("56000","55879","7","16RE055997","0","3000","3000","0","2016-07-26","2016-07-26","2016-07-26 14:52:13","26","2016-07-26 14:52:13","26","1"),
("56001","55880","7","16RE055998","0","1500","1500","0","2016-07-26","2016-07-26","2016-07-26 14:54:27","28","2016-07-26 14:54:27","28","1"),
("56002","55881","7","16RE055999","0","2500","2500","0","2016-07-26","2016-07-26","2016-07-26 14:55:32","26","2016-07-26 14:55:32","26","1"),
("56003","55882","7","16RE056000","0","2000","2000","0","2016-07-26","2016-07-26","2016-07-26 14:55:52","28","2016-07-26 14:55:52","28","1"),
("56004","55883","7","16RE056001","0","500","500","0","2016-07-26","2016-07-26","2016-07-26 14:56:49","28","2016-07-26 14:56:49","28","1"),
("56005","55884","7","16RE056002","0","12000","12000","0","2016-07-26","2016-07-26","2016-07-26 14:56:53","26","2016-07-26 14:56:53","26","1"),
("56006","55885","7","16RE056003","0","1500","1500","0","2016-07-26","2016-07-26","2016-07-26 14:57:47","26","2016-07-26 14:57:47","26","1"),
("56007","55886","7","16RE056004","0","1500","1500","0","2016-07-26","2016-07-26","2016-07-26 14:58:44","26","2016-07-26 14:58:44","26","1");

